"index","seqName","clade","major_lineage","genotype","otherName","seqLength","X.cds","year","geo_location","country","strain","date"
382,"PP564823.1|2023-10-06","1III_A","1III_A","1III","PP564823",10712,105.2362708,2023,"China: Guangzhou","China","PP564823",2023
387,"PP563830.1|2023-09-02","1I_K.1.1","1I_K","1I","PP563830",10625,104.3815699,2023,"China: Yunnan","China","PP563830",2023
442,"PP563909.1|2023-10-11","1I_K.1.1","1I_K","1I","PP563909",10689,105.0103154,2023,"China: Guangzhou","China","PP563909",2023
477,"PP563944.1|2023-10-27","1I_K.1.1","1I_K","1I","PP563944",10621,104.3422733,2023,"China: Guangzhou","China","PP563944",2023
506,"OP121149.1|2019-07","1I_H.1","1I_H","1I","OP121149",10672,104.8433048,2019,"Myanmar","Myanmar","OP121149",2019
507,"OP121150.1|2019-07","1I_H.1","1I_H","1I","OP121150",10672,104.8433048,2019,"Myanmar","Myanmar","OP121150",2019
513,"OP121156.1|2019-07","1I_H.1","1I_H","1I","OP121156",10672,104.8433048,2019,"Myanmar","Myanmar","OP121156",2019
523,"OR235238.1|2017-08","1I_H.1","1I_H","1I","OR235238",10528,103.4286276,2017,"Reunion","Reunion","OR235238",2017
526,"OR235241.1|2019-12","1I_K.2","1I_K","1I","OR235241",10528,103.4286276,2019,"Reunion","Reunion","OR235241",2019
527,"OR235242.1|2019-10","1III_A","1III_A","1III","OR235242",9542,93.74201788,2019,"Reunion","Reunion","OR235242",2019
528,"OR235243.1|2018-08","1I_H.1","1I_H","1I","OR235243",10528,103.4286276,2018,"Reunion","Reunion","OR235243",2018
541,"OR235256.1|2020-01","1I_K.2","1I_K","1I","OR235256",10528,103.4286276,2020,"Reunion","Reunion","OR235256",2020
557,"OR235272.1|2016-05","1III_A","1III_A","1III","OR235272",9542,93.74201788,2016,"Reunion","Reunion","OR235272",2016
558,"OR235273.1|2016-03","1III_A","1III_A","1III","OR235273",9542,93.74201788,2016,"Reunion","Reunion","OR235273",2016
564,"OR235279.1|2016-12","1III_A","1III_A","1III","OR235279",9542,93.74201788,2016,"Reunion","Reunion","OR235279",2016
573,"OR235288.1|2019-06","1I_K.2","1I_K","1I","OR235288",10528,103.4286276,2019,"Reunion","Reunion","OR235288",2019
579,"OR235294.1|2019-05","1I_K.2","1I_K","1I","OR235294",10528,103.4286276,2019,"Reunion","Reunion","OR235294",2019
581,"OR235296.1|2017-08","1I_H.1","1I_H","1I","OR235296",10528,103.4286276,2017,"Reunion","Reunion","OR235296",2017
618,"OR235333.1|2020-01","1III_A.2","1III_A","1III","OR235333",9542,93.74201788,2020,"Reunion","Reunion","OR235333",2020
627,"OR235342.1|2020-10","1III_A.2","1III_A","1III","OR235342",9542,93.74201788,2020,"Reunion","Reunion","OR235342",2020
632,"OR235347.1|2020-02","1I_K.2","1I_K","1I","OR235347",10528,103.4286276,2020,"Reunion","Reunion","OR235347",2020
656,"OR235371.1|2020-07","1III_A.2","1III_A","1III","OR235371",9542,93.74201788,2020,"Reunion","Reunion","OR235371",2020
686,"OR235401.1|2021-06","1III_A.2","1III_A","1III","OR235401",9542,93.74201788,2021,"Reunion","Reunion","OR235401",2021
693,"OR235408.1|2021-01","1I_K.2","1I_K","1I","OR235408",10528,103.4286276,2021,"Reunion","Reunion","OR235408",2021
763,"OR235479.1|2022-05","1I_K.2","1I_K","1I","OR235479",10569,103.8314176,2022,"Reunion","Reunion","OR235479",2022
767,"OR235483.1|2022-03","1I_K.2","1I_K","1I","OR235483",10569,103.8314176,2022,"Reunion","Reunion","OR235483",2022
787,"OR235503.1|2022-05","1I_K.2","1I_K","1I","OR235503",10569,103.8314176,2022,"Reunion","Reunion","OR235503",2022
816,"OR235532.1|2022-04","1III_A.2","1III_A","1III","OR235532",10548,103.6251105,2022,"Reunion","Reunion","OR235532",2022
853,"OR235569.1|2021-07","1I_K.2","1I_K","1I","OR235569",10569,103.8314176,2021,"Reunion","Reunion","OR235569",2021
900,"OR235616.1|2020-11","1I_K.2","1I_K","1I","OR235616",10569,103.8314176,2020,"Reunion","Reunion","OR235616",2020
929,"OR235645.1|2021-06","1III_A.2","1III_A","1III","OR235645",10549,103.6349347,2021,"Reunion","Reunion","OR235645",2021
957,"OR235673.1|2021-09","1I_K.2","1I_K","1I","OR235673",9542,93.74201788,2021,"Reunion","Reunion","OR235673",2021
993,"OR235709.1|2021-04","1III_A.2","1III_A","1III","OR235709",10549,103.6349347,2021,"Reunion","Reunion","OR235709",2021
994,"OR235710.1|2013-03","1I_K","1I_K","1I","OR235710",10569,103.8314176,2013,"Reunion","Reunion","OR235710",2013
995,"OR235711.1|2012-02","1I_H.1","1I_H","1I","OR235711",10569,103.8314176,2012,"Reunion","Reunion","OR235711",2012
996,"OR235712.1|2017-02","1I_K","1I_K","1I","OR235712",9542,93.74201788,2017,"Reunion","Reunion","OR235712",2017
997,"OR235713.1|2017-02","1I_K","1I_K","1I","OR235713",9542,93.74201788,2017,"Reunion","Reunion","OR235713",2017
998,"OR235714.1|2017-01","1I_K","1I_K","1I","OR235714",9542,93.74201788,2017,"Reunion","Reunion","OR235714",2017
1011,"OR235727.1|2012-06","1I_K","1I_K","1I","OR235727",10569,103.8314176,2012,"Reunion","Reunion","OR235727",2012
1019,"OR235735.1|2019-08","1III_A.2","1III_A","1III","OR235735",9542,93.74201788,2019,"Mayotte","Mayotte","OR235735",2019
1037,"OR235753.1|2019-07","1III_A.2","1III_A","1III","OR235753",9542,93.74201788,2019,"Mayotte","Mayotte","OR235753",2019
1038,"OR235754.1|2019-07","1III_A.2","1III_A","1III","OR235754",9542,93.74201788,2019,"Mayotte","Mayotte","OR235754",2019
1043,"PP470671.1|2021-05-29","1I_K.1.1","1I_K","1I","PP470671",10524,103.389331,2021,"Cambodia","Cambodia","PP470671",2021
1044,"PP470672.1|2021-05-29","1I_K.1.1","1I_K","1I","PP470672",10530,103.4482759,2021,"Cambodia","Cambodia","PP470672",2021
1045,"PP470673.1|2021-05-30","1I_K.1.1","1I_K","1I","PP470673",10604,104.1752628,2021,"Cambodia","Cambodia","PP470673",2021
1046,"OR618318.1|2015-08-14","1I_H.1","1I_H","1I","OR618318",10700,105.118381,2015,"Taiwan","Taiwan","OR618318",2015
1047,"PP269455.1|2010-11-17","1I_E","1I_E","1I","PP269455",10212,100.3241969,2010,"Viet Nam","Viet Nam","PP269455",2010
1052,"PP269460.1|2011-07-27","1I_E","1I_E","1I","PP269460",10477,102.927596,2011,"Viet Nam","Viet Nam","PP269460",2011
1053,"PP269461.1|2011-08-16","1I_G","1I_G","1I","PP269461",10477,102.927596,2011,"Viet Nam","Viet Nam","PP269461",2011
1056,"PP269464.1|2011-12-07","1I_G","1I_G","1I","PP269464",10575,103.8903625,2011,"Viet Nam","Viet Nam","PP269464",2011
1094,"PP269502.1|2011-03-14","1I_E","1I_E","1I","PP269502",10576,103.9001867,2011,"Viet Nam","Viet Nam","PP269502",2011
1098,"PP269506.1|2010-12-02","1I_E","1I_E","1I","PP269506",10182,100.0294724,2010,"Viet Nam","Viet Nam","PP269506",2010
1113,"PP269521.1|2011-11-25","1I_E","1I_E","1I","PP269521",10601,104.1457904,2011,"Viet Nam","Viet Nam","PP269521",2011
1133,"PP269541.1|2012-04-03","1I_E","1I_E","1I","PP269541",10548,103.6251105,2012,"Viet Nam","Viet Nam","PP269541",2012
1136,"PP269544.1|2012-07-06","1I_E.1","1I_E","1I","PP269544",10577,103.9100108,2012,"Viet Nam","Viet Nam","PP269544",2012
1150,"PP269558.1|2013-10-21","1I_E","1I_E","1I","PP269558",10617,104.3029767,2013,"Viet Nam","Viet Nam","PP269558",2013
1154,"PP269562.1|2012-01-31","1I_G","1I_G","1I","PP269562",10619,104.322625,2012,"Viet Nam","Viet Nam","PP269562",2012
1188,"PP269596.1|2012-10-29","1I_E.4","1I_E","1I","PP269596",10565,103.792121,2012,"Viet Nam","Viet Nam","PP269596",2012
1195,"PP269603.1|2013-10-07","1I_E.1","1I_E","1I","PP269603",10610,104.2342077,2013,"Viet Nam","Viet Nam","PP269603",2013
1219,"PP269627.1|2014-07-08","1I_E.1","1I_E","1I","PP269627",10616,104.2931526,2014,"Viet Nam","Viet Nam","PP269627",2014
1234,"PP269642.1|2013-10-21","1I_E","1I_E","1I","PP269642",10607,104.2047352,2013,"Viet Nam","Viet Nam","PP269642",2013
1242,"PP269650.1|2014-09-19","1I_E.1","1I_E","1I","PP269650",10565,103.792121,2014,"Viet Nam","Viet Nam","PP269650",2014
1254,"PP269662.1|2015-01-07","1I_E.3","1I_E","1I","PP269662",10617,104.3029767,2015,"Viet Nam","Viet Nam","PP269662",2015
1259,"PP269667.1|2014-10-01","1I_E.1","1I_E","1I","PP269667",10617,104.3029767,2014,"Viet Nam","Viet Nam","PP269667",2014
1293,"PP269701.1|2020-06-23","1I_E.1","1I_E","1I","PP269701",10586,103.9984281,2020,"Viet Nam","Viet Nam","PP269701",2020
1294,"PP269702.1|2020-09-09","1I_E.1","1I_E","1I","PP269702",10616,104.2931526,2020,"Viet Nam","Viet Nam","PP269702",2020
1300,"PP269708.1|2022-08-19","1I_E.1","1I_E","1I","PP269708",10616,104.2931526,2022,"Viet Nam","Viet Nam","PP269708",2022
1302,"PP269710.1|2022-06-07","1I_E.1","1I_E","1I","PP269710",10617,104.3029767,2022,"Viet Nam","Viet Nam","PP269710",2022
1303,"PP269711.1|2022-11-14","1I_E.1","1I_E","1I","PP269711",10615,104.2833284,2022,"Viet Nam","Viet Nam","PP269711",2022
1311,"PP269719.1|2015-07-21","1I_E.1","1I_E","1I","PP269719",10594,104.0770213,2015,"Viet Nam","Viet Nam","PP269719",2015
1329,"PP269737.1|2015-12-31","1I_E.1","1I_E","1I","PP269737",10609,104.2243835,2015,"Viet Nam","Viet Nam","PP269737",2015
1340,"PP269748.1|2016-12-05","1I_E.4","1I_E","1I","PP269748",10532,103.4679242,2016,"Viet Nam","Viet Nam","PP269748",2016
1341,"PP269749.1|2016-12-13","1I_E.1","1I_E","1I","PP269749",10575,103.8903625,2016,"Viet Nam","Viet Nam","PP269749",2016
1342,"PP269750.1|2016-12-14","1I_E.1","1I_E","1I","PP269750",10477,102.927596,2016,"Viet Nam","Viet Nam","PP269750",2016
1414,"PP234941.1|2018-07-01","1IV_B.2","1IV_B","1IV","PP234941",10678,104.9022497,2018,"Philippines","Philippines","PP234941",2018
1416,"PP234946.1|2019-07-01","1V_B","1V_B","1V","PP234946",10678,104.9022497,2019,"Brazil","Brazil","PP234946",2019
1418,"PP234949.1|2019-07-01","1III_A.4","1III_A","1III","PP234949",10284,101.0315355,2019,"Sri Lanka","Sri Lanka","PP234949",2019
1419,"PP234951.1|2018-07-01","1IV_B.1","1IV_B","1IV","PP234951",10684,104.9611946,2018,"Philippines","Philippines","PP234951",2018
1420,"PP234952.1|2019-07-01","1IV_B.1","1IV_B","1IV","PP234952",10660,104.7254151,2019,"Philippines","Philippines","PP234952",2019
1425,"PP234957.1|2019-07-01","1I_K.1.1","1I_K","1I","PP234957",10679,104.9120739,2019,"Thailand","Thailand","PP234957",2019
1426,"PP234958.1|2019-07-01","1I_K.1.1","1I_K","1I","PP234958",10684,104.9611946,2019,"Cambodia","Cambodia","PP234958",2019
1427,"PP234959.1|2018-07-01","1I_K.2","1I_K","1I","PP234959",10684,104.9611946,2018,"Philippines","Philippines","PP234959",2018
1428,"PP234960.1|2018-07-01","1I_K.2","1I_K","1I","PP234960",10684,104.9611946,2018,"Maldives","Maldives","PP234960",2018
1429,"PP234961.1|2019-07-01","1I_K.3","1I_K","1I","PP234961",10684,104.9611946,2019,"India","India","PP234961",2019
1430,"PP234962.1|2018-07-01","1V_D.1.1","1V_D","1V","PP234962",10678,104.9022497,2018,"Colombia","Colombia","PP234962",2018
1431,"PP234963.1|2019-07-01","1III_A","1III_A","1III","PP234963",10659,104.7155909,2019,"Ghana","Ghana","PP234963",2019
1432,"PP234964.1|2019-07-01","1III_A.2","1III_A","1III","PP234964",10502,103.1731997,2019,"Brazil","Brazil","PP234964",2019
1433,"PP234967.1|2018-07-01","1V_E.2","1V_E","1V","PP234967",9668,94.9798605,2018,"Saint Martin","Saint Martin","PP234967",2018
1434,"PP213459.1|2009-06-23","1V_A","1V_A","1V","PP213459",10529,103.4384517,2009,"French Guiana","French Guiana","PP213459",2009
1435,"PP204092.1|2023-06-01","1IV_B.1","1IV_B","1IV","PP204092",10665,104.7745358,2023,"Philippines","Philippines","PP204092",2023
1436,"PP204094.1|2023-08-01","1I_K.3","1I_K","1I","PP204094",10666,104.78436,2023,"Indonesia: Bali","Indonesia","PP204094",2023
1437,"PP204095.1|2023-12-06","1I_E.1","1I_E","1I","PP204095",10671,104.8334807,2023,"Viet Nam","Viet Nam","PP204095",2023
1438,"PP087791.1|2023-06","1I_K.1.1","1I_K","1I","PP087791",10689,105.0103154,2023,"Taiwan: Tainan","Taiwan","PP087791",2023
1439,"PP087792.1|2023-06","1IV_B","1IV_B","1IV","PP087792",10689,105.0103154,2023,"Taiwan: Yunlin","Taiwan","PP087792",2023
1443,"OR545521.1|2015-03","1V_A","1V_A","1V","OR545521",10113,99.35160625,2015,"Brazil","Brazil","OR545521",2015
1447,"OR545525.1|2015-05","1V_A","1V_A","1V","OR545525",10113,99.35160625,2015,"Brazil","Brazil","OR545525",2015
1453,"OR545531.1|2015-03","1V_A","1V_A","1V","OR545531",10113,99.35160625,2015,"Brazil","Brazil","OR545531",2015
1460,"OR936756.1|2023-09-21","1III_A.1","1III_A","1III","OR936756",10702,105.1380293,2023,"Pakistan","Pakistan","OR936756",2023
1466,"OR936762.1|2023-09-12","1III_A.1","1III_A","1III","OR936762",10723,105.3443364,2023,"Pakistan","Pakistan","OR936762",2023
1468,"OR936764.1|2023-09-12","1III_A.1","1III_A","1III","OR936764",10707,105.18715,2023,"Pakistan","Pakistan","OR936764",2023
1476,"OR393875.1|2017-10-11","1III_A.4","1III_A","1III","OR393875",10179,100,2017,"Sri Lanka","Sri Lanka","OR393875",2017
1478,"OR393879.1|2017-12-18","1III_A.4","1III_A","1III","OR393879",10179,100,2017,"Sri Lanka","Sri Lanka","OR393879",2017
1479,"OR393880.1|2017-12-21","1III_A.4","1III_A","1III","OR393880",10179,100,2017,"Sri Lanka","Sri Lanka","OR393880",2017
1485,"OR393949.1|2018-12-26","1III_A.4","1III_A","1III","OR393949",10179,100,2018,"Sri Lanka","Sri Lanka","OR393949",2018
1493,"OR393993.1|2019-10-02","1III_A.4","1III_A","1III","OR393993",10179,100,2019,"Sri Lanka","Sri Lanka","OR393993",2019
1496,"OR394010.1|2019-10-21","1III_A.4","1III_A","1III","OR394010",10179,100,2019,"Sri Lanka","Sri Lanka","OR394010",2019
0,"OR394051.1|2020-01-06","1III_A.4","1III_A","1III","OR394051",10179,100,2020,"Sri Lanka","Sri Lanka","OR394051",2020
1,"OR259173.1|2021-06","1III_A.2","1III_A","1III","OR259173",10609,104.2243835,2021,"Nigeria: Oyo","Nigeria","OR259173",2021
2,"OR259174.1|2021-07","1III_A.2","1III_A","1III","OR259174",10641,104.5387563,2021,"Nigeria: Oyo","Nigeria","OR259174",2021
3,"OR259175.1|2021-09","1III_A.2","1III_A","1III","OR259175",10595,104.0868455,2021,"Nigeria: Oyo","Nigeria","OR259175",2021
4,"OR821721.1|2022-09","1III_A.3","1III_A","1III","OR821721",10638,104.5092838,2022,"Nepal","Nepal","OR821721",2022
5,"OR821722.1|2022-09","1III_A.3","1III_A","1III","OR821722",10638,104.5092838,2022,"Nepal","Nepal","OR821722",2022
6,"OR821723.1|2022-09","1III_A.3","1III_A","1III","OR821723",10638,104.5092838,2022,"Nepal","Nepal","OR821723",2022
7,"OR804008.1|2023-04","1I_K.3","1I_K","1I","OR804008",10718,105.2952156,2023,"Indonesia: (Bali)","Indonesia","OR804008",2023
8,"OR575179.2|2023-09-08","1V_E.1","1V_E","1V","OR575179",10446,102.6230475,2023,"Italy","Italy","OR575179",2023
9,"OR581581.1|2023-09-08","1V_E.1","1V_E","1V","OR581581",10473,102.8882994,2023,"Italy","Italy","OR581581",2023
11,"OR771122.1|2023-05-17","1V_E.1","1V_E","1V","OR771122",10598,104.1163179,2023,"USA: FL","USA","OR771122",2023
12,"OR771159.1|2023-08-23","1V_B","1V_B","1V","OR771159",10608,104.2145594,2023,"USA: FL","USA","OR771159",2023
13,"OR771173.1|2023-09-13","1V_B","1V_B","1V","OR771173",10575,103.8903625,2023,"USA: FL","USA","OR771173",2023
15,"OR765988.1|2020","1III_A.2","1III_A","1III","OR765988",10165,99.86246193,2020,"Kenya: Ukunda","Kenya","OR765988",2020
16,"OR765989.1|2020","1III_A.2","1III_A","1III","OR765989",10165,99.86246193,2020,"Kenya: Ukunda","Kenya","OR765989",2020
17,"OR765990.1|2020","1III_A.2","1III_A","1III","OR765990",10165,99.86246193,2020,"Kenya: Ukunda","Kenya","OR765990",2020
20,"OR518218.1|2021-11-22","1V_F","1V_F","1V","OR518218",10552,103.6644071,2021,"Brazil: Tocantins state (Palmas)","Brazil","OR518218",2021
27,"OR518225.1|2021-11-23","1V_F","1V_F","1V","OR518225",10578,103.919835,2021,"Brazil: Tocantins state (Duere)","Brazil","OR518225",2021
31,"OR518229.1|2021-11-26","1V_E.1","1V_E","1V","OR518229",10555,103.6938796,2021,"Brazil: Tocantins state (Palmas)","Brazil","OR518229",2021
51,"OR518249.1|2021-12-06","1V_E.1","1V_E","1V","OR518249",10576,103.9001867,2021,"Brazil: Tocantins state(Porto Nacional)","Brazil","OR518249",2021
54,"OR518252.1|2021-12-06","1V_D.1","1V_D","1V","OR518252",10586,103.9984281,2021,"Brazil: Tocantins state(Porto Nacional)","Brazil","OR518252",2021
60,"OR518258.1|2022-01-23","1V_F","1V_F","1V","OR518258",10319,101.3753807,2022,"Brazil: Tocantins state(Palmas)","Brazil","OR518258",2022
75,"OR654269.1|2023-04-11","1V_E.1","1V_E","1V","OR654269",10575,103.8903625,2023,"USA: FL","USA","OR654269",2023
76,"OR654271.1|2023-05-19","1V_E.1","1V_E","1V","OR654271",10564,103.7822969,2023,"USA: FL","USA","OR654271",2023
77,"OR654272.1|2023-05-20","1V_D.2","1V_D","1V","OR654272",10532,103.4679242,2023,"USA: FL","USA","OR654272",2023
78,"OR654273.1|2023-05-25","1V_D.1.1","1V_D","1V","OR654273",10575,103.8903625,2023,"USA: FL","USA","OR654273",2023
80,"OR654282.1|2023-07-01","1V_D.1.2","1V_D","1V","OR654282",10575,103.8903625,2023,"USA: FL","USA","OR654282",2023
81,"OR229954.1|2020-07","1V_E.2","1V_E","1V","OR229954",10665,104.7745358,2020,"Guadeloupe","Guadeloupe","OR229954",2020
82,"OR229955.1|2020-11","1V_E.2","1V_E","1V","OR229955",10665,104.7745358,2020,"Guadeloupe","Guadeloupe","OR229955",2020
83,"OR229956.1|2020-11","1V_E.2","1V_E","1V","OR229956",10665,104.7745358,2020,"Guadeloupe","Guadeloupe","OR229956",2020
84,"OR229957.1|2020-10","1V_D.1.1","1V_D","1V","OR229957",10665,104.7745358,2020,"Guadeloupe","Guadeloupe","OR229957",2020
118,"OR258436.1|2022-03-29","1V_D.1.1","1V_D","1V","OR258436",10158,99.7936929,2022,"Brazil: Campo Grande, Mato Grosso do Sul","Brazil","OR258436",2022
144,"OR258462.1|2022-04-05","1V_A","1V_A","1V","OR258462",10021,98.44778465,2022,"Brazil: Terenos, Mato Grosso do Sul","Brazil","OR258462",2022
148,"OR258466.1|2022-04-07","1V_D.1.1","1V_D","1V","OR258466",10108,99.30248551,2022,"Brazil: Ribas do Rio Pardo, Mato Grosso do Sul","Brazil","OR258466",2022
181,"OR258499.1|2022-04-15","1V_E.1","1V_E","1V","OR258499",10052,98.75233324,2022,"Brazil: Chapadao do Sul, Mato Grosso do Sul","Brazil","OR258499",2022
205,"OR258523.1|2022-04-12","1V_F","1V_F","1V","OR258523",10158,99.7936929,2022,"Brazil: Campo Grande, Mato Grosso do Sul","Brazil","OR258523",2022
213,"OR258531.1|2022-04-19","1V_D.1.1","1V_D","1V","OR258531",10143,99.64633068,2022,"Brazil: Jardim, Mato Grosso do Sul","Brazil","OR258531",2022
257,"OR512925.1|2023-08","1V_D.1.1","1V_D","1V","OR512925",10515,103.3009136,2023,"Italy","Italy","OR512925",2023
259,"OR512927.1|2023-08","1V_D.1.1","1V_D","1V","OR512927",10672,104.8433048,2023,"Italy","Italy","OR512927",2023
261,"OR512929.1|2023-08","1V_D.1.1","1V_D","1V","OR512929",10672,104.8433048,2023,"Italy","Italy","OR512929",2023
271,"OQ078879.1|2019-04-10","1V","1V","1V","OQ078879",9950,97.75027016,2019,"Brazil: Bahia","Brazil","OQ078879",2019
272,"OQ078880.1|2019-04-09","1V_F","1V_F","1V","OQ078880",10028,98.51655369,2019,"Brazil: Bahia","Brazil","OQ078880",2019
275,"OQ078883.1|2019-03-21","1V_F","1V_F","1V","OQ078883",10000,98.24147755,2019,"Brazil: Bahia","Brazil","OQ078883",2019
278,"OQ078886.1|2019-05-30","1V","1V","1V","OQ078886",9970,97.94675312,2019,"Brazil: Bahia","Brazil","OQ078886",2019
280,"OQ567774.1|2014-02-27","1V_A","1V_A","1V","OQ567774",9852,96.78750368,2014,"Paraguay: Salto Del Guaira","Paraguay","OQ567774",2014
281,"OQ567776.1|2015-03-20","1V_A","1V_A","1V","OQ567776",10049,98.72286079,2015,"Paraguay: Santa Rosa Del Aguaray","Paraguay","OQ567776",2015
283,"OQ567778.1|2015-05-13","1V_E.4","1V_E","1V","OQ567778",9855,96.81697613,2015,"Paraguay: Carapegua","Paraguay","OQ567778",2015
284,"OQ567779.1|2015-06-02","1V_A","1V_A","1V","OQ567779",9857,96.83662442,2015,"Paraguay: Caazapa","Paraguay","OQ567779",2015
285,"OQ567780.1|2015-12-15","1V_A","1V_A","1V","OQ567780",10007,98.31024659,2015,"Paraguay: Ciudad del Este","Paraguay","OQ567780",2015
286,"OQ567781.1|2015-12-18","1V_E.4","1V_E","1V","OQ567781",10071,98.93899204,2015,"Paraguay: Asuncion","Paraguay","OQ567781",2015
290,"OQ567785.1|2015-12-24","1V_E.4","1V_E","1V","OQ567785",9846,96.7285588,2015,"Paraguay: San Juan Nepomuceno","Paraguay","OQ567785",2015
292,"OQ567787.1|2016-02-04","1V_E.4","1V_E","1V","OQ567787",9827,96.54189999,2016,"Paraguay: Pilar","Paraguay","OQ567787",2016
293,"OQ567788.1|2016-04-02","1V_A","1V_A","1V","OQ567788",9836,96.63031732,2016,"Paraguay: Pilar","Paraguay","OQ567788",2016
297,"OQ567792.1|2016-09-02","1V_E.4","1V_E","1V","OQ567792",9982,98.06464289,2016,"Paraguay: Carapegua","Paraguay","OQ567792",2016
299,"OQ567794.1|2016-10-02","1V_E.4","1V_E","1V","OQ567794",9814,96.41418607,2016,"Paraguay: Coronel Oviedo","Paraguay","OQ567794",2016
301,"OQ567796.1|2017-01-03","1V_A","1V_A","1V","OQ567796",9986,98.10393948,2017,"Paraguay: Mariscal Estigarribia","Paraguay","OQ567796",2017
302,"OQ567797.1|2017-03-29","1V_E.4","1V_E","1V","OQ567797",9867,96.9348659,2017,"Paraguay: Asuncion","Paraguay","OQ567797",2017
303,"OQ567798.1|2017-04-26","1V_E.4","1V_E","1V","OQ567798",9838,96.64996562,2017,"Paraguay: Paraguari","Paraguay","OQ567798",2017
304,"OQ567799.1|2017-04-25","1V_A","1V_A","1V","OQ567799",10013,98.36919147,2017,"Paraguay: Tte. Irala Fernandez","Paraguay","OQ567799",2017
305,"OQ567800.1|2017-03-27","1V_A","1V_A","1V","OQ567800",10013,98.36919147,2017,"Paraguay: Filadeflia","Paraguay","OQ567800",2017
306,"OQ567801.1|2017-04-29","1V_E.4","1V_E","1V","OQ567801",9854,96.80715198,2017,"Paraguay: San Lorenzo","Paraguay","OQ567801",2017
310,"OQ567805.1|2022-03-25","1V_D.1.1","1V_D","1V","OQ567805",10158,99.7936929,2022,"Paraguay: Guarambare","Paraguay","OQ567805",2022
315,"OQ567810.1|2022-04-22","1V_E.1","1V_E","1V","OQ567810",10183,100.0392966,2022,"Paraguay: Capitan Bado","Paraguay","OQ567810",2022
317,"OQ567812.1|2022-04-20","1V_E.1","1V_E","1V","OQ567812",10110,99.3221338,2022,"Paraguay: Capitan Bado","Paraguay","OQ567812",2022
319,"OQ567814.1|2022-05-04","1V_E.1","1V_E","1V","OQ567814",10117,99.39090284,2022,"Paraguay: Encarnacion","Paraguay","OQ567814",2022
320,"OQ567815.1|2022-05-10","1V_D.1.1","1V_D","1V","OQ567815",10123,99.44984773,2022,"Paraguay: Villa Ygatimi","Paraguay","OQ567815",2022
323,"OQ567818.1|2022-06-02","1V_D.1.1","1V_D","1V","OQ567818",10153,99.74457216,2022,"Paraguay: Salto del Guaira","Paraguay","OQ567818",2022
326,"OR389006.1|1988","1V","1V","1V","OR389006",10575,103.8903625,1988,"Angola","Angola","OR389006",1988
327,"OR389007.1|2000","1V_H","1V_H","1V","OR389007",10581,103.9493074,2000,"Brazil","Brazil","OR389007",2000
328,"OR389008.1|2003","1I_K.7","1I_K","1I","OR389008",10575,103.8903625,2003,"Cambodia","Cambodia","OR389008",2003
329,"OR389009.1|2004","1V_G","1V_G","1V","OR389009",10597,104.1064938,2004,"Colombia","Colombia","OR389009",2004
330,"OR389010.1|2016","1V_B","1V_B","1V","OR389010",10581,103.9493074,2016,"Mexico","Mexico","OR389010",2016
331,"OR389011.1|2005","1I_J","1I_J","1I","OR389011",10575,103.8903625,2005,"Myanmar","Myanmar","OR389011",2005
332,"OR389012.1|2000","1V","1V","1V","OR389012",10580,103.9394832,2000,"Peru","Peru","OR389012",2000
333,"OR389013.1|1988","1IV_B","1IV_B","1IV","OR389013",10575,103.8903625,1988,"Philippines","Philippines","OR389013",1988
334,"OR389014.1|2006","1V_E","1V_E","1V","OR389014",10582,103.9591315,2006,"Puerto Rico","USA","OR389014",2006
335,"OR389015.1|2004","1III_A","1III_A","1III","OR389015",10592,104.057373,2004,"Sri Lanka","Sri Lanka","OR389015",2004
337,"OR389270.1|1988","1V","1V","1V","OR389270",10582,103.9591315,1988,"Angola","Angola","OR389270",1988
338,"OR389271.1|1983","1IV","1IV","1IV","OR389271",10575,103.8903625,1983,"Australia","Australia","OR389271",1983
339,"OR389272.1|1977","1V","1V","1V","OR389272",10601,104.1457904,1977,"Bahamas","Bahamas","OR389272",1977
340,"OR389273.1|1986","1V","1V","1V","OR389273",10592,104.057373,1986,"Brazil","Brazil","OR389273",1986
341,"OR389274.1|1986","1V","1V","1V","OR389274",10600,104.1359662,1986,"Brazil","Brazil","OR389274",1986
342,"OR389275.1|1988","1V","1V","1V","OR389275",10601,104.1457904,1988,"Colombia","Colombia","OR389275",1988
343,"OR389276.1|1990","1V","1V","1V","OR389276",10601,104.1457904,1990,"Colombia","Colombia","OR389276",1990
344,"OR389277.1|1988","1V","1V","1V","OR389277",10600,104.1359662,1988,"Ecuador","Ecuador","OR389277",1988
345,"OR389278.1|1988","1V","1V","1V","OR389278",10600,104.1359662,1988,"French Polynesia","French Polynesia","OR389278",1988
346,"OR389279.1|1988","1V","1V","1V","OR389279",10601,104.1457904,1988,"French Polynesia","French Polynesia","OR389279",1988
347,"OR389280.1|1989","1V","1V","1V","OR389280",10596,104.0966696,1989,"Guatemala","Guatemala","OR389280",1989
348,"OR389281.1|1944","unassigned","unassigned","unassigned","OR389281",10575,103.8903625,1944,"USA: Hawaii","USA","OR389281",1944
349,"OR389283.1|1963","1V","1V","1V","OR389283",10595,104.0868455,1963,"India","India","OR389283",1963
350,"OR389284.1|1970","1VII","1VII","1VII","OR389284",10579,103.9296591,1970,"India","India","OR389284",1970
351,"OR389285.1|1982","1III","1III","1III","OR389285",10580,103.9394832,1982,"India","India","OR389285",1982
352,"OR389286.1|1985","1VII","1VII","1VII","OR389286",10591,104.0475489,1985,"India","India","OR389286",1985
353,"OR389287.1|1984","1IV_A","1IV_A","1IV","OR389287",10582,103.9591315,1984,"Indonesia","Indonesia","OR389287",1984
354,"OR389288.1|1985","1IV_A","1IV_A","1IV","OR389288",10582,103.9591315,1985,"Indonesia","Indonesia","OR389288",1985
355,"OR389289.1|1985","1IV_A","1IV_A","1IV","OR389289",10592,104.057373,1985,"Indonesia","Indonesia","OR389289",1985
356,"OR389290.1|1985","1IV_A","1IV_A","1IV","OR389290",10575,103.8903625,1985,"Indonesia","Indonesia","OR389290",1985
357,"OR389291.1|1986","1IV_A","1IV_A","1IV","OR389291",10575,103.8903625,1986,"Indonesia","Indonesia","OR389291",1986
358,"OR389292.1|1977","1V","1V","1V","OR389292",10600,104.1359662,1977,"Jamaica","Jamaica","OR389292",1977
359,"OR389293.1|1964","1I_B","1I_B","1I","OR389293",10575,103.8903625,1964,"Philippines","Philippines","OR389293",1964
360,"OR389294.1|1987","1I_B","1I_B","1I","OR389294",10575,103.8903625,1987,"Taiwan","Taiwan","OR389294",1987
362,"OR389296.1|1987","1I_B","1I_B","1I","OR389296",10575,103.8903625,1987,"Taiwan","Taiwan","OR389296",1987
363,"OR389297.1|1987","1I_B","1I_B","1I","OR389297",10575,103.8903625,1987,"Taiwan","Taiwan","OR389297",1987
365,"OR389299.1|1988","1I_B","1I_B","1I","OR389299",10575,103.8903625,1988,"Taiwan","Taiwan","OR389299",1988
366,"OR389300.1|1988","1I_B","1I_B","1I","OR389300",10575,103.8903625,1988,"Taiwan","Taiwan","OR389300",1988
367,"OR389301.1|1988","1I_B","1I_B","1I","OR389301",10575,103.8903625,1988,"Taiwan","Taiwan","OR389301",1988
368,"OR389302.1|1963","1II","1II","1II","OR389302",10477,102.927596,1963,"Thailand","Thailand","OR389302",1963
369,"OR389303.1|1978","1V","1V","1V","OR389303",10595,104.0868455,1978,"Trinidad and Tobago","Trinidad and Tobago","OR389303",1978
370,"OR389304.1|1978","1V","1V","1V","OR389304",10593,104.0671972,1978,"Trinidad and Tobago","Trinidad and Tobago","OR389304",1978
371,"OQ714403.1|2022-09","1III_A.3","1III_A","1III","OQ714403",10729,105.4032813,2022,"Israel","Israel","OQ714403",2022
373,"OQ714405.1|2022-09","1III_A.3","1III_A","1III","OQ714405",10716,105.2755673,2022,"Israel","Israel","OQ714405",2022
390,"OR167141.1|2023-03-08","1V_E.1","1V_E","1V","OR167141",10081,99.03723352,2023,"Brazil: Mato Grosso","Brazil","OR167141",2023
471,"OR167268.1|2023-03-27","1V_E.1","1V_E","1V","OR167268",10127,99.48914432,2023,"Brazil: Mato Grosso","Brazil","OR167268",2023
475,"OR167272.1|2023","1V_D.1.1","1V_D","1V","OR167272",10036,98.59514687,2023,"Brazil: Mato Grosso do Sul","Brazil","OR167272",2023
507,"OR167373.1|2023-03-08","1V_D.1.1","1V_D","1V","OR167373",9989,98.13341193,2023,"Brazil: Rondonia, Ariquemes","Brazil","OR167373",2023
519,"OQ832614.1|2020-09","1I_E.3","1I_E","1I","OQ832614",10725,105.3639847,2020,"Viet Nam: Hanoi","Viet Nam","OQ832614",2020
522,"OQ603259.1|2013-06-01","1V_D.1","1V_D","1V","OQ603259",10446,102.6230475,2013,"Colombia: Boyaca","Colombia","OQ603259",2013
523,"OQ603260.1|2013-06-18","1V_D.1","1V_D","1V","OQ603260",10735,105.4622262,2013,"Colombia: Meta","Colombia","OQ603260",2013
524,"OQ603261.1|2015-10-09","1V_D.2","1V_D","1V","OQ603261",10735,105.4622262,2015,"Colombia: Cundinamarca","Colombia","OQ603261",2015
525,"OQ603262.1|2016-04-26","1V_D.1","1V_D","1V","OQ603262",10735,105.4622262,2016,"Colombia: Risaralda","Colombia","OQ603262",2016
527,"OQ603264.1|2016-07-19","1V_F","1V_F","1V","OQ603264",10086,99.08635426,2016,"Colombia: Boyaca","Colombia","OQ603264",2016
530,"OQ603267.1|2016-07-12","1V_D.1","1V_D","1V","OQ603267",10106,99.28283721,2016,"Colombia: Boyaca","Colombia","OQ603267",2016
531,"OQ603268.1|2016-08-27","1V_D.1","1V_D","1V","OQ603268",10491,103.0651341,2016,"Colombia: Antioquia","Colombia","OQ603268",2016
557,"OR029772.1|2019-08-18","1I_E.1","1I_E","1I","OR029772",10668,104.8040083,2019,"China","China","OR029772",2019
650,"OR029872.1|2019-08-06","1I_E.1","1I_E","1I","OR029872",10654,104.6664702,2019,"China","China","OR029872",2019
698,"OR029923.1|2019-08-13","1I_E.1","1I_E","1I","OR029923",10654,104.6664702,2019,"China","China","OR029923",2019
744,"OR025603.1|2023-03-24","1V_F","1V_F","1V","OR025603",10345,101.6308085,2023,"Brazil: Rio de Janeiro, Rio de Janeiro","Brazil","OR025603",2023
758,"OR025617.1|2023-03-09","1V_F","1V_F","1V","OR025617",10345,101.6308085,2023,"Brazil: Rio de Janeiro, Rio de Janeiro","Brazil","OR025617",2023
761,"OR025621.1|2023-03-14","1V_F","1V_F","1V","OR025621",10345,101.6308085,2023,"Brazil: Rio de Janeiro, Rio de Janeiro","Brazil","OR025621",2023
793,"OR025653.1|2023-03-27","1V_D.1.1","1V_D","1V","OR025653",10345,101.6308085,2023,"Brazil: Sao Paulo, Mogi Guacu","Brazil","OR025653",2023
807,"MZ130530.1|2016-06-17","1VII_A","1VII_A","1VII","MZ130530",9869,96.9545142,2016,"Democratic Republic of the Congo","Democratic Republic of the Congo","MZ130530",2016
808,"MZ130531.1|2015-05-29","1VII_A","1VII_A","1VII","MZ130531",10596,104.0966696,2015,"Democratic Republic of the Congo","Democratic Republic of the Congo","MZ130531",2015
811,"MZ130534.1|2019-05-28","1VII_A","1VII_A","1VII","MZ130534",10596,104.0966696,2019,"Democratic Republic of the Congo","Democratic Republic of the Congo","MZ130534",2019
815,"MZ130538.1|2016-06-14","1VII_A","1VII_A","1VII","MZ130538",10595,104.0868455,2016,"Democratic Republic of the Congo","Democratic Republic of the Congo","MZ130538",2016
817,"MZ130540.1|2016-06-23","1VII_A","1VII_A","1VII","MZ130540",10595,104.0868455,2016,"Democratic Republic of the Congo","Democratic Republic of the Congo","MZ130540",2016
820,"MZ130543.1|2016-07-25","1III_A","1III_A","1III","MZ130543",10575,103.8903625,2016,"Seychelles","Seychelles","MZ130543",2016
821,"MZ130545.1|2020-01-12","1III_A.3","1III_A","1III","MZ130545",10575,103.8903625,2020,"Djibouti","Djibouti","MZ130545",2020
822,"MZ130546.1|2020-01-08","1III_A.2","1III_A","1III","MZ130546",10575,103.8903625,2020,"Tanzania","Tanzania","MZ130546",2020
823,"MZ130547.1|2020-01-31","1III_A.2","1III_A","1III","MZ130547",10575,103.8903625,2020,"Tanzania","Tanzania","MZ130547",2020
824,"OQ821325.1|2020-01-09","1V_D.2","1V_D","1V","OQ821325",10182,100.0294724,2020,"Bolivia","Bolivia","OQ821325",2020
825,"OQ821326.1|2020-03-15","1V_D.2","1V_D","1V","OQ821326",10592,104.057373,2020,"Bolivia","Bolivia","OQ821326",2020
827,"OQ821328.1|2016-02-08","1V_A","1V_A","1V","OQ821328",10595,104.0868455,2016,"Brazil","Brazil","OQ821328",2016
831,"OQ821332.1|2016-03-15","1V_C","1V_C","1V","OQ821332",10598,104.1163179,2016,"Costa Rica","Costa Rica","OQ821332",2016
832,"OQ821333.1|2019-07-26","1V_D.1.1","1V_D","1V","OQ821333",10575,103.8903625,2019,"Cuba","Cuba","OQ821333",2019
833,"OQ821334.1|2019-08-18","1V_D.1.1","1V_D","1V","OQ821334",10477,102.927596,2019,"Cuba","Cuba","OQ821334",2019
834,"OQ821335.1|2019-08-28","1V_E.2","1V_E","1V","OQ821335",10617,104.3029767,2019,"Cuba","Cuba","OQ821335",2019
836,"OQ821337.1|2019-10-04","1V_D.1.1","1V_D","1V","OQ821337",10609,104.2243835,2019,"Cuba","Cuba","OQ821337",2019
837,"OQ821338.1|2020-01-10","1V_D.1.1","1V_D","1V","OQ821338",10579,103.9296591,2020,"Cuba","Cuba","OQ821338",2020
838,"OQ821339.1|2020-11-25","1V_D.1.1","1V_D","1V","OQ821339",10611,104.2440318,2020,"Cuba","Cuba","OQ821339",2020
839,"OQ821340.1|2021-11-16","1V_E.2","1V_E","1V","OQ821340",10597,104.1064938,2021,"Cuba","Cuba","OQ821340",2021
843,"OQ821344.1|2022-06-23","1V_D.1.1","1V_D","1V","OQ821344",10568,103.8215935,2022,"Cuba","Cuba","OQ821344",2022
844,"OQ821345.1|2022-07-02","1V_E.2","1V_E","1V","OQ821345",10575,103.8903625,2022,"Cuba","Cuba","OQ821345",2022
847,"OQ821348.1|2022-08-28","1V_D.1.1","1V_D","1V","OQ821348",10583,103.9689557,2022,"Cuba","Cuba","OQ821348",2022
850,"OQ821351.1|2022-12-03","1V_D.1.1","1V_D","1V","OQ821351",10617,104.3029767,2022,"Cuba","Cuba","OQ821351",2022
852,"OQ821353.1|2010-07-28","1V_E","1V_E","1V","OQ821353",10575,103.8903625,2010,"Dominican Republic","Dominican Republic","OQ821353",2010
853,"OQ821354.1|2013-09-21","1V_E.2","1V_E","1V","OQ821354",10575,103.8903625,2013,"Dominican Republic","Dominican Republic","OQ821354",2013
854,"OQ821355.1|2019-07-04","1V_E.2","1V_E","1V","OQ821355",10575,103.8903625,2019,"Dominican Republic","Dominican Republic","OQ821355",2019
857,"OQ821358.1|2019-10-08","1V_E.2","1V_E","1V","OQ821358",10616,104.2931526,2019,"Dominican Republic","Dominican Republic","OQ821358",2019
858,"OQ821359.1|2019-10-17","1V_E.2","1V_E","1V","OQ821359",10477,102.927596,2019,"Dominican Republic","Dominican Republic","OQ821359",2019
859,"OQ821360.1|2018-07-05","1V_E.2","1V_E","1V","OQ821360",10477,102.927596,2018,"Haiti","Haiti","OQ821360",2018
860,"OQ821361.1|2019-08-12","1V_E.2","1V_E","1V","OQ821361",10477,102.927596,2019,"Haiti","Haiti","OQ821361",2019
861,"OQ821362.1|2019-08-14","1V_E.2","1V_E","1V","OQ821362",10477,102.927596,2019,"Haiti","Haiti","OQ821362",2019
862,"OQ821363.1|2019-08-23","1V_C","1V_C","1V","OQ821363",10488,103.0356617,2019,"Honduras","Honduras","OQ821363",2019
863,"OQ821364.1|2012-09-02","1V_E","1V_E","1V","OQ821364",10575,103.8903625,2012,"Jamaica","Jamaica","OQ821364",2012
864,"OQ821365.1|2020-12-18","1V_D.1.1","1V_D","1V","OQ821365",10575,103.8903625,2020,"Cuba","Cuba","OQ821365",2020
865,"OQ821366.1|2019-12-05","1V_D.1","1V_D","1V","OQ821366",10558,103.723352,2019,"Mexico","Mexico","OQ821366",2019
866,"OQ821367.1|2022-12-07","1V_D.1.2","1V_D","1V","OQ821367",10497,103.124079,2022,"Mexico","Mexico","OQ821367",2022
867,"OQ821368.1|2013-08-05","1V_E.3","1V_E","1V","OQ821368",10575,103.8903625,2013,"Puerto Rico","USA","OQ821368",2013
868,"OQ821369.1|2022-12-15","1V_E.2","1V_E","1V","OQ821369",10477,102.927596,2022,"Puerto Rico","USA","OQ821369",2022
872,"OQ821373.1|2010-08-11","1V_C","1V_C","1V","OQ821373",10477,102.927596,2010,"USA: Florida","USA","OQ821373",2010
875,"OQ821376.1|2010-11-20","1V_C","1V_C","1V","OQ821376",10575,103.8903625,2010,"USA: Florida","USA","OQ821376",2010
876,"OQ821377.1|2013-08-29","1V_E.2","1V_E","1V","OQ821377",10590,104.0377247,2013,"USA: Florida","USA","OQ821377",2013
877,"OQ821378.1|2019-09-20","1III_A.3","1III_A","1III","OQ821378",10477,102.927596,2019,"USA: Florida","USA","OQ821378",2019
878,"OQ821379.1|2019-01-07","1V_D.1","1V_D","1V","OQ821379",10567,103.8117693,2019,"Venezuela","Venezuela","OQ821379",2019
879,"OQ821380.1|2019-10-23","1V_D.1","1V_D","1V","OQ821380",10575,103.8903625,2019,"Venezuela","Venezuela","OQ821380",2019
897,"OQ786019.1|2023-01-26","1V_E.1","1V_E","1V","OQ786019",10331,101.4932705,2023,"Brazil: Sao Paulo, Cajobi","Brazil","OQ786019",2023
925,"OQ683856.1|2019-11-08","1I_K.2","1I_K","1I","OQ683856",10733,105.4425779,2019,"Cambodia","Cambodia","OQ683856",2019
926,"OQ683880.1|2020-07-31","1I_E.1","1I_E","1I","OQ683880",10680,104.921898,2020,"Cambodia","Cambodia","OQ683880",2020
932,"OQ678244.1|2018-08-21","1I_E.1","1I_E","1I","OQ678244",10497,103.124079,2018,"Cambodia","Cambodia","OQ678244",2018
946,"OQ605988.1|2022-03-30","1V_E.1","1V_E","1V","OQ605988",10349,101.6701051,2022,"Brazil: Sao Paulo, Espirito Santo do Turvo","Brazil","OQ605988",2022
958,"OQ593388.1|2017-06-24","1VII_B","1VII_B","1VII","OQ593388",10697,105.0889085,2017,"Cameroon: Kribi","Cameroon","OQ593388",2017
960,"OQ593390.1|2017-06-25","1VII_B","1VII_B","1VII","OQ593390",10702,105.1380293,2017,"Cameroon: Kribi","Cameroon","OQ593390",2017
961,"OQ593391.1|2017-04-11","1VII_B","1VII_B","1VII","OQ593391",10676,104.8826014,2017,"Cameroon: Douala","Cameroon","OQ593391",2017
963,"OQ593393.1|2018-06-30","1VII_B","1VII_B","1VII","OQ593393",10697,105.0889085,2018,"Cameroon: Mfou","Cameroon","OQ593393",2018
964,"OQ445880.1|2022-05-18","1V_E.1","1V_E","1V","OQ445880",10176,99.97052756,2022,"USA: Florida","USA","OQ445880",2022
965,"OQ445881.1|2022-07-19","1V_D.1.1","1V_D","1V","OQ445881",10176,99.97052756,2022,"USA: Florida","USA","OQ445881",2022
966,"OQ445882.1|2022-08-15","1V_B","1V_B","1V","OQ445882",10176,99.97052756,2022,"USA: Florida","USA","OQ445882",2022
967,"OQ445883.1|2022-08-20","1III_A","1III_A","1III","OQ445883",10176,99.97052756,2022,"USA: Florida","USA","OQ445883",2022
968,"OQ445884.1|2022-10-01","1V_E.2","1V_E","1V","OQ445884",10176,99.97052756,2022,"USA: Florida","USA","OQ445884",2022
988,"OQ426585.1|2019-02-20","1I_E.1","1I_E","1I","OQ426585",10176,99.97052756,2019,"Viet Nam: Nha Trang","Viet Nam","OQ426585",2019
1025,"OQ426623.1|2019-01-07","1I_E.1","1I_E","1I","OQ426623",10176,99.97052756,2019,"Viet Nam: Nha Trang","Viet Nam","OQ426623",2019
1031,"OQ426629.1|2019-01-14","1I_E.1","1I_E","1I","OQ426629",10176,99.97052756,2019,"Viet Nam: Nha Trang","Viet Nam","OQ426629",2019
1064,"OQ426663.1|2018-01-30","1I_E.1","1I_E","1I","OQ426663",10176,99.97052756,2018,"Viet Nam: Nha Trang","Viet Nam","OQ426663",2018
1073,"OQ426672.1|2017-05-30","1I_E.1","1I_E","1I","OQ426672",10176,99.97052756,2017,"Viet Nam: Nha Trang","Viet Nam","OQ426672",2017
1085,"OQ426684.1|2018-10-01","1I_E.1","1I_E","1I","OQ426684",10176,99.97052756,2018,"Viet Nam: Nha Trang","Viet Nam","OQ426684",2018
1089,"OQ426688.1|2018-09-04","1I_E.1","1I_E","1I","OQ426688",10176,99.97052756,2018,"Viet Nam: Nha Trang","Viet Nam","OQ426688",2018
1156,"OQ339083.1|2021","1III_A.3","1III_A","1III","OQ339083",10711,105.2264466,2021,"India","India","OQ339083",2021
1158,"OQ339085.1|2021","1III_A.3","1III_A","1III","OQ339085",10709,105.2067983,2021,"India","India","OQ339085",2021
1160,"OQ080034.1|2020-08-17","1I_H.1","1I_H","1I","OQ080034",10721,105.3246881,2020,"Sri Lanka","Sri Lanka","OQ080034",2020
1161,"OQ080036.1|2021-10-29","1III_A.4","1III_A","1III","OQ080036",8335,81.88427154,2021,"Sri Lanka","Sri Lanka","OQ080036",2021
1162,"OQ080037.1|2022-03-15","1III_A.4","1III_A","1III","OQ080037",8322,81.75655762,2022,"Sri Lanka","Sri Lanka","OQ080037",2022
1163,"OM281569.1|2018-12","1I_E.1","1I_E","1I","OM281569",10735,105.4622262,2018,"Cambodia","Cambodia","OM281569",2018
1164,"OM281570.1|2018-12","1I_E.1","1I_E","1I","OM281570",10735,105.4622262,2018,"China: Shanghai","China","OM281570",2018
1166,"OM281572.1|2018-12","1I_K.1.1","1I_K","1I","OM281572",10735,105.4622262,2018,"Thailand","Thailand","OM281572",2018
1168,"OM281574.1|2018-12","1I_E.1","1I_E","1I","OM281574",10735,105.4622262,2018,"Cambodia","Cambodia","OM281574",2018
1174,"OM281580.1|2019-12","1I_E.1","1I_E","1I","OM281580",10735,105.4622262,2019,"Cambodia","Cambodia","OM281580",2019
1180,"OM281586.1|2019-12","1I_E.1","1I_E","1I","OM281586",10735,105.4622262,2019,"Thailand","Thailand","OM281586",2019
1183,"OM281589.1|2019-12","1IV_B.2","1IV_B","1IV","OM281589",10735,105.4622262,2019,"Philippines","Philippines","OM281589",2019
1184,"OM281590.1|2019-12","1I_K.2","1I_K","1I","OM281590",10735,105.4622262,2019,"Cambodia","Cambodia","OM281590",2019
1190,"OM281596.1|2019-12","1I_K.2","1I_K","1I","OM281596",10735,105.4622262,2019,"Maldives","Maldives","OM281596",2019
1191,"OM281597.1|2019-12","1IV_B.1","1IV_B","1IV","OM281597",10736,105.4720503,2019,"Philippines","Philippines","OM281597",2019
1193,"OM281599.1|2020-12","1IV_B.1","1IV_B","1IV","OM281599",10736,105.4720503,2020,"Philippines","Philippines","OM281599",2020
1194,"OQ061266.1|1983","1IV","1IV","1IV","OQ061266",10614,104.2735043,1983,"Sri Lanka","Sri Lanka","OQ061266",1983
1195,"OQ061315.1|1997","1III","1III","1III","OQ061315",10594,104.0770213,1997,"Sri Lanka","Sri Lanka","OQ061315",1997
1196,"OP984871.1|2022-08-12","1I_K.1.1","1I_K","1I","OP984871",10680,104.921898,2022,"Myanmar","Myanmar","OP984871",2022
1197,"OP898557.1|2022-04","1III_A.1","1III_A","1III","OP898557",10510,103.2517929,2022,"Pakistan","Pakistan","OP898557",2022
1198,"OP898558.1|2022-10","1III_A.1","1III_A","1III","OP898558",10510,103.2517929,2022,"Pakistan","Pakistan","OP898558",2022
1199,"OP895911.1|2021-01","1V_E.2","1V_E","1V","OP895911",10675,104.8727773,2021,"Saint Martin","Saint Martin","OP895911",2021
1200,"OP895912.1|2021-01","1V_E.2","1V_E","1V","OP895912",10669,104.8138324,2021,"Saint Martin","Saint Martin","OP895912",2021
1201,"OP895913.1|2017-01","1IV_B.2","1IV_B","1IV","OP895913",10656,104.6861185,2017,"Malaysia","Malaysia","OP895913",2017
1202,"OP895914.1|2017-02","1I_K.1.2","1I_K","1I","OP895914",10689,105.0103154,2017,"Thailand","Thailand","OP895914",2017
1203,"OP895915.1|2019-03","1I_K.1.1","1I_K","1I","OP895915",10687,104.9906671,2019,"Thailand","Thailand","OP895915",2019
1204,"OP895916.1|2017-10","1I_K.2","1I_K","1I","OP895916",10689,105.0103154,2017,"Borneo","Borneo","OP895916",2017
1218,"OP410985.1|2010-03","1I_K","1I_K","1I","OP410985",10735,105.4622262,2010,"Singapore","Singapore","OP410985",2010
1221,"OP410988.1|2019-05","1I_K.1.1","1I_K","1I","OP410988",10735,105.4622262,2019,"Singapore","Singapore","OP410988",2019
1224,"LC707382.1|2021-06-30","1VII_B","1VII_B","1VII","LC707382",10670,104.8236565,2021,"Gabon: Lambarene","Gabon","LC707382",2021
1247,"ON426283.1|2022-03-14","1V_A","1V_A","1V","ON426283",10353,101.7094017,2022,"Brazil: Sao Paulo, Taubate","Brazil","ON426283",2022
1256,"ON426292.1|2020-01-22","1V_C","1V_C","1V","ON426292",10421,102.3774438,2020,"Brazil: Sao Paulo, Sao Pedro","Brazil","ON426292",2020
1257,"ON426293.1|2020-02-09","1V_A","1V_A","1V","ON426293",10421,102.3774438,2020,"Brazil: Sao Paulo, Sao Pedro","Brazil","ON426293",2020
1261,"ON426297.1|2021-03-15","1V_A","1V_A","1V","ON426297",10421,102.3774438,2021,"Brazil: Sao Paulo, Sumare","Brazil","ON426297",2021
1263,"ON426299.1|2021-03-20","1V_A","1V_A","1V","ON426299",10421,102.3774438,2021,"Brazil: Sao Paulo, Louveira","Brazil","ON426299",2021
1264,"ON426300.1|2021-03-26","1V_D.2","1V_D","1V","ON426300",10421,102.3774438,2021,"Brazil: Sao Paulo, Nazare Paulista","Brazil","ON426300",2021
1281,"ON426317.1|2021-05-08","1V_D.1.1","1V_D","1V","ON426317",10421,102.3774438,2021,"Brazil: Sao Paulo, Taubate","Brazil","ON426317",2021
1282,"ON426318.1|2021-04-27","1V_A","1V_A","1V","ON426318",10421,102.3774438,2021,"Brazil: Sao Paulo, Itanhaem","Brazil","ON426318",2021
1287,"ON426323.1|2020-01-26","1V_E.1","1V_E","1V","ON426323",10421,102.3774438,2020,"Brazil: Sao Paulo, Piracicaba","Brazil","ON426323",2020
1288,"ON426324.1|2020-01-20","1V_E.1","1V_E","1V","ON426324",10421,102.3774438,2020,"Brazil: Sao Paulo, Piracicaba","Brazil","ON426324",2020
1292,"ON426328.1|2020-04-04","1V_E.1","1V_E","1V","ON426328",10421,102.3774438,2020,"Brazil: Sao Paulo, Piracicaba","Brazil","ON426328",2020
1318,"ON426354.1|2021-04-07","1V_E.1","1V_E","1V","ON426354",10421,102.3774438,2021,"Brazil: Sao Paulo, Ribeirao Preto","Brazil","ON426354",2021
1320,"ON426356.1|2021-04-07","1V_F","1V_F","1V","ON426356",10421,102.3774438,2021,"Brazil: Sao Paulo, Ribeirao Preto","Brazil","ON426356",2021
1332,"ON632048.1|2022-04-03","1V_F","1V_F","1V","ON632048",10350,101.6799293,2022,"Brazil: Sao Paulo, Paulinia","Brazil","ON632048",2022
1360,"ON632076.1|2022-04-13","1V_E.1","1V_E","1V","ON632076",10243,100.6287455,2022,"Brazil: Sao Paulo, Mairipora","Brazil","ON632076",2022
1366,"ON632082.1|2022-03-11","1V_A","1V_A","1V","ON632082",10353,101.7094017,2022,"Brazil: Sao Paulo, Ourinhos","Brazil","ON632082",2022
1409,"OL321179.1|2016-02-02","1IV_A","1IV_A","1IV","OL321179",10247,100.668042,2016,"Papua New Guinea: Western Province, Tupensome","Papua New Guinea","OL321179",2016
1410,"OL321180.1|2016-02-08","1IV_A","1IV_A","1IV","OL321180",10464,102.7998821,2016,"Papua New Guinea: Western Province, Kiunga","Papua New Guinea","OL321180",2016
1411,"OL321181.1|2016-02-08","1IV_A","1IV_A","1IV","OL321181",10400,102.1711367,2016,"Papua New Guinea: Western Province, St Gabriel","Papua New Guinea","OL321181",2016
1413,"ON907577.1|2019-06-13","1I_E.1","1I_E","1I","ON907577",10426,102.4265645,2019,"Cambodia","Cambodia","ON907577",2019
1418,"ON908215.1|2019-09-18","1IV_B.1","1IV_B","1IV","ON908215",10601,104.1457904,2019,"China","China","ON908215",2019
1420,"ON908217.1|2019-08-09","1III_A","1III_A","1III","ON908217",10570,103.8412418,2019,"Pakistan","Pakistan","ON908217",2019
1423,"ON908220.1|2019-10-18","1III_A.2","1III_A","1III","ON908220",10578,103.919835,2019,"India","India","ON908220",2019
1426,"ON881244.1|2019-09-18","1IV_B.1","1IV_B","1IV","ON881244",10660,104.7254151,2019,"China: Guangzhou","China","ON881244",2019
1429,"ON873938.1|2019-08-09","1III_A","1III_A","1III","ON873938",10477,102.927596,2019,"Pakistan","Pakistan","ON873938",2019
1432,"ON845601.1|2021-08-31","1I_E.1","1I_E","1I","ON845601",10685,104.9710188,2021,"Viet Nam","Viet Nam","ON845601",2021
1434,"ON680908.1|2020-08-24","1III_A.4","1III_A","1III","ON680908",10728,105.3934571,2020,"Sri Lanka","Sri Lanka","ON680908",2020
1435,"OM909246.1|2020-01-31","1V_E.2","1V_E","1V","OM909246",10666,104.78436,2020,"USA: Florida","USA","OM909246",2020
1445,"ON123592.1|2021-08-20","1V_D.1.2","1V_D","1V","ON123592",10636,104.4896355,2021,"Peru","Peru","ON123592",2021
1452,"ON123599.1|2021-08-28","1V_D.1.1","1V_D","1V","ON123599",10636,104.4896355,2021,"Peru","Peru","ON123599",2021
1453,"ON123600.1|2021-08-30","1V_D.1.1","1V_D","1V","ON123600",10636,104.4896355,2021,"Peru","Peru","ON123600",2021
1458,"ON123646.1|2020","1III_A.3","1III_A","1III","ON123646",10735,105.4622262,2020,"India","India","ON123646",2020
1461,"ON123650.1|2020","1III_A.3","1III_A","1III","ON123650",10735,105.4622262,2020,"India","India","ON123650",2020
1462,"ON123653.1|2020","1III_A","1III_A","1III","ON123653",10586,103.9984281,2020,"India","India","ON123653",2020
1464,"ON123657.1|2019","1III_A.3","1III_A","1III","ON123657",10735,105.4622262,2019,"India","India","ON123657",2019
1467,"ON123666.1|2018","1I_H.1","1I_H","1I","ON123666",10735,105.4622262,2018,"India","India","ON123666",2018
1468,"ON123667.1|2018","1III_A.3","1III_A","1III","ON123667",10735,105.4622262,2018,"India","India","ON123667",2018
1474,"ON038481.1|2004-11-03","1I_J","1I_J","1I","ON038481",10459,102.7507614,2004,"Thailand","Thailand","ON038481",2004
1476,"ON038483.1|2009-05-13","1I_E","1I_E","1I","ON038483",10459,102.7507614,2009,"Thailand","Thailand","ON038483",2009
1477,"ON038484.1|2009-12-14","1I_F","1I_F","1I","ON038484",10459,102.7507614,2009,"Thailand","Thailand","ON038484",2009
1487,"OM833055.1|2020-02-18","1V_E.2","1V_E","1V","OM833055",10311,101.2967875,2020,"USA","USA","OM833055",2020
1490,"OM833058.1|2020-06-27","1V_E.2","1V_E","1V","OM833058",10311,101.2967875,2020,"USA","USA","OM833058",2020
1491,"OM833059.1|2013-07-24","1V_E.3","1V_E","1V","OM833059",10311,101.2967875,2013,"USA","USA","OM833059",2013
1492,"OK469341.1|1992","1IV_A","1IV_A","1IV","OK469341",10690,105.0201395,1992,"Singapore","Singapore","OK469341",1992
1493,"OK469342.1|1997","1IV","1IV","1IV","OK469342",10690,105.0201395,1997,"Malaysia","Malaysia","OK469342",1997
1494,"OK469343.1|1994","1III","1III","1III","OK469343",10691,105.0299637,1994,"Pakistan","Pakistan","OK469343",1994
1495,"OK469344.1|1975","1IV_B","1IV_B","1IV","OK469344",10690,105.0201395,1975,"Fiji","Fiji","OK469344",1975
1496,"OM666557.1|2021-11-16","1III_A.3","1III_A","1III","OM666557",10706,105.1773259,2021,"India","India","OM666557",2021
1498,"OM654347.1|2021-01-25","1V_D.1","1V_D","1V","OM654347",10669,104.8138324,2021,"Colombia","Colombia","OM654347",2021
1499,"OM654348.1|2021-01-25","1V_D.1","1V_D","1V","OM654348",10637,104.4994597,2021,"Colombia","Colombia","OM654348",2021
2,"LC652827.1|2015-11","1I_K","1I_K","1I","LC652827",10735,105.4622262,2015,"Thailand","Thailand","LC652827",2015
3,"LC652828.1|2015-11","1I_K","1I_K","1I","LC652828",10735,105.4622262,2015,"Thailand","Thailand","LC652828",2015
4,"OK605753.1|1983","1IV","1IV","1IV","OK605753",10735,105.4622262,1983,"Australia","Australia","OK605753",1983
5,"OK605754.1|1997","1V_H","1V_H","1V","OK605754",10735,105.4622262,1997,"Brazil","Brazil","OK605754",1997
6,"OK605755.1|1996","1I_F","1I_F","1I","OK605755",10735,105.4622262,1996,"Thailand","Thailand","OK605755",1996
7,"OK605756.1|2007","1V_E","1V_E","1V","OK605756",10735,105.4622262,2007,"Ecuador","Ecuador","OK605756",2007
8,"OL452067.1|1988","1V","1V","1V","OL452067",10705,105.1675017,1988,"Angola","Angola","OL452067",1988
10,"MW793678.1|2017-07","1I_H.1","1I_H","1I","MW793678",10551,103.654583,2017,"Myanmar: Yangon","Myanmar","MW793678",2017
11,"MW793679.1|2017-09","1I_H.1","1I_H","1I","MW793679",10543,103.5759898,2017,"Myanmar: Yangon","Myanmar","MW793679",2017
25,"MW793693.1|2018-06","1I_H.1","1I_H","1I","MW793693",10543,103.5759898,2018,"Myanmar: Yangon","Myanmar","MW793693",2018
31,"MW793699.1|2018-12","1I_H.1","1I_H","1I","MW793699",10543,103.5759898,2018,"Myanmar: Yangon","Myanmar","MW793699",2018
34,"MW793702.1|2018-10","1I_H.1","1I_H","1I","MW793702",10543,103.5759898,2018,"Myanmar: Yangon","Myanmar","MW793702",2018
41,"MW793709.1|2018-07","1I_J","1I_J","1I","MW793709",10543,103.5759898,2018,"Myanmar: Yangon","Myanmar","MW793709",2018
42,"MW793710.1|2019-11","1I_K.1.1","1I_K","1I","MW793710",10543,103.5759898,2019,"Myanmar: Yangon","Myanmar","MW793710",2019
44,"OL752439.1|2020-06-29","1I_K.2","1I_K","1I","OL752439",8321,81.74673347,2020,"Sri Lanka","Sri Lanka","OL752439",2020
45,"OL587817.1|2020-09-16","1III_A.4","1III_A","1III","OL587817",8320,81.73690932,2020,"Sri Lanka","Sri Lanka","OL587817",2020
46,"MZ857203.1|2010","1I_H","1I_H","1I","MZ857203",10179,100,2010,"Gambia","Gambia","MZ857203",2010
47,"MZ857205.1|2013","1VII_A","1VII_A","1VII","MZ857205",10179,100,2013,"Angola","Angola","MZ857205",2013
48,"MZ857206.1|2013","1I_B","1I_B","1I","MZ857206",10179,100,2013,"Kenya","Kenya","MZ857206",2013
49,"MZ857216.1|2015","1III_A","1III_A","1III","MZ857216",10179,100,2015,"Eritrea","Eritrea","MZ857216",2015
50,"MZ857223.1|2006","1I_B","1I_B","1I","MZ857223",10179,100,2006,"Indonesia","Indonesia","MZ857223",2006
51,"MZ857224.1|1990-05-23","1I_B","1I_B","1I","MZ857224",10179,100,1990,"Thailand","Thailand","MZ857224",1990
52,"MZ857227.1|1992-02-12","1I_B","1I_B","1I","MZ857227",10179,100,1992,"Thailand","Thailand","MZ857227",1992
53,"OK040059.1|2016","1III_A","1III_A","1III","OK040059",10161,99.82316534,2016,"Kenya","Kenya","OK040059",2016
54,"OK040060.1|2011","1I_B","1I_B","1I","OK040060",10173,99.94105511,2011,"Somalia","Somalia","OK040060",2011
55,"OL411495.1|2020-07","1I_K.1.1","1I_K","1I","OL411495",10682,104.9415463,2020,"Cambodia","Cambodia","OL411495",2020
63,"MW165877.1|2005-11","1I_K","1I_K","1I","MW165877",10705,105.1675017,2005,"Thailand","Thailand","MW165877",2005
66,"OK562744.1|2019-09-26","1I_K.1.1","1I_K","1I","OK562744",10731,105.4229296,2019,"China","China","OK562744",2019
71,"MZ619039.1|2019-11-29","1I_K.1.1","1I_K","1I","MZ619039",10725,105.3639847,2019,"Thailand: Bangkok","Thailand","MZ619039",2019
77,"MZ312923.1|2018-08-27","1III_A","1III_A","1III","MZ312923",10713,105.2460949,2018,"India","India","MZ312923",2018
79,"MZ312925.1|2018-09-05","1III_A","1III_A","1III","MZ312925",10482,102.9767168,2018,"India","India","MZ312925",2018
108,"OK159958.1|2019-07","1I_E.1","1I_E","1I","OK159958",10680,104.921898,2019,"Cambodia","Cambodia","OK159958",2019
110,"OK159960.1|2020-02","1I_E.1","1I_E","1I","OK159960",10641,104.5387563,2020,"Cambodia","Cambodia","OK159960",2020
111,"OK159961.1|2020-02","1I_E.1","1I_E","1I","OK159961",10646,104.587877,2020,"Cambodia","Cambodia","OK159961",2020
128,"MZ945530.1|2020-11-18","1V_D.1","1V_D","1V","MZ945530",10389,102.063071,2020,"USA: Texas","USA","MZ945530",2020
129,"MZ773407.1|2019-09","1V_D.1","1V_D","1V","MZ773407",10669,104.8138324,2019,"Colombia","Colombia","MZ773407",2019
131,"MW315172.1|2013-04-21","1I_E","1I_E","1I","MW315172",10735,105.4622262,2013,"New Caledonia","New Caledonia","MW315172",2013
133,"MW315174.1|2014-06-14","1I_E","1I_E","1I","MW315174",10719,105.3050398,2014,"New Caledonia","New Caledonia","MW315174",2014
134,"MW315175.1|2016-02-01","1I_E.2","1I_E","1I","MW315175",10741,105.521171,2016,"New Caledonia","New Caledonia","MW315175",2016
136,"MW315177.1|2016-04-18","1I_E.2","1I_E","1I","MW315177",10735,105.4622262,2016,"New Caledonia","New Caledonia","MW315177",2016
145,"MW315186.1|2017-03-08","1I_E.2","1I_E","1I","MW315186",10723,105.3443364,2017,"New Caledonia","New Caledonia","MW315186",2017
146,"MW315187.1|2017-03-17","1I_E.2","1I_E","1I","MW315187",10700,105.118381,2017,"New Caledonia","New Caledonia","MW315187",2017
147,"MW315188.1|2017-03-17","1I_E.2","1I_E","1I","MW315188",10735,105.4622262,2017,"New Caledonia","New Caledonia","MW315188",2017
155,"MW265664.1|2016-04-06","1I_E.4","1I_E","1I","MW265664",10678,104.9022497,2016,"Cambodia: Mondulkiri","Cambodia","MW265664",2016
157,"MW265666.1|2016-08-22","1I_E.4","1I_E","1I","MW265666",10674,104.8629531,2016,"Cambodia: Kampong Cham","Cambodia","MW265666",2016
158,"MW265667.1|2016-02-09","1I_E","1I_E","1I","MW265667",10605,104.1850869,2016,"Cambodia: Seam Reap","Cambodia","MW265667",2016
159,"MW265668.1|2011-05-23","1I_E","1I_E","1I","MW265668",10235,100.5501523,2011,"Cambodia: Battambong","Cambodia","MW265668",2011
160,"MW265669.1|2011-02-06","1I_E","1I_E","1I","MW265669",10468,102.8391787,2011,"Cambodia: Prey Veng","Cambodia","MW265669",2011
161,"MW265670.1|2012-01-19","1I_E","1I_E","1I","MW265670",10627,104.4012182,2012,"Cambodia: Phnom Penh","Cambodia","MW265670",2012
162,"MW265671.1|2012-04-29","1I_E","1I_E","1I","MW265671",10675,104.8727773,2012,"Cambodia: Battambong","Cambodia","MW265671",2012
163,"MW265672.1|2013-01-28","1I_E","1I_E","1I","MW265672",10230,100.5010315,2013,"Cambodia: Phnom Penh","Cambodia","MW265672",2013
165,"MW265674.1|2014-06-25","1I_E","1I_E","1I","MW265674",10442,102.5837509,2014,"Cambodia: Takeo","Cambodia","MW265674",2014
166,"MW265675.1|2014-08-07","1I_E","1I_E","1I","MW265675",10606,104.1949111,2014,"Cambodia: Kampong Speu","Cambodia","MW265675",2014
167,"MW265676.1|2014-11-25","1I_E.4","1I_E","1I","MW265676",10587,104.0082523,2014,"Cambodia: Phnom Penh","Cambodia","MW265676",2014
168,"MW265677.1|2015-06-19","1I_E","1I_E","1I","MW265677",10562,103.7626486,2015,"Cambodia: Battambong","Cambodia","MW265677",2015
169,"MW265678.1|2015-09-28","1I_E","1I_E","1I","MW265678",10432,102.4855094,2015,"Cambodia: Kampong Cham","Cambodia","MW265678",2015
170,"MW265679.1|2015-10-06","1I_E.1","1I_E","1I","MW265679",10604,104.1752628,2015,"Cambodia: Kampong Cham","Cambodia","MW265679",2015
171,"MW265682.1|2009-01-05","1IV_A","1IV_A","1IV","MW265682",10547,103.6152864,2009,"New Caledonia","New Caledonia","MW265682",2009
172,"MW265683.1|2009-01-06","1IV_A","1IV_A","1IV","MW265683",10605,104.1850869,2009,"New Caledonia","New Caledonia","MW265683",2009
173,"MW265684.1|2009-01-08","1IV_A","1IV_A","1IV","MW265684",10553,103.6742313,2009,"New Caledonia","New Caledonia","MW265684",2009
175,"MW265686.1|2010-08-08","1IV_A","1IV_A","1IV","MW265686",10639,104.519108,2010,"New Caledonia","New Caledonia","MW265686",2010
176,"MW265687.1|2012-02-17","1I_E","1I_E","1I","MW265687",10474,102.8981236,2012,"New Caledonia","New Caledonia","MW265687",2012
177,"MW265688.1|2012-02-17","1IV_A","1IV_A","1IV","MW265688",10584,103.9787798,2012,"New Caledonia","New Caledonia","MW265688",2012
179,"MW265690.1|2012-03-27","1I_E","1I_E","1I","MW265690",10180,100.0098241,2012,"New Caledonia","New Caledonia","MW265690",2012
180,"MW265691.1|2012-04-24","1IV_A","1IV_A","1IV","MW265691",10550,103.6447588,2012,"New Caledonia","New Caledonia","MW265691",2012
181,"MW265692.1|2012-04-26","1I_E","1I_E","1I","MW265692",10618,104.3128009,2012,"New Caledonia","New Caledonia","MW265692",2012
182,"MW265693.1|2012-04-28","1IV_A","1IV_A","1IV","MW265693",10268,100.8743492,2012,"New Caledonia","New Caledonia","MW265693",2012
186,"MW265697.1|2013-03-13","1I_E","1I_E","1I","MW265697",10626,104.391394,2013,"New Caledonia","New Caledonia","MW265697",2013
187,"MW265698.1|2013-03-13","1I_E","1I_E","1I","MW265698",10603,104.1654386,2013,"New Caledonia","New Caledonia","MW265698",2013
190,"MW265701.1|2014-02-17","1I_E","1I_E","1I","MW265701",10631,104.4405148,2014,"New Caledonia","New Caledonia","MW265701",2014
192,"MW265703.1|2014-04-01","1I_E","1I_E","1I","MW265703",10608,104.2145594,2014,"New Caledonia","New Caledonia","MW265703",2014
199,"MW265710.1|2016-04-27","1I_E.2","1I_E","1I","MW265710",10450,102.662344,2016,"New Caledonia","New Caledonia","MW265710",2016
208,"MW191724.1|2017-08","1III_A","1III_A","1III","MW191724",10533,103.4777483,2017,"India","India","MW191724",2017
209,"MW191725.1|2017-09","1III_A","1III_A","1III","MW191725",10533,103.4777483,2017,"India","India","MW191725",2017
210,"MZ343259.1|2015-11","1V_B","1V_B","1V","MZ343259",10613,104.2636801,2015,"Mexico","Mexico","MZ343259",2015
211,"MZ291446.1|2020-08","1I_K.2","1I_K","1I","MZ291446",10617,104.3029767,2020,"Italy","Italy","MZ291446",2020
214,"MZ008440.1|2013","1V_C","1V_C","1V","MZ008440",10628,104.4110423,2013,"Nicaragua","Nicaragua","MZ008440",2013
220,"MZ008446.1|2013","1V_C","1V_C","1V","MZ008446",10721,105.3246881,2013,"Nicaragua","Nicaragua","MZ008446",2013
222,"MZ008448.1|2013","1V_B","1V_B","1V","MZ008448",10732,105.4327537,2013,"Nicaragua","Nicaragua","MZ008448",2013
223,"MZ008449.1|2013","1V_B","1V_B","1V","MZ008449",10693,105.0496119,2013,"Nicaragua","Nicaragua","MZ008449",2013
225,"MZ008451.1|2013","1V_B","1V_B","1V","MZ008451",10689,105.0103154,2013,"Nicaragua","Nicaragua","MZ008451",2013
226,"MZ008452.1|2014","1V_B","1V_B","1V","MZ008452",10678,104.9022497,2014,"Nicaragua","Nicaragua","MZ008452",2014
227,"MZ008453.1|2013","1V_C","1V_C","1V","MZ008453",10630,104.4306906,2013,"Nicaragua","Nicaragua","MZ008453",2013
229,"MW945426.1|2006","1V_E","1V_E","1V","MW945426",10179,100,2006,"Puerto Rico","USA","MW945426",2006
231,"MW945773.1|2001","1I_A","1I_A","1I","MW945773",10179,100,2001,"Thailand","Thailand","MW945773",2001
237,"MW945779.1|1995","1I_B","1I_B","1I","MW945779",10179,100,1995,"Thailand","Thailand","MW945779",1995
239,"MW945781.1|1994","1I_B","1I_B","1I","MW945781",10179,100,1994,"Thailand","Thailand","MW945781",1994
242,"MW945784.1|2006","1I_H.1","1I_H","1I","MW945784",10179,100,2006,"Thailand","Thailand","MW945784",2006
243,"MW945785.1|2010","1I_H.1","1I_H","1I","MW945785",10179,100,2010,"Thailand","Thailand","MW945785",2010
244,"MW945786.1|2006","1I_J","1I_J","1I","MW945786",10179,100,2006,"Thailand","Thailand","MW945786",2006
245,"MW945787.1|2003","1I_H","1I_H","1I","MW945787",10179,100,2003,"Thailand","Thailand","MW945787",2003
249,"MW945791.1|1999","1I_F","1I_F","1I","MW945791",10179,100,1999,"Thailand","Thailand","MW945791",1999
253,"MW945795.1|1997","1I","1I","1I","MW945795",10179,100,1997,"Thailand","Thailand","MW945795",1997
256,"MW945798.1|1999","1I_K","1I_K","1I","MW945798",10179,100,1999,"Thailand","Thailand","MW945798",1999
258,"MW945800.1|2004","1I_H","1I_H","1I","MW945800",10179,100,2004,"Thailand","Thailand","MW945800",2004
259,"MW945801.1|1998","1I_G","1I_G","1I","MW945801",10179,100,1998,"Thailand","Thailand","MW945801",1998
260,"MW945802.1|2010","1I_K","1I_K","1I","MW945802",10179,100,2010,"Thailand","Thailand","MW945802",2010
267,"MW945809.1|1995","1I_H","1I_H","1I","MW945809",10179,100,1995,"Thailand","Thailand","MW945809",1995
268,"MW945810.1|2013","1I_H.1","1I_H","1I","MW945810",10179,100,2013,"Thailand","Thailand","MW945810",2013
269,"MW945811.1|2005","1I_J","1I_J","1I","MW945811",10179,100,2005,"Thailand","Thailand","MW945811",2005
271,"MW945813.1|1997","1I","1I","1I","MW945813",10179,100,1997,"Thailand","Thailand","MW945813",1997
272,"MW945814.1|2014","1I_K","1I_K","1I","MW945814",10179,100,2014,"Thailand","Thailand","MW945814",2014
273,"MW945815.1|2005","1I_J","1I_J","1I","MW945815",10179,100,2005,"Thailand","Thailand","MW945815",2005
275,"MW945817.1|2012","1I_H.1","1I_H","1I","MW945817",10179,100,2012,"Thailand","Thailand","MW945817",2012
278,"MW945820.1|1995","1I_K","1I_K","1I","MW945820",10179,100,1995,"Thailand","Thailand","MW945820",1995
280,"MW945822.1|2000","1I","1I","1I","MW945822",10179,100,2000,"Thailand","Thailand","MW945822",2000
282,"MW945824.1|2004","1I_K","1I_K","1I","MW945824",10179,100,2004,"Thailand","Thailand","MW945824",2004
284,"MW945826.1|1997","1I_A","1I_A","1I","MW945826",10179,100,1997,"Thailand","Thailand","MW945826",1997
287,"MW945829.1|1995","1I_B","1I_B","1I","MW945829",10179,100,1995,"Thailand","Thailand","MW945829",1995
288,"MW945830.1|1996","1I","1I","1I","MW945830",10179,100,1996,"Thailand","Thailand","MW945830",1996
291,"MW945833.1|2012","1I_J","1I_J","1I","MW945833",10179,100,2012,"Thailand","Thailand","MW945833",2012
292,"MW945834.1|1996","1I_A","1I_A","1I","MW945834",10179,100,1996,"Thailand","Thailand","MW945834",1996
293,"MW945835.1|1997","1I_A","1I_A","1I","MW945835",10179,100,1997,"Thailand","Thailand","MW945835",1997
298,"MW945840.1|1994","1I_B","1I_B","1I","MW945840",10179,100,1994,"Thailand","Thailand","MW945840",1994
302,"MW945844.1|1964","1II","1II","1II","MW945844",10179,100,1964,"Thailand","Thailand","MW945844",1964
304,"MW945846.1|1999","1I_H","1I_H","1I","MW945846",10179,100,1999,"Thailand","Thailand","MW945846",1999
305,"MW945847.1|1998","1I_G","1I_G","1I","MW945847",10179,100,1998,"Thailand","Thailand","MW945847",1998
310,"MW945852.1|2012","1I_E","1I_E","1I","MW945852",10179,100,2012,"Thailand","Thailand","MW945852",2012
311,"MW945853.1|1999","1I","1I","1I","MW945853",10179,100,1999,"Thailand","Thailand","MW945853",1999
314,"MW945856.1|2005","1I_J","1I_J","1I","MW945856",10179,100,2005,"Myanmar","Myanmar","MW945856",2005
324,"MW945866.1|1997","1I_G","1I_G","1I","MW945866",10179,100,1997,"Thailand","Thailand","MW945866",1997
325,"MW945867.1|1994","1I_A","1I_A","1I","MW945867",10179,100,1994,"Thailand","Thailand","MW945867",1994
328,"MW945870.1|1999","1I","1I","1I","MW945870",10179,100,1999,"Thailand","Thailand","MW945870",1999
337,"MW945879.1|1994","1I_B","1I_B","1I","MW945879",10179,100,1994,"Thailand","Thailand","MW945879",1994
339,"MW945881.1|1996","1I_G","1I_G","1I","MW945881",10179,100,1996,"Thailand","Thailand","MW945881",1996
340,"MW945882.1|2000","1I_J","1I_J","1I","MW945882",10179,100,2000,"Thailand","Thailand","MW945882",2000
341,"MW945883.1|2013","1I_H.1","1I_H","1I","MW945883",10179,100,2013,"Thailand","Thailand","MW945883",2013
343,"MW945885.1|2004","1I_K","1I_K","1I","MW945885",10179,100,2004,"Thailand","Thailand","MW945885",2004
345,"MW945887.1|2007","1I_K","1I_K","1I","MW945887",10179,100,2007,"Thailand","Thailand","MW945887",2007
347,"MW945889.1|1998","1I_F","1I_F","1I","MW945889",10179,100,1998,"Thailand","Thailand","MW945889",1998
348,"MW945890.1|1999","1I_F","1I_F","1I","MW945890",10179,100,1999,"Thailand","Thailand","MW945890",1999
350,"MW945892.1|1996","1I","1I","1I","MW945892",10179,100,1996,"Thailand","Thailand","MW945892",1996
354,"MW945896.1|1998","1I","1I","1I","MW945896",10179,100,1998,"Thailand","Thailand","MW945896",1998
358,"MW945900.1|2000","1I_A","1I_A","1I","MW945900",10179,100,2000,"Thailand","Thailand","MW945900",2000
367,"MW945909.1|2012","1I_H.1","1I_H","1I","MW945909",10179,100,2012,"Thailand","Thailand","MW945909",2012
369,"MW945911.1|1998","1I","1I","1I","MW945911",10179,100,1998,"Thailand","Thailand","MW945911",1998
371,"MW945913.1|2010","1I_H.1","1I_H","1I","MW945913",10179,100,2010,"Thailand","Thailand","MW945913",2010
381,"MW945923.1|2001","1I_G","1I_G","1I","MW945923",10179,100,2001,"Thailand","Thailand","MW945923",2001
382,"MW945924.1|2005","1I_H","1I_H","1I","MW945924",10179,100,2005,"Thailand","Thailand","MW945924",2005
393,"MW945935.1|2014","1I_H.1","1I_H","1I","MW945935",10179,100,2014,"Thailand","Thailand","MW945935",2014
397,"MW945939.1|1995","1I_H","1I_H","1I","MW945939",10179,100,1995,"Thailand","Thailand","MW945939",1995
400,"MW945942.1|2014","1I_H.1","1I_H","1I","MW945942",10179,100,2014,"Thailand","Thailand","MW945942",2014
401,"MW945943.1|2014","1I_H.1","1I_H","1I","MW945943",10179,100,2014,"Thailand","Thailand","MW945943",2014
404,"MW945946.1|2014","1I_K.3","1I_K","1I","MW945946",10179,100,2014,"Thailand","Thailand","MW945946",2014
410,"MW945952.1|1974","1IV_B","1IV_B","1IV","MW945952",10179,100,1974,"Nauru","Nauru","MW945952",1974
417,"MW945959.1|2014","1I_K","1I_K","1I","MW945959",10179,100,2014,"Thailand","Thailand","MW945959",2014
421,"MW945963.1|2010","1I_J","1I_J","1I","MW945963",10179,100,2010,"Thailand","Thailand","MW945963",2010
423,"MW945965.1|2011","1I_H.1","1I_H","1I","MW945965",10179,100,2011,"Thailand","Thailand","MW945965",2011
426,"MW945968.1|2010","1I_J","1I_J","1I","MW945968",10179,100,2010,"Thailand","Thailand","MW945968",2010
427,"MW945969.1|2010","1I_K","1I_K","1I","MW945969",10179,100,2010,"Thailand","Thailand","MW945969",2010
429,"MW945971.1|1997","1I","1I","1I","MW945971",10179,100,1997,"Thailand","Thailand","MW945971",1997
430,"MW945972.1|1995","1I","1I","1I","MW945972",10179,100,1995,"Thailand","Thailand","MW945972",1995
431,"MW945973.1|1997","1I_H","1I_H","1I","MW945973",10179,100,1997,"Thailand","Thailand","MW945973",1997
432,"MW945974.1|2001","1I_G","1I_G","1I","MW945974",10179,100,2001,"Thailand","Thailand","MW945974",2001
433,"MW945975.1|2005","1I_K","1I_K","1I","MW945975",10179,100,2005,"Thailand","Thailand","MW945975",2005
434,"MW945976.1|1991","1I_B","1I_B","1I","MW945976",10179,100,1991,"Thailand","Thailand","MW945976",1991
435,"MW945977.1|2013","1I_E","1I_E","1I","MW945977",10179,100,2013,"Thailand","Thailand","MW945977",2013
436,"MW945978.1|2000","1I_H","1I_H","1I","MW945978",10179,100,2000,"Thailand","Thailand","MW945978",2000
438,"MW945980.1|2005","1I_F","1I_F","1I","MW945980",10179,100,2005,"Thailand","Thailand","MW945980",2005
444,"MW945986.1|2002","1I_G","1I_G","1I","MW945986",10179,100,2002,"Thailand","Thailand","MW945986",2002
445,"MW945987.1|1995","1I_A","1I_A","1I","MW945987",10179,100,1995,"Thailand","Thailand","MW945987",1995
447,"MW945989.1|1994","1I","1I","1I","MW945989",10179,100,1994,"Thailand","Thailand","MW945989",1994
453,"MW945995.1|2002","1I_K","1I_K","1I","MW945995",10179,100,2002,"Thailand","Thailand","MW945995",2002
463,"MW946005.1|2004","1I_H","1I_H","1I","MW946005",10179,100,2004,"Thailand","Thailand","MW946005",2004
468,"MW946010.1|1983","1III","1III","1III","MW946010",10179,100,1983,"Thailand","Thailand","MW946010",1983
470,"MW946012.1|1999","1I","1I","1I","MW946012",10179,100,1999,"Thailand","Thailand","MW946012",1999
472,"MW946014.1|1995","1I_B","1I_B","1I","MW946014",10179,100,1995,"Thailand","Thailand","MW946014",1995
477,"MW946019.1|2013","1I_J","1I_J","1I","MW946019",10179,100,2013,"Thailand","Thailand","MW946019",2013
480,"MW946022.1|2002","1I_H","1I_H","1I","MW946022",10179,100,2002,"Thailand","Thailand","MW946022",2002
483,"MW946025.1|2004","1I_H","1I_H","1I","MW946025",10179,100,2004,"Thailand","Thailand","MW946025",2004
484,"MW946026.1|2012","1I_J","1I_J","1I","MW946026",10179,100,2012,"Thailand","Thailand","MW946026",2012
488,"MW946030.1|1980","1III","1III","1III","MW946030",10179,100,1980,"Thailand","Thailand","MW946030",1980
495,"MW946037.1|2003","1I_H","1I_H","1I","MW946037",10179,100,2003,"Thailand","Thailand","MW946037",2003
496,"MW946038.1|1988","1I_B","1I_B","1I","MW946038",10179,100,1988,"Thailand","Thailand","MW946038",1988
499,"MW946041.1|2011","1I_K.5","1I_K","1I","MW946041",10179,100,2011,"Thailand","Thailand","MW946041",2011
503,"MW946045.1|1998","1I_A","1I_A","1I","MW946045",10179,100,1998,"Thailand","Thailand","MW946045",1998
506,"MW946048.1|1996","1I_A","1I_A","1I","MW946048",10179,100,1996,"Thailand","Thailand","MW946048",1996
511,"MW946053.1|2010","1V_E","1V_E","1V","MW946053",10179,100,2010,"Bolivia","Bolivia","MW946053",2010
513,"MW946055.1|2003","1I_F","1I_F","1I","MW946055",10179,100,2003,"Thailand","Thailand","MW946055",2003
516,"MW946058.1|2000","1V","1V","1V","MW946058",10179,100,2000,"Venezuela","Venezuela","MW946058",2000
520,"MW946062.1|1997","1I_G","1I_G","1I","MW946062",10179,100,1997,"Thailand","Thailand","MW946062",1997
523,"MW946065.1|1996","1I_B","1I_B","1I","MW946065",10179,100,1996,"Thailand","Thailand","MW946065",1996
529,"MW946071.1|1996","1I_A","1I_A","1I","MW946071",10179,100,1996,"Thailand","Thailand","MW946071",1996
533,"MW946075.1|2010","1I_F","1I_F","1I","MW946075",10179,100,2010,"Thailand","Thailand","MW946075",2010
536,"MW946078.1|2013","1I_H.1","1I_H","1I","MW946078",10179,100,2013,"Thailand","Thailand","MW946078",2013
537,"MW946079.1|1980","1III","1III","1III","MW946079",10179,100,1980,"Thailand","Thailand","MW946079",1980
543,"MW946085.1|2002","1I","1I","1I","MW946085",10179,100,2002,"Thailand","Thailand","MW946085",2002
556,"MW946098.1|1994","1I_A","1I_A","1I","MW946098",10179,100,1994,"Thailand","Thailand","MW946098",1994
557,"MW946099.1|1997","1I_F","1I_F","1I","MW946099",10179,100,1997,"Thailand","Thailand","MW946099",1997
558,"MW946100.1|1994","1I","1I","1I","MW946100",10179,100,1994,"Thailand","Thailand","MW946100",1994
560,"MW946102.1|1994","1I","1I","1I","MW946102",10179,100,1994,"Thailand","Thailand","MW946102",1994
562,"MW946104.1|1995","1I_A","1I_A","1I","MW946104",10179,100,1995,"Thailand","Thailand","MW946104",1995
568,"MW946110.1|2010","1I_H","1I_H","1I","MW946110",10179,100,2010,"Thailand","Thailand","MW946110",2010
574,"MW946116.1|2006","1I_F","1I_F","1I","MW946116",10179,100,2006,"Thailand","Thailand","MW946116",2006
575,"MW946117.1|1996","1I_G","1I_G","1I","MW946117",10179,100,1996,"Thailand","Thailand","MW946117",1996
576,"MW946118.1|2013","1I_K","1I_K","1I","MW946118",10179,100,2013,"Thailand","Thailand","MW946118",2013
577,"MW946119.1|1994","1I_A","1I_A","1I","MW946119",10179,100,1994,"Thailand","Thailand","MW946119",1994
578,"MW946120.1|1982","1I_B","1I_B","1I","MW946120",10179,100,1982,"Thailand","Thailand","MW946120",1982
583,"MW946125.1|1997","1I_F","1I_F","1I","MW946125",10179,100,1997,"Thailand","Thailand","MW946125",1997
589,"MW946131.1|2002","1I_G","1I_G","1I","MW946131",10179,100,2002,"Thailand","Thailand","MW946131",2002
592,"MW946134.1|1996","1I","1I","1I","MW946134",10179,100,1996,"Thailand","Thailand","MW946134",1996
598,"MW946140.1|2001","1I","1I","1I","MW946140",10179,100,2001,"Thailand","Thailand","MW946140",2001
599,"MW946141.1|2006","1I_K","1I_K","1I","MW946141",10179,100,2006,"Thailand","Thailand","MW946141",2006
606,"MW946148.1|2001","1I","1I","1I","MW946148",10179,100,2001,"Thailand","Thailand","MW946148",2001
616,"MW946158.1|1999","1I_G","1I_G","1I","MW946158",10179,100,1999,"Thailand","Thailand","MW946158",1999
617,"MW946159.1|1996","1I_G","1I_G","1I","MW946159",10179,100,1996,"Thailand","Thailand","MW946159",1996
618,"MW946160.1|1998","1I_A","1I_A","1I","MW946160",10179,100,1998,"Thailand","Thailand","MW946160",1998
621,"MW946163.1|2005","1I_F","1I_F","1I","MW946163",10179,100,2005,"Thailand","Thailand","MW946163",2005
626,"MW946168.1|1995","1I_H","1I_H","1I","MW946168",10179,100,1995,"Thailand","Thailand","MW946168",1995
627,"MW946169.1|2000","1I","1I","1I","MW946169",10179,100,2000,"Thailand","Thailand","MW946169",2000
629,"MW946171.1|2005","1I_J","1I_J","1I","MW946171",10179,100,2005,"Thailand","Thailand","MW946171",2005
636,"MW946178.1|1997","1I_H","1I_H","1I","MW946178",10179,100,1997,"Thailand","Thailand","MW946178",1997
638,"MW946180.1|2013","1I_K.5","1I_K","1I","MW946180",10179,100,2013,"Thailand","Thailand","MW946180",2013
642,"MW946184.1|2012","1I_E","1I_E","1I","MW946184",10179,100,2012,"Thailand","Thailand","MW946184",2012
647,"MW946189.1|2002","1I_K","1I_K","1I","MW946189",10179,100,2002,"Thailand","Thailand","MW946189",2002
649,"MW946191.1|1998","1I_E","1I_E","1I","MW946191",10179,100,1998,"Thailand","Thailand","MW946191",1998
650,"MW946192.1|2003","1I_F","1I_F","1I","MW946192",10179,100,2003,"Thailand","Thailand","MW946192",2003
656,"MW946198.1|2005","1I_H","1I_H","1I","MW946198",10179,100,2005,"Thailand","Thailand","MW946198",2005
657,"MW946199.1|2000","1I_H","1I_H","1I","MW946199",10179,100,2000,"Thailand","Thailand","MW946199",2000
661,"MW946203.1|1995","1I_A","1I_A","1I","MW946203",10179,100,1995,"Thailand","Thailand","MW946203",1995
663,"MW946205.1|2013","1I_K","1I_K","1I","MW946205",10179,100,2013,"Thailand","Thailand","MW946205",2013
665,"MW946207.1|2000","1I_G","1I_G","1I","MW946207",10179,100,2000,"Thailand","Thailand","MW946207",2000
666,"MW946208.1|2013","1I_E","1I_E","1I","MW946208",10179,100,2013,"Thailand","Thailand","MW946208",2013
672,"MW946214.1|1996","1I_F","1I_F","1I","MW946214",10179,100,1996,"Thailand","Thailand","MW946214",1996
675,"MW946217.1|2011","1I_H.1","1I_H","1I","MW946217",10179,100,2011,"Thailand","Thailand","MW946217",2011
677,"MW946219.1|2000","1I_J","1I_J","1I","MW946219",10179,100,2000,"Thailand","Thailand","MW946219",2000
681,"MW946223.1|2003","1I_H","1I_H","1I","MW946223",10179,100,2003,"Thailand","Thailand","MW946223",2003
688,"MW946230.1|1995","1I_K","1I_K","1I","MW946230",10179,100,1995,"Thailand","Thailand","MW946230",1995
694,"MW946236.1|2001","1I_H","1I_H","1I","MW946236",10179,100,2001,"Thailand","Thailand","MW946236",2001
698,"MW946240.1|2013","1I_E","1I_E","1I","MW946240",10179,100,2013,"Thailand","Thailand","MW946240",2013
702,"MW946244.1|2013","1I_J","1I_J","1I","MW946244",10179,100,2013,"Thailand","Thailand","MW946244",2013
703,"MW946245.1|1998","1I_F","1I_F","1I","MW946245",10179,100,1998,"Thailand","Thailand","MW946245",1998
704,"MW946246.1|1997","1I_F","1I_F","1I","MW946246",10179,100,1997,"Thailand","Thailand","MW946246",1997
711,"MW946253.1|2000","1V","1V","1V","MW946253",10179,100,2000,"Peru","Peru","MW946253",2000
713,"MN954554.1|2019","1III_A","1III_A","1III","MN954554",10678,104.9022497,2019,"India: Karnataka State","India","MN954554",2019
715,"MT929528.1|2015-11-06","1V_F","1V_F","1V","MT929528",10053,98.76215738,2015,"Brazil: Aparecida de Goiania","Brazil","MT929528",2015
721,"MT929534.1|2019-01-17","1V_F","1V_F","1V","MT929534",10048,98.71303664,2019,"Brazil: Feira de Santana","Brazil","MT929534",2019
736,"MT929549.1|2016-02-13","1V_E","1V_E","1V","MT929549",10049,98.72286079,2016,"Brazil: Conselheiro Lafaiete","Brazil","MT929549",2016
737,"MT929550.1|2016-03-14","1V_A","1V_A","1V","MT929550",10172,99.93123097,2016,"Brazil: Juiz de Fora","Brazil","MT929550",2016
738,"MT929551.1|2018-04-19","1V_A","1V_A","1V","MT929551",8857,87.01247667,2018,"Brazil: Montes Claros","Brazil","MT929551",2018
739,"MT929552.1|2018-04-12","1V_A","1V_A","1V","MT929552",10041,98.64426761,2018,"Brazil: Janauba","Brazil","MT929552",2018
759,"MT929572.1|2019-05-29","1V_E.1","1V_E","1V","MT929572",9622,94.5279497,2019,"Brazil: Jaboatao dos Guararapes","Brazil","MT929572",2019
761,"MT929574.1|2019-07-18","1V_E.1","1V_E","1V","MT929574",10048,98.71303664,2019,"Brazil: Brasilia","Brazil","MT929574",2019
764,"MT929577.1|2017-03-21","1V_F","1V_F","1V","MT929577",10049,98.72286079,2017,"Brazil: Brasilia de Minas","Brazil","MT929577",2017
765,"MT929578.1|2017-05-09","1V_E","1V_E","1V","MT929578",10064,98.87022301,2017,"Brazil: Sao Francisco","Brazil","MT929578",2017
766,"MT929579.1|2017-05-08","1V_E.1","1V_E","1V","MT929579",10053,98.76215738,2017,"Brazil: Varzelandia","Brazil","MT929579",2017
767,"MT929580.1|2017-05-08","1V_E.1","1V_E","1V","MT929580",10049,98.72286079,2017,"Brazil: Varzelandia","Brazil","MT929580",2017
768,"MT929581.1|2016-01-19","1V_E","1V_E","1V","MT929581",9621,94.51812555,2016,"Brazil: Ribeirao Preto","Brazil","MT929581",2016
769,"MT929582.1|2016-01-29","1V_A","1V_A","1V","MT929582",8384,82.36565478,2016,"Brazil: Ribeirao Preto","Brazil","MT929582",2016
771,"MT929584.1|2016-02-20","1V_F","1V_F","1V","MT929584",10048,98.71303664,2016,"Brazil: Ribeirao Preto","Brazil","MT929584",2016
788,"MW261840.1|2019-11-30","1I_K.3","1I_K","1I","MW261840",10690,105.0201395,2019,"China","China","MW261840",2019
800,"MW362474.1|2005-11","1I_K","1I_K","1I","MW362474",10735,105.4622262,2005,"Thailand","Thailand","MW362474",2005
804,"MW582813.1|2019-06-21","1IV","1IV","1IV","MW582813",10735,105.4622262,2019,"China: Wenzhou,Zhejiang","China","MW582813",2019
807,"MW553079.1|2019-09-05","1I_K.1.1","1I_K","1I","MW553079",10682,104.9415463,2019,"China: Hainan HK","China","MW553079",2019
814,"MT832033.1|2015","1IV_B.2","1IV_B","1IV","MT832033",10179,100,2015,"Philippines","Philippines","MT832033",2015
815,"MT832034.1|2015","1IV_B.2","1IV_B","1IV","MT832034",10141,99.62668239,2015,"Philippines","Philippines","MT832034",2015
816,"MT832035.1|2012","1IV_B.1","1IV_B","1IV","MT832035",10179,100,2012,"Philippines","Philippines","MT832035",2012
819,"MT832038.1|2012","1IV_B.2","1IV_B","1IV","MT832038",10179,100,2012,"Philippines","Philippines","MT832038",2012
823,"MT832042.1|2012","1IV_B.1","1IV_B","1IV","MT832042",10179,100,2012,"Philippines","Philippines","MT832042",2012
824,"MT832043.1|2013","1IV_B.1","1IV_B","1IV","MT832043",10179,100,2013,"Philippines","Philippines","MT832043",2013
828,"MT832047.1|2013","1IV_B.1","1IV_B","1IV","MT832047",10179,100,2013,"Philippines","Philippines","MT832047",2013
829,"MT832048.1|2013","1IV_B.1","1IV_B","1IV","MT832048",10179,100,2013,"Philippines","Philippines","MT832048",2013
835,"MN567693.1|2017-08-26","1III_A","1III_A","1III","MN567693",10383,102.0041261,2017,"China","China","MN567693",2017
836,"MN567694.1|2017-08-26","1III_A","1III_A","1III","MN567694",10383,102.0041261,2017,"China","China","MN567694",2017
839,"MN567697.1|2017-08-26","1III_A","1III_A","1III","MN567697",10383,102.0041261,2017,"China","China","MN567697",2017
845,"MW386867.1|2019-10","1I_H.1","1I_H","1I","MW386867",10739,105.5015227,2019,"China: Yunnan","China","MW386867",2019
846,"MW386902.1|2009-01","1I_K.6","1I_K","1I","MW386902",10710,105.2166225,2009,"China: Yunnan","China","MW386902",2009
847,"MW377899.1|2014-12-10","1V_F","1V_F","1V","MW377899",10348,101.660281,2014,"Brazil: Amapa","Brazil","MW377899",2014
850,"MW377902.1|2014-07-07","1V_F","1V_F","1V","MW377902",10353,101.7094017,2014,"Brazil: Amapa","Brazil","MW377902",2014
856,"MW377908.1|2015-02-25","1V_F","1V_F","1V","MW377908",10335,101.532567,2015,"Brazil: Amapa","Brazil","MW377908",2015
857,"MW377909.1|2015-02-27","1V_F","1V_F","1V","MW377909",10343,101.6111602,2015,"Brazil: Amapa","Brazil","MW377909",2015
858,"MW377910.1|2014-10-01","1V_F","1V_F","1V","MW377910",9345,91.80666077,2014,"Brazil: Amapa","Brazil","MW377910",2014
861,"MT040682.1|2018-05-04","1V_E.4","1V_E","1V","MT040682",9577,94.08586305,2018,"Paraguay: San Pedro de Ycuamamdyju","Paraguay","MT040682",2018
862,"MT040683.1|2018-05-31","1V_E.4","1V_E","1V","MT040683",9577,94.08586305,2018,"Paraguay: Asuncion","Paraguay","MT040683",2018
863,"MT040684.1|2018-06-08","1V_E.4","1V_E","1V","MT040684",9577,94.08586305,2018,"Paraguay: Encarnacion","Paraguay","MT040684",2018
867,"MW295817.1|2020-07-12","1III_A.3","1III_A","1III","MW295817",10637,104.4994597,2020,"China: Guangzhou","China","MW295817",2020
868,"MW288032.1|2018-11","1III_A","1III_A","1III","MW288032",10693,105.0496119,2018,"Senegal","Senegal","MW288032",2018
869,"MW288036.1|2018-11","1III_A","1III_A","1III","MW288036",10683,104.9513705,2018,"Senegal","Senegal","MW288036",2018
876,"MN886906.1|2013-12-30","1I_K.6","1I_K","1I","MN886906",10728,105.3934571,2013,"China","China","MN886906",2013
880,"MN886910.1|2013-12-30","1I_K.6","1I_K","1I","MN886910",10733,105.4425779,2013,"China","China","MN886910",2013
884,"MN886914.1|2013-12-30","1I_H.1","1I_H","1I","MN886914",10700,105.118381,2013,"China","China","MN886914",2013
885,"MW243006.1|2016-06-19","1VII_A","1VII_A","1VII","MW243006",10568,103.8215935,2016,"Republic of the Congo","Republic of the Congo","MW243006",2016
886,"MW243050.1|2017-10-30","1III_A","1III_A","1III","MW243050",10646,104.587877,2017,"Burkina Faso","Burkina Faso","MW243050",2017
887,"MW243051.1|2019-03-30","1III_A","1III_A","1III","MW243051",10673,104.853129,2019,"Cote d'Ivoire","Cote d'Ivoire","MW243051",2019
888,"MW243052.1|2019-06-16","1III_A","1III_A","1III","MW243052",10649,104.6173494,2019,"Cote d'Ivoire","Cote d'Ivoire","MW243052",2019
889,"MW243053.1|2019-07-13","1III_A","1III_A","1III","MW243053",10647,104.5977011,2019,"Cote d'Ivoire","Cote d'Ivoire","MW243053",2019
890,"MW243062.1|2019-09-18","1III_A","1III_A","1III","MW243062",10646,104.587877,2019,"Senegal","Senegal","MW243062",2019
891,"MW243063.1|2015-10-22","1III_A","1III_A","1III","MW243063",10646,104.587877,2015,"Mauritania","Mauritania","MW243063",2015
893,"MW208043.1|2018-11-11","1V_A","1V_A","1V","MW208043",10179,100,2018,"Brazil: Sao Paulo, Ribeirao Preto","Brazil","MW208043",2018
904,"MN886887.1|2014-11-30","1I_K.6","1I_K","1I","MN886887",10710,105.2166225,2014,"China","China","MN886887",2014
920,"MN886918.1|2006-12-30","1I_E","1I_E","1I","MN886918",10692,105.0397878,2006,"China","China","MN886918",2006
923,"MN886921.1|2006-12-30","1I_E","1I_E","1I","MN886921",10692,105.0397878,2006,"China","China","MN886921",2006
926,"MN886924.1|2006-12-30","1I_H.1","1I_H","1I","MN886924",10698,105.0987327,2006,"China","China","MN886924",2006
927,"MN448597.1|2009-11-11","1I_H.1","1I_H","1I","MN448597",10179,100,2009,"Thailand","Thailand","MN448597",2009
948,"MN448619.1|2011-07-28","1I_H.1","1I_H","1I","MN448619",10179,100,2011,"Thailand","Thailand","MN448619",2011
949,"MN448620.1|2011-08-02","1I_K","1I_K","1I","MN448620",10179,100,2011,"Thailand","Thailand","MN448620",2011
953,"MN448624.1|2012-10-10","1I_H.1","1I_H","1I","MN448624",10179,100,2012,"Thailand","Thailand","MN448624",2012
958,"MN448631.1|2009-11-09","1I_H.1","1I_H","1I","MN448631",10179,100,2009,"Thailand","Thailand","MN448631",2009
959,"MN448632.1|2010-06-15","1I_F","1I_F","1I","MN448632",10179,100,2010,"Thailand","Thailand","MN448632",2010
962,"MN448635.1|2010-08-03","1I_K.5","1I_K","1I","MN448635",10179,100,2010,"Thailand","Thailand","MN448635",2010
980,"MN448653.1|2011-06-20","1I_K","1I_K","1I","MN448653",10179,100,2011,"Thailand","Thailand","MN448653",2011
989,"MN448662.1|2011-07-20","1I_F","1I_F","1I","MN448662",10179,100,2011,"Thailand","Thailand","MN448662",2011
1012,"MN448685.1|2012-06-26","1I_K.5","1I_K","1I","MN448685",10179,100,2012,"Thailand","Thailand","MN448685",2012
1019,"MN448692.1|2012-10-01","1I_K.5","1I_K","1I","MN448692",10179,100,2012,"Thailand","Thailand","MN448692",2012
1024,"MN449007.1|2015-06-10","1V_D.1.2","1V_D","1V","MN449007",10176,99.97052756,2015,"Ecuador","Ecuador","MN449007",2015
1025,"MN449008.1|2015-05-07","1V_D.1.2","1V_D","1V","MN449008",10176,99.97052756,2015,"Ecuador","Ecuador","MN449008",2015
1032,"MN449015.1|2015-05-20","1V_D.1.2","1V_D","1V","MN449015",10176,99.97052756,2015,"Ecuador","Ecuador","MN449015",2015
1046,"MT862866.1|2019-06-18","1V_E.1","1V_E","1V","MT862866",10173,99.94105511,2019,"Brazil: PB","Brazil","MT862866",2019
1057,"MT862877.1|2018-06-16","1V_E.1","1V_E","1V","MT862877",10176,99.97052756,2018,"Brazil: PB","Brazil","MT862877",2018
1062,"MT862882.1|2018-06-04","1V_E.1","1V_E","1V","MT862882",10161,99.82316534,2018,"Brazil: PB","Brazil","MT862882",2018
1074,"MT862894.1|2018-04-22","1V_E.1","1V_E","1V","MT862894",10161,99.82316534,2018,"Brazil: PB","Brazil","MT862894",2018
1076,"MT459980.1|2011","1I_K","1I_K","1I","MT459980",10586,103.9984281,2011,"South Korea","South Korea","MT459980",2011
1077,"MT929160.1|2019-10-07","1V_B","1V_B","1V","MT929160",10304,101.2280185,2019,"Mexico: Jalisco","Mexico","MT929160",2019
1078,"MT921569.1|2013","1I_H.1","1I_H","1I","MT921569",10733,105.4425779,2013,"Australia: Queensland","Australia","MT921569",2013
1103,"MN886867.1|2014-11-30","1III_A","1III_A","1III","MN886867",10706,105.1773259,2014,"China","China","MN886867",2014
1115,"MT899083.1|2019-09-29","1V_D.1","1V_D","1V","MT899083",10327,101.4539739,2019,"Mexico: Jalisco","Mexico","MT899083",2019
1116,"MT006147.1|2018-05-06","1I_H.1","1I_H","1I","MT006147",10176,99.97052756,2018,"Sri Lanka","Sri Lanka","MT006147",2018
1120,"MT006166.1|2018-08-04","1III_A.4","1III_A","1III","MT006166",10176,99.97052756,2018,"Sri Lanka","Sri Lanka","MT006166",2018
1122,"MT006183.1|2018-04-01","1III_A.4","1III_A","1III","MT006183",10176,99.97052756,2018,"Sri Lanka","Sri Lanka","MT006183",2018
1128,"MN886829.1|2017-11-30","1I_K.1.2","1I_K","1I","MN886829",10702,105.1380293,2017,"China","China","MN886829",2017
1138,"MN886839.1|2017-11-30","1I_E.1","1I_E","1I","MN886839",10704,105.1576776,2017,"China","China","MN886839",2017
1164,"MK858131.2|2016-10-24","1III_B","1III_B","1III","MK858131",10688,105.0004912,2016,"India","India","MK858131",2016
1168,"MK858135.2|2016-10-20","1III_A","1III_A","1III","MK858135",10714,105.255919,2016,"India","India","MK858135",2016
1170,"MK858137.1|2016-10-07","1III_B","1III_B","1III","MK858137",10737,105.4818744,2016,"India","India","MK858137",2016
1171,"MK858138.2|2016-10-05","1I_H.1","1I_H","1I","MK858138",10735,105.4622262,2016,"India","India","MK858138",2016
1175,"MT397276.1|2015-11","1I_J","1I_J","1I","MT397276",10176,99.97052756,2015,"Thailand","Thailand","MT397276",2015
1176,"MT397277.1|2015-11","1I_J","1I_J","1I","MT397277",10176,99.97052756,2015,"Thailand","Thailand","MT397277",2015
1177,"LC436667.1|2017-10","1III_A","1III_A","1III","LC436667",10673,104.853129,2017,"Bangladesh","Bangladesh","LC436667",2017
1178,"LC436668.1|2017-11","1III_A","1III_A","1III","LC436668",10673,104.853129,2017,"Bangladesh","Bangladesh","LC436668",2017
1180,"MN556095.1|2017-04","1V_D.1.2","1V_D","1V","MN556095",10694,105.0594361,2017,"Ecuador","Ecuador","MN556095",2017
1181,"MT261951.1|2017-10-23","1III_A","1III_A","1III","MT261951",10705,105.1675017,2017,"Burkina Faso: Ouagadougou","Burkina Faso","MT261951",2017
1182,"MT261952.1|2017-11-09","1III_A","1III_A","1III","MT261952",10659,104.7155909,2017,"Burkina Faso: Ouagadougou","Burkina Faso","MT261952",2017
1189,"MN567709.1|2019-03-27","1V_A","1V_A","1V","MN567709",8413,82.65055506,2019,"Brazil: Espirito Santo, BR","Brazil","MN567709",2019
1190,"MK588396.1|2016-09","1III_A.3","1III_A","1III","MK588396",10734,105.452402,2016,"India","India","MK588396",2016
1192,"MN960676.1|2019-11-16","1I_H.1","1I_H","1I","MN960676",10624,104.3717458,2019,"China: Guangzhou","China","MN960676",2019
1195,"MN018286.1|2016-09-23","1III_A","1III_A","1III","MN018286",10735,105.4622262,2016,"China: Guangdong Province","China","MN018286",2016
1197,"MN018288.1|2016-01-05","1I_K.3","1I_K","1I","MN018288",10735,105.4622262,2016,"China: Guangdong Province","China","MN018288",2016
1199,"MN018290.1|2016-10-18","1IV_B.1","1IV_B","1IV","MN018290",10735,105.4622262,2016,"China: Guangdong Province","China","MN018290",2016
1200,"MN018291.1|2017-04-25","1I_K.1.2","1I_K","1I","MN018291",10735,105.4622262,2017,"China: Guangdong Province","China","MN018291",2017
1205,"MN018296.1|2015-09-10","1I_J","1I_J","1I","MN018296",10735,105.4622262,2015,"China: Guangdong Province","China","MN018296",2015
1206,"MN018297.1|2017-05-08","1IV_B.1","1IV_B","1IV","MN018297",10735,105.4622262,2017,"China: Guangdong Province","China","MN018297",2017
1216,"MN018307.1|2015-10-09","1I_E.1","1I_E","1I","MN018307",10735,105.4622262,2015,"China: Guangdong Province","China","MN018307",2015
1222,"MN018313.1|2015-09-08","1I_J","1I_J","1I","MN018313",10735,105.4622262,2015,"China: Guangdong Province","China","MN018313",2015
1230,"MN018321.1|2015-04-02","1I_K","1I_K","1I","MN018321",10735,105.4622262,2015,"China: Guangdong Province","China","MN018321",2015
1235,"MN018326.1|2017-09-19","1I_E.1","1I_E","1I","MN018326",10735,105.4622262,2017,"China: Guangdong Province","China","MN018326",2017
1241,"MN018332.1|2016-02-25","1I_E.1","1I_E","1I","MN018332",10735,105.4622262,2016,"China: Guangdong Province","China","MN018332",2016
1244,"MN018335.1|2016-03-11","1I_K","1I_K","1I","MN018335",10735,105.4622262,2016,"China: Guangdong Province","China","MN018335",2016
1247,"MN933652.1|2013-08-13","1I_E","1I_E","1I","MN933652",10701,105.1282051,2013,"China","China","MN933652",2013
1248,"MN933653.1|2013-10-22","1III_A","1III_A","1III","MN933653",10701,105.1282051,2013,"China","China","MN933653",2013
1251,"MN933656.1|2014-09-23","1I_J","1I_J","1I","MN933656",10701,105.1282051,2014,"China","China","MN933656",2014
1257,"MN933662.1|2016-08-17","1III_A","1III_A","1III","MN933662",10701,105.1282051,2016,"China","China","MN933662",2016
1258,"MN933663.1|2016-09-28","1I_K.2","1I_K","1I","MN933663",10701,105.1282051,2016,"China","China","MN933663",2016
1260,"MN933665.1|2017-07-31","1I_K.3","1I_K","1I","MN933665",10701,105.1282051,2017,"China","China","MN933665",2017
1261,"MN933666.1|2018-06-21","1I_K.1.1","1I_K","1I","MN933666",10701,105.1282051,2018,"China","China","MN933666",2018
1262,"MN933667.1|2018-08-09","1I_K.1.2","1I_K","1I","MN933667",10701,105.1282051,2018,"China","China","MN933667",2018
1263,"MN933668.1|2018-10-08","1I_K.3","1I_K","1I","MN933668",10701,105.1282051,2018,"China","China","MN933668",2018
1264,"MN933669.1|2018-10-16","1I_E.1","1I_E","1I","MN933669",10701,105.1282051,2018,"China","China","MN933669",2018
1269,"MN923081.1|2019-09-28","1I_H.1","1I_H","1I","MN923081",10647,104.5977011,2019,"China","China","MN923081",2019
1270,"MN923082.1|2019-09-25","1III_A","1III_A","1III","MN923082",10637,104.4994597,2019,"China","China","MN923082",2019
1273,"MN923085.1|2019-10-17","1III_A.2","1III_A","1III","MN923085",10626,104.391394,2019,"China","China","MN923085",2019
1290,"MN923102.1|2019-05-09","1III_A.2","1III_A","1III","MN923102",10621,104.3422733,2019,"China","China","MN923102",2019
1293,"MN923105.1|2019-08-26","1IV_B.1","1IV_B","1IV","MN923105",10645,104.5780529,2019,"China","China","MN923105",2019
1343,"MN912215.1|2017-08-09","1I_E.1","1I_E","1I","MN912215",10176,99.97052756,2017,"Viet Nam","Viet Nam","MN912215",2017
1372,"MG840542.1|2015","1III_A","1III_A","1III","MG840542",10735,105.4622262,2015,"China","China","MG840542",2015
1380,"MG840550.1|2015","1I_J","1I_J","1I","MG840550",10735,105.4622262,2015,"China","China","MG840550",2015
1381,"MG840551.1|2015","1I_H.1","1I_H","1I","MG840551",10735,105.4622262,2015,"China","China","MG840551",2015
1388,"MG840558.1|2015","1I_E.1","1I_E","1I","MG840558",10735,105.4622262,2015,"China","China","MG840558",2015
1397,"MG840567.1|2016","1IV_B.1","1IV_B","1IV","MG840567",10735,105.4622262,2016,"China","China","MG840567",2016
1398,"MG840568.1|2016","1III_A","1III_A","1III","MG840568",10714,105.255919,2016,"China","China","MG840568",2016
1400,"MG840570.1|2016","1I_E.1","1I_E","1I","MG840570",10735,105.4622262,2016,"China","China","MG840570",2016
1401,"MG840571.1|2016","1I_E.1","1I_E","1I","MG840571",10735,105.4622262,2016,"China","China","MG840571",2016
1404,"MG840574.1|2016","1IV_B.1","1IV_B","1IV","MG840574",10735,105.4622262,2016,"China","China","MG840574",2016
1408,"MG840578.1|2017","1I_E.1","1I_E","1I","MG840578",10735,105.4622262,2017,"China","China","MG840578",2017
1409,"MG840579.1|2017","1IV_B.1","1IV_B","1IV","MG840579",10735,105.4622262,2017,"China","China","MG840579",2017
1419,"MN577472.1|2019-07","1VII_A","1VII_A","1VII","MN577472",10568,103.8215935,2019,"Italy","Italy","MN577472",2019
1420,"MN600714.1|2019-02-28","1III_A","1III_A","1III","MN600714",10646,104.587877,2019,"Benin","Benin","MN600714",2019
1421,"MH891767.1|2017-04-26","1III_A.3","1III_A","1III","MH891767",10764,105.7471264,2017,"India: Nilgiri,Tamil Nadu","India","MH891767",2017
1428,"LC428057.1|2017","1I_E.1","1I_E","1I","LC428057",10179,100,2017,"Viet Nam","Viet Nam","LC428057",2017
1454,"MG181997.1|2008-01-08","1IV_A","1IV_A","1IV","MG181997",10715,105.2657432,2008,"French Polynesia","French Polynesia","MG181997",2008
1456,"MK166992.1|2017-10-20","1I_H.1","1I_H","1I","MK166992",7946,78.06267806,2017,"China","China","MK166992",2017
1469,"MK167005.1|2017-10-10","1I_H.1","1I_H","1I","MK167005",7949,78.09215051,2017,"China","China","MK167005",2017
1477,"MK167013.1|2017-10-29","1I_H.1","1I_H","1I","MK167013",7956,78.16091954,2017,"China","China","MK167013",2017
1487,"MH271403.1|2014","1I_K.2","1I_K","1I","MH271403",10711,105.2264466,2014,"China","China","MH271403",2014
1491,"KY672931.1|2015-06-09","1I_H.1","1I_H","1I","KY672931",10738,105.4916986,2015,"China: Yunnan","China","KY672931",2015
1499,"KY672939.1|2014-08-13","1I_J","1I_J","1I","KY672939",10707,105.18715,2014,"China: Yunnan","China","KY672939",2014
0,"KY672940.1|2014-09-18","1I_J","1I_J","1I","KY672940",10707,105.18715,2014,"China: Yunnan","China","KY672940",2014
1,"KY672941.1|2014-09-21","1I_H.1","1I_H","1I","KY672941",10714,105.255919,2014,"China: Yunnan","China","KY672941",2014
2,"KY672942.1|2014-09-27","1I_H.1","1I_H","1I","KY672942",10737,105.4818744,2014,"China: Yunnan","China","KY672942",2014
3,"KY672943.1|2013-10-08","1I_H.1","1I_H","1I","KY672943",10737,105.4818744,2013,"China: Yunnan","China","KY672943",2013
4,"KY672944.1|2013-10-08","1III_A","1III_A","1III","KY672944",10709,105.2067983,2013,"China: Yunnan","China","KY672944",2013
5,"MH823207.1|2015","1I_K","1I_K","1I","MH823207",10728,105.3934571,2015,"Indonesia","Indonesia","MH823207",2015
6,"MG721060.2|2016","1III_A.3","1III_A","1III","MG721060",10615,104.2833284,2016,"India","India","MG721060",2016
7,"MG721063.2|2016","1III_B","1III_B","1III","MG721063",10736,105.4720503,2016,"India","India","MG721063",2016
8,"MH822958.2|2012","1III_A","1III_A","1III","MH822958",10619,104.322625,2012,"India","India","MH822958",2012
9,"MH822959.2|2012","1III_A","1III_A","1III","MH822959",10714,105.255919,2012,"India","India","MH822959",2012
10,"MH921566.1|2015","1IV_A","1IV_A","1IV","MH921566",10706,105.1773259,2015,"Australia: Queensland","Australia","MH921566",2015
11,"MH921567.1|2016","1IV_A","1IV_A","1IV","MH921567",10706,105.1773259,2016,"Australia: Queensland","Australia","MH921567",2016
12,"LC410183.1|2017-04","1I_H.1","1I_H","1I","LC410183",10694,105.0594361,2017,"Thailand","Thailand","LC410183",2017
14,"KY057366.1|2012","1IV_B","1IV_B","1IV","KY057366",10735,105.4622262,2012,"Indonesia: Surabaya","Indonesia","KY057366",2012
15,"KY057367.1|2012","1I_K.2","1I_K","1I","KY057367",10735,105.4622262,2012,"Indonesia: Surabaya","Indonesia","KY057367",2012
16,"KY057368.1|2012","1IV_B","1IV_B","1IV","KY057368",10735,105.4622262,2012,"Indonesia: Surabaya","Indonesia","KY057368",2012
18,"KY057370.1|2012","1I_K.2","1I_K","1I","KY057370",10735,105.4622262,2012,"Indonesia: Surabaya","Indonesia","KY057370",2012
19,"KY057371.1|2012","1IV_B","1IV_B","1IV","KY057371",10735,105.4622262,2012,"Indonesia: Surabaya","Indonesia","KY057371",2012
21,"KY057373.1|2012","1I_K","1I_K","1I","KY057373",10735,105.4622262,2012,"Indonesia: Surabaya","Indonesia","KY057373",2012
23,"MG518567.1|2010-09","1V_E","1V_E","1V","MG518567",10080,99.02740937,2010,"France: Nice","France","MG518567",2010
24,"MG877552.1|2012","1I_E","1I_E","1I","MG877552",10625,104.3815699,2012,"Laos","Laos","MG877552",2012
25,"MG877553.1|2012","1V_E","1V_E","1V","MG877553",10719,105.3050398,2012,"Haiti","Haiti","MG877553",2012
26,"MG877554.1|2012","1I_E","1I_E","1I","MG877554",10719,105.3050398,2012,"Thailand","Thailand","MG877554",2012
29,"MG877557.1|2012","1VII_B","1VII_B","1VII","MG877557",10751,105.6194125,2012,"Gabon","Gabon","MG877557",2012
30,"MF033196.1|2011-10","1I_H.1","1I_H","1I","MF033196",10735,105.4622262,2011,"Singapore","Singapore","MF033196",2011
31,"MF033197.1|2012-03","1III_B","1III_B","1III","MF033197",10735,105.4622262,2012,"Singapore","Singapore","MF033197",2012
33,"MF033199.1|2012-05","1I_E","1I_E","1I","MF033199",10735,105.4622262,2012,"Singapore","Singapore","MF033199",2012
35,"MF033201.1|2012-08","1I_H.1","1I_H","1I","MF033201",10735,105.4622262,2012,"Singapore","Singapore","MF033201",2012
36,"MF033202.1|2012-08","1I_H.1","1I_H","1I","MF033202",10735,105.4622262,2012,"Singapore","Singapore","MF033202",2012
37,"MF033203.1|2012-10","1I_H.1","1I_H","1I","MF033203",10735,105.4622262,2012,"Singapore","Singapore","MF033203",2012
39,"MF033205.1|2012-12","1III_A","1III_A","1III","MF033205",10714,105.255919,2012,"Singapore","Singapore","MF033205",2012
41,"MF033207.1|2013-04","1I_K.3","1I_K","1I","MF033207",10735,105.4622262,2013,"Singapore","Singapore","MF033207",2013
44,"MF033210.1|2013-08","1I_H.1","1I_H","1I","MF033210",10735,105.4622262,2013,"Singapore","Singapore","MF033210",2013
47,"MF033213.1|2014-02","1III_A","1III_A","1III","MF033213",10714,105.255919,2014,"Singapore","Singapore","MF033213",2014
49,"MF033215.1|2014-03","1I_H.1","1I_H","1I","MF033215",10735,105.4622262,2014,"Singapore","Singapore","MF033215",2014
52,"MF033218.1|2014-06","1I_K","1I_K","1I","MF033218",10735,105.4622262,2014,"Singapore","Singapore","MF033218",2014
53,"MF033219.1|2014-06","1I_H.1","1I_H","1I","MF033219",10735,105.4622262,2014,"Singapore","Singapore","MF033219",2014
55,"MF033221.1|2014-07","1I_H.1","1I_H","1I","MF033221",10685,104.9710188,2014,"Singapore","Singapore","MF033221",2014
56,"MF033222.1|2014-07","1I_J","1I_J","1I","MF033222",10735,105.4622262,2014,"Singapore","Singapore","MF033222",2014
58,"MF033224.1|2014-07","1III_A","1III_A","1III","MF033224",10661,104.7352392,2014,"Singapore","Singapore","MF033224",2014
59,"MF033225.1|2014-08","1I_K.2","1I_K","1I","MF033225",10735,105.4622262,2014,"Singapore","Singapore","MF033225",2014
60,"MF033226.1|2014-09","1III_A.3","1III_A","1III","MF033226",10714,105.255919,2014,"Singapore","Singapore","MF033226",2014
63,"MF033229.1|2015-02","1III_A","1III_A","1III","MF033229",10714,105.255919,2015,"Singapore","Singapore","MF033229",2015
65,"MF033231.1|2015-03","1IV_B","1IV_B","1IV","MF033231",10735,105.4622262,2015,"Singapore","Singapore","MF033231",2015
66,"MF033232.1|2015-03","1I_K.2","1I_K","1I","MF033232",10735,105.4622262,2015,"Singapore","Singapore","MF033232",2015
67,"MF033233.1|2015-03","1I_K","1I_K","1I","MF033233",10735,105.4622262,2015,"Singapore","Singapore","MF033233",2015
68,"MF033234.1|2015-02","1III_A","1III_A","1III","MF033234",10714,105.255919,2015,"Singapore","Singapore","MF033234",2015
71,"MF033237.1|2015-06","1III_A","1III_A","1III","MF033237",10714,105.255919,2015,"Singapore","Singapore","MF033237",2015
73,"MF033239.1|2015-11","1I_E.1","1I_E","1I","MF033239",10735,105.4622262,2015,"Singapore","Singapore","MF033239",2015
82,"MF033248.1|2016-02","1I_K","1I_K","1I","MF033248",10735,105.4622262,2016,"Singapore","Singapore","MF033248",2016
84,"MF033250.1|2016-03","1I_K.2","1I_K","1I","MF033250",10681,104.9317222,2016,"Singapore","Singapore","MF033250",2016
87,"MF033253.1|2016-05","1III_A","1III_A","1III","MF033253",10714,105.255919,2016,"Singapore","Singapore","MF033253",2016
88,"MF033254.1|2016-06","1I_E.1","1I_E","1I","MF033254",10690,105.0201395,2016,"Singapore","Singapore","MF033254",2016
90,"MF033256.1|2016-08","1III_A.3","1III_A","1III","MF033256",10714,105.255919,2016,"Singapore","Singapore","MF033256",2016
92,"MF033258.1|2016-10","1I_K.2","1I_K","1I","MF033258",10676,104.8826014,2016,"Singapore","Singapore","MF033258",2016
95,"MF033261.1|2016-12","1III_A.3","1III_A","1III","MF033261",10714,105.255919,2016,"Singapore","Singapore","MF033261",2016
102,"MG679801.1|2017-10-27","1I_H.1","1I_H","1I","MG679801",10735,105.4622262,2017,"Myanmar","Myanmar","MG679801",2017
103,"MH450297.1|2015-09-25","1V_D.1","1V_D","1V","MH450297",10700,105.118381,2015,"Venezuela: Carabobo","Venezuela","MH450297",2015
105,"MH450303.1|2015-10-02","1V_D.1","1V_D","1V","MH450303",10672,104.8433048,2015,"Venezuela: Carabobo","Venezuela","MH450303",2015
106,"MH450304.1|2010-08-30","1V_D.1","1V_D","1V","MH450304",10701,105.1282051,2010,"Venezuela: Aragua","Venezuela","MH450304",2010
107,"MH450306.1|2010-09-07","1V_F","1V_F","1V","MH450306",10711,105.2264466,2010,"Venezuela: Aragua","Venezuela","MH450306",2010
108,"MH450312.1|2015-10-19","1V_D.1","1V_D","1V","MH450312",10752,105.6292367,2015,"Venezuela: Carabobo","Venezuela","MH450312",2015
109,"KX618705.1|2014","1III_B","1III_B","1III","KX618705",10735,105.4622262,2014,"India","India","KX618705",2014
110,"KX618706.1|2014","1III_B","1III_B","1III","KX618706",10735,105.4622262,2014,"India","India","KX618706",2014
118,"MF004384.1|2014-08-07","1V_B","1V_B","1V","MF004384",10675,104.8727773,2014,"France","France","MF004384",2014
119,"KY926848.1|2013-08-19","1I_E","1I_E","1I","KY926848",10597,104.1064938,2013,"French Polynesia: Faa'a commune","French Polynesia","KY926848",2013
120,"KY926849.1|2008-01-08","1IV_A","1IV_A","1IV","KY926849",10597,104.1064938,2008,"French Polynesia","French Polynesia","KY926849",2008
124,"KY849704.1|2011-07-02","1I_K.5","1I_K","1I","KY849704",10675,104.8727773,2011,"Laos: Luang Namtha","Laos","KY849704",2011
125,"KY849705.1|2008-09-11","1I_K.5","1I_K","1I","KY849705",10675,104.8727773,2008,"Laos: Salavan","Laos","KY849705",2008
126,"KY849706.1|2008-10-22","1I_H","1I_H","1I","KY849706",10675,104.8727773,2008,"Laos: Salavan","Laos","KY849706",2008
132,"KY849712.1|2009-05-12","1I_K.5","1I_K","1I","KY849712",10675,104.8727773,2009,"Laos: Salavan","Laos","KY849712",2009
133,"KY849713.1|2009-05-09","1I_K.5","1I_K","1I","KY849713",10675,104.8727773,2009,"Laos: Salavan","Laos","KY849713",2009
137,"KY849717.1|2009-10-23","1I_K.5","1I_K","1I","KY849717",10675,104.8727773,2009,"Laos: Salavan","Laos","KY849717",2009
140,"KY849720.1|2009-11-12","1I_E","1I_E","1I","KY849720",10675,104.8727773,2009,"Laos: Salavan","Laos","KY849720",2009
141,"KY849721.1|2010-04-17","1I_K.5","1I_K","1I","KY849721",10675,104.8727773,2010,"Laos: Salavan","Laos","KY849721",2010
143,"KY849723.1|2010-07-06","1I_K.5","1I_K","1I","KY849723",10675,104.8727773,2010,"Laos: Salavan","Laos","KY849723",2010
144,"KY849724.1|2009-07-07","1I_H","1I_H","1I","KY849724",10675,104.8727773,2009,"Laos: Vientiane","Laos","KY849724",2009
146,"KY849726.1|2009-09-24","1I_H","1I_H","1I","KY849726",10675,104.8727773,2009,"Laos: Vientiane","Laos","KY849726",2009
148,"KY849728.1|2009-12-04","1I_H","1I_H","1I","KY849728",10675,104.8727773,2009,"Laos: Vientiane","Laos","KY849728",2009
151,"KY849731.1|2010-07-23","1I_H","1I_H","1I","KY849731",10675,104.8727773,2010,"Laos: Vientiane","Laos","KY849731",2010
156,"KY849736.1|2010-08-30","1I_H","1I_H","1I","KY849736",10675,104.8727773,2010,"Laos: Vientiane","Laos","KY849736",2010
157,"KY849737.1|2010-10-13","1I_H","1I_H","1I","KY849737",10675,104.8727773,2010,"Laos: Vientiane","Laos","KY849737",2010
161,"KY849741.1|2008-10-06","1I_H.3","1I_H","1I","KY849741",10675,104.8727773,2008,"Laos: Salavan","Laos","KY849741",2008
163,"KY849743.1|2010-07-15","1I_E","1I_E","1I","KY849743",10675,104.8727773,2010,"Laos: Salavan","Laos","KY849743",2010
164,"KY849744.1|2010-07-25","1I_K.5","1I_K","1I","KY849744",10675,104.8727773,2010,"Laos: Salavan","Laos","KY849744",2010
165,"KY849745.1|2009-04-09","1I","1I","1I","KY849745",10675,104.8727773,2009,"Laos: Vientiane","Laos","KY849745",2009
175,"KY474303.1|2014","1V_D.1.2","1V_D","1V","KY474303",10678,104.9022497,2014,"Ecuador: Machala","Ecuador","KY474303",2014
177,"KY474305.1|2014","1V_F","1V_F","1V","KY474305",10676,104.8826014,2014,"Ecuador: Machala","Ecuador","KY474305",2014
178,"KY474306.1|2014","1V_F","1V_F","1V","KY474306",10677,104.8924256,2014,"Ecuador: Machala","Ecuador","KY474306",2014
179,"KY474307.1|2014","1V_D.1.2","1V_D","1V","KY474307",10677,104.8924256,2014,"Ecuador: Machala","Ecuador","KY474307",2014
180,"KY496854.1|2016-11","1IV_B.1","1IV_B","1IV","KY496854",10689,105.0103154,2016,"Taiwan","Taiwan","KY496854",2016
181,"KY496855.1|2016-10","1IV_B.1","1IV_B","1IV","KY496855",10689,105.0103154,2016,"Taiwan","Taiwan","KY496855",2016
182,"KY496856.1|1998-09","1I","1I","1I","KY496856",10689,105.0103154,1998,"Taiwan","Taiwan","KY496856",1998
183,"MF797878.1|2014-02-17","1V_D.1.2","1V_D","1V","MF797878",10687,104.9906671,2014,"Ecuador","Ecuador","MF797878",2014
184,"KX951689.1|2004-07","1IV_B","1IV_B","1IV","KX951689",10689,105.0103154,2004,"Taiwan","Taiwan","KX951689",2004
185,"KX951690.1|2007-06","1I_K","1I_K","1I","KX951690",10689,105.0103154,2007,"Taiwan","Taiwan","KX951690",2007
186,"MF405201.1|2015-09-01","1I_H.1","1I_H","1I","MF405201",10821,106.3071029,2015,"China","China","MF405201",2015
187,"KT827364.1|2002","1IV_C","1IV_C","1IV","KT827364",10611,104.2440318,2002,"China: Guangzhou, Guangdong Province","China","KT827364",2002
188,"KT827365.1|2006","1I_H.1","1I_H","1I","KT827365",10575,103.8903625,2006,"China: Guangzhou, Guangdong Province","China","KT827365",2006
189,"KT827366.1|2007","1IV_C","1IV_C","1IV","KT827366",10616,104.2931526,2007,"China: Guangzhou, Guangdong Province","China","KT827366",2007
190,"KT827367.1|2010","1IV_B.1","1IV_B","1IV","KT827367",10592,104.057373,2010,"China: Guangzhou, Guangdong Province","China","KT827367",2010
191,"KT827368.1|2007","1I_K","1I_K","1I","KT827368",10556,103.7037037,2007,"China: Guangzhou, Guangdong Province","China","KT827368",2007
192,"KT827369.1|2011","1I_G","1I_G","1I","KT827369",10573,103.8707142,2011,"China: Guangzhou, Guangdong Province","China","KT827369",2011
196,"KT827373.1|2014","1I_K.2","1I_K","1I","KT827373",10600,104.1359662,2014,"China: Guangzhou, Guangdong Province","China","KT827373",2014
202,"KT827379.1|2015","1I_K.6","1I_K","1I","KT827379",10627,104.4012182,2015,"China: Guangzhou, Guangdong Province","China","KT827379",2015
204,"KY829115.1|2016-04-27","1V_C","1V_C","1V","KY829115",10717,105.2853915,2016,"Saint Barthelemy","Saint Barthelemy","KY829115",2016
212,"KX452057.1|2014-01","1I_K.3","1I_K","1I","KX452057",10723,105.3443364,2014,"Malaysia: Johor Bahru","Malaysia","KX452057",2014
213,"KX452058.1|2014-01","1I_K.3","1I_K","1I","KX452058",10674,104.8629531,2014,"Malaysia: Johor Bahru","Malaysia","KX452058",2014
221,"KX452066.1|2014-01","1III_A","1III_A","1III","KX452066",10349,101.6701051,2014,"Malaysia: Johor Bahru","Malaysia","KX452066",2014
222,"KX452067.1|2014-01","1I_K.2","1I_K","1I","KX452067",10602,104.1556145,2014,"Malaysia: Johor Bahru","Malaysia","KX452067",2014
224,"KY921902.1|2015-03","1I_K.3","1I_K","1I","KY921902",10735,105.4622262,2015,"Singapore","Singapore","KY921902",2015
227,"KY586306.1|2000","1I_J","1I_J","1I","KY586306",10179,100,2000,"Thailand","Thailand","KY586306",2000
230,"KY586309.1|2001","1I_J","1I_J","1I","KY586309",10179,100,2001,"Thailand","Thailand","KY586309",2001
231,"KY586310.1|2001","1I_J","1I_J","1I","KY586310",10179,100,2001,"Thailand","Thailand","KY586310",2001
232,"KY586311.1|2006","1I_J","1I_J","1I","KY586311",10179,100,2006,"Thailand","Thailand","KY586311",2006
236,"KY586315.1|2006","1I_K","1I_K","1I","KY586315",10179,100,2006,"Thailand","Thailand","KY586315",2006
237,"KY586316.1|2008","1I_K","1I_K","1I","KY586316",10179,100,2008,"Thailand","Thailand","KY586316",2008
247,"KY586326.1|2003","1I_K","1I_K","1I","KY586326",10179,100,2003,"Thailand","Thailand","KY586326",2003
250,"KY586329.1|2009","1I_K.5","1I_K","1I","KY586329",10179,100,2009,"Thailand","Thailand","KY586329",2009
251,"KY586330.1|2009","1I_K.5","1I_K","1I","KY586330",10179,100,2009,"Thailand","Thailand","KY586330",2009
259,"KY586338.1|2009","1I_K","1I_K","1I","KY586338",10179,100,2009,"Thailand","Thailand","KY586338",2009
277,"KY586356.1|2004","1I_K","1I_K","1I","KY586356",10179,100,2004,"Thailand","Thailand","KY586356",2004
279,"KY586358.1|2006","1I_K","1I_K","1I","KY586358",10179,100,2006,"Thailand","Thailand","KY586358",2006
281,"KY586360.1|2003","1I_K","1I_K","1I","KY586360",10179,100,2003,"Thailand","Thailand","KY586360",2003
282,"KY586361.1|2008","1I_K","1I_K","1I","KY586361",10179,100,2008,"Thailand","Thailand","KY586361",2008
283,"KY586362.1|2001","1I_K","1I_K","1I","KY586362",10179,100,2001,"Thailand","Thailand","KY586362",2001
284,"KY586363.1|2000","1I_K","1I_K","1I","KY586363",10179,100,2000,"Thailand","Thailand","KY586363",2000
285,"KY586364.1|2002","1I_K","1I_K","1I","KY586364",10179,100,2002,"Thailand","Thailand","KY586364",2002
286,"KY586365.1|2001","1I_K","1I_K","1I","KY586365",10179,100,2001,"Thailand","Thailand","KY586365",2001
287,"KY586366.1|2001","1I_K.7","1I_K","1I","KY586366",10179,100,2001,"Thailand","Thailand","KY586366",2001
290,"KY586369.1|1995","1I","1I","1I","KY586369",10179,100,1995,"Thailand","Thailand","KY586369",1995
296,"KY586375.1|2001","1I","1I","1I","KY586375",10179,100,2001,"Thailand","Thailand","KY586375",2001
298,"KY586377.1|1998","1I","1I","1I","KY586377",10179,100,1998,"Thailand","Thailand","KY586377",1998
321,"KY586400.1|2006","1I_H","1I_H","1I","KY586400",10179,100,2006,"Thailand","Thailand","KY586400",2006
331,"KY586410.1|2000","1I_H","1I_H","1I","KY586410",10179,100,2000,"Thailand","Thailand","KY586410",2000
333,"KY586412.1|2006","1I_H","1I_H","1I","KY586412",10179,100,2006,"Thailand","Thailand","KY586412",2006
337,"KY586416.1|2001","1I_H","1I_H","1I","KY586416",10179,100,2001,"Thailand","Thailand","KY586416",2001
339,"KY586418.1|2002","1I_H","1I_H","1I","KY586418",10179,100,2002,"Thailand","Thailand","KY586418",2002
346,"KY586425.1|2007","1I_H","1I_H","1I","KY586425",10179,100,2007,"Thailand","Thailand","KY586425",2007
352,"KY586431.1|2009","1I_H.1","1I_H","1I","KY586431",10179,100,2009,"Thailand","Thailand","KY586431",2009
362,"KY586441.1|2005","1I_H","1I_H","1I","KY586441",10179,100,2005,"Thailand","Thailand","KY586441",2005
365,"KY586444.1|2007","1I_H","1I_H","1I","KY586444",10179,100,2007,"Thailand","Thailand","KY586444",2007
373,"KY586452.1|2002","1I_H","1I_H","1I","KY586452",10179,100,2002,"Thailand","Thailand","KY586452",2002
403,"KY586482.1|1998","1I_H","1I_H","1I","KY586482",10179,100,1998,"Thailand","Thailand","KY586482",1998
409,"KY586488.1|2006","1I_F","1I_F","1I","KY586488",10179,100,2006,"Thailand","Thailand","KY586488",2006
413,"KY586492.1|2007","1I_F","1I_F","1I","KY586492",10179,100,2007,"Thailand","Thailand","KY586492",2007
414,"KY586493.1|2009","1I_F","1I_F","1I","KY586493",10179,100,2009,"Thailand","Thailand","KY586493",2009
415,"KY586494.1|2008","1I_F","1I_F","1I","KY586494",10179,100,2008,"Thailand","Thailand","KY586494",2008
426,"KY586505.1|2006","1I_F","1I_F","1I","KY586505",10179,100,2006,"Thailand","Thailand","KY586505",2006
428,"KY586507.1|2000","1I_F","1I_F","1I","KY586507",10179,100,2000,"Thailand","Thailand","KY586507",2000
429,"KY586508.1|2000","1I_F","1I_F","1I","KY586508",10179,100,2000,"Thailand","Thailand","KY586508",2000
430,"KY586509.1|1998","1I_F","1I_F","1I","KY586509",10179,100,1998,"Thailand","Thailand","KY586509",1998
431,"KY586510.1|2000","1I_F","1I_F","1I","KY586510",10179,100,2000,"Thailand","Thailand","KY586510",2000
432,"KY586511.1|2002","1I_F","1I_F","1I","KY586511",10179,100,2002,"Thailand","Thailand","KY586511",2002
435,"KY586514.1|1999","1I_F","1I_F","1I","KY586514",10179,100,1999,"Thailand","Thailand","KY586514",1999
436,"KY586515.1|1996","1I_F","1I_F","1I","KY586515",10179,100,1996,"Thailand","Thailand","KY586515",1996
445,"KY586524.1|2001","1I_G","1I_G","1I","KY586524",10179,100,2001,"Thailand","Thailand","KY586524",2001
446,"KY586525.1|2000","1I_G","1I_G","1I","KY586525",10179,100,2000,"Thailand","Thailand","KY586525",2000
447,"KY586526.1|2000","1I_G","1I_G","1I","KY586526",10179,100,2000,"Thailand","Thailand","KY586526",2000
448,"KY586527.1|1998","1I_G","1I_G","1I","KY586527",10179,100,1998,"Thailand","Thailand","KY586527",1998
449,"KY586528.1|2002","1I_G","1I_G","1I","KY586528",10179,100,2002,"Thailand","Thailand","KY586528",2002
450,"KY586529.1|1998","1I_E","1I_E","1I","KY586529",10179,100,1998,"Thailand","Thailand","KY586529",1998
451,"KY586530.1|2002","1I_E","1I_E","1I","KY586530",10179,100,2002,"Thailand","Thailand","KY586530",2002
453,"KY586532.1|2000","1I","1I","1I","KY586532",10179,100,2000,"Thailand","Thailand","KY586532",2000
456,"KY586535.1|1995","1I","1I","1I","KY586535",10179,100,1995,"Thailand","Thailand","KY586535",1995
461,"KY586540.1|2001","1I_A","1I_A","1I","KY586540",10179,100,2001,"Thailand","Thailand","KY586540",2001
462,"KY586541.1|2001","1I_A","1I_A","1I","KY586541",10179,100,2001,"Thailand","Thailand","KY586541",2001
463,"KY586542.1|2000","1I_A","1I_A","1I","KY586542",10179,100,2000,"Thailand","Thailand","KY586542",2000
465,"KY586544.1|2003","1I_A","1I_A","1I","KY586544",10179,100,2003,"Thailand","Thailand","KY586544",2003
466,"KY586545.1|2004","1I_A","1I_A","1I","KY586545",10179,100,2004,"Thailand","Thailand","KY586545",2004
469,"KX459387.1|2014","1III_A","1III_A","1III","KX459387",10670,104.8236565,2014,"China","China","KX459387",2014
479,"KU509249.1|2012","1V_E","1V_E","1V","KU509249",10582,103.9591315,2012,"Jamaica","Jamaica","KU509249",2012
481,"KU509251.1|2008","1V_E","1V_E","1V","KU509251",10290,101.0904804,2008,"Venezuela: Margarita Island","Venezuela","KU509251",2008
482,"KU509252.1|2010","1V_E","1V_E","1V","KU509252",10554,103.6840554,2010,"Venezuela","Venezuela","KU509252",2010
484,"KU509254.1|2011","1V_F","1V_F","1V","KU509254",10569,103.8314176,2011,"Venezuela","Venezuela","KU509254",2011
485,"KU509255.1|2011","1III_A","1III_A","1III","KU509255",10335,101.532567,2011,"India","India","KU509255",2011
486,"KU509256.1|2009","1I_F","1I_F","1I","KU509256",10579,103.9296591,2009,"Thailand","Thailand","KU509256",2009
487,"KU509257.1|2008","1I_K","1I_K","1I","KU509257",10586,103.9984281,2008,"Thailand","Thailand","KU509257",2008
488,"KU509258.1|2010","1I_B","1I_B","1I","KU509258",10377,101.9451813,2010,"Eritrea","Eritrea","KU509258",2010
489,"KU509259.1|2008","1I_F","1I_F","1I","KU509259",10580,103.9394832,2008,"Thailand","Thailand","KU509259",2008
490,"KU509260.1|2008","1I_F","1I_F","1I","KU509260",10378,101.9550054,2008,"Cambodia","Cambodia","KU509260",2008
491,"KU509261.1|2010","1IV_C","1IV_C","1IV","KU509261",10583,103.9689557,2010,"Indonesia: Bali","Indonesia","KU509261",2010
492,"KU509262.1|2008","1I_F","1I_F","1I","KU509262",10586,103.9984281,2008,"Thailand","Thailand","KU509262",2008
493,"KU509263.1|2012","1I_K","1I_K","1I","KU509263",10375,101.925533,2012,"Thailand","Thailand","KU509263",2012
494,"KU509264.1|2010","1V_E","1V_E","1V","KU509264",10246,100.6582179,2010,"Haiti","Haiti","KU509264",2010
497,"KX225484.1|2015","1III_A","1III_A","1III","KX225484",10692,105.0397878,2015,"China","China","KX225484",2015
498,"KX225487.1|2015","1III_A","1III_A","1III","KX225487",10618,104.3128009,2015,"China","China","KX225487",2015
504,"KX225493.1|2015","1I_K.2","1I_K","1I","KX225493",10691,105.0299637,2015,"China","China","KX225493",2015
511,"KT445956.1|2012","1I_H.1","1I_H","1I","KT445956",10080,99.02740937,2012,"Sri Lanka","Sri Lanka","KT445956",2012
516,"KT445961.1|2012","1I_H.1","1I_H","1I","KT445961",10084,99.06670596,2012,"Sri Lanka","Sri Lanka","KT445961",2012
523,"KU666943.1|2014-02","1III_A","1III_A","1III","KU666943",10134,99.55791335,2014,"Malaysia: Johor Bahru","Malaysia","KU666943",2014
526,"KP188541.1|2011-05-24","1V_E","1V_E","1V","KP188541",10490,103.05531,2011,"Brazil","Brazil","KP188541",2011
527,"KP188542.1|2011-06-08","1V_E","1V_E","1V","KP188542",10607,104.2047352,2011,"Brazil","Brazil","KP188542",2011
528,"KP188543.1|2012-02-13","1V_A","1V_A","1V","KP188543",10917,107.250221,2012,"Brazil","Brazil","KP188543",2012
529,"KP188544.1|2012-03-16","1V_A","1V_A","1V","KP188544",10917,107.250221,2012,"Brazil: SP, Sao Jose do Rio Preto","Brazil","KP188544",2012
531,"KP188546.1|2013-02-04","1V_A","1V_A","1V","KP188546",10663,104.7548875,2013,"Brazil","Brazil","KP188546",2013
532,"KP188547.1|2013-01-05","1V_A","1V_A","1V","KP188547",10776,105.8650162,2013,"Brazil: SP, Sao Jose do Rio Preto","Brazil","KP188547",2013
533,"KP188548.1|2013-01-14","1V_A","1V_A","1V","KP188548",10647,104.5977011,2013,"Brazil: SP, Sao Jose do Rio Preto","Brazil","KP188548",2013
535,"KP188568.1|2014-02-10","1V_A","1V_A","1V","KP188568",10607,104.2047352,2014,"Brazil","Brazil","KP188568",2014
536,"KX380796.1|2012","1III_A","1III_A","1III","KX380796",10669,104.8138324,2012,"Singapore","Singapore","KX380796",2012
537,"KX380797.1|2012","1IV_B.1","1IV_B","1IV","KX380797",10734,105.452402,2012,"Singapore","Singapore","KX380797",2012
538,"KX380798.1|2012","1I_E","1I_E","1I","KX380798",10697,105.0889085,2012,"Singapore","Singapore","KX380798",2012
547,"KU365900.1|2014","1I_K.2","1I_K","1I","KU365900",10689,105.0103154,2014,"Taiwan","Taiwan","KU365900",2014
552,"KT831765.1|2014-09","1I_K.3","1I_K","1I","KT831765",10674,104.8629531,2014,"Indonesia: Bogor, West Java","Indonesia","KT831765",2014
553,"KJ755855.1|2013-07","1I_H.1","1I_H","1I","KJ755855",10727,105.383633,2013,"India","India","KJ755855",2013
554,"KM403575.1|2012","1III_A","1III_A","1III","KM403575",10714,105.255919,2012,"Singapore","Singapore","KM403575",2012
585,"KM403606.1|2013","1III_A","1III_A","1III","KM403606",10714,105.255919,2013,"Singapore","Singapore","KM403606",2013
608,"KM403629.1|2013","1III_A","1III_A","1III","KM403629",10637,104.4994597,2013,"Singapore","Singapore","KM403629",2013
612,"KM403633.1|2013","1III_A","1III_A","1III","KM403633",10714,105.255919,2013,"Singapore","Singapore","KM403633",2013
616,"KR919821.1|2008","1I_K","1I_K","1I","KR919821",10735,105.4622262,2008,"Australia","Australia","KR919821",2008
617,"LC128301.1|2016-01","1IV_B.2","1IV_B","1IV","LC128301",10693,105.0496119,2016,"Philippines","Philippines","LC128301",2016
621,"KR024708.1|2014","1III_A","1III_A","1III","KR024708",10703,105.1478534,2014,"China","China","KR024708",2014
628,"KT279761.2|2014-11-27","1V_E.3","1V_E","1V","KT279761",10735,105.4622262,2014,"Haiti","Haiti","KT279761",2014
629,"KP406802.1|2005","1I_K.4","1I_K","1I","KP406802",10735,105.4622262,2005,"South Korea","South Korea","KP406802",2005
630,"KP406803.1|2006","1IV_B.1","1IV_B","1IV","KP406803",10734,105.452402,2006,"South Korea","South Korea","KP406803",2006
631,"KF289073.1|1956","1V","1V","1V","KF289073",10690,105.0201395,1956,"India","India","KF289073",1956
636,"KR779783.2|2011","1III_A","1III_A","1III","KR779783",10713,105.2460949,2011,"Singapore","Singapore","KR779783",2011
640,"KJ806939.2|2013","1IV_B.1","1IV_B","1IV","KJ806939",10735,105.4622262,2013,"Singapore","Singapore","KJ806939",2013
641,"KJ806941.2|2013","1I_H.1","1I_H","1I","KJ806941",10735,105.4622262,2013,"Singapore","Singapore","KJ806941",2013
643,"KJ806944.2|2013","1I_K","1I_K","1I","KJ806944",10735,105.4622262,2013,"Singapore","Singapore","KJ806944",2013
645,"KJ806946.2|2013","1I_H.1","1I_H","1I","KJ806946",10735,105.4622262,2013,"Singapore","Singapore","KJ806946",2013
647,"KJ806949.2|2013","1I_K","1I_K","1I","KJ806949",10735,105.4622262,2013,"Singapore","Singapore","KJ806949",2013
648,"KJ806950.2|2013","1III_B","1III_B","1III","KJ806950",10735,105.4622262,2013,"Singapore","Singapore","KJ806950",2013
653,"KJ806963.2|2014","1I_K.3","1I_K","1I","KJ806963",10735,105.4622262,2014,"Singapore","Singapore","KJ806963",2014
654,"KP398852.1|2014","1I_H.1","1I_H","1I","KP398852",10735,105.4622262,2014,"Sri Lanka","Sri Lanka","KP398852",2014
655,"KC762620.1|2007-12-13","1IV_C","1IV_C","1IV","KC762620",10735,105.4622262,2007,"Indonesia: Makassar","Indonesia","KC762620",2007
663,"KC762628.1|2008-02-19","1IV_B","1IV_B","1IV","KC762628",10735,105.4622262,2008,"Indonesia: Makassar","Indonesia","KC762628",2008
665,"KC762630.1|2008-02-06","1IV_C","1IV_C","1IV","KC762630",10735,105.4622262,2008,"Indonesia: Makassar","Indonesia","KC762630",2008
670,"KC762635.1|2007-10-03","1I_K.4","1I_K","1I","KC762635",10735,105.4622262,2007,"Indonesia: Makassar","Indonesia","KC762635",2007
671,"KC762636.1|2007-09-27","1I_K.4","1I_K","1I","KC762636",10735,105.4622262,2007,"Indonesia: Makassar","Indonesia","KC762636",2007
673,"KC762638.1|2008-02-06","1I_K.4","1I_K","1I","KC762638",10735,105.4622262,2008,"Indonesia: Makassar","Indonesia","KC762638",2008
674,"KC762639.1|2010-04-06","1I_K.4","1I_K","1I","KC762639",10735,105.4622262,2010,"Indonesia: Makassar","Indonesia","KC762639",2010
675,"KC762640.1|2008-08-04","1IV_B","1IV_B","1IV","KC762640",10735,105.4622262,2008,"Indonesia: Makassar","Indonesia","KC762640",2008
677,"KC762642.1|2010-07-08","1I_K","1I_K","1I","KC762642",10735,105.4622262,2010,"Indonesia: Makassar","Indonesia","KC762642",2010
680,"KC762645.1|2008-02-15","1I_K.4","1I_K","1I","KC762645",10735,105.4622262,2008,"Indonesia: Makassar","Indonesia","KC762645",2008
681,"KC762646.1|2007-08-08","1I_K.4","1I_K","1I","KC762646",10735,105.4622262,2007,"Indonesia: Makassar","Indonesia","KC762646",2007
682,"KC762647.1|2010-03-03","1I_K.4","1I_K","1I","KC762647",10735,105.4622262,2010,"Indonesia: Makassar","Indonesia","KC762647",2010
683,"KC762648.1|2008-04-07","1I_K.4","1I_K","1I","KC762648",10735,105.4622262,2008,"Indonesia: Makassar","Indonesia","KC762648",2008
686,"KC762651.1|2007-12-11","1IV_C","1IV_C","1IV","KC762651",10735,105.4622262,2007,"Indonesia: Makassar","Indonesia","KC762651",2007
688,"KC762653.1|2008-02-01","1IV_B","1IV_B","1IV","KC762653",10735,105.4622262,2008,"Indonesia: Makassar","Indonesia","KC762653",2008
690,"KJ649286.1|2011-12-31","1I_B","1I_B","1I","KJ649286",10622,104.3520975,2011,"Saudi Arabia","Saudi Arabia","KJ649286",2011
691,"LC016760.1|2014-09-28","1I_K.3","1I_K","1I","LC016760",10693,105.0496119,2014,"Japan:Hyogo, Nishinomiya","Japan","LC016760",2014
693,"KF973453.1|2011","1V_C","1V_C","1V","KF973453",10303,101.2181943,2011,"Nicaragua","Nicaragua","KF973453",2011
695,"KF973455.1|2012","1V_B","1V_B","1V","KF973455",10606,104.1949111,2012,"Nicaragua","Nicaragua","KF973455",2012
696,"KF973456.1|2012","1V_B","1V_B","1V","KF973456",10327,101.4539739,2012,"Nicaragua","Nicaragua","KF973456",2012
699,"KF973459.1|2011","1V_C","1V_C","1V","KF973459",10238,100.5796247,2011,"Nicaragua","Nicaragua","KF973459",2011
700,"KF973460.1|2011","1V_B","1V_B","1V","KF973460",10630,104.4306906,2011,"Nicaragua","Nicaragua","KF973460",2011
701,"KF973461.1|2012","1V_C","1V_C","1V","KF973461",10580,103.9394832,2012,"Nicaragua","Nicaragua","KF973461",2012
702,"KF973462.1|2011","1V_C","1V_C","1V","KF973462",10336,101.5423912,2011,"Nicaragua","Nicaragua","KF973462",2011
703,"KF973463.1|2012","1V_B","1V_B","1V","KF973463",10608,104.2145594,2012,"Nicaragua","Nicaragua","KF973463",2012
704,"KF973464.1|2012","1V_C","1V_C","1V","KF973464",10608,104.2145594,2012,"Nicaragua","Nicaragua","KF973464",2012
711,"KF973471.1|2012","1V_C","1V_C","1V","KF973471",10625,104.3815699,2012,"Nicaragua","Nicaragua","KF973471",2012
719,"LC011948.1|2014-09","1I_K.3","1I_K","1I","LC011948",10693,105.0496119,2014,"Japan:Chiba","Japan","LC011948",2014
720,"LC011949.1|2014-09","1I_K","1I_K","1I","LC011949",10693,105.0496119,2014,"Japan:Shizuoka","Japan","LC011949",2014
721,"KM204119.1|1944","unassigned","unassigned","unassigned","KM204119",10736,105.4720503,1944,"USA: Hawaii","USA","KM204119",1944
722,"KJ468234.1|2013","1I_H.1","1I_H","1I","KJ468234",10622,104.3520975,2013,"Germany","Germany","KJ468234",2013
723,"KJ933413.1|2012-04-24","1IV_B.1","1IV_B","1IV","KJ933413",10689,105.0103154,2012,"China: Jiangsu","China","KJ933413",2012
724,"KC692495.1|2009-02-03","1V_E","1V_E","1V","KC692495",10735,105.4622262,2009,"Argentina: Buenos Aires","Argentina","KC692495",2009
736,"KC692507.1|2009-04-23","1V_E","1V_E","1V","KC692507",10735,105.4622262,2009,"Argentina: Buenos Aires","Argentina","KC692507",2009
737,"KC692508.1|2009-04-24","1V_E","1V_E","1V","KC692508",10735,105.4622262,2009,"Argentina: Buenos Aires","Argentina","KC692508",2009
740,"KC692511.1|2010-02-10","1V_A","1V_A","1V","KC692511",10735,105.4622262,2010,"Argentina: Buenos Aires","Argentina","KC692511",2010
742,"KC692513.1|2010-04-26","1V_A","1V_A","1V","KC692513",10735,105.4622262,2010,"Argentina: Buenos Aires","Argentina","KC692513",2010
743,"KC692514.1|2010-05-03","1V_E","1V_E","1V","KC692514",10735,105.4622262,2010,"Argentina: Buenos Aires","Argentina","KC692514",2010
744,"KC692515.1|2010-05-14","1V_E","1V_E","1V","KC692515",10735,105.4622262,2010,"Argentina: Buenos Aires","Argentina","KC692515",2010
745,"KC692516.1|2010-05-18","1V_E","1V_E","1V","KC692516",10735,105.4622262,2010,"Argentina: Buenos Aires","Argentina","KC692516",2010
746,"KC692517.1|2010-12-29","1V_F","1V_F","1V","KC692517",10735,105.4622262,2010,"Argentina: Buenos Aires","Argentina","KC692517",2010
748,"KJ726663.1|2012-02","1I_H.1","1I_H","1I","KJ726663",10659,104.7155909,2012,"Sri Lanka","Sri Lanka","KJ726663",2012
751,"JQ917404.1|2009","1III_A","1III_A","1III","JQ917404",10669,104.8138324,2009,"India: Delhi","India","JQ917404",2009
752,"KF289072.1|2011","1III_A","1III_A","1III","KF289072",10669,104.8138324,2011,"India","India","KF289072",2011
755,"HE795086.1|2008-08-05","1I_G","1I_G","1I","HE795086",10179,100,2008,"France","France","HE795086",2008
756,"KF971869.1|2013-08-23","1I_K.6","1I_K","1I","KF971869",10583,103.9689557,2013,"China","China","KF971869",2013
759,"JQ692085.1|2010","1III_A","1III_A","1III","JQ692085",10669,104.8138324,2010,"India","India","JQ692085",2010
761,"KF864667.1|2013-05","1VII_A","1VII_A","1VII","KF864667",10141,99.62668239,2013,"China: Zhejiang","China","KF864667",2013
762,"KJ189302.1|1998","1V","1V","1V","KJ189302",10445,102.6132233,1998,"Colombia","Colombia","KJ189302",1998
763,"KJ189303.1|1998","1V_G","1V_G","1V","KJ189303",10445,102.6132233,1998,"Colombia","Colombia","KJ189303",1998
764,"KJ189304.1|2005","1V_G","1V_G","1V","KJ189304",10447,102.6328716,2005,"Colombia","Colombia","KJ189304",2005
765,"KJ189306.1|2011","1V_C","1V_C","1V","KJ189306",10445,102.6132233,2011,"Mexico","Mexico","KJ189306",2011
766,"KJ189307.1|2011","1V_C","1V_C","1V","KJ189307",10445,102.6132233,2011,"Mexico","Mexico","KJ189307",2011
797,"KJ189342.1|2009","1V_C","1V_C","1V","KJ189342",10444,102.6033992,2009,"Mexico","Mexico","KJ189342",2009
799,"KJ189344.1|2009","1V_C","1V_C","1V","KJ189344",10444,102.6033992,2009,"Mexico","Mexico","KJ189344",2009
801,"KJ189346.1|2009","1V_C","1V_C","1V","KJ189346",10442,102.5837509,2009,"Mexico","Mexico","KJ189346",2009
803,"KJ189348.1|2011","1V_B","1V_B","1V","KJ189348",10445,102.6132233,2011,"Mexico","Mexico","KJ189348",2011
804,"KJ189349.1|2011","1V_B","1V_B","1V","KJ189349",10384,102.0139503,2011,"Mexico","Mexico","KJ189349",2011
806,"KJ189351.1|2012","1V_E","1V_E","1V","KJ189351",10448,102.6426957,2012,"Puerto Rico","USA","KJ189351",2012
808,"KJ189353.1|2012","1V_E.3","1V_E","1V","KJ189353",10444,102.6033992,2012,"Puerto Rico","USA","KJ189353",2012
811,"KJ189356.1|2012","1V_E.3","1V_E","1V","KJ189356",10442,102.5837509,2012,"Puerto Rico","USA","KJ189356",2012
816,"KJ189361.1|2010","1V_E.3","1V_E","1V","KJ189361",10522,103.3696827,2010,"Puerto Rico","USA","KJ189361",2010
819,"KJ189364.1|2010","1V_E.3","1V_E","1V","KJ189364",10444,102.6033992,2010,"Puerto Rico","USA","KJ189364",2010
822,"KJ189367.1|2010","1V_E.3","1V_E","1V","KJ189367",10452,102.6819923,2010,"Puerto Rico","USA","KJ189367",2010
823,"KJ189368.1|2012","1V_C","1V_C","1V","KJ189368",10480,102.9570685,2012,"Mexico","Mexico","KJ189368",2012
824,"KJ189369.1|2011","1V_C","1V_C","1V","KJ189369",10456,102.7212889,2011,"Mexico","Mexico","KJ189369",2011
827,"KF955405.1|2002","1I_D","1I_D","1I","KF955405",9799,96.26682385,2002,"Cambodia","Cambodia","KF955405",2002
828,"KF955406.1|2001","1I_D","1I_D","1I","KF955406",10687,104.9906671,2001,"Cambodia","Cambodia","KF955406",2001
829,"KF955407.1|2005","1V_F","1V_F","1V","KF955407",10614,104.2735043,2005,"Venezuela","Venezuela","KF955407",2005
832,"KF955411.1|2000","1V_E","1V_E","1V","KF955411",9286,91.22703605,2000,"Venezuela","Venezuela","KF955411",2000
845,"KF955433.1|2008","1V_C","1V_C","1V","KF955433",10686,104.9808429,2008,"Mexico","Mexico","KF955433",2008
857,"KF921911.1|1996","1V_J","1V_J","1V","KF921911",10609,104.2243835,1996,"Puerto Rico","USA","KF921911",1996
877,"KF672759.1|2010","1V_A","1V_A","1V","KF672759",10176,99.97052756,2010,"Brazil: RJ","Brazil","KF672759",2010
878,"KF672760.1|2011","1V_E","1V_E","1V","KF672760",10176,99.97052756,2011,"Brazil: RJ","Brazil","KF672760",2011
879,"KF672761.1|1988","1V","1V","1V","KF672761",10176,99.97052756,1988,"Brazil: RJ","Brazil","KF672761",1988
880,"KF672762.1|1989","1V","1V","1V","KF672762",10176,99.97052756,1989,"Brazil: RJ","Brazil","KF672762",1989
881,"KF672763.1|2000","1V_H","1V_H","1V","KF672763",10176,99.97052756,2000,"Brazil: ES","Brazil","KF672763",2000
883,"JX669461.1|2010","1V_A","1V_A","1V","JX669461",10736,105.4720503,2010,"Brazil","Brazil","JX669461",2010
884,"JX669462.1|2010","1V_E","1V_E","1V","JX669462",10737,105.4818744,2010,"Brazil","Brazil","JX669462",2010
885,"JX669463.1|2010","1V_E","1V_E","1V","JX669463",10735,105.4622262,2010,"Brazil","Brazil","JX669463",2010
886,"JX669464.1|2010","1V_A","1V_A","1V","JX669464",10736,105.4720503,2010,"Brazil","Brazil","JX669464",2010
888,"JX669466.1|2010","1V_E","1V_E","1V","JX669466",10737,105.4818744,2010,"Brazil","Brazil","JX669466",2010
889,"JX669467.1|1996","1V_H","1V_H","1V","JX669467",10737,105.4818744,1996,"Brazil","Brazil","JX669467",1996
890,"JX669468.1|1997","1V_H","1V_H","1V","JX669468",10736,105.4720503,1997,"Brazil","Brazil","JX669468",1997
891,"JX669469.1|1997","1V_H","1V_H","1V","JX669469",10736,105.4720503,1997,"Brazil","Brazil","JX669469",1997
892,"JX669470.1|1998","1V_H","1V_H","1V","JX669470",10728,105.3934571,1998,"Brazil","Brazil","JX669470",1998
893,"JX669471.1|1999","1V_H","1V_H","1V","JX669471",10736,105.4720503,1999,"Brazil","Brazil","JX669471",1999
894,"JX669472.1|2000","1V_H","1V_H","1V","JX669472",10736,105.4720503,2000,"Brazil","Brazil","JX669472",2000
895,"JX669473.1|2001","1V_H","1V_H","1V","JX669473",10736,105.4720503,2001,"Brazil","Brazil","JX669473",2001
897,"JX669475.1|2002","1V_H","1V_H","1V","JX669475",10737,105.4818744,2002,"Brazil","Brazil","JX669475",2002
898,"KF184975.1|2013-04","1VII_A","1VII_A","1VII","KF184975",10602,104.1556145,2013,"Angola","Angola","KF184975",2013
899,"KC172829.1|2008-12-15","1I","1I","1I","KC172829",10629,104.4208665,2008,"Laos: Latsavang","Laos","KC172829",2008
900,"KC172830.1|2008-12-15","1I","1I","1I","KC172830",9823,96.5026034,2008,"Laos: Latsavang","Laos","KC172830",2008
901,"KC172831.1|2008-10-10","1I_K","1I_K","1I","KC172831",9823,96.5026034,2008,"Laos: Luang Namtha","Laos","KC172831",2008
902,"KC172832.1|2009-09-16","1I_F","1I_F","1I","KC172832",9823,96.5026034,2009,"Laos: Luang Namtha","Laos","KC172832",2009
903,"KC172833.1|2008-09-10","1I_K.5","1I_K","1I","KC172833",9823,96.5026034,2008,"Laos: Salavan","Laos","KC172833",2008
904,"KC172834.1|2008-10-06","1I_H.3","1I_H","1I","KC172834",10648,104.6075253,2008,"Laos: Salavan","Laos","KC172834",2008
905,"KC172835.1|2008-12-24","1I","1I","1I","KC172835",10641,104.5387563,2008,"Laos: Vientiane","Laos","KC172835",2008
906,"HG316481.1|2010","1I_F","1I_F","1I","HG316481",10735,105.4622262,2010,"Thailand","Thailand","HG316481",2010
908,"AB608786.1|2008","1I_E","1I_E","1I","AB608786",10749,105.5997642,2008,"Taiwan","Taiwan","AB608786",2008
909,"AB608787.1|2008","1I_H","1I_H","1I","AB608787",10749,105.5997642,2008,"Taiwan","Taiwan","AB608787",2008
910,"AB608788.1|1994","1I_B","1I_B","1I","AB608788",10693,105.0496119,1994,"Taiwan","Taiwan","AB608788",1994
911,"AB608789.1|1994","1I","1I","1I","AB608789",10677,104.8924256,1994,"Taiwan","Taiwan","AB608789",1994
912,"KC759167.1|2012-01-09","1I_E","1I_E","1I","KC759167",10735,105.4622262,2012,"China","China","KC759167",2012
913,"JQ915071.1|2007-04-23","1IV_A","1IV_A","1IV","JQ915071",10699,105.1085568,2007,"French Polynesia: Raiatea","French Polynesia","JQ915071",2007
914,"JQ915072.1|2007-11-05","1IV_A","1IV_A","1IV","JQ915072",10699,105.1085568,2007,"French Polynesia: Tubuai","French Polynesia","JQ915072",2007
915,"JQ915073.1|2008-03-07","1IV_A","1IV_A","1IV","JQ915073",10699,105.1085568,2008,"French Polynesia: Bora Bora","French Polynesia","JQ915073",2008
917,"JQ915075.1|2009-02-06","1IV_A","1IV_A","1IV","JQ915075",10699,105.1085568,2009,"French Polynesia: Tahiti","French Polynesia","JQ915075",2009
918,"JQ915076.1|2009-06-09","1IV_A","1IV_A","1IV","JQ915076",10699,105.1085568,2009,"French Polynesia: Tahiti","French Polynesia","JQ915076",2009
919,"JQ915077.1|2002-06-03","1IV_A","1IV_A","1IV","JQ915077",10699,105.1085568,2002,"New Caledonia","New Caledonia","JQ915077",2002
920,"JQ915078.1|2004-07-03","1IV_A","1IV_A","1IV","JQ915078",10197,100.1768347,2004,"New Caledonia","New Caledonia","JQ915078",2004
922,"JQ915080.1|2010-08-08","1IV_A","1IV_A","1IV","JQ915080",10699,105.1085568,2010,"New Caledonia","New Caledonia","JQ915080",2010
923,"JQ922544.1|1963","1V","1V","1V","JQ922544",10698,105.0987327,1963,"India: Vellore, Tamil Nadu","India","JQ922544",1963
924,"JQ922545.1|1982","1III","1III","1III","JQ922545",10625,104.3815699,1982,"India: Delhi","India","JQ922545",1982
925,"JQ922546.1|1971","1VII","1VII","1VII","JQ922546",10663,104.7548875,1971,"India: Jaipur, Rajasthan","India","JQ922546",1971
926,"JQ922547.1|1960","1II","1II","1II","JQ922547",10395,102.1220159,1960,"Thailand","Thailand","JQ922547",1960
927,"JQ922548.1|2005","1III_A","1III_A","1III","JQ922548",10699,105.1085568,2005,"India: Pune, Maharashtra","India","JQ922548",2005
928,"KC131140.1|2012-09","1I_E","1I_E","1I","KC131140",10668,104.8040083,2012,"China: Guangdong","China","KC131140",2012
929,"KC131141.1|2012-09","1I_E","1I_E","1I","KC131141",10671,104.8334807,2012,"China: Guangdong","China","KC131141",2012
930,"JN903578.1|2007-07-26","1V_A","1V_A","1V","JN903578",10715,105.2657432,2007,"India","India","JN903578",2007
931,"JN903579.1|2008-10-23","1III_A","1III_A","1III","JN903579",10694,105.0594361,2008,"India","India","JN903579",2008
932,"JN903580.1|2009-04-05","1III_A","1III_A","1III","JN903580",10694,105.0594361,2009,"India","India","JN903580",2009
933,"JN903581.1|2009-04-06","1III_A","1III_A","1III","JN903581",10694,105.0594361,2009,"India","India","JN903581",2009
934,"JQ675358.1|2010-10","1V_C","1V_C","1V","JQ675358",10605,104.1850869,2010,"USA: Key West, FL","USA","JQ675358",2010
935,"JQ048541.1|2011-09","1I_K","1I_K","1I","JQ048541",10718,105.2952156,2011,"China: Dongguan","China","JQ048541",2011
941,"HQ332182.1|2006","1V_B","1V_B","1V","HQ332182",10735,105.4622262,2006,"Venezuela","Venezuela","HQ332182",2006
942,"HQ332183.1|2007","1V_B","1V_B","1V","HQ332183",10735,105.4622262,2007,"Venezuela","Venezuela","HQ332183",2007
943,"JN697056.1|2005-01-01","1IV_A","1IV_A","1IV","JN697056",10735,105.4622262,2005,"Malaysia","Malaysia","JN697056",2005
944,"JN697057.1|2005-01-11","1I_K","1I_K","1I","JN697057",10735,105.4622262,2005,"Malaysia","Malaysia","JN697057",2005
945,"JN697058.1|2005-01-12","1I_K","1I_K","1I","JN697058",10735,105.4622262,2005,"Malaysia","Malaysia","JN697058",2005
946,"JN544407.2|2011-04","1III_A","1III_A","1III","JN544407",10714,105.255919,2011,"Singapore","Singapore","JN544407",2011
947,"JN544409.2|2011-03","1III_A","1III_A","1III","JN544409",10735,105.4622262,2011,"Singapore","Singapore","JN544409",2011
948,"JN544410.2|2011-04","1IV_C","1IV_C","1IV","JN544410",10735,105.4622262,2011,"Singapore","Singapore","JN544410",2011
949,"JN544411.2|2011-01","1IV_C","1IV_C","1IV","JN544411",10735,105.4622262,2011,"Singapore","Singapore","JN544411",2011
950,"JQ287660.1|2006","1I_C","1I_C","1I","JQ287660",10766,105.7667747,2006,"Viet Nam: South","Viet Nam","JQ287660",2006
954,"JQ287664.1|2004","1I_D","1I_D","1I","JQ287664",10654,104.6664702,2004,"Cambodia: KCH","Cambodia","JQ287664",2004
956,"JQ287666.1|2009","1V_C","1V_C","1V","JQ287666",10461,102.7704097,2009,"Nicaragua: Managua","Nicaragua","JQ287666",2009
958,"HM469966.1|2007-07-27","1I_K","1I_K","1I","HM469966",10735,105.4622262,2007,"Thailand: Bangkok","Thailand","HM469966",2007
959,"HM469967.1|2007-08-19","1I_F","1I_F","1I","HM469967",10735,105.4622262,2007,"Thailand: Kamphaeng Phet","Thailand","HM469967",2007
960,"HM469968.1|2007-07-24","1I_K","1I_K","1I","HM469968",10735,105.4622262,2007,"Thailand: Ratchaburi","Thailand","HM469968",2007
961,"JF960211.2|2009","1III_A","1III_A","1III","JF960211",10714,105.255919,2009,"Singapore","Singapore","JF960211",2009
962,"JN638336.1|1986","1I_B","1I_B","1I","JN638336",10735,105.4622262,1986,"Thailand: Kampheang-Phet","Thailand","JN638336",1986
963,"JN638337.1|1990","1I_B","1I_B","1I","JN638337",10735,105.4622262,1990,"Thailand: Kampheang-Phet","Thailand","JN638337",1990
964,"JN638338.1|1992","1I_B","1I_B","1I","JN638338",10735,105.4622262,1992,"Thailand: Kampheang-Phet","Thailand","JN638338",1992
966,"JN638340.1|1997","1I_A","1I_A","1I","JN638340",10735,105.4622262,1997,"Thailand: Kampheang-Phet","Thailand","JN638340",1997
967,"JN638341.1|1987","1I_B","1I_B","1I","JN638341",10735,105.4622262,1987,"Thailand","Thailand","JN638341",1987
968,"JN638342.1|1990","1I_B","1I_B","1I","JN638342",10735,105.4622262,1990,"Thailand","Thailand","JN638342",1990
969,"JN638343.1|1992","1I_A","1I_A","1I","JN638343",10735,105.4622262,1992,"Thailand","Thailand","JN638343",1992
972,"JN819403.1|2006","1V_C","1V_C","1V","JN819403",10462,102.7802338,2006,"Nicaragua: Managua","Nicaragua","JN819403",2006
973,"JN819405.1|2006","1V_F","1V_F","1V","JN819405",10467,102.8293546,2006,"Venezuela: Merida","Venezuela","JN819405",2006
974,"JN819410.1|2005","1V_E","1V_E","1V","JN819410",10486,103.0160134,2005,"Venezuela: Aragua","Venezuela","JN819410",2005
976,"JN819412.1|2005","1V_F","1V_F","1V","JN819412",10505,103.2026722,2005,"Venezuela: Aragua","Venezuela","JN819412",2005
979,"JN819415.1|2006","1V_B","1V_B","1V","JN819415",10498,103.1339031,2006,"Venezuela: Aragua","Venezuela","JN819415",2006
980,"JN819417.1|1993","1V","1V","1V","JN819417",10676,104.8826014,1993,"El Salvador","El Salvador","JN819417",1993
982,"JN819425.1|2004","1V_E","1V_E","1V","JN819425",10485,103.0061892,2004,"Venezuela: District Federal Caracas","Venezuela","JN819425",2004
983,"JN205310.1|2002-09","1IV_C","1IV_C","1IV","JN205310",10735,105.4622262,2002,"China: Guangzhou","China","JN205310",2002
984,"JN054255.1|2010","1I_H.1","1I_H","1I","JN054255",10735,105.4622262,2010,"Sri Lanka","Sri Lanka","JN054255",2010
986,"FJ196841.1|2003","1IV_C","1IV_C","1IV","FJ196841",10735,105.4622262,2003,"China: Guangzhou, Guangdong Province","China","FJ196841",2003
987,"FJ196842.1|2003","1IV_C","1IV_C","1IV","FJ196842",10735,105.4622262,2003,"China: Guangzhou, Guangdong Province","China","FJ196842",2003
989,"FJ196844.1|2006","1I_H.1","1I_H","1I","FJ196844",10735,105.4622262,2006,"China: Guangzhou, Guangdong Province","China","FJ196844",2006
990,"FJ196845.1|1991","1IV_B","1IV_B","1IV","FJ196845",10735,105.4622262,1991,"China: Guangzhou, Guangdong Province","China","FJ196845",1991
991,"FJ196846.1|1995","1IV_A","1IV_A","1IV","FJ196846",10735,105.4622262,1995,"China: Guangzhou, Guangdong Province","China","FJ196846",1995
992,"FJ196848.1|1999","1I_F","1I_F","1I","FJ196848",10735,105.4622262,1999,"China: Guangzhou, Guangdong Province","China","FJ196848",1999
998,"JF937597.1|2007","1I_K.7","1I_K","1I","JF937597",10379,101.9648296,2007,"Viet Nam: South","Viet Nam","JF937597",2007
1021,"JF937635.1|2009","1V_B","1V_B","1V","JF937635",10465,102.8097063,2009,"Nicaragua: Managua","Nicaragua","JF937635",2009
1022,"JF937644.1|2009","1V_C","1V_C","1V","JF937644",10443,102.593575,2009,"Nicaragua: Managua","Nicaragua","JF937644",2009
1023,"JF937645.1|2009","1V_C","1V_C","1V","JF937645",10443,102.593575,2009,"Nicaragua: Managua","Nicaragua","JF937645",2009
1027,"HQ891313.1|2009","1I_H.1","1I_H","1I","HQ891313",10734,105.452402,2009,"Sri Lanka","Sri Lanka","HQ891313",2009
1028,"HQ891314.1|2009","1I_H.1","1I_H","1I","HQ891314",10735,105.4622262,2009,"Sri Lanka","Sri Lanka","HQ891314",2009
1030,"HQ891316.1|2009","1I_H.1","1I_H","1I","HQ891316",10735,105.4622262,2009,"Sri Lanka","Sri Lanka","HQ891316",2009
1034,"GQ398255.1|2008","1I_K","1I_K","1I","GQ398255",10735,105.4622262,2008,"Singapore","Singapore","GQ398255",2008
1039,"HM631852.1|2006","1I_E","1I_E","1I","HM631852",10674,104.8629531,2006,"Cambodia: KCH","Cambodia","HM631852",2006
1048,"HM181942.1|2006","1I_G","1I_G","1I","HM181942",10482,102.9767168,2006,"Cambodia: KCH","Cambodia","HM181942",2006
1053,"HM181947.1|2007","1I_E","1I_E","1I","HM181947",10473,102.8882994,2007,"Cambodia: KCH","Cambodia","HM181947",2007
1057,"HM181951.1|2007","1I_G","1I_G","1I","HM181951",10468,102.8391787,2007,"Cambodia: KCH","Cambodia","HM181951",2007
1058,"HM181952.1|2007","1I_H.2","1I_H","1I","HM181952",10684,104.9611946,2007,"Cambodia: KCH","Cambodia","HM181952",2007
1063,"HM181957.1|2007","1I_E","1I_E","1I","HM181957",10675,104.8727773,2007,"Cambodia: KCH","Cambodia","HM181957",2007
1065,"HM181959.1|2007","1I_E","1I_E","1I","HM181959",10676,104.8826014,2007,"Cambodia: KCH","Cambodia","HM181959",2007
1076,"HM181970.1|2008","1I_K.7","1I_K","1I","HM181970",10472,102.8784753,2008,"Viet Nam: South","Viet Nam","HM181970",2008
1077,"GQ357692.2|2008","1III_A","1III_A","1III","GQ357692",10685,104.9710188,2008,"Singapore","Singapore","GQ357692",2008
1078,"GU370048.1|2008-02","1I_K","1I_K","1I","GU370048",10542,103.5661656,2008,"Singapore","Singapore","GU370048",2008
1079,"GU370049.1|2008-09","1I_K","1I_K","1I","GU370049",10564,103.7822969,2008,"Singapore","Singapore","GU370049",2008
1080,"GU131948.1|2001","1V","1V","1V","GU131948",10627,104.4012182,2001,"Colombia: Santander","Colombia","GU131948",2001
1081,"GU131949.1|2006","1V_G","1V_G","1V","GU131949",10486,103.0160134,2006,"Colombia: Norte de Santander","Colombia","GU131949",2006
1083,"GU131957.1|2006","1V_C","1V_C","1V","GU131957",10677,104.8924256,2006,"Mexico: Yucatan","Mexico","GU131957",2006
1084,"GU131958.1|2006","1V_C","1V_C","1V","GU131958",10656,104.6861185,2006,"Mexico: Yucatan","Mexico","GU131958",2006
1091,"GU131966.1|2007","1V_C","1V_C","1V","GU131966",10650,104.6271736,2007,"Mexico: Yucatan","Mexico","GU131966",2007
1099,"GU131976.1|2007","1V_C","1V_C","1V","GU131976",10487,103.0258375,2007,"Mexico: Yucatan","Mexico","GU131976",2007
1108,"GU056029.1|1997","1V_E","1V_E","1V","GU056029",10517,103.3205619,1997,"Venezuela: Aragua","Venezuela","GU056029",1997
1109,"GU056030.1|1997","1V_E","1V_E","1V","GU056030",10486,103.0160134,1997,"Venezuela: Aragua","Venezuela","GU056030",1997
1110,"GU056031.1|1998","1V_E","1V_E","1V","GU056031",10475,102.9079477,1998,"Venezuela: Aragua","Venezuela","GU056031",1998
1111,"GU056032.1|1998","1V_C","1V_C","1V","GU056032",10600,104.1359662,1998,"Venezuela: Aragua","Venezuela","GU056032",1998
1112,"GU056033.1|1998","1V","1V","1V","GU056033",10471,102.8686511,1998,"Venezuela: Aragua","Venezuela","GU056033",1998
1120,"GU131685.1|2008","1I_E","1I_E","1I","GU131685",10469,102.8490028,2008,"Viet Nam: South","Viet Nam","GU131685",2008
1146,"GU131711.1|2008","1I_H.2","1I_H","1I","GU131711",10454,102.7016406,2008,"Viet Nam: South","Viet Nam","GU131711",2008
1150,"GU131715.1|2008","1I_C","1I_C","1I","GU131715",10473,102.8882994,2008,"Viet Nam: South","Viet Nam","GU131715",2008
1152,"GU131717.1|2008","1I_G","1I_G","1I","GU131717",10470,102.858827,2008,"Viet Nam: South","Viet Nam","GU131717",2008
1188,"GU131753.1|2008","1I_C","1I_C","1I","GU131753",10461,102.7704097,2008,"Viet Nam: South","Viet Nam","GU131753",2008
1208,"GU131773.1|2008","1I_H.2","1I_H","1I","GU131773",10418,102.3479713,2008,"Viet Nam: South","Viet Nam","GU131773",2008
1255,"GU131820.1|2008","1I_C","1I_C","1I","GU131820",10405,102.2202574,2008,"Viet Nam: South","Viet Nam","GU131820",2008
1267,"GU131832.1|2000","1V_E","1V_E","1V","GU131832",10460,102.7605855,2000,"Venezuela: Aragua","Venezuela","GU131832",2000
1268,"GU131833.1|2000","1V","1V","1V","GU131833",10610,104.2342077,2000,"Venezuela: Aragua","Venezuela","GU131833",2000
1269,"GU131834.1|2001","1V","1V","1V","GU131834",10468,102.8391787,2001,"Venezuela: Aragua","Venezuela","GU131834",2001
1270,"GU131835.1|2004","1V","1V","1V","GU131835",10479,102.9472443,2004,"Venezuela: Aragua","Venezuela","GU131835",2004
1271,"GU131836.1|2004","1V","1V","1V","GU131836",10556,103.7037037,2004,"Venezuela: Aragua","Venezuela","GU131836",2004
1272,"GU131837.1|2005","1V","1V","1V","GU131837",10455,102.7114648,2005,"Venezuela: Aragua","Venezuela","GU131837",2005
1273,"GU131838.1|2006","1V_E","1V_E","1V","GU131838",10468,102.8391787,2006,"Venezuela: Aragua","Venezuela","GU131838",2006
1274,"GU131839.1|2006","1V_E","1V_E","1V","GU131839",10456,102.7212889,2006,"Venezuela: Aragua","Venezuela","GU131839",2006
1275,"GU131840.1|2007","1V_E","1V_E","1V","GU131840",10485,103.0061892,2007,"Venezuela: Aragua","Venezuela","GU131840",2007
1278,"GU131863.1|2008","1V_A","1V_A","1V","GU131863",10532,103.4679242,2008,"Brazil: Sao Paulo","Brazil","GU131863",2008
1287,"GU131895.1|2009","1I_E","1I_E","1I","GU131895",10474,102.8981236,2009,"Cambodia: TAK","Cambodia","GU131895",2009
1288,"GU131919.1|2008","1I_E","1I_E","1I","GU131919",10486,103.0160134,2008,"Cambodia: KCH","Cambodia","GU131919",2008
1290,"GU131921.1|2008","1I_E","1I_E","1I","GU131921",10665,104.7745358,2008,"Cambodia: KAN","Cambodia","GU131921",2008
1292,"GU131923.1|2005","1I_E","1I_E","1I","GU131923",10692,105.0397878,2005,"Cambodia: KCH","Cambodia","GU131923",2005
1293,"GU131925.1|2006","1I_E","1I_E","1I","GU131925",10482,102.9767168,2006,"Cambodia: KCH","Cambodia","GU131925",2006
1294,"GU131926.1|2006","1I_G","1I_G","1I","GU131926",10486,103.0160134,2006,"Cambodia: KCH","Cambodia","GU131926",2006
1295,"FJ469907.1|2003","1I_K","1I_K","1I","FJ469907",10642,104.5485804,2003,"Singapore","Singapore","FJ469907",2003
1296,"FJ469908.1|2003","1I_K","1I_K","1I","FJ469908",10642,104.5485804,2003,"Singapore","Singapore","FJ469908",2003
1297,"FJ469909.1|2003","1I_K","1I_K","1I","FJ469909",10642,104.5485804,2003,"Singapore","Singapore","FJ469909",2003
1299,"GQ868499.1|2006","1V_C","1V_C","1V","GQ868499",10684,104.9611946,2006,"Mexico: Quintana Roo","Mexico","GQ868499",2006
1324,"GQ868526.1|2007","1V_C","1V_C","1V","GQ868526",10675,104.8727773,2007,"Mexico: Yucatan","Mexico","GQ868526",2007
1329,"GQ868531.1|2008","1V_C","1V_C","1V","GQ868531",10683,104.9513705,2008,"Mexico: Yucatan","Mexico","GQ868531",2008
1335,"GQ868537.1|2008","1V_C","1V_C","1V","GQ868537",10684,104.9611946,2008,"Mexico: Yucatan","Mexico","GQ868537",2008
1338,"GQ868559.1|1998","1V","1V","1V","GQ868559",10690,105.0201395,1998,"Colombia: Santander","Colombia","GQ868559",1998
1339,"GQ868560.1|1998","1V","1V","1V","GQ868560",10690,105.0201395,1998,"Colombia: Santander","Colombia","GQ868560",1998
1340,"GQ868561.1|1999","1V","1V","1V","GQ868561",10673,104.853129,1999,"Colombia: Santander","Colombia","GQ868561",1999
1341,"GQ868562.1|2005","1V_F","1V_F","1V","GQ868562",10674,104.8629531,2005,"Colombia: Santander","Colombia","GQ868562",2005
1342,"GQ868563.1|2006","1V_G","1V_G","1V","GQ868563",10661,104.7352392,2006,"Colombia: Norte de Santander","Colombia","GQ868563",2006
1343,"GQ868564.1|2006","1V_G","1V_G","1V","GQ868564",10690,105.0201395,2006,"Colombia: Norte de Santander","Colombia","GQ868564",2006
1346,"GQ868567.1|2007","1V_G","1V_G","1V","GQ868567",10690,105.0201395,2007,"Colombia: Santander","Colombia","GQ868567",2007
1347,"GQ868568.1|2007","1V_G","1V_G","1V","GQ868568",10690,105.0201395,2007,"Colombia: Santander","Colombia","GQ868568",2007
1348,"GQ868569.1|2007","1V_G","1V_G","1V","GQ868569",10675,104.8727773,2007,"Colombia: Santander","Colombia","GQ868569",2007
1349,"GQ868570.1|2008","1V_D.1","1V_D","1V","GQ868570",10674,104.8629531,2008,"Colombia: Santander","Colombia","GQ868570",2008
1350,"GQ868601.1|1985","1V_A","1V_A","1V","GQ868601",10690,105.0201395,1985,"British Virgin Islands: Tortola","British Virgin Islands","GQ868601",1985
1351,"GQ868602.1|2004","1IV_B","1IV_B","1IV","GQ868602",10677,104.8924256,2004,"Philippines","Philippines","GQ868602",2004
1359,"GQ868612.1|2006","1I_K.7","1I_K","1I","GQ868612",10690,105.0201395,2006,"Viet Nam: South","Viet Nam","GQ868612",2006
1363,"GQ868618.1|2003","1I_G","1I_G","1I","GQ868618",10684,104.9611946,2003,"Cambodia: KSP","Cambodia","GQ868618",2003
1367,"GQ868633.1|2008","1I_E","1I_E","1I","GQ868633",10691,105.0299637,2008,"Cambodia: PHP","Cambodia","GQ868633",2008
1369,"GQ868636.1|2008","1I_C","1I_C","1I","GQ868636",10690,105.0201395,2008,"Cambodia: KOP","Cambodia","GQ868636",2008
1370,"GQ868637.1|2000","1I_D","1I_D","1I","GQ868637",10684,104.9611946,2000,"Cambodia: TAK","Cambodia","GQ868637",2000
1372,"AB519681.1|2001","1V_H","1V_H","1V","AB519681",10735,105.4622262,2001,"Brazil:Brasilia, DF","Brazil","AB519681",2001
1376,"GQ199774.1|2007","1I_D","1I_D","1I","GQ199774",10684,104.9611946,2007,"Viet Nam: South","Viet Nam","GQ199774",2007
1387,"GQ199785.1|2007","1I_D","1I_D","1I","GQ199785",10690,105.0201395,2007,"Viet Nam: South","Viet Nam","GQ199785",2007
1395,"GQ199793.1|2007","1I_C","1I_C","1I","GQ199793",10684,104.9611946,2007,"Viet Nam: South","Viet Nam","GQ199793",2007
1435,"GQ199833.1|2004","1I_C","1I_C","1I","GQ199833",10690,105.0201395,2004,"Viet Nam: South","Viet Nam","GQ199833",2004
1437,"GQ199835.1|2005","1I_C","1I_C","1I","GQ199835",10690,105.0201395,2005,"Viet Nam: South","Viet Nam","GQ199835",2005
1439,"GQ199837.1|2005","1I_C","1I_C","1I","GQ199837",10684,104.9611946,2005,"Viet Nam: South","Viet Nam","GQ199837",2005
1445,"GQ199843.1|2006","1I_D","1I_D","1I","GQ199843",10690,105.0201395,2006,"Viet Nam: South","Viet Nam","GQ199843",2006
1450,"GQ199848.1|2006","1I_C","1I_C","1I","GQ199848",10690,105.0201395,2006,"Viet Nam: South","Viet Nam","GQ199848",2006
1457,"GQ199855.1|2006","1I_E","1I_E","1I","GQ199855",10688,105.0004912,2006,"Viet Nam: South","Viet Nam","GQ199855",2006
1459,"GQ199857.1|2008","1V_C","1V_C","1V","GQ199857",10690,105.0201395,2008,"Nicaragua: Managua","Nicaragua","GQ199857",2008
1460,"GQ199858.1|2008","1V_C","1V_C","1V","GQ199858",10690,105.0201395,2008,"Nicaragua: Managua","Nicaragua","GQ199858",2008
1461,"GQ199859.1|2008","1V_B","1V_B","1V","GQ199859",10690,105.0201395,2008,"Nicaragua: Managua","Nicaragua","GQ199859",2008
1463,"GQ199872.1|2004","1V_C","1V_C","1V","GQ199872",10690,105.0201395,2004,"Nicaragua: Managua","Nicaragua","GQ199872",2004
1468,"FJ461328.1|2007","1I_H.2","1I_H","1I","FJ461328",10690,105.0201395,2007,"Viet Nam: South","Viet Nam","FJ461328",2007
1471,"FJ873810.1|2007","1V_E","1V_E","1V","FJ873810",10690,105.0201395,2007,"Venezuela: Aragua","Venezuela","FJ873810",2007
1494,"FJ882536.1|2006","1I_K.7","1I_K","1I","FJ882536",10690,105.0201395,2006,"Viet Nam: South","Viet Nam","FJ882536",2006
1499,"FJ882541.1|2006","1I_D","1I_D","1I","FJ882541",10690,105.0201395,2006,"Viet Nam: South","Viet Nam","FJ882541",2006
2,"FJ882544.1|2006","1I_E","1I_E","1I","FJ882544",10673,104.853129,2006,"Viet Nam: South","Viet Nam","FJ882544",2006
8,"FJ882550.1|2007","1I_C","1I_C","1I","FJ882550",10690,105.0201395,2007,"Viet Nam: South","Viet Nam","FJ882550",2007
20,"FJ882562.1|2003","1I_K.7","1I_K","1I","FJ882562",10676,104.8826014,2003,"Viet Nam: South","Viet Nam","FJ882562",2003
21,"FJ882563.1|2003","1I_K.7","1I_K","1I","FJ882563",10674,104.8629531,2003,"Viet Nam: South","Viet Nam","FJ882563",2003
23,"FJ882565.1|2003","1I_C","1I_C","1I","FJ882565",10674,104.8629531,2003,"Viet Nam: South","Viet Nam","FJ882565",2003
25,"FJ882567.1|2003","1I_C","1I_C","1I","FJ882567",10690,105.0201395,2003,"Viet Nam: South","Viet Nam","FJ882567",2003
27,"FJ882569.1|2004","1I_C","1I_C","1I","FJ882569",10690,105.0201395,2004,"Viet Nam: South","Viet Nam","FJ882569",2004
29,"FJ882579.1|2007","1V_F","1V_F","1V","FJ882579",10674,104.8629531,2007,"Venezuela: Aragua","Venezuela","FJ882579",2007
35,"FJ898376.1|2007","1I_C","1I_C","1I","FJ898376",10689,105.0103154,2007,"Viet Nam: South","Viet Nam","FJ898376",2007
37,"FJ898378.1|2007","1I_G","1I_G","1I","FJ898378",10677,104.8924256,2007,"Viet Nam: South","Viet Nam","FJ898378",2007
46,"FJ898387.1|2005","1I_G","1I_G","1I","FJ898387",10654,104.6664702,2005,"Viet Nam: South","Viet Nam","FJ898387",2005
47,"FJ898388.1|2005","1I_G","1I_G","1I","FJ898388",10690,105.0201395,2005,"Viet Nam: South","Viet Nam","FJ898388",2005
50,"FJ898391.1|2005","1I_G","1I_G","1I","FJ898391",10690,105.0201395,2005,"Viet Nam: South","Viet Nam","FJ898391",2005
52,"FJ898393.1|2005","1I_C","1I_C","1I","FJ898393",10687,104.9906671,2005,"Viet Nam: South","Viet Nam","FJ898393",2005
54,"FJ898395.1|2005","1I_K.7","1I_K","1I","FJ898395",10681,104.9317222,2005,"Viet Nam: South","Viet Nam","FJ898395",2005
61,"FJ898402.1|2006","1I_G","1I_G","1I","FJ898402",10690,105.0201395,2006,"Viet Nam: South","Viet Nam","FJ898402",2006
62,"FJ898403.1|2006","1I_G","1I_G","1I","FJ898403",10690,105.0201395,2006,"Viet Nam: South","Viet Nam","FJ898403",2006
63,"FJ898404.1|2006","1I_C","1I_C","1I","FJ898404",10689,105.0103154,2006,"Viet Nam: South","Viet Nam","FJ898404",2006
77,"FJ898418.1|2006","1I_G","1I_G","1I","FJ898418",10683,104.9513705,2006,"Viet Nam: South","Viet Nam","FJ898418",2006
83,"FJ898424.1|2006","1I_D","1I_D","1I","FJ898424",10690,105.0201395,2006,"Viet Nam: South","Viet Nam","FJ898424",2006
91,"FJ898433.1|2007","1V_C","1V_C","1V","FJ898433",10684,104.9611946,2007,"Nicaragua: Managua","Nicaragua","FJ898433",2007
92,"FJ898437.1|2004","1V_C","1V_C","1V","FJ898437",10678,104.9022497,2004,"Nicaragua: Managua","Nicaragua","FJ898437",2004
93,"FJ898448.1|2001","1IV_A","1IV_A","1IV","FJ898448",10676,104.8826014,2001,"French Polynesia: Tahiti","French Polynesia","FJ898448",2001
99,"FJ810419.1|2006","1V_C","1V_C","1V","FJ810419",10690,105.0201395,2006,"Nicaragua: Carazo","Nicaragua","FJ810419",2006
101,"FJ850069.1|2003","1I_D","1I_D","1I","FJ850069",10646,104.587877,2003,"Cambodia: TAK","Cambodia","FJ850069",2003
102,"FJ850070.1|2000","1V_A","1V_A","1V","FJ850070",10677,104.8924256,2000,"Brazil: Northern","Brazil","FJ850070",2000
103,"FJ850071.1|2000","1V_A","1V_A","1V","FJ850071",10685,104.9710188,2000,"Brazil: Northern","Brazil","FJ850071",2000
104,"FJ850073.1|2001","1V_H","1V_H","1V","FJ850073",10692,105.0397878,2001,"Brazil: North east","Brazil","FJ850073",2001
105,"FJ850075.1|2002","1V_A","1V_A","1V","FJ850075",10683,104.9513705,2002,"Brazil: Northern","Brazil","FJ850075",2002
106,"FJ850077.1|2003","1V_A","1V_A","1V","FJ850077",10684,104.9611946,2003,"Brazil: Northern","Brazil","FJ850077",2003
107,"FJ850081.1|2004","1V_A","1V_A","1V","FJ850081",10688,105.0004912,2004,"Brazil: Northern","Brazil","FJ850081",2004
108,"FJ850084.1|2005","1V_A","1V_A","1V","FJ850084",10686,104.9808429,2005,"Brazil: Northern","Brazil","FJ850084",2005
109,"FJ850087.1|2006","1V_A","1V_A","1V","FJ850087",10690,105.0201395,2006,"Brazil: Northern","Brazil","FJ850087",2006
110,"FJ850090.1|2007","1V_A","1V_A","1V","FJ850090",10673,104.853129,2007,"Brazil: Northern","Brazil","FJ850090",2007
111,"FJ850093.1|2008","1V_F","1V_F","1V","FJ850093",10690,105.0201395,2008,"Brazil: Northern","Brazil","FJ850093",2008
112,"FJ850099.1|2007","1V_F","1V_F","1V","FJ850099",10685,104.9710188,2007,"Venezuela: Aragua","Venezuela","FJ850099",2007
115,"FJ850102.1|2007","1V_E","1V_E","1V","FJ850102",10690,105.0201395,2007,"Venezuela: Aragua","Venezuela","FJ850102",2007
116,"FJ850103.1|2008","1V_E","1V_E","1V","FJ850103",10678,104.9022497,2008,"Venezuela: Aragua","Venezuela","FJ850103",2008
117,"FJ850104.1|2008","1V","1V","1V","FJ850104",10690,105.0201395,2008,"Venezuela: Aragua","Venezuela","FJ850104",2008
118,"FJ850113.1|2005","1V_C","1V_C","1V","FJ850113",10690,105.0201395,2005,"Nicaragua: Managua","Nicaragua","FJ850113",2005
123,"FJ687429.1|2001","1I_H","1I_H","1I","FJ687429",10676,104.8826014,2001,"Thailand: Kampheange Phet","Thailand","FJ687429",2001
126,"FJ687432.1|2001","1I_J","1I_J","1I","FJ687432",10690,105.0201395,2001,"Thailand: Kampheange Phet","Thailand","FJ687432",2001
128,"FJ744701.1|2004","1V_F","1V_F","1V","FJ744701",10641,104.5387563,2004,"Venezuela: Aragua","Venezuela","FJ744701",2004
129,"FJ744702.1|2006","1I_E","1I_E","1I","FJ744702",10690,105.0201395,2006,"Cambodia: KCH","Cambodia","FJ744702",2006
134,"FJ432730.1|2007","1I_G","1I_G","1I","FJ432730",10688,105.0004912,2007,"Viet Nam: South","Viet Nam","FJ432730",2007
146,"FJ432745.1|2007","1I_E","1I_E","1I","FJ432745",10680,104.921898,2007,"Viet Nam: South","Viet Nam","FJ432745",2007
148,"FJ432747.1|2007","1I_K.7","1I_K","1I","FJ432747",10690,105.0201395,2007,"Viet Nam: South","Viet Nam","FJ432747",2007
163,"FJ461324.1|2007","1I_K.7","1I_K","1I","FJ461324",10690,105.0201395,2007,"Viet Nam: South","Viet Nam","FJ461324",2007
165,"FJ461327.1|2007","1I_E","1I_E","1I","FJ461327",10676,104.8826014,2007,"Viet Nam: South","Viet Nam","FJ461327",2007
167,"FJ461331.1|2008","1I_K.7","1I_K","1I","FJ461331",10690,105.0201395,2008,"Viet Nam: South","Viet Nam","FJ461331",2008
178,"FJ547068.1|2006","1V_C","1V_C","1V","FJ547068",10675,104.8727773,2006,"Nicaragua: Managua","Nicaragua","FJ547068",2006
179,"FJ547086.1|1995","1V","1V","1V","FJ547086",10690,105.0201395,1995,"USA: Puerto Rico","USA","FJ547086",1995
180,"FJ547087.1|1992","1V","1V","1V","FJ547087",10690,105.0201395,1992,"USA: Puerto Rico","USA","FJ547087",1992
181,"FJ547088.1|2008","1V_C","1V_C","1V","FJ547088",10690,105.0201395,2008,"Nicaragua: Managua","Nicaragua","FJ547088",2008
185,"FJ562105.1|1993","1V","1V","1V","FJ562105",10690,105.0201395,1993,"USA: Puerto Rico","USA","FJ562105",1993
186,"FJ562106.1|1986","1V","1V","1V","FJ562106",10690,105.0201395,1986,"USA: Puerto Rico","USA","FJ562106",1986
187,"FJ639669.1|2000","1I_K.7","1I_K","1I","FJ639669",10690,105.0201395,2000,"Cambodia: BTB","Cambodia","FJ639669",2000
188,"FJ639670.1|2001","1I_K.7","1I_K","1I","FJ639670",10693,105.0496119,2001,"Cambodia: PHP","Cambodia","FJ639670",2001
189,"FJ639671.1|2001","1I_D","1I_D","1I","FJ639671",10690,105.0201395,2001,"Cambodia: KCH","Cambodia","FJ639671",2001
190,"FJ639672.1|2001","1I_K.7","1I_K","1I","FJ639672",10682,104.9415463,2001,"Cambodia: BTB","Cambodia","FJ639672",2001
191,"FJ639673.1|2001","1I_D","1I_D","1I","FJ639673",10690,105.0201395,2001,"Cambodia: KCH","Cambodia","FJ639673",2001
192,"FJ639674.1|2002","1I_G","1I_G","1I","FJ639674",10673,104.853129,2002,"Cambodia: KCH","Cambodia","FJ639674",2002
193,"FJ639675.1|2003","1I_G","1I_G","1I","FJ639675",10684,104.9611946,2003,"Cambodia: TAK","Cambodia","FJ639675",2003
194,"FJ639676.1|2003","1I_D","1I_D","1I","FJ639676",10690,105.0201395,2003,"Cambodia: PHP","Cambodia","FJ639676",2003
195,"FJ639677.1|2003","1I_K.7","1I_K","1I","FJ639677",10690,105.0201395,2003,"Cambodia: KCH","Cambodia","FJ639677",2003
196,"FJ639678.1|2003","1I_D","1I_D","1I","FJ639678",10690,105.0201395,2003,"Cambodia: KRA","Cambodia","FJ639678",2003
197,"FJ639679.1|2003","1I_E","1I_E","1I","FJ639679",10690,105.0201395,2003,"Cambodia: KCH","Cambodia","FJ639679",2003
199,"FJ639681.1|2003","1I_K.7","1I_K","1I","FJ639681",10676,104.8826014,2003,"Cambodia: PHP","Cambodia","FJ639681",2003
200,"FJ639682.1|2004","1I_K.7","1I_K","1I","FJ639682",10690,105.0201395,2004,"Cambodia: PHP","Cambodia","FJ639682",2004
201,"FJ639683.1|2005","1I_E","1I_E","1I","FJ639683",10674,104.8629531,2005,"Cambodia: BTB","Cambodia","FJ639683",2005
202,"FJ639684.1|2005","1I_G","1I_G","1I","FJ639684",10676,104.8826014,2005,"Cambodia: KSP","Cambodia","FJ639684",2005
203,"FJ639685.1|2005","1I_E","1I_E","1I","FJ639685",10690,105.0201395,2005,"Cambodia: BTB","Cambodia","FJ639685",2005
205,"FJ639687.1|2006","1I_G","1I_G","1I","FJ639687",10690,105.0201395,2006,"Cambodia: KCH","Cambodia","FJ639687",2006
209,"FJ639691.1|2007","1I_G","1I_G","1I","FJ639691",10690,105.0201395,2007,"Cambodia: BTB","Cambodia","FJ639691",2007
214,"FJ639696.1|2007","1I_G","1I_G","1I","FJ639696",10684,104.9611946,2007,"Cambodia: KCH","Cambodia","FJ639696",2007
215,"FJ639735.1|1997","1V_B","1V_B","1V","FJ639735",10675,104.8727773,1997,"Venezuela: Aragua","Venezuela","FJ639735",1997
216,"FJ639740.1|1998","1V","1V","1V","FJ639740",10684,104.9611946,1998,"Venezuela: Aragua","Venezuela","FJ639740",1998
217,"FJ639741.1|1998","1V","1V","1V","FJ639741",10690,105.0201395,1998,"Venezuela: Aragua","Venezuela","FJ639741",1998
218,"FJ639743.1|1999","1V","1V","1V","FJ639743",10674,104.8629531,1999,"Venezuela: Aragua","Venezuela","FJ639743",1999
219,"FJ639794.1|2004","1V_F","1V_F","1V","FJ639794",10676,104.8826014,2004,"Venezuela: Aragua","Venezuela","FJ639794",2004
222,"FJ639802.1|2004","1V_F","1V_F","1V","FJ639802",10691,105.0299637,2004,"Venezuela: Aragua","Venezuela","FJ639802",2004
225,"FJ639811.1|2005","1V_E","1V_E","1V","FJ639811",10684,104.9611946,2005,"Venezuela: Aragua","Venezuela","FJ639811",2005
227,"FJ639813.1|2005","1V_F","1V_F","1V","FJ639813",10691,105.0299637,2005,"Venezuela: Aragua","Venezuela","FJ639813",2005
228,"FJ639814.1|2005","1V_E","1V_E","1V","FJ639814",10677,104.8924256,2005,"Venezuela: Aragua","Venezuela","FJ639814",2005
230,"FJ639818.1|2006","1V_F","1V_F","1V","FJ639818",10690,105.0201395,2006,"Venezuela: Aragua","Venezuela","FJ639818",2006
233,"FJ639821.1|2006","1V_E","1V_E","1V","FJ639821",10684,104.9611946,2006,"Venezuela: Aragua","Venezuela","FJ639821",2006
235,"FJ639824.1|2006","1V_F","1V_F","1V","FJ639824",10691,105.0299637,2006,"Venezuela: Aragua","Venezuela","FJ639824",2006
238,"FJ432721.1|2005","1V_C","1V_C","1V","FJ432721",10690,105.0201395,2005,"Nicaragua: Managua","Nicaragua","FJ432721",2005
240,"FJ478457.1|1996","1V","1V","1V","FJ478457",10676,104.8826014,1996,"USA: Puerto Rico","USA","FJ478457",1996
241,"FJ478458.1|1987","1V_J","1V_J","1V","FJ478458",10680,104.921898,1987,"USA: Puerto Rico","USA","FJ478458",1987
248,"FJ390379.1|1998","1V_J","1V_J","1V","FJ390379",10690,105.0201395,1998,"USA: Puerto Rico","USA","FJ390379",1998
255,"FJ410173.1|1998","1V_J","1V_J","1V","FJ410173",10690,105.0201395,1998,"USA: Puerto Rico","USA","FJ410173",1998
256,"FJ410174.1|1995","1V_J","1V_J","1V","FJ410174",10690,105.0201395,1995,"USA: Puerto Rico","USA","FJ410174",1995
257,"FJ410175.1|1994","1V_J","1V_J","1V","FJ410175",10690,105.0201395,1994,"USA: Puerto Rico","USA","FJ410175",1994
258,"FJ410179.1|1994","1V_J","1V_J","1V","FJ410179",10690,105.0201395,1994,"USA: Puerto Rico","USA","FJ410179",1994
259,"FJ410180.1|1995","1V_J","1V_J","1V","FJ410180",10690,105.0201395,1995,"USA: Puerto Rico","USA","FJ410180",1995
260,"FJ410181.1|1995","1V_J","1V_J","1V","FJ410181",10671,104.8334807,1995,"USA: Puerto Rico","USA","FJ410181",1995
261,"FJ410182.1|1996","1V_J","1V_J","1V","FJ410182",10690,105.0201395,1996,"USA: Puerto Rico","USA","FJ410182",1996
262,"FJ410183.1|1993","1V_J","1V_J","1V","FJ410183",10690,105.0201395,1993,"USA: Puerto Rico","USA","FJ410183",1993
263,"FJ410184.1|1993","1V_J","1V_J","1V","FJ410184",10744,105.5506435,1993,"USA: Puerto Rico","USA","FJ410184",1993
264,"FJ410185.1|1993","1V_J","1V_J","1V","FJ410185",10690,105.0201395,1993,"USA: Puerto Rico","USA","FJ410185",1993
265,"FJ410186.1|1992","1V","1V","1V","FJ410186",10690,105.0201395,1992,"USA: Puerto Rico","USA","FJ410186",1992
266,"FJ410187.1|1992","1V_J","1V_J","1V","FJ410187",10690,105.0201395,1992,"USA: Puerto Rico","USA","FJ410187",1992
267,"FJ410188.1|1996","1V","1V","1V","FJ410188",10690,105.0201395,1996,"USA: Puerto Rico","USA","FJ410188",1996
268,"FJ410189.1|1996","1V_J","1V_J","1V","FJ410189",10690,105.0201395,1996,"USA: Puerto Rico","USA","FJ410189",1996
269,"FJ410190.1|1987","1V_J","1V_J","1V","FJ410190",10684,104.9611946,1987,"USA: Puerto Rico","USA","FJ410190",1987
275,"FJ410198.1|2007","1I_E","1I_E","1I","FJ410198",10675,104.8727773,2007,"Viet Nam: South","Viet Nam","FJ410198",2007
286,"FJ410212.1|2007","1I_H.2","1I_H","1I","FJ410212",10672,104.8433048,2007,"Viet Nam: South","Viet Nam","FJ410212",2007
289,"FJ410216.1|2007","1I_G","1I_G","1I","FJ410216",10653,104.656646,2007,"Viet Nam: South","Viet Nam","FJ410216",2007
303,"FJ410239.1|2008","1I_E","1I_E","1I","FJ410239",10690,105.0201395,2008,"Viet Nam: South","Viet Nam","FJ410239",2008
305,"FJ410242.1|2008","1I_G","1I_G","1I","FJ410242",10690,105.0201395,2008,"Viet Nam: South","Viet Nam","FJ410242",2008
306,"FJ410243.1|2008","1I_G","1I_G","1I","FJ410243",10690,105.0201395,2008,"Viet Nam: South","Viet Nam","FJ410243",2008
329,"FJ410267.1|2008","1I_K.7","1I_K","1I","FJ410267",10690,105.0201395,2008,"Viet Nam: South","Viet Nam","FJ410267",2008
336,"FJ410275.1|2008","1I_E","1I_E","1I","FJ410275",10721,105.3246881,2008,"Viet Nam: South","Viet Nam","FJ410275",2008
347,"FJ410286.1|2008","1I_H.2","1I_H","1I","FJ410286",10690,105.0201395,2008,"Viet Nam: South","Viet Nam","FJ410286",2008
348,"FJ410287.1|2006","1I_E","1I_E","1I","FJ410287",10690,105.0201395,2006,"Viet Nam: South","Viet Nam","FJ410287",2006
351,"EU863650.1|2002","1IV_A","1IV_A","1IV","EU863650",10735,105.4622262,2002,"Chile: Easter Island","Chile","EU863650",2002
353,"FJ176780.1|2006","1I_E","1I_E","1I","FJ176780",10735,105.4622262,2006,"China: Guangdong Province","China","FJ176780",2006
380,"FJ205872.1|1998","1V_J","1V_J","1V","FJ205872",10690,105.0201395,1998,"USA: Puerto Rico","USA","FJ205872",1998
382,"FJ205874.1|1995","1V","1V","1V","FJ205874",10690,105.0201395,1995,"USA: Puerto Rico","USA","FJ205874",1995
429,"FJ024485.1|2005","1V_C","1V_C","1V","FJ024485",10690,105.0201395,2005,"Nicaragua: Managua","Nicaragua","FJ024485",2005
430,"EU848545.1|1944","unassigned","unassigned","unassigned","EU848545",10734,105.452402,1944,"USA: Hawaii","USA","EU848545",1944
484,"EU596501.1|2004","1V_C","1V_C","1V","EU596501",10690,105.0201395,2004,"Nicaragua: Managua","Nicaragua","EU596501",2004
494,"EU482476.1|2003","1I_C","1I_C","1I","EU482476",10690,105.0201395,2003,"Viet Nam: south","Viet Nam","EU482476",2003
528,"EU482510.1|2007","1I_D","1I_D","1I","EU482510",10690,105.0201395,2007,"Viet Nam: south","Viet Nam","EU482510",2007
558,"EU482540.1|2006","1I_K.7","1I_K","1I","EU482540",10690,105.0201395,2006,"Viet Nam: south","Viet Nam","EU482540",2006
560,"EU482591.1|2006","1V_E","1V_E","1V","EU482591",10690,105.0201395,2006,"USA: Puerto Rico","USA","EU482591",2006
562,"EU482609.1|2007","1V_F","1V_F","1V","EU482609",10690,105.0201395,2007,"Venezuela: Aragua","Venezuela","EU482609",2007
584,"EU482790.1|2003","1I_G","1I_G","1I","EU482790",10690,105.0201395,2003,"Viet Nam: south","Viet Nam","EU482790",2003
605,"EU482811.1|2006","1I_H.2","1I_H","1I","EU482811",10690,105.0201395,2006,"Viet Nam: south","Viet Nam","EU482811",2006
623,"EU179860.1|2005","1III_A","1III_A","1III","EU179860",10628,104.4110423,2005,"Brunei","Brunei","EU179860",2005
624,"EU179861.1|2006","1IV_B","1IV_B","1IV","EU179861",10672,104.8433048,2006,"Brunei","Brunei","EU179861",2006
630,"EU081231.1|2005","1I_K","1I_K","1I","EU081231",10735,105.4622262,2005,"Singapore","Singapore","EU081231",2005
643,"EU081244.1|2005","1I_K","1I_K","1I","EU081244",10735,105.4622262,2005,"Singapore","Singapore","EU081244",2005
657,"EU081258.1|2005","1V_A","1V_A","1V","EU081258",10735,105.4622262,2005,"Singapore","Singapore","EU081258",2005
662,"EU081263.1|2005","1I_K","1I_K","1I","EU081263",10735,105.4622262,2005,"Singapore","Singapore","EU081263",2005
679,"EU081280.1|2006","1I_K","1I_K","1I","EU081280",10735,105.4622262,2006,"Singapore","Singapore","EU081280",2006
680,"EU081281.1|2006","1I_K","1I_K","1I","EU081281",10735,105.4622262,2006,"Singapore","Singapore","EU081281",2006
681,"DQ672560.1|2001","1IV_A","1IV_A","1IV","DQ672560",10735,105.4622262,2001,"French Polynesia","French Polynesia","DQ672560",2001
682,"DQ672561.1|2001","1IV_A","1IV_A","1IV","DQ672561",10735,105.4622262,2001,"USA: Hawaii","USA","DQ672561",2001
683,"DQ672562.1|2001","1IV_A","1IV_A","1IV","DQ672562",10735,105.4622262,2001,"USA: Hawaii","USA","DQ672562",2001
684,"DQ672563.1|2001","1IV_A","1IV_A","1IV","DQ672563",10735,105.4622262,2001,"USA: Hawaii","USA","DQ672563",2001
685,"DQ672564.1|2001","1IV_B","1IV_B","1IV","DQ672564",10735,105.4622262,2001,"USA: Hawaii","USA","DQ672564",2001
686,"DQ285558.1|2004","1IV_A","1IV_A","1IV","DQ285558",10689,105.0103154,2004,"Reunion","Reunion","DQ285558",2004
687,"DQ285559.1|2004","1V_A","1V_A","1V","DQ285559",10717,105.2853915,2004,"Reunion","Reunion","DQ285559",2004
688,"DQ285560.1|2004","1IV_A","1IV_A","1IV","DQ285560",10696,105.0790844,2004,"Reunion","Reunion","DQ285560",2004
689,"DQ285561.1|2004","1IV_A","1IV_A","1IV","DQ285561",10662,104.7450634,2004,"Seychelles","Seychelles","DQ285561",2004
690,"DQ285562.1|1993","1III","1III","1III","DQ285562",10721,105.3246881,1993,"Comoros","Comoros","DQ285562",1993
691,"AY713473.1|1976","unassigned","unassigned","unassigned","AY713473",10614,104.2735043,1976,"Myanmar","Myanmar","AY713473",1976
692,"AY713474.1|2001","1I_B","1I_B","1I","AY713474",10614,104.2735043,2001,"Myanmar","Myanmar","AY713474",2001
693,"AY713475.1|2001","1I_B","1I_B","1I","AY713475",10614,104.2735043,2001,"Myanmar","Myanmar","AY713475",2001
694,"AY713476.1|2001","1I_J","1I_J","1I","AY713476",10614,104.2735043,2001,"Myanmar","Myanmar","AY713476",2001
695,"AY722801.1|1976","unassigned","unassigned","unassigned","AY722801",10614,104.2735043,1976,"Myanmar","Myanmar","AY722801",1976
696,"AY722802.1|1996","unassigned","unassigned","unassigned","AY722802",10614,104.2735043,1996,"Myanmar","Myanmar","AY722802",1996
697,"AY722803.1|1998","unassigned","unassigned","unassigned","AY722803",10614,104.2735043,1998,"Myanmar","Myanmar","AY722803",1998
698,"AY726549.1|2001","1I_J","1I_J","1I","AY726549",10614,104.2735043,2001,"Myanmar","Myanmar","AY726549",2001
699,"AY726550.1|2001","1I_B","1I_B","1I","AY726550",10614,104.2735043,2001,"Myanmar","Myanmar","AY726550",2001
700,"AY726551.1|2001","1I_J","1I_J","1I","AY726551",10614,104.2735043,2001,"Myanmar","Myanmar","AY726551",2001
701,"AY726552.1|2002","1I_B","1I_B","1I","AY726552",10614,104.2735043,2002,"Myanmar","Myanmar","AY726552",2002
702,"AY726553.1|2002","1I_J","1I_J","1I","AY726553",10614,104.2735043,2002,"Myanmar","Myanmar","AY726553",2002
703,"AY726554.1|1998","1I_J","1I_J","1I","AY726554",10735,105.4622262,1998,"Myanmar","Myanmar","AY726554",1998
704,"AY726555.1|1998","1I_B","1I_B","1I","AY726555",10726,105.3738088,1998,"Myanmar","Myanmar","AY726555",1998
707,"AY732476.1|1980","1III","1III","1III","AY732476",10735,105.4622262,1980,"Thailand: Bangkok","Thailand","AY732476",1980
708,"AY732477.1|1991","1I_B","1I_B","1I","AY732477",10735,105.4622262,1991,"Thailand: Bangkok","Thailand","AY732477",1991
709,"AY732478.1|1991","1I_B","1I_B","1I","AY732478",10735,105.4622262,1991,"Thailand: Bangkok","Thailand","AY732478",1991
712,"AY732481.1|1982","1I_B","1I_B","1I","AY732481",10735,105.4622262,1982,"Thailand: Bangkok","Thailand","AY732481",1982
714,"AY732483.1|1981","1I_B","1I_B","1I","AY732483",10735,105.4622262,1981,"Thailand: Bangkok","Thailand","AY732483",1981
715,"AB204803.1|2004","1IV_A","1IV_A","1IV","AB204803",10706,105.1773259,2004,"Japan","Japan","AB204803",2004
717,"AB195673.1|2003","1IV_A","1IV_A","1IV","AB195673",10718,105.2952156,2003,"Japan","Japan","AB195673",2003
718,"AB178040.1|2002","1I_K","1I_K","1I","AB178040",10735,105.4622262,2002,"Japan","Japan","AB178040",2002
719,"AF298807.1|1998","1VII","1VII","1VII","AF298807",10721,105.3246881,1998,"Cote d'Ivoire: Abidjan","Cote d'Ivoire","AF298807",1998
720,"AF298808.1|1998","1I_B","1I_B","1I","AF298808",10721,105.3246881,1998,"Djibouti","Djibouti","AF298808",1998
