index,seqName,clade,major_lineage,genotype,otherName,seqLength,%cds,year,geo_location,country,strain,date
1385,PP530039.1|2014-06-26,4II_B.1.1,4II_B,4II,PP530039,10164,100,2014,Brazil,Brazil,PP530039,2014
1386,PP530040.1|2014-03-26,4II_B.1.1,4II_B,4II,PP530040,10164,100,2014,Brazil,Brazil,PP530040,2014
1387,PP530041.1|2014-04-28,4II_B.1.1,4II_B,4II,PP530041,10164,100,2014,Brazil,Brazil,PP530041,2014
1388,PP530042.1|2014-05-05,4II_B.1.1,4II_B,4II,PP530042,10164,100,2014,Brazil,Brazil,PP530042,2014
1389,PP530043.1|2014-05-14,4II_B.1.1,4II_B,4II,PP530043,10164,100,2014,Brazil,Brazil,PP530043,2014
1390,PP530044.1|2014-05-14,4II_B.1.1,4II_B,4II,PP530044,10164,100,2014,Brazil,Brazil,PP530044,2014
1391,PP530045.1|2014-08,4II_B.1.1,4II_B,4II,PP530045,10164,100,2014,Brazil,Brazil,PP530045,2014
1392,PP530046.1|2014-05,4II_B.1.1,4II_B,4II,PP530046,10164,100,2014,Brazil,Brazil,PP530046,2014
1393,PP530047.1|2014-07,4II_B.1.1,4II_B,4II,PP530047,10164,100,2014,Brazil,Brazil,PP530047,2014
1394,PP530048.1|2015-05-27,4II_B.1.1,4II_B,4II,PP530048,10164,100,2015,Brazil,Brazil,PP530048,2015
1395,PP530049.1|2015-05-09,4II_B.1.1,4II_B,4II,PP530049,10164,100,2015,Brazil,Brazil,PP530049,2015
1396,PP530050.1|2015-11-15,4II_B.1.1,4II_B,4II,PP530050,10164,100,2015,Brazil,Brazil,PP530050,2015
1397,PP530051.1|2015-01-26,4II_B.1.1,4II_B,4II,PP530051,10164,100,2015,Brazil,Brazil,PP530051,2015
1398,PP530052.1|2015-05-07,4II_B.1.1,4II_B,4II,PP530052,10164,100,2015,Brazil,Brazil,PP530052,2015
1399,PP530053.1|2015-07-13,4II_B.1.1,4II_B,4II,PP530053,10164,100,2015,Brazil,Brazil,PP530053,2015
1400,PP530054.1|2015-03-02,4II_B.1.1,4II_B,4II,PP530054,10164,100,2015,Brazil,Brazil,PP530054,2015
1401,PP530055.1|2016-04-17,4II_B.1.1,4II_B,4II,PP530055,10164,100,2016,Brazil,Brazil,PP530055,2016
1402,PP530056.1|2016-01-14,4II_B.1.1,4II_B,4II,PP530056,10164,100,2016,Brazil,Brazil,PP530056,2016
1403,PP530057.1|2017-04-04,4II_B.1.1,4II_B,4II,PP530057,10164,100,2017,Brazil,Brazil,PP530057,2017
1404,PP530058.1|2015-05-12,4II_B.1.1,4II_B,4II,PP530058,10164,100,2015,Brazil,Brazil,PP530058,2015
1405,PP530059.1|2015-08-04,4II_B.1.1,4II_B,4II,PP530059,10164,100,2015,Brazil,Brazil,PP530059,2015
1406,PP530060.1|2015-06-16,4II_B.1.1,4II_B,4II,PP530060,10164,100,2015,Brazil,Brazil,PP530060,2015
1407,PP530061.1|2015-02-10,4II_B.1.1,4II_B,4II,PP530061,10164,100,2015,Brazil,Brazil,PP530061,2015
1408,PP530062.1|2015-07,4II_B.1.1,4II_B,4II,PP530062,10164,100,2015,Brazil,Brazil,PP530062,2015
1409,OP120947.1|2019-07,4I_A.3,4I_A,4I,OP120947,10606,104.3486816,2019,Myanmar,Myanmar,OP120947,2019
1410,OP120948.1|2019-07,4I_A.3,4I_A,4I,OP120948,10606,104.3486816,2019,Myanmar,Myanmar,OP120948,2019
1411,OP120949.1|2019-07,4I_A.3,4I_A,4I,OP120949,10607,104.3585203,2019,Myanmar,Myanmar,OP120949,2019
1412,PP447196.1|2022-02-14,4I_A.1.1,4I_A,4I,PP447196,10604,104.3290043,2022,Cambodia,Cambodia,PP447196,2022
1413,PP447197.1|2022-02-16,4I_A.1.1,4I_A,4I,PP447197,10337,101.7020858,2022,Cambodia,Cambodia,PP447197,2022
1414,PP447198.1|2022-02-22,4I_A.1.1,4I_A,4I,PP447198,10341,101.7414404,2022,Cambodia,Cambodia,PP447198,2022
1415,PP447199.1|2022-02-23,4I_A.1.1,4I_A,4I,PP447199,10338,101.7119244,2022,Cambodia,Cambodia,PP447199,2022
1416,PP447200.1|2022-04-06,4I_A.1.1,4I_A,4I,PP447200,10337,101.7020858,2022,Cambodia,Cambodia,PP447200,2022
1417,PP269978.1|2014-10-29,4I_A.1,4I_A,4I,PP269978,10511,103.4140102,2014,Viet Nam,Viet Nam,PP269978,2014
1418,PP269979.1|2012-11-14,4I_A.1,4I_A,4I,PP269979,10511,103.4140102,2012,Viet Nam,Viet Nam,PP269979,2012
1419,PP269980.1|2012-10-05,4I_A.1,4I_A,4I,PP269980,10513,103.4336875,2012,Viet Nam,Viet Nam,PP269980,2012
1420,PP269981.1|2011-07-05,4I_A.1.1,4I_A,4I,PP269981,10513,103.4336875,2011,Viet Nam,Viet Nam,PP269981,2011
1421,PP269982.1|2011-12-16,4I_A.1,4I_A,4I,PP269982,10511,103.4140102,2011,Viet Nam,Viet Nam,PP269982,2011
1422,PP269983.1|2011-12-29,4I_A.1.1,4I_A,4I,PP269983,10536,103.6599764,2011,Viet Nam,Viet Nam,PP269983,2011
1423,PP269984.1|2012-01-04,4I_A.1,4I_A,4I,PP269984,10511,103.4140102,2012,Viet Nam,Viet Nam,PP269984,2012
1424,PP269985.1|2012-11-05,4I_A.1,4I_A,4I,PP269985,10488,103.1877214,2012,Viet Nam,Viet Nam,PP269985,2012
1425,PP269986.1|2011-12-21,4I_A.1.1,4I_A,4I,PP269986,10513,103.4336875,2011,Viet Nam,Viet Nam,PP269986,2011
1426,PP269987.1|2012-07-23,4I_A.1,4I_A,4I,PP269987,10513,103.4336875,2012,Viet Nam,Viet Nam,PP269987,2012
1427,PP269988.1|2012-09-07,4I_A.1.1,4I_A,4I,PP269988,10536,103.6599764,2012,Viet Nam,Viet Nam,PP269988,2012
1428,PP269989.1|2012-12-10,4I_A.1.2,4I_A,4I,PP269989,10513,103.4336875,2012,Viet Nam,Viet Nam,PP269989,2012
1429,PP269990.1|2012-12-12,4I_A.1.2,4I_A,4I,PP269990,10513,103.4336875,2012,Viet Nam,Viet Nam,PP269990,2012
1430,PP269991.1|2013-06-12,4I_A.1,4I_A,4I,PP269991,10513,103.4336875,2013,Viet Nam,Viet Nam,PP269991,2013
1431,PP269992.1|2014-07-16,4I_A.1,4I_A,4I,PP269992,10095,99.32113341,2014,Viet Nam,Viet Nam,PP269992,2014
1432,PP269993.1|2015-09-01,4I_A.1,4I_A,4I,PP269993,10513,103.4336875,2015,Viet Nam,Viet Nam,PP269993,2015
1433,PP269994.1|2015-09-07,4I_A.1,4I_A,4I,PP269994,10515,103.4533648,2015,Viet Nam,Viet Nam,PP269994,2015
1434,PP269995.1|2012-11-07,4I_A.1,4I_A,4I,PP269995,10513,103.4336875,2012,Viet Nam,Viet Nam,PP269995,2012
1435,PP269996.1|2013-01-02,4I_A.1.2,4I_A,4I,PP269996,10513,103.4336875,2013,Viet Nam,Viet Nam,PP269996,2013
1436,PP269997.1|2013-01-24,4I_A.1,4I_A,4I,PP269997,10513,103.4336875,2013,Viet Nam,Viet Nam,PP269997,2013
1437,PP269998.1|2015-07-15,4I_A.1.2,4I_A,4I,PP269998,10513,103.4336875,2015,Viet Nam,Viet Nam,PP269998,2015
1438,PP269999.1|2015-07-21,4I_A.1.2,4I_A,4I,PP269999,10536,103.6599764,2015,Viet Nam,Viet Nam,PP269999,2015
1439,PP270000.1|2015-10-20,4I_A.1,4I_A,4I,PP270000,10513,103.4336875,2015,Viet Nam,Viet Nam,PP270000,2015
1440,PP270001.1|2013-01-04,4I_A.1,4I_A,4I,PP270001,10513,103.4336875,2013,Viet Nam,Viet Nam,PP270001,2013
1441,PP270002.1|2013-03-09,4I_A.1,4I_A,4I,PP270002,10533,103.6304604,2013,Viet Nam,Viet Nam,PP270002,2013
1442,PP270003.1|2014-03-24,4I_A.1,4I_A,4I,PP270003,10513,103.4336875,2014,Viet Nam,Viet Nam,PP270003,2014
1443,PP270004.1|2013-09-10,4I_A.1.1,4I_A,4I,PP270004,10536,103.6599764,2013,Viet Nam,Viet Nam,PP270004,2013
1444,PP270005.1|2013-07-08,4I_A.1,4I_A,4I,PP270005,10511,103.4140102,2013,Viet Nam,Viet Nam,PP270005,2013
1445,PP270006.1|2013-07-08,4I_A.1,4I_A,4I,PP270006,10513,103.4336875,2013,Viet Nam,Viet Nam,PP270006,2013
1446,PP270007.1|2013-10-31,4I_A.1,4I_A,4I,PP270007,10536,103.6599764,2013,Viet Nam,Viet Nam,PP270007,2013
1447,PP270008.1|2013-12-04,4I_A.1.1,4I_A,4I,PP270008,10536,103.6599764,2013,Viet Nam,Viet Nam,PP270008,2013
1448,PP270009.1|2013-12-06,4I_A.1,4I_A,4I,PP270009,10513,103.4336875,2013,Viet Nam,Viet Nam,PP270009,2013
1449,PP270010.1|2013-12-20,4I_A.1,4I_A,4I,PP270010,10531,103.6107832,2013,Viet Nam,Viet Nam,PP270010,2013
1450,PP270011.1|2014-07-22,4I_A.1,4I_A,4I,PP270011,10513,103.4336875,2014,Viet Nam,Viet Nam,PP270011,2014
1451,PP270012.1|2014-08-06,4I_A.1,4I_A,4I,PP270012,10513,103.4336875,2014,Viet Nam,Viet Nam,PP270012,2014
1452,PP270013.1|2014-10-06,4I_A.1.1,4I_A,4I,PP270013,10531,103.6107832,2014,Viet Nam,Viet Nam,PP270013,2014
1453,PP270014.1|2014-11-24,4I_A.1.2,4I_A,4I,PP270014,10513,103.4336875,2014,Viet Nam,Viet Nam,PP270014,2014
1454,PP270015.1|2014-12-22,4I_A.1,4I_A,4I,PP270015,10595,104.2404565,2014,Viet Nam,Viet Nam,PP270015,2014
1455,PP270016.1|2015-01-15,4I_A.1.2,4I_A,4I,PP270016,10513,103.4336875,2015,Viet Nam,Viet Nam,PP270016,2015
1456,PP270017.1|2013-07-30,4I_A.1.1,4I_A,4I,PP270017,10513,103.4336875,2013,Viet Nam,Viet Nam,PP270017,2013
1457,PP270018.1|2013-09-06,4I_A.1.1,4I_A,4I,PP270018,10513,103.4336875,2013,Viet Nam,Viet Nam,PP270018,2013
1458,PP270019.1|2014-01-08,4I_A.1.2,4I_A,4I,PP270019,10513,103.4336875,2014,Viet Nam,Viet Nam,PP270019,2014
1459,PP270020.1|2014-04-11,4I_A.1,4I_A,4I,PP270020,10515,103.4533648,2014,Viet Nam,Viet Nam,PP270020,2014
1460,PP270021.1|2014-11-25,4I_A.1,4I_A,4I,PP270021,10511,103.4140102,2014,Viet Nam,Viet Nam,PP270021,2014
1461,PP270022.1|2014-12-02,4I_A.1.2,4I_A,4I,PP270022,10513,103.4336875,2014,Viet Nam,Viet Nam,PP270022,2014
1462,PP270023.1|2014-12-09,4I_A.1,4I_A,4I,PP270023,10513,103.4336875,2014,Viet Nam,Viet Nam,PP270023,2014
1463,PP270024.1|2014-12-11,4I_A.1.2,4I_A,4I,PP270024,10513,103.4336875,2014,Viet Nam,Viet Nam,PP270024,2014
1464,PP270025.1|2013-08-31,4I_A.1,4I_A,4I,PP270025,10513,103.4336875,2013,Viet Nam,Viet Nam,PP270025,2013
1465,PP270026.1|2014-09-15,4I_A.1.2,4I_A,4I,PP270026,10513,103.4336875,2014,Viet Nam,Viet Nam,PP270026,2014
1466,PP270027.1|2014-11-12,4I_A.1,4I_A,4I,PP270027,10535,103.6501377,2014,Viet Nam,Viet Nam,PP270027,2014
1467,PP270028.1|2018-11-26,4I_A.1.1,4I_A,4I,PP270028,10515,103.4533648,2018,Viet Nam,Viet Nam,PP270028,2018
1468,PP270029.1|2019-08-12,4I_A.1.2,4I_A,4I,PP270029,10513,103.4336875,2019,Viet Nam,Viet Nam,PP270029,2019
1469,PP270030.1|2014-11-24,4I_A.1.2,4I_A,4I,PP270030,10513,103.4336875,2014,Viet Nam,Viet Nam,PP270030,2014
1470,PP270031.1|2015-06-15,4I_A.1.2,4I_A,4I,PP270031,10513,103.4336875,2015,Viet Nam,Viet Nam,PP270031,2015
1471,PP270032.1|2015-10-06,4I_A.1.2,4I_A,4I,PP270032,10515,103.4533648,2015,Viet Nam,Viet Nam,PP270032,2015
1472,PP270033.1|2015-11-02,4I_A.1.2,4I_A,4I,PP270033,10511,103.4140102,2015,Viet Nam,Viet Nam,PP270033,2015
1473,PP270034.1|2018-01-02,4I_A.1.1,4I_A,4I,PP270034,10536,103.6599764,2018,Viet Nam,Viet Nam,PP270034,2018
1474,PP270035.1|2018-01-16,4I_A.1.1,4I_A,4I,PP270035,10513,103.4336875,2018,Viet Nam,Viet Nam,PP270035,2018
1475,PP270036.1|2018-03-19,4I_A.1.1,4I_A,4I,PP270036,10515,103.4533648,2018,Viet Nam,Viet Nam,PP270036,2018
1476,PP270037.1|2018-05-03,4I_A.1.1,4I_A,4I,PP270037,10511,103.4140102,2018,Viet Nam,Viet Nam,PP270037,2018
1477,PP270038.1|2018-07-03,4I_A.1.1,4I_A,4I,PP270038,10536,103.6599764,2018,Viet Nam,Viet Nam,PP270038,2018
1478,PP270039.1|2018-07-31,4I_A.1.1,4I_A,4I,PP270039,10513,103.4336875,2018,Viet Nam,Viet Nam,PP270039,2018
1479,PP270040.1|2013-09-12,4I_A.1.2,4I_A,4I,PP270040,10244,100.7870917,2013,Viet Nam,Viet Nam,PP270040,2013
1480,PP270041.1|2015-08-07,4I_A.1.2,4I_A,4I,PP270041,10244,100.7870917,2015,Viet Nam,Viet Nam,PP270041,2015
1481,PP270042.1|2013-10-16,4I_A.1.1,4I_A,4I,PP270042,10244,100.7870917,2013,Viet Nam,Viet Nam,PP270042,2013
1482,PP270043.1|2012-12-04,4I_A.1,4I_A,4I,PP270043,10243,100.777253,2012,Viet Nam,Viet Nam,PP270043,2012
1483,PP270044.1|2013-10-25,4I_A.1.1,4I_A,4I,PP270044,10244,100.7870917,2013,Viet Nam,Viet Nam,PP270044,2013
1484,PP270045.1|2014-04-07,4I_A.1,4I_A,4I,PP270045,10244,100.7870917,2014,Viet Nam,Viet Nam,PP270045,2014
1485,PP270046.1|2014-11-11,4I_A.1.2,4I_A,4I,PP270046,10244,100.7870917,2014,Viet Nam,Viet Nam,PP270046,2014
1486,PP270047.1|2014-11-12,4I_A.1,4I_A,4I,PP270047,10238,100.7280598,2014,Viet Nam,Viet Nam,PP270047,2014
1487,PP270048.1|2013-08-30,4I_A.1,4I_A,4I,PP270048,10244,100.7870917,2013,Viet Nam,Viet Nam,PP270048,2013
1488,PP270049.1|2014-11-04,4I_A.1,4I_A,4I,PP270049,10244,100.7870917,2014,Viet Nam,Viet Nam,PP270049,2014
1489,PP270050.1|2016-01-11,4I_A.1,4I_A,4I,PP270050,10237,100.7182212,2016,Viet Nam,Viet Nam,PP270050,2016
1490,OP811915.1|2020-01-18,4II_B.1.1,4II_B,4II,OP811915,10164,100,2020,Paraguay,Paraguay,OP811915,2020
1491,OP811916.1|2019-12-14,4II_B.1.1,4II_B,4II,OP811916,10164,100,2019,Paraguay,Paraguay,OP811916,2019
1492,OP811917.1|2019-05-08,4II_B.1.1,4II_B,4II,OP811917,10164,100,2019,Paraguay,Paraguay,OP811917,2019
1493,OP811918.1|2019-12-29,4II_B.1.1,4II_B,4II,OP811918,10164,100,2019,Paraguay,Paraguay,OP811918,2019
1494,OP811919.1|2020-01-03,4II_B.1.1,4II_B,4II,OP811919,10164,100,2020,Paraguay,Paraguay,OP811919,2020
1495,OP811920.1|2019-07-06,4II_B.1.1,4II_B,4II,OP811920,10164,100,2019,Paraguay,Paraguay,OP811920,2019
1496,OP811921.1|2020-03-03,4II_B.1.1,4II_B,4II,OP811921,10164,100,2020,Paraguay,Paraguay,OP811921,2020
1497,OP811922.1|2019-12-29,4II_B.1.1,4II_B,4II,OP811922,10164,100,2019,Paraguay,Paraguay,OP811922,2019
1498,OP811923.1|2019-12-20,4II_B.1.1,4II_B,4II,OP811923,10164,100,2019,Paraguay,Paraguay,OP811923,2019
1499,OP811924.1|2019-12-26,4II_B.1.1,4II_B,4II,OP811924,10164,100,2019,Paraguay,Paraguay,OP811924,2019
1500,OP811925.1|2020-01-05,4II_B.1.1,4II_B,4II,OP811925,10164,100,2020,Paraguay,Paraguay,OP811925,2020
1501,OP811926.1|2019-12-26,4II_B.1.1,4II_B,4II,OP811926,10164,100,2019,Paraguay,Paraguay,OP811926,2019
1502,OP811927.1|2019-06-04,4II_B.1.1,4II_B,4II,OP811927,10164,100,2019,Paraguay,Paraguay,OP811927,2019
1503,OP811928.1|2019-06-14,4II_B.1.1,4II_B,4II,OP811928,10164,100,2019,Paraguay,Paraguay,OP811928,2019
1504,OP811929.1|2019-12-13,4II_B.1.1,4II_B,4II,OP811929,10164,100,2019,Paraguay,Paraguay,OP811929,2019
1505,OP811930.1|2019-12-26,4II_B.1.1,4II_B,4II,OP811930,10164,100,2019,Paraguay,Paraguay,OP811930,2019
1506,OP811931.1|2019-12-28,4II_B.1.1,4II_B,4II,OP811931,10164,100,2019,Paraguay,Paraguay,OP811931,2019
1507,OP811932.1|2019-12-21,4II_B.1.1,4II_B,4II,OP811932,10164,100,2019,Paraguay,Paraguay,OP811932,2019
1508,OP811933.1|2019-12-31,4II_B.1.1,4II_B,4II,OP811933,10164,100,2019,Paraguay,Paraguay,OP811933,2019
1509,OP811934.1|2019-12-27,4II_B.1.1,4II_B,4II,OP811934,10164,100,2019,Paraguay,Paraguay,OP811934,2019
1510,OP811935.1|2019-05-07,4II_B.1.1,4II_B,4II,OP811935,10164,100,2019,Paraguay,Paraguay,OP811935,2019
1511,OP811936.1|2019-06-03,4II_B.1.1,4II_B,4II,OP811936,10164,100,2019,Paraguay,Paraguay,OP811936,2019
1512,OP811937.1|2019-05-17,4II_B.1.1,4II_B,4II,OP811937,10164,100,2019,Paraguay,Paraguay,OP811937,2019
1513,OP811938.1|2020-01-02,4II_B.1.1,4II_B,4II,OP811938,10164,100,2020,Paraguay,Paraguay,OP811938,2020
1514,OP811939.1|2020-01-09,4II_B.1.1,4II_B,4II,OP811939,10164,100,2020,Paraguay,Paraguay,OP811939,2020
1515,OP811940.1|2020-01-03,4II_B.1.1,4II_B,4II,OP811940,10164,100,2020,Paraguay,Paraguay,OP811940,2020
1516,OP811941.1|2019-11-11,4II_B.1.1,4II_B,4II,OP811941,10164,100,2019,Paraguay,Paraguay,OP811941,2019
1517,OP811942.1|2020-01-01,4II_B.1.1,4II_B,4II,OP811942,10164,100,2020,Paraguay,Paraguay,OP811942,2020
1518,OP811943.1|2020-01-17,4II_B.1.1,4II_B,4II,OP811943,10164,100,2020,Paraguay,Paraguay,OP811943,2020
1519,OP811944.1|2020-01-28,4II_B.1.1,4II_B,4II,OP811944,10164,100,2020,Paraguay,Paraguay,OP811944,2020
1520,OP811945.1|2020-02-05,4II_B.1.1,4II_B,4II,OP811945,10164,100,2020,Paraguay,Paraguay,OP811945,2020
1521,OP811946.1|2020-02-06,4II_B.1.1,4II_B,4II,OP811946,10164,100,2020,Paraguay,Paraguay,OP811946,2020
1522,OP811947.1|2020-02-11,4II_B.1.1,4II_B,4II,OP811947,10164,100,2020,Paraguay,Paraguay,OP811947,2020
1523,OP811948.1|2020-03-07,4II_B.1.1,4II_B,4II,OP811948,10164,100,2020,Paraguay,Paraguay,OP811948,2020
1524,OP811949.1|2019-12-18,4II_B.1.1,4II_B,4II,OP811949,10164,100,2019,Paraguay,Paraguay,OP811949,2019
1525,OP811950.1|2019-05-17,4II_B.1.1,4II_B,4II,OP811950,10164,100,2019,Paraguay,Paraguay,OP811950,2019
1526,OP811951.1|2019-12-19,4II_B.1.1,4II_B,4II,OP811951,10164,100,2019,Paraguay,Paraguay,OP811951,2019
1527,OP811952.1|2020-01-03,4II_B.1.1,4II_B,4II,OP811952,10164,100,2020,Paraguay,Paraguay,OP811952,2020
1528,OP811953.1|2019-05-31,4II_B.1.1,4II_B,4II,OP811953,10164,100,2019,Paraguay,Paraguay,OP811953,2019
1529,OP811954.1|2019-07-04,4II_B.1.1,4II_B,4II,OP811954,10164,100,2019,Paraguay,Paraguay,OP811954,2019
1530,OP811955.1|2020-01-09,4II_B.1.1,4II_B,4II,OP811955,10164,100,2020,Paraguay,Paraguay,OP811955,2020
1531,OP811956.1|2019-12-20,4II_B.1.1,4II_B,4II,OP811956,10164,100,2019,Paraguay,Paraguay,OP811956,2019
1532,OP811957.1|2019-05-02,4II_B.1.1,4II_B,4II,OP811957,10164,100,2019,Paraguay,Paraguay,OP811957,2019
1533,OP811958.1|2020-01-07,4II_B.1.1,4II_B,4II,OP811958,10164,100,2020,Paraguay,Paraguay,OP811958,2020
1534,OP811959.1|2019-03-25,4II_B.1.1,4II_B,4II,OP811959,10164,100,2019,Paraguay,Paraguay,OP811959,2019
1535,OP811960.1|2020-01-04,4II_B.1.1,4II_B,4II,OP811960,10164,100,2020,Paraguay,Paraguay,OP811960,2020
1536,OP811961.1|2019-04-16,4II_B.1.1,4II_B,4II,OP811961,10164,100,2019,Paraguay,Paraguay,OP811961,2019
1537,OP811962.1|2019-11-18,4II_B.1.1,4II_B,4II,OP811962,10164,100,2019,Paraguay,Paraguay,OP811962,2019
1538,OP811963.1|2019-02-28,4II_B.1.1,4II_B,4II,OP811963,10164,100,2019,Paraguay,Paraguay,OP811963,2019
1539,OP811964.1|2019-12-03,4II_B.1.1,4II_B,4II,OP811964,10164,100,2019,Paraguay,Paraguay,OP811964,2019
1540,OP811965.1|2019-03-12,4II_B.1.1,4II_B,4II,OP811965,10164,100,2019,Paraguay,Paraguay,OP811965,2019
1541,OP811966.1|2019-11-20,4II_B.1.1,4II_B,4II,OP811966,10164,100,2019,Paraguay,Paraguay,OP811966,2019
1542,OP811967.1|2019-08-20,4II_B.1.1,4II_B,4II,OP811967,10164,100,2019,Paraguay,Paraguay,OP811967,2019
1543,OP811968.1|2020-01-16,4II_B.1.1,4II_B,4II,OP811968,10164,100,2020,Paraguay,Paraguay,OP811968,2020
1544,OP811969.1|2020-01-15,4II_B.1.1,4II_B,4II,OP811969,10164,100,2020,Paraguay,Paraguay,OP811969,2020
1545,OP811970.1|2020-01-28,4II_B.1.1,4II_B,4II,OP811970,10164,100,2020,Paraguay,Paraguay,OP811970,2020
1546,OP811971.1|2020-02-23,4II_B.1.1,4II_B,4II,OP811971,10164,100,2020,Paraguay,Paraguay,OP811971,2020
1547,OP811972.1|2020-02-24,4II_B.1.1,4II_B,4II,OP811972,10164,100,2020,Paraguay,Paraguay,OP811972,2020
1548,OP811973.1|2020-03-04,4II_B.1.1,4II_B,4II,OP811973,10164,100,2020,Paraguay,Paraguay,OP811973,2020
1549,OP811974.1|2020-01-09,4II_B.1.1,4II_B,4II,OP811974,10164,100,2020,Paraguay,Paraguay,OP811974,2020
1550,OP811975.1|2020-01-30,4II_B.1.1,4II_B,4II,OP811975,10164,100,2020,Paraguay,Paraguay,OP811975,2020
1551,OP811976.1|2018-04-25,4II_B.1.1,4II_B,4II,OP811976,10164,100,2018,Paraguay,Paraguay,OP811976,2018
1552,OR977094.1|2023-11-10,4II_B.1.2,4II_B,4II,OR977094,10488,103.1877214,2023,USA: FL,USA,OR977094,2023
1553,OR821957.1|2023-10-12,4II_B.2,4II_B,4II,OR821957,10376,102.085793,2023,USA: FL,USA,OR821957,2023
1554,OR771146.1|2023-08-09,4II_B.2,4II_B,4II,OR771146,10376,102.085793,2023,USA: FL,USA,OR771146,2023
1555,OR771168.1|2023-09-01,4II_B.2,4II_B,4II,OR771168,10512,103.4238489,2023,USA: FL,USA,OR771168,2023
1556,OR654276.1|2023-05-31,4II_B.1.2,4II_B,4II,OR654276,10486,103.1680441,2023,USA: FL,USA,OR654276,2023
1557,OQ567848.1|2016-03-07,4II_B.1.1,4II_B,4II,OQ567848,9790,96.32034632,2016,Paraguay: Coronel Oviedo,Paraguay,OQ567848,2016
1558,OQ567849.1|2020-01-27,4II_B.1.1,4II_B,4II,OQ567849,9814,96.55647383,2020,Paraguay: Asuncion,Paraguay,OQ567849,2020
1559,OQ567850.1|2020-01-30,4II_B.1.1,4II_B,4II,OQ567850,9800,96.41873278,2020,Paraguay: Asuncion,Paraguay,OQ567850,2020
1560,OQ567851.1|2020-02-01,4II_B.1.1,4II_B,4II,OQ567851,9794,96.35970091,2020,Paraguay: Filadelfia,Paraguay,OQ567851,2020
1561,OQ567852.1|2020-02-04,4II_B.1.1,4II_B,4II,OQ567852,9854,96.95001968,2020,Paraguay: Lambare,Paraguay,OQ567852,2020
1562,OQ567853.1|2020-02-06,4II_B.1.1,4II_B,4II,OQ567853,9769,96.11373475,2020,Paraguay: Asuncion,Paraguay,OQ567853,2020
1563,OQ567854.1|2020-02-04,4II_B.1.1,4II_B,4II,OQ567854,9795,96.36953955,2020,Paraguay: Pilar,Paraguay,OQ567854,2020
1564,OQ567855.1|2020-02-07,4II_B.1.1,4II_B,4II,OQ567855,9852,96.93034238,2020,Paraguay: Itaugua,Paraguay,OQ567855,2020
1565,OQ567856.1|2020-02-10,4II_B.1.1,4II_B,4II,OQ567856,9845,96.86147186,2020,Paraguay: Ita,Paraguay,OQ567856,2020
1566,OQ567857.1|2020-02-13,4II_B.1.1,4II_B,4II,OQ567857,9830,96.71389217,2020,Paraguay: Obligado,Paraguay,OQ567857,2020
1567,OQ567858.1|2020-01-01,4II_B.1.1,4II_B,4II,OQ567858,9793,96.34986226,2020,Paraguay: Ita,Paraguay,OQ567858,2020
1568,OQ567859.1|2020-01-07,4II_B.1.1,4II_B,4II,OQ567859,9903,97.43211334,2020,Paraguay: Lambare,Paraguay,OQ567859,2020
1569,OQ567860.1|2020-01-07,4II_B.1.1,4II_B,4II,OQ567860,9864,97.04840614,2020,Paraguay: Villa Elisa,Paraguay,OQ567860,2020
1570,OQ567861.1|2020-01-09,4II_B.1.1,4II_B,4II,OQ567861,9853,96.94018103,2020,Paraguay: Nemby,Paraguay,OQ567861,2020
1571,OQ567862.1|2020-01-12,4II_B.1.1,4II_B,4II,OQ567862,9778,96.20228257,2020,Paraguay: Ita,Paraguay,OQ567862,2020
1572,OQ567863.1|2020-01-13,4II_B.1.1,4II_B,4II,OQ567863,9788,96.30066903,2020,Paraguay: Nemby,Paraguay,OQ567863,2020
1573,OQ567864.1|2020-01-13,4II_B.1.1,4II_B,4II,OQ567864,9839,96.80243998,2020,Paraguay: Trinidad,Paraguay,OQ567864,2020
1574,OQ567865.1|2020-01-11,4II_B.1.1,4II_B,4II,OQ567865,9862,97.02872885,2020,Paraguay: Coronel Oviedo,Paraguay,OQ567865,2020
1575,OQ567866.1|2020-01-12,4II_B.1.1,4II_B,4II,OQ567866,9794,96.35970091,2020,Paraguay: San Lorenzo,Paraguay,OQ567866,2020
1576,OQ567867.1|2020-01-17,4II_B.1.1,4II_B,4II,OQ567867,9837,96.78276269,2020,Paraguay: San Lorenzo,Paraguay,OQ567867,2020
1577,OQ567868.1|2020-01-18,4II_B.1.1,4II_B,4II,OQ567868,9808,96.49744195,2020,Paraguay: Ypane,Paraguay,OQ567868,2020
1578,OQ567869.1|2020-01-15,4II_B.1.1,4II_B,4II,OQ567869,9871,97.11727666,2020,Paraguay: San Lorenzo,Paraguay,OQ567869,2020
1579,OQ567870.1|2020-01-17,4II_B.1.1,4II_B,4II,OQ567870,9892,97.32388823,2020,Paraguay: Itagua,Paraguay,OQ567870,2020
1580,OQ567871.1|2020-01-20,4II_B.1.1,4II_B,4II,OQ567871,9852,96.93034238,2020,Paraguay: San Lorenzo,Paraguay,OQ567871,2020
1581,OQ567872.1|2021-02-22,4II_B.1.1,4II_B,4II,OQ567872,9809,96.5072806,2021,Paraguay: Pilar,Paraguay,OQ567872,2021
1582,OR389040.1|2011,4I_A.2,4I_A,4I,OR389040,10511,103.4140102,2011,Cambodia,Cambodia,OR389040,2011
1583,OR389041.1|1988,4II_B,4II_B,4II,OR389041,10511,103.4140102,1988,Colombia,Colombia,OR389041,1988
1584,OR389045.1|2008,4I_A.3,4I_A,4I,OR389045,10511,103.4140102,2008,Myanmar,Myanmar,OR389045,2008
1585,OR389046.1|2003,4I_B,4I_B,4I,OR389046,10511,103.4140102,2003,Sri Lanka,Sri Lanka,OR389046,2003
1586,OR389345.1|1989,4II_B,4II_B,4II,OR389345,10511,103.4140102,1989,Dominican Republic,Dominican Republic,OR389345,1989
1587,OR389346.1|1987,4II_B,4II_B,4II,OR389346,10511,103.4140102,1987,El Salvador,El Salvador,OR389346,1987
1588,OR389347.1|1961,4II_B,4II_B,4II,OR389347,10511,103.4140102,1961,India,India,OR389347,1961
1589,OR389348.1|1961,4I,4I,4I,OR389348,10511,103.4140102,1961,India,India,OR389348,1961
1590,OR389349.1|1965,4I,4I,4I,OR389349,10511,103.4140102,1965,India,India,OR389349,1965
1591,OR389350.1|1984,4I,4I,4I,OR389350,10511,103.4140102,1984,Indonesia,Indonesia,OR389350,1984
1592,OR389351.1|1985,4II_B,4II_B,4II,OR389351,10511,103.4140102,1985,Indonesia,Indonesia,OR389351,1985
1593,OR389352.1|1978,4I,4I,4I,OR389352,10511,103.4140102,1978,Sri Lanka,Sri Lanka,OR389352,1978
1594,OR389353.1|1988,4I_B,4I_B,4I,OR389353,10511,103.4140102,1988,Taiwan,Taiwan,OR389353,1988
1595,OR389354.1|1990,4I,4I,4I,OR389354,10511,103.4140102,1990,Venezuela,Venezuela,OR389354,1990
1596,OR389355.1|1990,4II_B,4II_B,4II,OR389355,10511,103.4140102,1990,Venezuela,Venezuela,OR389355,1990
1597,OR162320.1|2022-11-15,4II_B.1.2,4II_B,4II,OR162320,10508,103.3844943,2022,USA: FL,USA,OR162320,2022
1598,OQ603316.1|2013-09-18,4II_B.1,4II_B,4II,OQ603316,10490,103.2073987,2013,Colombia: Risaralda,Colombia,OQ603316,2013
1599,OQ603317.1|2016-05-21,4II_B.1,4II_B,4II,OQ603317,10100,99.37032664,2016,Colombia: Quindio,Colombia,OQ603317,2016
1600,OQ821624.1|2020-03-19,4II_B.1.1,4II_B,4II,OQ821624,10511,103.4140102,2020,Paraguay,Paraguay,OQ821624,2020
1601,OQ821625.1|2016-02-05,4II_B.1,4II_B,4II,OQ821625,10511,103.4140102,2016,Cuba,Cuba,OQ821625,2016
1602,OQ821626.1|2013-12-06,4II_B.1,4II_B,4II,OQ821626,10534,103.6402991,2013,Cuba,Cuba,OQ821626,2013
1603,OQ821627.1|2014-08-06,4II_B.1,4II_B,4II,OQ821627,10511,103.4140102,2014,Cuba,Cuba,OQ821627,2014
1604,OQ821628.1|2012-08-20,4II_B.1,4II_B,4II,OQ821628,10376,102.085793,2012,Cuba,Cuba,OQ821628,2012
1605,OQ821629.1|2012-10-03,4II_B.1,4II_B,4II,OQ821629,10376,102.085793,2012,Cuba,Cuba,OQ821629,2012
1606,OQ821630.1|2014-03-13,4II_B.1.1,4II_B,4II,OQ821630,10376,102.085793,2014,Bolivia,Bolivia,OQ821630,2014
1607,OQ821631.1|2013-09-04,4II_B,4II_B,4II,OQ821631,10064,99.01613538,2013,Puerto Rico,USA,OQ821631,2013
1608,OQ821632.1|2010-08-05,4II_B,4II_B,4II,OQ821632,10511,103.4140102,2010,Puerto Rico,USA,OQ821632,2010
1609,OQ821633.1|2013-09-06,4II_B,4II_B,4II,OQ821633,10511,103.4140102,2013,Haiti,Haiti,OQ821633,2013
1610,OQ821634.1|2014-06-21,4II_B,4II_B,4II,OQ821634,10511,103.4140102,2014,Dominican Republic,Dominican Republic,OQ821634,2014
1611,OQ821635.1|2022-12-20,4II_B.1.2,4II_B,4II,OQ821635,9566,94.11648957,2022,Cuba,Cuba,OQ821635,2022
1612,OQ821636.1|2022-11-15,4II_B.1.2,4II_B,4II,OQ821636,9961,98.00275482,2022,Cuba,Cuba,OQ821636,2022
1613,OQ821637.1|2022-06-19,4II_B.1.2,4II_B,4II,OQ821637,9649,94.93309721,2022,Cuba,Cuba,OQ821637,2022
1614,OQ821638.1|2022-07-21,4II_B.1.2,4II_B,4II,OQ821638,10092,99.29161747,2022,Cuba,Cuba,OQ821638,2022
1615,OQ821639.1|2022-06-15,4II_B.1.2,4II_B,4II,OQ821639,10053,98.90791027,2022,Cuba,Cuba,OQ821639,2022
1616,OQ821640.1|2022-07-05,4II_B.1.2,4II_B,4II,OQ821640,10073,99.1046832,2022,Cuba,Cuba,OQ821640,2022
1617,OQ821641.1|2022-07-11,4II_B.1.2,4II_B,4II,OQ821641,10099,99.360488,2022,Cuba,Cuba,OQ821641,2022
1618,OQ821642.1|2022-06-24,4II_B.1.2,4II_B,4II,OQ821642,10099,99.360488,2022,Cuba,Cuba,OQ821642,2022
1619,OQ821643.1|2022-07-15,4II_B.1.2,4II_B,4II,OQ821643,9953,97.92404565,2022,Cuba,Cuba,OQ821643,2022
1620,OQ821644.1|2022-10-22,4II_B.2,4II_B,4II,OQ821644,10364,101.9677292,2022,Nicaragua,Nicaragua,OQ821644,2022
1621,OQ821645.1|2022-09-10,4II_B.2,4II_B,4II,OQ821645,10511,103.4140102,2022,Nicaragua,Nicaragua,OQ821645,2022
1622,OQ821646.1|2022-08-24,4II_B.2,4II_B,4II,OQ821646,10376,102.085793,2022,El Salvador,El Salvador,OQ821646,2022
1623,OQ821647.1|2013-08-18,4II_A.1,4II_A,4II,OQ821647,10376,102.085793,2013,Puerto Rico,USA,OQ821647,2013
1624,OQ821648.1|2013-08-14,4II_A.1,4II_A,4II,OQ821648,10376,102.085793,2013,Puerto Rico,USA,OQ821648,2013
1625,OQ821649.1|2016-03-21,4II_A.1,4II_A,4II,OQ821649,10511,103.4140102,2016,Jamaica,Jamaica,OQ821649,2016
1626,OQ821650.1|2013-08-21,4II_A.1,4II_A,4II,OQ821650,10376,102.085793,2013,Dominica,Dominica,OQ821650,2013
1627,OQ678015.1|2019-10-21,4I_A.1.1,4I_A,4I,OQ678015,10337,101.7020858,2019,Cambodia,Cambodia,OQ678015,2019
1628,OQ445963.1|2022-08-10,4II_B.1.2,4II_B,4II,OQ445963,10163,99.99016135,2022,USA: Florida,USA,OQ445963,2022
1629,OQ445964.1|2022-10-08,4II_B.1.2,4II_B,4II,OQ445964,10163,99.99016135,2022,USA: Florida,USA,OQ445964,2022
1630,OQ445965.1|2022-10-24,4II_B.1.2,4II_B,4II,OQ445965,10163,99.99016135,2022,USA: Florida,USA,OQ445965,2022
1631,OQ445966.1|2022-10-26,4II_B.1.2,4II_B,4II,OQ445966,10163,99.99016135,2022,USA: Florida,USA,OQ445966,2022
1632,OQ445967.1|2022-11-03,4II_B.2,4II_B,4II,OQ445967,10163,99.99016135,2022,USA: Florida,USA,OQ445967,2022
1633,OQ426977.1|2018-02-02,4I_A.1.2,4I_A,4I,OQ426977,10593,104.2207792,2018,Viet Nam: Nha Trang,Viet Nam,OQ426977,2018
1634,OQ426978.1|2018-12-07,4I_A.1.1,4I_A,4I,OQ426978,10593,104.2207792,2018,Viet Nam: Nha Trang,Viet Nam,OQ426978,2018
1635,OQ426979.1|2017-08-24,4I_A.1.2,4I_A,4I,OQ426979,10593,104.2207792,2017,Viet Nam: Nha Trang,Viet Nam,OQ426979,2017
1636,OQ426980.1|2017-09-07,4I_A.1.1,4I_A,4I,OQ426980,10593,104.2207792,2017,Viet Nam: Nha Trang,Viet Nam,OQ426980,2017
1637,OQ426981.1|2018-11-23,4I_A.1.1,4I_A,4I,OQ426981,10593,104.2207792,2018,Viet Nam: Nha Trang,Viet Nam,OQ426981,2018
1638,OQ426982.1|2018-12-18,4I_A.1.1,4I_A,4I,OQ426982,10593,104.2207792,2018,Viet Nam: Nha Trang,Viet Nam,OQ426982,2018
1639,OQ426983.1|2017-09-06,4I_A.1.1,4I_A,4I,OQ426983,10593,104.2207792,2017,Viet Nam: Nha Trang,Viet Nam,OQ426983,2017
1640,OQ426984.1|2017-01-03,4I_A.3,4I_A,4I,OQ426984,10593,104.2207792,2017,Viet Nam: Nha Trang,Viet Nam,OQ426984,2017
1641,OQ426985.1|2017-02-17,4I_A.1.2,4I_A,4I,OQ426985,10593,104.2207792,2017,Viet Nam: Nha Trang,Viet Nam,OQ426985,2017
1642,OQ426986.1|2017-08-11,4I_A.1.1,4I_A,4I,OQ426986,10593,104.2207792,2017,Viet Nam: Nha Trang,Viet Nam,OQ426986,2017
1643,OQ426987.1|2017-09-06,4I_A.1.1,4I_A,4I,OQ426987,10593,104.2207792,2017,Viet Nam: Nha Trang,Viet Nam,OQ426987,2017
1644,OQ426988.1|2017-09-14,4I_A.1.1,4I_A,4I,OQ426988,10593,104.2207792,2017,Viet Nam: Nha Trang,Viet Nam,OQ426988,2017
1645,OQ426989.1|2018-01-15,4I_A.1.2,4I_A,4I,OQ426989,10593,104.2207792,2018,Viet Nam: Nha Trang,Viet Nam,OQ426989,2018
1646,OQ426990.1|2018-03-19,4I_A.1.2,4I_A,4I,OQ426990,10593,104.2207792,2018,Viet Nam: Nha Trang,Viet Nam,OQ426990,2018
1647,OQ426991.1|2018-06-05,4I_A.1.1,4I_A,4I,OQ426991,10593,104.2207792,2018,Viet Nam: Nha Trang,Viet Nam,OQ426991,2018
1648,OQ426992.1|2018-07-05,4I_A.1.1,4I_A,4I,OQ426992,10593,104.2207792,2018,Viet Nam: Nha Trang,Viet Nam,OQ426992,2018
1649,OQ426993.1|2018-08-31,4I_A.1.1,4I_A,4I,OQ426993,10593,104.2207792,2018,Viet Nam: Nha Trang,Viet Nam,OQ426993,2018
1650,OQ426994.1|2018-09-20,4I_A.1.1,4I_A,4I,OQ426994,10593,104.2207792,2018,Viet Nam: Nha Trang,Viet Nam,OQ426994,2018
1651,OQ426995.1|2018-10-04,4I_A.1.1,4I_A,4I,OQ426995,10593,104.2207792,2018,Viet Nam: Nha Trang,Viet Nam,OQ426995,2018
1652,OQ426996.1|2018-10-08,4I_A.1.1,4I_A,4I,OQ426996,10593,104.2207792,2018,Viet Nam: Nha Trang,Viet Nam,OQ426996,2018
1653,OQ426997.1|2019-03-04,4I_A.1.1,4I_A,4I,OQ426997,10593,104.2207792,2019,Viet Nam: Nha Trang,Viet Nam,OQ426997,2019
1654,OQ426998.1|2019-04-01,4I_A.1.1,4I_A,4I,OQ426998,10593,104.2207792,2019,Viet Nam: Nha Trang,Viet Nam,OQ426998,2019
1655,OQ426999.1|2019-04-10,4I_A.1.1,4I_A,4I,OQ426999,10593,104.2207792,2019,Viet Nam: Nha Trang,Viet Nam,OQ426999,2019
1656,OQ427000.1|2017-09-07,4I_A.1.1,4I_A,4I,OQ427000,10593,104.2207792,2017,Viet Nam: Nha Trang,Viet Nam,OQ427000,2017
1657,OQ427001.1|2017-08-10,4I_A.1.1,4I_A,4I,OQ427001,10593,104.2207792,2017,Viet Nam: Nha Trang,Viet Nam,OQ427001,2017
1658,OQ427002.1|2017-08-23,4I_A.1.2,4I_A,4I,OQ427002,10593,104.2207792,2017,Viet Nam: Nha Trang,Viet Nam,OQ427002,2017
1659,OQ427003.1|2017-08-28,4I_A.1.2,4I_A,4I,OQ427003,10593,104.2207792,2017,Viet Nam: Nha Trang,Viet Nam,OQ427003,2017
1660,OQ427004.1|2017-08-31,4I_A.1.2,4I_A,4I,OQ427004,10593,104.2207792,2017,Viet Nam: Nha Trang,Viet Nam,OQ427004,2017
1661,OQ427005.1|2017-08-11,4I_A.1.1,4I_A,4I,OQ427005,10593,104.2207792,2017,Viet Nam: Nha Trang,Viet Nam,OQ427005,2017
1662,OQ427006.1|2017-09-13,4I_A.1.2,4I_A,4I,OQ427006,10593,104.2207792,2017,Viet Nam: Nha Trang,Viet Nam,OQ427006,2017
1663,OQ427007.1|2017-09-21,4I_A.1.2,4I_A,4I,OQ427007,10593,104.2207792,2017,Viet Nam: Nha Trang,Viet Nam,OQ427007,2017
1664,OQ427008.1|2017-12-18,4I_A.1.1,4I_A,4I,OQ427008,10593,104.2207792,2017,Viet Nam: Nha Trang,Viet Nam,OQ427008,2017
1665,OQ427009.1|2017-12-29,4I_A.1.1,4I_A,4I,OQ427009,10593,104.2207792,2017,Viet Nam: Nha Trang,Viet Nam,OQ427009,2017
1666,OQ427010.1|2018-01-08,4I_A.1.1,4I_A,4I,OQ427010,10593,104.2207792,2018,Viet Nam: Nha Trang,Viet Nam,OQ427010,2018
1667,OQ427011.1|2018-01-16,4I_A.1.1,4I_A,4I,OQ427011,10593,104.2207792,2018,Viet Nam: Nha Trang,Viet Nam,OQ427011,2018
1668,OQ427012.1|2018-03-01,4I_A.1.1,4I_A,4I,OQ427012,10593,104.2207792,2018,Viet Nam: Nha Trang,Viet Nam,OQ427012,2018
1669,OQ427013.1|2018-03-09,4I_A.1.2,4I_A,4I,OQ427013,10593,104.2207792,2018,Viet Nam: Nha Trang,Viet Nam,OQ427013,2018
1670,OQ427014.1|2018-05-25,4I_A.1.1,4I_A,4I,OQ427014,10593,104.2207792,2018,Viet Nam: Nha Trang,Viet Nam,OQ427014,2018
1671,OQ427015.1|2018-06-10,4I_A.1.1,4I_A,4I,OQ427015,10593,104.2207792,2018,Viet Nam: Nha Trang,Viet Nam,OQ427015,2018
1672,OQ427016.1|2018-06-22,4I_A.1.1,4I_A,4I,OQ427016,10593,104.2207792,2018,Viet Nam: Nha Trang,Viet Nam,OQ427016,2018
1673,OQ427017.1|2018-07-01,4I_A.1.1,4I_A,4I,OQ427017,10593,104.2207792,2018,Viet Nam: Nha Trang,Viet Nam,OQ427017,2018
1674,OQ427018.1|2018-07-03,4I_A.1.1,4I_A,4I,OQ427018,10593,104.2207792,2018,Viet Nam: Nha Trang,Viet Nam,OQ427018,2018
1675,OQ427019.1|2018-07-26,4I_A.1.1,4I_A,4I,OQ427019,10593,104.2207792,2018,Viet Nam: Nha Trang,Viet Nam,OQ427019,2018
1676,OQ427020.1|2018-08-23,4I_A.1.1,4I_A,4I,OQ427020,10593,104.2207792,2018,Viet Nam: Nha Trang,Viet Nam,OQ427020,2018
1677,OQ427021.1|2018-09-08,4I_A.1.1,4I_A,4I,OQ427021,10593,104.2207792,2018,Viet Nam: Nha Trang,Viet Nam,OQ427021,2018
1678,OQ427022.1|2019-03-22,4I_A.1.1,4I_A,4I,OQ427022,10593,104.2207792,2019,Viet Nam: Nha Trang,Viet Nam,OQ427022,2019
1679,OQ427023.1|2018-10-15,4I_A.1.1,4I_A,4I,OQ427023,10593,104.2207792,2018,Viet Nam: Nha Trang,Viet Nam,OQ427023,2018
1680,OQ427024.1|2018-10-26,4I_A.1.1,4I_A,4I,OQ427024,10593,104.2207792,2018,Viet Nam: Nha Trang,Viet Nam,OQ427024,2018
1681,OQ427025.1|2018-10-30,4I_A.1.1,4I_A,4I,OQ427025,10593,104.2207792,2018,Viet Nam: Nha Trang,Viet Nam,OQ427025,2018
1682,OQ427026.1|2018-11-05,4I_A.1.1,4I_A,4I,OQ427026,10593,104.2207792,2018,Viet Nam: Nha Trang,Viet Nam,OQ427026,2018
1683,OQ427027.1|2018-11-13,4I_A.1.2,4I_A,4I,OQ427027,10593,104.2207792,2018,Viet Nam: Nha Trang,Viet Nam,OQ427027,2018
1684,OQ427028.1|2018-11-16,4I_A.1.1,4I_A,4I,OQ427028,10593,104.2207792,2018,Viet Nam: Nha Trang,Viet Nam,OQ427028,2018
1685,OQ427029.1|2018-11-19,4I_A.1.1,4I_A,4I,OQ427029,10593,104.2207792,2018,Viet Nam: Nha Trang,Viet Nam,OQ427029,2018
1686,OQ427030.1|2018-11-20,4I_A.1.1,4I_A,4I,OQ427030,10593,104.2207792,2018,Viet Nam: Nha Trang,Viet Nam,OQ427030,2018
1687,OQ427031.1|2018-11-21,4I_A.1.1,4I_A,4I,OQ427031,10593,104.2207792,2018,Viet Nam: Nha Trang,Viet Nam,OQ427031,2018
1688,OQ427032.1|2018-11-30,4I_A.1.1,4I_A,4I,OQ427032,10593,104.2207792,2018,Viet Nam: Nha Trang,Viet Nam,OQ427032,2018
1689,OQ427033.1|2018-12-12,4I_A.1.1,4I_A,4I,OQ427033,10593,104.2207792,2018,Viet Nam: Nha Trang,Viet Nam,OQ427033,2018
1690,OQ427034.1|2018-12-18,4I_A.1.1,4I_A,4I,OQ427034,10593,104.2207792,2018,Viet Nam: Nha Trang,Viet Nam,OQ427034,2018
1691,OQ427035.1|2018-12-18,4I_A.1.1,4I_A,4I,OQ427035,10593,104.2207792,2018,Viet Nam: Nha Trang,Viet Nam,OQ427035,2018
1692,OQ427036.1|2018-12-20,4I_A.1.1,4I_A,4I,OQ427036,10593,104.2207792,2018,Viet Nam: Nha Trang,Viet Nam,OQ427036,2018
1693,OQ427037.1|2018-12-21,4I_A.1.1,4I_A,4I,OQ427037,10593,104.2207792,2018,Viet Nam: Nha Trang,Viet Nam,OQ427037,2018
1694,OQ427038.1|2018-12-21,4I_A.1.1,4I_A,4I,OQ427038,10593,104.2207792,2018,Viet Nam: Nha Trang,Viet Nam,OQ427038,2018
1695,OQ427039.1|2019-01-03,4I_A.1.1,4I_A,4I,OQ427039,10593,104.2207792,2019,Viet Nam: Nha Trang,Viet Nam,OQ427039,2019
1696,OQ427040.1|2019-01-04,4I_A.1.1,4I_A,4I,OQ427040,10593,104.2207792,2019,Viet Nam: Nha Trang,Viet Nam,OQ427040,2019
1697,OQ427041.1|2019-01-07,4I_A.1.2,4I_A,4I,OQ427041,10593,104.2207792,2019,Viet Nam: Nha Trang,Viet Nam,OQ427041,2019
1698,OQ427042.1|2019-01-08,4I_A.1.1,4I_A,4I,OQ427042,10593,104.2207792,2019,Viet Nam: Nha Trang,Viet Nam,OQ427042,2019
1699,OQ427043.1|2019-01-10,4I_A.1.1,4I_A,4I,OQ427043,10593,104.2207792,2019,Viet Nam: Nha Trang,Viet Nam,OQ427043,2019
1700,OQ427044.1|2019-01-11,4I_A.1.1,4I_A,4I,OQ427044,10593,104.2207792,2019,Viet Nam: Nha Trang,Viet Nam,OQ427044,2019
1701,OQ427045.1|2019-01-14,4I_A.1.1,4I_A,4I,OQ427045,10593,104.2207792,2019,Viet Nam: Nha Trang,Viet Nam,OQ427045,2019
1702,OQ427046.1|2019-01-15,4I_A.1.2,4I_A,4I,OQ427046,10593,104.2207792,2019,Viet Nam: Nha Trang,Viet Nam,OQ427046,2019
1703,OQ427048.1|2019-01-15,4I_A.1.1,4I_A,4I,OQ427048,10593,104.2207792,2019,Viet Nam: Nha Trang,Viet Nam,OQ427048,2019
1704,OQ427049.1|2019-01-21,4I_A.1.2,4I_A,4I,OQ427049,10593,104.2207792,2019,Viet Nam: Nha Trang,Viet Nam,OQ427049,2019
1705,OQ427051.1|2019-01-25,4I_A.1.1,4I_A,4I,OQ427051,10593,104.2207792,2019,Viet Nam: Nha Trang,Viet Nam,OQ427051,2019
1706,OQ427052.1|2019-02-12,4I_A.1.1,4I_A,4I,OQ427052,10593,104.2207792,2019,Viet Nam: Nha Trang,Viet Nam,OQ427052,2019
1707,OQ427053.1|2019-02-14,4I_A.1.1,4I_A,4I,OQ427053,10593,104.2207792,2019,Viet Nam: Nha Trang,Viet Nam,OQ427053,2019
1708,OQ427054.1|2018-10-12,4I_A.1.1,4I_A,4I,OQ427054,10593,104.2207792,2018,Viet Nam: Nha Trang,Viet Nam,OQ427054,2018
1709,OQ427055.1|2018-10-17,4I_A.1.1,4I_A,4I,OQ427055,10593,104.2207792,2018,Viet Nam: Nha Trang,Viet Nam,OQ427055,2018
1710,OQ427056.1|2018-10-22,4I_A.1.1,4I_A,4I,OQ427056,10593,104.2207792,2018,Viet Nam: Nha Trang,Viet Nam,OQ427056,2018
1711,OQ427057.1|2018-10-30,4I_A.1.1,4I_A,4I,OQ427057,10593,104.2207792,2018,Viet Nam: Nha Trang,Viet Nam,OQ427057,2018
1712,OQ427058.1|2018-11-16,4I_A.1.1,4I_A,4I,OQ427058,10593,104.2207792,2018,Viet Nam: Nha Trang,Viet Nam,OQ427058,2018
1713,OQ427059.1|2018-11-23,4I_A.1.1,4I_A,4I,OQ427059,10593,104.2207792,2018,Viet Nam: Nha Trang,Viet Nam,OQ427059,2018
1714,OQ427060.1|2018-11-30,4I_A.1.1,4I_A,4I,OQ427060,10593,104.2207792,2018,Viet Nam: Nha Trang,Viet Nam,OQ427060,2018
1715,OQ427061.1|2018-12-24,4I_A.1.1,4I_A,4I,OQ427061,10593,104.2207792,2018,Viet Nam: Nha Trang,Viet Nam,OQ427061,2018
1716,OQ427062.1|2018-12-25,4I_A.1.2,4I_A,4I,OQ427062,10593,104.2207792,2018,Viet Nam: Nha Trang,Viet Nam,OQ427062,2018
1717,OP600478.1|2020-08,4II_A.1,4II_A,4II,OP600478,10474,103.0499803,2020,Malaysia,Malaysia,OP600478,2020
1718,OP600495.1|2020-09,4II_A.1,4II_A,4II,OP600495,10594,104.2306179,2020,Malaysia,Malaysia,OP600495,2020
1719,OP600496.1|2021-09,4II_A.1,4II_A,4II,OP600496,10595,104.2404565,2021,Malaysia,Malaysia,OP600496,2021
1720,OP600497.1|2020-05,4II_A.1,4II_A,4II,OP600497,10599,104.2798111,2020,Malaysia,Malaysia,OP600497,2020
1721,OP600498.1|2021-11,4II_A.1,4II_A,4II,OP600498,10273,101.0724124,2021,Malaysia,Malaysia,OP600498,2021
1722,OP600499.1|2022-06,4II_A.1,4II_A,4II,OP600499,10600,104.2896497,2022,Malaysia,Malaysia,OP600499,2022
1723,OP600506.1|2020-07,4II_A.1,4II_A,4II,OP600506,10308,101.4167651,2020,Malaysia,Malaysia,OP600506,2020
1724,OP600507.1|2020-10,4II_A.1,4II_A,4II,OP600507,10281,101.1511216,2020,Malaysia,Malaysia,OP600507,2020
1725,OP600508.1|2021-11,4II_A.1,4II_A,4II,OP600508,10274,101.0822511,2021,Malaysia,Malaysia,OP600508,2021
1726,OP600509.1|2022-07,4II_A.1,4II_A,4II,OP600509,10595,104.2404565,2022,Malaysia,Malaysia,OP600509,2022
1727,OP600510.1|2022-07,4II_A.1,4II_A,4II,OP600510,10544,103.7386856,2022,Malaysia,Malaysia,OP600510,2022
1728,OP600511.1|2022-07,4II_A.1,4II_A,4II,OP600511,10605,104.338843,2022,Malaysia,Malaysia,OP600511,2022
1729,OP600512.1|2022-07,4II_A.1,4II_A,4II,OP600512,10620,104.4864227,2022,Malaysia,Malaysia,OP600512,2022
1730,OP604360.1|2022-07,4II_A.1,4II_A,4II,OP604360,10293,101.2691854,2022,Malaysia,Malaysia,OP604360,2022
1731,OP984198.1|2018,4I_B.1,4I_B,4I,OP984198,10228,100.6296734,2018,India,India,OP984198,2018
1732,OP895706.1|2018,4I_B.1,4I_B,4I,OP895706,10625,104.5356159,2018,India,India,OP895706,2018
1733,OP809584.1|2021,4I_B.1,4I_B,4I,OP809584,10560,103.8961039,2021,India,India,OP809584,2021
1734,OP809585.1|2021,4I_B.1,4I_B,4I,OP809585,10557,103.866588,2021,India,India,OP809585,2021
1735,OP809586.1|2021,4I_B.1,4I_B,4I,OP809586,10564,103.9354585,2021,India,India,OP809586,2021
1736,OP809587.1|2021,4I_B.1,4I_B,4I,OP809587,10569,103.9846517,2021,India,India,OP809587,2021
1737,OP809588.1|2021,4I_B.1,4I_B,4I,OP809588,10560,103.8961039,2021,India,India,OP809588,2021
1738,OP809589.1|2021,4I_B.1,4I_B,4I,OP809589,10559,103.8862652,2021,India,India,OP809589,2021
1739,OP809590.1|2021,4I_B.1,4I_B,4I,OP809590,10567,103.9649744,2021,India,India,OP809590,2021
1740,OP809591.1|2021,4I_B.1,4I_B,4I,OP809591,10557,103.866588,2021,India,India,OP809591,2021
1741,OP809592.1|2021,4I_B.1,4I_B,4I,OP809592,10564,103.9354585,2021,India,India,OP809592,2021
1742,OL314735.1|2019-05-21,4II_A.1,4II_A,4II,OL314735,10653,104.811098,2019,Indonesia,Indonesia,OL314735,2019
1743,OL314736.1|2019-05-21,4II_A.1,4II_A,4II,OL314736,10653,104.811098,2019,Indonesia,Indonesia,OL314736,2019
1744,OL314737.1|2019-05-23,4II_A.1,4II_A,4II,OL314737,10653,104.811098,2019,Indonesia,Indonesia,OL314737,2019
1745,OL314738.1|2019-05-26,4II_A.1,4II_A,4II,OL314738,10653,104.811098,2019,Indonesia,Indonesia,OL314738,2019
1746,OL314739.1|2019-05-26,4II_A.1,4II_A,4II,OL314739,10653,104.811098,2019,Indonesia,Indonesia,OL314739,2019
1747,OL314740.1|2019-05-30,4II_A,4II_A,4II,OL314740,10653,104.811098,2019,Indonesia,Indonesia,OL314740,2019
1748,OL314741.1|2019-06-20,4II_A.1,4II_A,4II,OL314741,10653,104.811098,2019,Indonesia,Indonesia,OL314741,2019
1749,OL314742.1|2019-06-25,4II_A.1,4II_A,4II,OL314742,10653,104.811098,2019,Indonesia,Indonesia,OL314742,2019
1750,OL314743.1|2019-06-24,4II_A.1,4II_A,4II,OL314743,10653,104.811098,2019,Indonesia,Indonesia,OL314743,2019
1751,OL314744.1|2019-06-26,4II_A.1,4II_A,4II,OL314744,10653,104.811098,2019,Indonesia,Indonesia,OL314744,2019
1752,OL314745.1|2019-06-28,4II_A.1,4II_A,4II,OL314745,10653,104.811098,2019,Indonesia,Indonesia,OL314745,2019
1753,OL314746.1|2019-06-28,4II_A.1,4II_A,4II,OL314746,10653,104.811098,2019,Indonesia,Indonesia,OL314746,2019
1754,OL314747.1|2019-07-06,4II_A.1,4II_A,4II,OL314747,10653,104.811098,2019,Indonesia,Indonesia,OL314747,2019
1755,OP410999.1|2009-08,4II_A,4II_A,4II,OP410999,10653,104.811098,2009,Singapore,Singapore,OP410999,2009
1756,OP411000.1|2017-10,4I_B.1,4I_B,4I,OP411000,10648,104.7619048,2017,Singapore,Singapore,OP411000,2017
1757,OP411001.1|2016-01,4II_A.1,4II_A,4II,OP411001,10653,104.811098,2016,Singapore,Singapore,OP411001,2016
1758,OP411002.1|2019-07,4II_A.1,4II_A,4II,OP411002,10653,104.811098,2019,Singapore,Singapore,OP411002,2019
1759,OP310809.1|2018,4I_B.1,4I_B,4I,OP310809,10635,104.6340024,2018,India,India,OP310809,2018
1760,OP310810.1|2018,4I_B.1,4I_B,4I,OP310810,10624,104.5257773,2018,India,India,OP310810,2018
1761,OP310811.1|2018,4I_B.1,4I_B,4I,OP310811,10562,103.9157812,2018,India,India,OP310811,2018
1762,OM641997.1|2012-06-01,4II_B.1.1,4II_B,4II,OM641997,9788,96.30066903,2012,Brazil,Brazil,OM641997,2012
1763,ON907584.1|2021-01-08,4II_A.1,4II_A,4II,ON907584,10295,101.2888627,2021,Malaysia,Malaysia,ON907584,2021
1764,ON908239.1|2021-01-08,4II_A.1,4II_A,4II,ON908239,10600,104.2896497,2021,Malaysia,Malaysia,ON908239,2021
1765,ON908240.1|2019-01-21,4I_A.3,4I_A,4I,ON908240,10582,104.1125541,2019,Myanmar,Myanmar,ON908240,2019
1766,ON908241.1|2018-05-17,4I_A.1.1,4I_A,4I,ON908241,10584,104.1322314,2018,Cambodia,Cambodia,ON908241,2018
1767,ON908242.1|2018-06-16,4I_A.1.1,4I_A,4I,ON908242,10583,104.1223928,2018,Cambodia,Cambodia,ON908242,2018
1768,ON908246.1|2017-09-11,4I_A.3,4I_A,4I,ON908246,10370,102.0267611,2017,Myanmar,Myanmar,ON908246,2017
1769,ON891118.1|2019-01-21,4I_A.3,4I_A,4I,ON891118,10335,101.6824085,2019,Myanmar,Myanmar,ON891118,2019
1770,ON891131.1|2021-01-08,4II_A.1,4II_A,4II,ON891131,10294,101.279024,2021,Malaysia,Malaysia,ON891131,2021
1771,ON891141.1|2018-05-17,4I_A.1.1,4I_A,4I,ON891141,10324,101.5741834,2018,Cambodia,Cambodia,ON891141,2018
1772,ON891143.1|2018-06-16,4I_A.1.1,4I_A,4I,ON891143,10322,101.5545061,2018,Cambodia,Cambodia,ON891143,2018
1773,ON891146.1|2017-09-11,4I_A.3,4I_A,4I,ON891146,10386,102.1841795,2017,Myanmar,Myanmar,ON891146,2017
1774,ON799402.1|2020,4I_B.1,4I_B,4I,ON799402,10649,104.7717434,2020,India,India,ON799402,2020
1775,ON799403.1|2018,4I_B.1,4I_B,4I,ON799403,10649,104.7717434,2018,India,India,ON799403,2018
1776,MW720989.1|2010-10,4II_A.2,4II_A,4II,MW720989,10644,104.7225502,2010,China,China,MW720989,2010
1777,MW720990.1|2010-10,4II_A.2,4II_A,4II,MW720990,10649,104.7717434,2010,China,China,MW720990,2010
1778,MW720991.1|2010-10,4II_A.2,4II_A,4II,MW720991,10650,104.7815821,2010,China,China,MW720991,2010
1779,MW720992.1|2010-10,4II_A.2,4II_A,4II,MW720992,10625,104.5356159,2010,China,China,MW720992,2010
1780,MW720993.1|2010-10,4II_A.2,4II_A,4II,MW720993,10639,104.6733569,2010,China,China,MW720993,2010
1781,MW720994.1|2010-10,4II_A.2,4II_A,4II,MW720994,10615,104.4372294,2010,China,China,MW720994,2010
1782,MW720995.1|2010-10,4II_A.2,4II_A,4II,MW720995,10650,104.7815821,2010,China,China,MW720995,2010
1783,MW720996.1|2010-10,4II_A.2,4II_A,4II,MW720996,10650,104.7815821,2010,China,China,MW720996,2010
1784,ON211314.1|2020-02,4II_B.1.1,4II_B,4II,ON211314,10588,104.171586,2020,Paraguay,Paraguay,ON211314,2020
1785,ON123668.1|2018,4I_B.1,4I_B,4I,ON123668,10649,104.7717434,2018,India,India,ON123668,2018
1786,ON045729.1|2004-06-11,4I_A.2,4I_A,4I,ON045729,10549,103.7878788,2004,Thailand,Thailand,ON045729,2004
1787,ON045730.1|2004-11-20,4I_A.2,4I_A,4I,ON045730,10549,103.7878788,2004,Thailand,Thailand,ON045730,2004
1788,ON045731.1|2004-11-26,4I_A.3,4I_A,4I,ON045731,10549,103.7878788,2004,Thailand,Thailand,ON045731,2004
1789,ON045732.1|2005-07-19,4I_A.2,4I_A,4I,ON045732,10549,103.7878788,2005,Thailand,Thailand,ON045732,2005
1790,ON005192.1|2011-06-24,4I_A.3,4I_A,4I,ON005192,10550,103.7977174,2011,Thailand,Thailand,ON005192,2011
1791,OK469357.1|1963,4I,4I,4I,OK469357,10611,104.3978749,1963,Puerto Rico,USA,OK469357,1963
1792,OK469358.1|1976,4I_A,4I_A,4I,OK469358,10598,104.2699725,1976,Myanmar,Myanmar,OK469358,1976
1793,OK469359.1|1980,4II_B,4II_B,4II,OK469359,10485,103.1582054,1980,Kiribati,Kiribati,OK469359,1980
1794,OK469360.1|1980,4II_B,4II_B,4II,OK469360,10579,104.0830382,1980,Niue,Niue,OK469360,1980
1795,OK469361.1|1990,4II_B,4II_B,4II,OK469361,10607,104.3585203,1990,Singapore,Singapore,OK469361,1990
1796,OK469362.1|1995,4II_B,4II_B,4II,OK469362,10608,104.3683589,1995,Singapore,Singapore,OK469362,1995
1797,OM639994.1|2021-11-16,4I_B.1,4I_B,4I,OM639994,10636,104.643841,2021,India: Uttar Pradesh,India,OM639994,2021
1798,OM639996.1|2021-11-16,4I_B.1,4I_B,4I,OM639996,10619,104.476584,2021,India: Uttar Pradesh,India,OM639996,2021
1799,OM639997.1|2021-11-16,4I_B.1,4I_B,4I,OM639997,10606,104.3486816,2021,India: Uttar Pradesh,India,OM639997,2021
1800,OM639998.1|2021-11-16,4I_B.1,4I_B,4I,OM639998,10644,104.7225502,2021,India: Uttar Pradesh,India,OM639998,2021
1801,OM639999.1|2021-11-29,4I_B.1,4I_B,4I,OM639999,10641,104.6930342,2021,India: Punjab,India,OM639999,2021
1802,OM640000.1|2021-11-16,4I_B.1,4I_B,4I,OM640000,10599,104.2798111,2021,India: Uttar Pradesh,India,OM640000,2021
1803,OM417337.1|2010-11-04,4II_B.2,4II_B,4II,OM417337,9872,97.12711531,2010,Mexico: Chiapas,Mexico,OM417337,2010
1804,OM417338.1|2010-10-27,4II_B.2,4II_B,4II,OM417338,9872,97.12711531,2010,Mexico: San Luis Potosi,Mexico,OM417338,2010
1805,OM417339.1|2011-10-10,4II_B.2,4II_B,4II,OM417339,9872,97.12711531,2011,Mexico: Jalisco,Mexico,OM417339,2011
1806,OM417342.1|2021-10-14,4II_B.2,4II_B,4II,OM417342,9868,97.08776072,2021,Mexico: Chiapas,Mexico,OM417342,2021
1807,OK605767.1|1976,4II_B,4II_B,4II,OK605767,10648,104.7619048,1976,Indonesia,Indonesia,OK605767,1976
1808,OK605768.1|1982,4II_B,4II_B,4II,OK605768,10649,104.7717434,1982,Brazil,Brazil,OK605768,1982
1809,OK605769.1|1983,4I_B,4I_B,4I,OK605769,10651,104.7914207,1983,Senegal,Senegal,OK605769,1983
1810,OK605770.1|2006,4II_B.1,4II_B,4II,OK605770,10649,104.7717434,2006,Ecuador,Ecuador,OK605770,2006
1811,OK605771.1|1994,4I_A,4I_A,4I,OK605771,10650,104.7815821,1994,Thailand,Thailand,OK605771,1994
1812,MW788988.1|2017-06,4I_A.3,4I_A,4I,MW788988,10574,104.0338449,2017,Myanmar: Yangon,Myanmar,MW788988,2017
1813,MW788989.1|2017-06,4I_A.3,4I_A,4I,MW788989,10607,104.3585203,2017,Myanmar: Yangon,Myanmar,MW788989,2017
1814,MW788990.1|2017-07,4I_A.3,4I_A,4I,MW788990,10603,104.3191657,2017,Myanmar: Yangon,Myanmar,MW788990,2017
1815,MW788991.1|2017-08,4I_A.3,4I_A,4I,MW788991,10603,104.3191657,2017,Myanmar: Yangon,Myanmar,MW788991,2017
1816,MW788992.1|2017-08,4I_A.3,4I_A,4I,MW788992,10547,103.7682015,2017,Myanmar: Yangon,Myanmar,MW788992,2017
1817,MW788993.1|2017-06,4I_A.3,4I_A,4I,MW788993,10511,103.4140102,2017,Myanmar: Yangon,Myanmar,MW788993,2017
1818,MW788994.1|2017-06,4I_A.3,4I_A,4I,MW788994,10605,104.338843,2017,Myanmar: Yangon,Myanmar,MW788994,2017
1819,MW788995.1|2017-06,4I_A.3,4I_A,4I,MW788995,10605,104.338843,2017,Myanmar: Yangon,Myanmar,MW788995,2017
1820,MW788996.1|2017-06,4I_A.3,4I_A,4I,MW788996,10605,104.338843,2017,Myanmar: Yangon,Myanmar,MW788996,2017
1821,MW788997.1|2017-07,4I_A.3,4I_A,4I,MW788997,10602,104.309327,2017,Myanmar: Yangon,Myanmar,MW788997,2017
1822,MW788998.1|2018-05,4I_A.3,4I_A,4I,MW788998,10605,104.338843,2018,Myanmar: Yangon,Myanmar,MW788998,2018
1823,MW788999.1|2018-05,4I_A.3,4I_A,4I,MW788999,10530,103.6009445,2018,Myanmar: Yangon,Myanmar,MW788999,2018
1824,MW789000.1|2018-07,4I_A.3,4I_A,4I,MW789000,10603,104.3191657,2018,Myanmar: Yangon,Myanmar,MW789000,2018
1825,MW789001.1|2018-11,4I_A.3,4I_A,4I,MW789001,10598,104.2699725,2018,Myanmar: Yangon,Myanmar,MW789001,2018
1826,MW789002.1|2018-07,4I_A.3,4I_A,4I,MW789002,10599,104.2798111,2018,Myanmar: Yangon,Myanmar,MW789002,2018
1827,MW789003.1|2018-07,4I_A.3,4I_A,4I,MW789003,10603,104.3191657,2018,Myanmar: Yangon,Myanmar,MW789003,2018
1828,MW789004.1|2018-07,4I_A.3,4I_A,4I,MW789004,10557,103.866588,2018,Myanmar: Yangon,Myanmar,MW789004,2018
1829,MW789005.1|2018-07,4I_A.3,4I_A,4I,MW789005,10586,104.1519087,2018,Myanmar: Yangon,Myanmar,MW789005,2018
1830,MW789006.1|2018-07,4I_A.3,4I_A,4I,MW789006,10589,104.1814246,2018,Myanmar: Yangon,Myanmar,MW789006,2018
1831,MW789007.1|2018-10,4I_A.3,4I_A,4I,MW789007,10558,103.8764266,2018,Myanmar: Yangon,Myanmar,MW789007,2018
1832,MZ976858.1|2019-07-07,4I_A.1.1,4I_A,4I,MZ976858,10337,101.7020858,2019,Cambodia,Cambodia,MZ976858,2019
1833,MZ976859.1|2019-08-07,4I_A.1.1,4I_A,4I,MZ976859,10337,101.7020858,2019,Cambodia,Cambodia,MZ976859,2019
1834,MZ976860.1|2020-08-03,4I_A.1.1,4I_A,4I,MZ976860,10337,101.7020858,2020,Cambodia,Cambodia,MZ976860,2020
1835,MW192825.1|2017-07,4I_B.1,4I_B,4I,MW192825,10161,99.97048406,2017,India,India,MW192825,2017
1836,MW945436.1|1998,4II_B,4II_B,4II,MW945436,10167,100.0295159,1998,Puerto Rico,USA,MW945436,1998
1837,MW945437.1|1999,4II_B,4II_B,4II,MW945437,10167,100.0295159,1999,Puerto Rico,USA,MW945437,1999
1838,MW945454.1|1994,4I_A,4I_A,4I,MW945454,10164,100,1994,Thailand,Thailand,MW945454,1994
1839,MW945455.1|2001,4I_A.2,4I_A,4I,MW945455,10164,100,2001,Thailand,Thailand,MW945455,2001
1840,MW945456.1|2003,4I_A.2,4I_A,4I,MW945456,10164,100,2003,Thailand,Thailand,MW945456,2003
1841,MW945457.1|2006,4I_A.2,4I_A,4I,MW945457,10164,100,2006,Thailand,Thailand,MW945457,2006
1842,MW945458.1|1994,4I_A,4I_A,4I,MW945458,10164,100,1994,Thailand,Thailand,MW945458,1994
1843,MW945459.1|2014,4I_A.3,4I_A,4I,MW945459,10164,100,2014,Thailand,Thailand,MW945459,2014
1844,MW945460.1|2002,4I_A.2,4I_A,4I,MW945460,10164,100,2002,Thailand,Thailand,MW945460,2002
1845,MW945461.1|1994,4I_A,4I_A,4I,MW945461,10164,100,1994,Thailand,Thailand,MW945461,1994
1846,MW945462.1|2006,4I_A.2,4I_A,4I,MW945462,10164,100,2006,Thailand,Thailand,MW945462,2006
1847,MW945463.1|2006,4I_A.2,4I_A,4I,MW945463,10164,100,2006,Thailand,Thailand,MW945463,2006
1848,MW945464.1|2007,4I_A.2,4I_A,4I,MW945464,10164,100,2007,Thailand,Thailand,MW945464,2007
1849,MW945465.1|2006,4I_A.2,4I_A,4I,MW945465,10164,100,2006,Thailand,Thailand,MW945465,2006
1850,MW945466.1|2007,4I_A.2,4I_A,4I,MW945466,10164,100,2007,Thailand,Thailand,MW945466,2007
1851,MW945467.1|2006,4I_A.2,4I_A,4I,MW945467,10164,100,2006,Thailand,Thailand,MW945467,2006
1852,MW945468.1|2006,4I_A.2,4I_A,4I,MW945468,10164,100,2006,Thailand,Thailand,MW945468,2006
1853,MW945469.1|2004,4I_A.2,4I_A,4I,MW945469,10164,100,2004,Thailand,Thailand,MW945469,2004
1854,MW945470.1|2009,4I_A.2,4I_A,4I,MW945470,10164,100,2009,Thailand,Thailand,MW945470,2009
1855,MW945471.1|2001,4I_A.2,4I_A,4I,MW945471,10164,100,2001,Thailand,Thailand,MW945471,2001
1856,MW945472.1|2006,4I_A.2,4I_A,4I,MW945472,10164,100,2006,Thailand,Thailand,MW945472,2006
1857,MW945473.1|2002,4I_A.2,4I_A,4I,MW945473,10164,100,2002,Thailand,Thailand,MW945473,2002
1858,MW945474.1|2003,4I_A.2,4I_A,4I,MW945474,10164,100,2003,Thailand,Thailand,MW945474,2003
1859,MW945475.1|2004,4I_A.2,4I_A,4I,MW945475,10164,100,2004,Thailand,Thailand,MW945475,2004
1860,MW945476.1|1994,4I_A,4I_A,4I,MW945476,10164,100,1994,Thailand,Thailand,MW945476,1994
1861,MW945477.1|2006,4I_A.2,4I_A,4I,MW945477,10164,100,2006,Thailand,Thailand,MW945477,2006
1862,MW945478.1|2006,4I_A.2,4I_A,4I,MW945478,10164,100,2006,Thailand,Thailand,MW945478,2006
1863,MW945479.1|2006,4I_A.2,4I_A,4I,MW945479,10164,100,2006,Thailand,Thailand,MW945479,2006
1864,MW945480.1|2002,4I_A.2,4I_A,4I,MW945480,10164,100,2002,Thailand,Thailand,MW945480,2002
1865,MW945481.1|2006,4I_A.2,4I_A,4I,MW945481,10164,100,2006,Thailand,Thailand,MW945481,2006
1866,MW945482.1|2010,4I_A.2,4I_A,4I,MW945482,10164,100,2010,Thailand,Thailand,MW945482,2010
1867,MW945483.1|2004,4I_A.2,4I_A,4I,MW945483,10164,100,2004,Thailand,Thailand,MW945483,2004
1868,MW945484.1|2001,4I_A.2,4I_A,4I,MW945484,10164,100,2001,Thailand,Thailand,MW945484,2001
1869,MW945485.1|1996,4I_A,4I_A,4I,MW945485,10164,100,1996,Thailand,Thailand,MW945485,1996
1870,MW945486.1|2001,4I_A.2,4I_A,4I,MW945486,10164,100,2001,Thailand,Thailand,MW945486,2001
1871,MW945487.1|1995,4I_A,4I_A,4I,MW945487,10164,100,1995,Thailand,Thailand,MW945487,1995
1872,MW945488.1|2007,4I_A.2,4I_A,4I,MW945488,10164,100,2007,Thailand,Thailand,MW945488,2007
1873,MW945489.1|2006,4I_A.2,4I_A,4I,MW945489,10164,100,2006,Thailand,Thailand,MW945489,2006
1874,MW945490.1|2013,4I_A.3,4I_A,4I,MW945490,10164,100,2013,Thailand,Thailand,MW945490,2013
1875,MW945491.1|2005,4I_A.3,4I_A,4I,MW945491,10164,100,2005,Thailand,Thailand,MW945491,2005
1876,MW945492.1|1999,4I_A.2,4I_A,4I,MW945492,10164,100,1999,Thailand,Thailand,MW945492,1999
1877,MW945494.1|2002,4I_A.2,4I_A,4I,MW945494,10164,100,2002,Thailand,Thailand,MW945494,2002
1878,MW945495.1|2006,4I_A.2,4I_A,4I,MW945495,10164,100,2006,Thailand,Thailand,MW945495,2006
1879,MW945496.1|2006,4I_A.2,4I_A,4I,MW945496,10164,100,2006,Thailand,Thailand,MW945496,2006
1880,MW945497.1|2003,4I_A.2,4I_A,4I,MW945497,10164,100,2003,Thailand,Thailand,MW945497,2003
1881,MW945498.1|2010,4I_A.1,4I_A,4I,MW945498,10164,100,2010,Thailand,Thailand,MW945498,2010
1882,MW945499.1|2004,4I_A.3,4I_A,4I,MW945499,10164,100,2004,Thailand,Thailand,MW945499,2004
1883,MW945500.1|2003,4I_A.2,4I_A,4I,MW945500,10164,100,2003,Thailand,Thailand,MW945500,2003
1884,MW945501.1|2007,4I_A.2,4I_A,4I,MW945501,10164,100,2007,Thailand,Thailand,MW945501,2007
1885,MW945502.1|2011,4I_A.3,4I_A,4I,MW945502,10164,100,2011,Thailand,Thailand,MW945502,2011
1886,MW945503.1|1985,4I_A,4I_A,4I,MW945503,10164,100,1985,Thailand,Thailand,MW945503,1985
1887,MW945504.1|2006,4I_A.2,4I_A,4I,MW945504,10164,100,2006,Thailand,Thailand,MW945504,2006
1888,MW945505.1|2011,4I_A.3,4I_A,4I,MW945505,10164,100,2011,Thailand,Thailand,MW945505,2011
1889,MW945506.1|2013,4I_A.3,4I_A,4I,MW945506,10164,100,2013,Thailand,Thailand,MW945506,2013
1890,MW945507.1|2005,4I_A.2,4I_A,4I,MW945507,10164,100,2005,Thailand,Thailand,MW945507,2005
1891,MW945508.1|2014,4I_A.3,4I_A,4I,MW945508,10164,100,2014,Thailand,Thailand,MW945508,2014
1892,MW945509.1|2011,4I_A.3,4I_A,4I,MW945509,10164,100,2011,Thailand,Thailand,MW945509,2011
1893,MW945510.1|2000,4I_A.2,4I_A,4I,MW945510,10164,100,2000,Thailand,Thailand,MW945510,2000
1894,MW945511.1|2008,4I_A.2,4I_A,4I,MW945511,10164,100,2008,Thailand,Thailand,MW945511,2008
1895,MW945512.1|2007,4I_A.2,4I_A,4I,MW945512,10164,100,2007,Thailand,Thailand,MW945512,2007
1896,MW945513.1|1999,4I_A.2,4I_A,4I,MW945513,10164,100,1999,Thailand,Thailand,MW945513,1999
1897,MW945514.1|1994,4I_A,4I_A,4I,MW945514,10164,100,1994,Thailand,Thailand,MW945514,1994
1898,MW945515.1|2006,4I_A.2,4I_A,4I,MW945515,10164,100,2006,Thailand,Thailand,MW945515,2006
1899,MW945516.1|2007,4I_A.2,4I_A,4I,MW945516,10164,100,2007,Thailand,Thailand,MW945516,2007
1900,MW945517.1|2003,4I_A.2,4I_A,4I,MW945517,10164,100,2003,Thailand,Thailand,MW945517,2003
1901,MW945518.1|2012,4I_A.3,4I_A,4I,MW945518,10164,100,2012,Thailand,Thailand,MW945518,2012
1902,MW945519.1|2012,4II_B.1.1,4II_B,4II,MW945519,10167,100.0295159,2012,Brazil,Brazil,MW945519,2012
1903,MW945520.1|2006,4I_A.2,4I_A,4I,MW945520,10164,100,2006,Thailand,Thailand,MW945520,2006
1904,MW945521.1|2004,4I_A.2,4I_A,4I,MW945521,10164,100,2004,Thailand,Thailand,MW945521,2004
1905,MW945522.1|1999,4I_A.2,4I_A,4I,MW945522,10164,100,1999,Thailand,Thailand,MW945522,1999
1906,MW945523.1|2005,4I_A.2,4I_A,4I,MW945523,10164,100,2005,Thailand,Thailand,MW945523,2005
1907,MW945524.1|1999,4I_A.2,4I_A,4I,MW945524,10164,100,1999,Thailand,Thailand,MW945524,1999
1908,MW945525.1|2006,4I_A.2,4I_A,4I,MW945525,10164,100,2006,Thailand,Thailand,MW945525,2006
1909,MW945526.1|2004,4I_A.2,4I_A,4I,MW945526,10164,100,2004,Thailand,Thailand,MW945526,2004
1910,MW945527.1|2005,4I_A.2,4I_A,4I,MW945527,10164,100,2005,Thailand,Thailand,MW945527,2005
1911,MW945528.1|2006,4I_A.2,4I_A,4I,MW945528,10164,100,2006,Thailand,Thailand,MW945528,2006
1912,MW945529.1|1994,4I_A,4I_A,4I,MW945529,10164,100,1994,Thailand,Thailand,MW945529,1994
1913,MW945530.1|2008,4I_A.2,4I_A,4I,MW945530,10164,100,2008,Thailand,Thailand,MW945530,2008
1914,MW945531.1|2007,4I_A.2,4I_A,4I,MW945531,10164,100,2007,Thailand,Thailand,MW945531,2007
1915,MW945532.1|2013,4I_A.3,4I_A,4I,MW945532,10164,100,2013,Thailand,Thailand,MW945532,2013
1916,MW945533.1|2013,4I_A.2,4I_A,4I,MW945533,10164,100,2013,Thailand,Thailand,MW945533,2013
1917,MW945534.1|2000,4I_A.2,4I_A,4I,MW945534,10164,100,2000,Thailand,Thailand,MW945534,2000
1918,MW945535.1|2006,4I_A.2,4I_A,4I,MW945535,10164,100,2006,Thailand,Thailand,MW945535,2006
1919,MW945536.1|2006,4I_A.2,4I_A,4I,MW945536,10164,100,2006,Thailand,Thailand,MW945536,2006
1920,MW945537.1|2004,4I_A.2,4I_A,4I,MW945537,10164,100,2004,Thailand,Thailand,MW945537,2004
1921,MW945538.1|2007,4I_A.2,4I_A,4I,MW945538,10164,100,2007,Thailand,Thailand,MW945538,2007
1922,MW945539.1|2006,4I_A.2,4I_A,4I,MW945539,10164,100,2006,Thailand,Thailand,MW945539,2006
1923,MW945540.1|1994,4I_A,4I_A,4I,MW945540,10164,100,1994,Thailand,Thailand,MW945540,1994
1924,MW945541.1|2003,4I_A.3,4I_A,4I,MW945541,10164,100,2003,Thailand,Thailand,MW945541,2003
1925,MW945542.1|2006,4I_A.2,4I_A,4I,MW945542,10164,100,2006,Thailand,Thailand,MW945542,2006
1926,MW945543.1|2005,4I_A.2,4I_A,4I,MW945543,10164,100,2005,Thailand,Thailand,MW945543,2005
1927,MW945544.1|2004,4I_A.2,4I_A,4I,MW945544,10164,100,2004,Thailand,Thailand,MW945544,2004
1928,MW945545.1|2000,4I_A.2,4I_A,4I,MW945545,10164,100,2000,Thailand,Thailand,MW945545,2000
1929,MW945546.1|2007,4I_A.2,4I_A,4I,MW945546,10164,100,2007,Thailand,Thailand,MW945546,2007
1930,MW945547.1|1994,4I_A,4I_A,4I,MW945547,10164,100,1994,Thailand,Thailand,MW945547,1994
1931,MW945548.1|2000,4I_A.2,4I_A,4I,MW945548,10164,100,2000,Thailand,Thailand,MW945548,2000
1932,MW945549.1|2005,4I_A.2,4I_A,4I,MW945549,10164,100,2005,Thailand,Thailand,MW945549,2005
1933,MW945550.1|2013,4I_A.3,4I_A,4I,MW945550,10164,100,2013,Thailand,Thailand,MW945550,2013
1934,MW945551.1|2007,4I_A.2,4I_A,4I,MW945551,10164,100,2007,Thailand,Thailand,MW945551,2007
1935,MW945553.1|2006,4I_A.2,4I_A,4I,MW945553,10164,100,2006,Thailand,Thailand,MW945553,2006
1936,MW945554.1|2006,4I_A.2,4I_A,4I,MW945554,10164,100,2006,Thailand,Thailand,MW945554,2006
1937,MW945555.1|2008,4I_A.2,4I_A,4I,MW945555,10164,100,2008,Thailand,Thailand,MW945555,2008
1938,MW945556.1|2004,4I_A.2,4I_A,4I,MW945556,10164,100,2004,Thailand,Thailand,MW945556,2004
1939,MW945557.1|2008,4I_A.2,4I_A,4I,MW945557,10164,100,2008,Thailand,Thailand,MW945557,2008
1940,MW945558.1|2010,4I_A.2,4I_A,4I,MW945558,10164,100,2010,Thailand,Thailand,MW945558,2010
1941,MW945559.1|2014,4I_A.3,4I_A,4I,MW945559,10164,100,2014,Thailand,Thailand,MW945559,2014
1942,MW945560.1|2003,4I_A.2,4I_A,4I,MW945560,10164,100,2003,Thailand,Thailand,MW945560,2003
1943,MW945561.1|1994,4I_A,4I_A,4I,MW945561,10164,100,1994,Thailand,Thailand,MW945561,1994
1944,MW945562.1|1994,4I_A,4I_A,4I,MW945562,10164,100,1994,Thailand,Thailand,MW945562,1994
1945,MW945563.1|2005,4I_A.2,4I_A,4I,MW945563,10164,100,2005,Thailand,Thailand,MW945563,2005
1946,MW945564.1|1999,4I_A.2,4I_A,4I,MW945564,10164,100,1999,Thailand,Thailand,MW945564,1999
1947,MW945565.1|2014,4I_A.3,4I_A,4I,MW945565,10164,100,2014,Thailand,Thailand,MW945565,2014
1948,MW945566.1|2005,4I_A.2,4I_A,4I,MW945566,10164,100,2005,Thailand,Thailand,MW945566,2005
1949,MW945567.1|2010,4I_A.3,4I_A,4I,MW945567,10164,100,2010,Thailand,Thailand,MW945567,2010
1950,MW945568.1|1994,4I_A,4I_A,4I,MW945568,10164,100,1994,Thailand,Thailand,MW945568,1994
1951,MW945569.1|2006,4I_A.2,4I_A,4I,MW945569,10164,100,2006,Thailand,Thailand,MW945569,2006
1952,MW945570.1|2007,4I_A.2,4I_A,4I,MW945570,10164,100,2007,Thailand,Thailand,MW945570,2007
1953,MW945571.1|1999,4I_A.2,4I_A,4I,MW945571,10164,100,1999,Thailand,Thailand,MW945571,1999
1954,MW945572.1|1994,4I_A,4I_A,4I,MW945572,10164,100,1994,Thailand,Thailand,MW945572,1994
1955,MW945573.1|2008,4I_A.2,4I_A,4I,MW945573,10164,100,2008,Thailand,Thailand,MW945573,2008
1956,MW945574.1|2013,4I_A.3,4I_A,4I,MW945574,10164,100,2013,Thailand,Thailand,MW945574,2013
1957,MW945575.1|2006,4I_A.2,4I_A,4I,MW945575,10164,100,2006,Thailand,Thailand,MW945575,2006
1958,MW945576.1|2006,4I_A.2,4I_A,4I,MW945576,10164,100,2006,Thailand,Thailand,MW945576,2006
1959,MW945577.1|2003,4I_A.2,4I_A,4I,MW945577,10164,100,2003,Thailand,Thailand,MW945577,2003
1960,MW945578.1|2001,4I_A.2,4I_A,4I,MW945578,10164,100,2001,Thailand,Thailand,MW945578,2001
1961,MW945579.1|2003,4I_A.2,4I_A,4I,MW945579,10164,100,2003,Thailand,Thailand,MW945579,2003
1962,MW945580.1|1999,4I_A.2,4I_A,4I,MW945580,10164,100,1999,Thailand,Thailand,MW945580,1999
1963,MW945581.1|2005,4I_A.2,4I_A,4I,MW945581,10164,100,2005,Thailand,Thailand,MW945581,2005
1964,MW945582.1|2013,4I_A.3,4I_A,4I,MW945582,10164,100,2013,Thailand,Thailand,MW945582,2013
1965,MW945583.1|2001,4I_A.2,4I_A,4I,MW945583,10164,100,2001,Thailand,Thailand,MW945583,2001
1966,MW945584.1|2006,4I_A.2,4I_A,4I,MW945584,10164,100,2006,Thailand,Thailand,MW945584,2006
1967,MW945585.1|2008,4I_A.2,4I_A,4I,MW945585,10164,100,2008,Thailand,Thailand,MW945585,2008
1968,MW945586.1|2007,4I_A.2,4I_A,4I,MW945586,10164,100,2007,Thailand,Thailand,MW945586,2007
1969,MW945587.1|2003,4I_A.2,4I_A,4I,MW945587,10164,100,2003,Thailand,Thailand,MW945587,2003
1970,MW945588.1|2009,4I_A.2,4I_A,4I,MW945588,10164,100,2009,Thailand,Thailand,MW945588,2009
1971,MW945589.1|2008,4I_A.2,4I_A,4I,MW945589,10164,100,2008,Thailand,Thailand,MW945589,2008
1972,MW945590.1|1994,4I_A,4I_A,4I,MW945590,10164,100,1994,Thailand,Thailand,MW945590,1994
1973,MW945591.1|2014,4I_A.3,4I_A,4I,MW945591,10164,100,2014,Thailand,Thailand,MW945591,2014
1974,MW945592.1|2004,4I_A.2,4I_A,4I,MW945592,10164,100,2004,Thailand,Thailand,MW945592,2004
1975,MW945593.1|2013,4I_A.3,4I_A,4I,MW945593,10164,100,2013,Thailand,Thailand,MW945593,2013
1976,MW945594.1|2014,4I_A.3,4I_A,4I,MW945594,10164,100,2014,Thailand,Thailand,MW945594,2014
1977,MW945595.1|2005,4I_A.2,4I_A,4I,MW945595,10164,100,2005,Thailand,Thailand,MW945595,2005
1978,MW945596.1|2011,4I_A.3,4I_A,4I,MW945596,10164,100,2011,Thailand,Thailand,MW945596,2011
1979,MW945597.1|2014,4I_A.3,4I_A,4I,MW945597,10164,100,2014,Thailand,Thailand,MW945597,2014
1980,MW945598.1|2006,4I_A.2,4I_A,4I,MW945598,10164,100,2006,Thailand,Thailand,MW945598,2006
1981,MW945599.1|2000,4I_A.2,4I_A,4I,MW945599,10164,100,2000,Thailand,Thailand,MW945599,2000
1982,MW945600.1|2005,4I_A.2,4I_A,4I,MW945600,10164,100,2005,Thailand,Thailand,MW945600,2005
1983,MW945601.1|1999,4I_A.2,4I_A,4I,MW945601,10164,100,1999,Thailand,Thailand,MW945601,1999
1984,MW945602.1|1994,4I_A,4I_A,4I,MW945602,10164,100,1994,Thailand,Thailand,MW945602,1994
1985,MW945603.1|2010,4I_A.3,4I_A,4I,MW945603,10164,100,2010,Thailand,Thailand,MW945603,2010
1986,MW945604.1|2007,4I_A.2,4I_A,4I,MW945604,10164,100,2007,Thailand,Thailand,MW945604,2007
1987,MW945605.1|2003,4I_A.2,4I_A,4I,MW945605,10164,100,2003,Thailand,Thailand,MW945605,2003
1988,MW945606.1|2003,4I_A.3,4I_A,4I,MW945606,10164,100,2003,Thailand,Thailand,MW945606,2003
1989,MW945607.1|2007,4I_A.2,4I_A,4I,MW945607,10164,100,2007,Thailand,Thailand,MW945607,2007
1990,MW945608.1|2000,4I_A.2,4I_A,4I,MW945608,10164,100,2000,Thailand,Thailand,MW945608,2000
1991,MW945609.1|1994,4I_A,4I_A,4I,MW945609,10164,100,1994,Thailand,Thailand,MW945609,1994
1992,MW945610.1|2003,4I_A.2,4I_A,4I,MW945610,10164,100,2003,Thailand,Thailand,MW945610,2003
1993,MW945611.1|2006,4I_A.2,4I_A,4I,MW945611,10164,100,2006,Thailand,Thailand,MW945611,2006
1994,MW945612.1|1999,4I_A.2,4I_A,4I,MW945612,10164,100,1999,Thailand,Thailand,MW945612,1999
1995,MW945613.1|2014,4I_A.3,4I_A,4I,MW945613,10164,100,2014,Thailand,Thailand,MW945613,2014
1996,MW945614.1|2006,4I_A.2,4I_A,4I,MW945614,10164,100,2006,Thailand,Thailand,MW945614,2006
1997,MW945615.1|2001,4I_A.2,4I_A,4I,MW945615,10164,100,2001,Thailand,Thailand,MW945615,2001
1998,MW945616.1|2003,4I_A.2,4I_A,4I,MW945616,10164,100,2003,Thailand,Thailand,MW945616,2003
1999,MW945617.1|2002,4I_A.2,4I_A,4I,MW945617,10164,100,2002,Thailand,Thailand,MW945617,2002
2000,MW945618.1|2006,4I_A.2,4I_A,4I,MW945618,10164,100,2006,Thailand,Thailand,MW945618,2006
2001,MW945620.1|1999,4I_A,4I_A,4I,MW945620,10164,100,1999,Thailand,Thailand,MW945620,1999
2002,MW945622.1|2014,4I_A.3,4I_A,4I,MW945622,10164,100,2014,Thailand,Thailand,MW945622,2014
2003,MW945623.1|2003,4I_A.3,4I_A,4I,MW945623,10164,100,2003,Thailand,Thailand,MW945623,2003
2004,MW945624.1|2014,4I_A.3,4I_A,4I,MW945624,10164,100,2014,Thailand,Thailand,MW945624,2014
2005,MW945625.1|1994,4I_A,4I_A,4I,MW945625,10164,100,1994,Thailand,Thailand,MW945625,1994
2006,MW945626.1|1995,4I_A,4I_A,4I,MW945626,10164,100,1995,Thailand,Thailand,MW945626,1995
2007,MW945627.1|2004,4I_A.2,4I_A,4I,MW945627,10164,100,2004,Thailand,Thailand,MW945627,2004
2008,MW945628.1|2003,4I_A.2,4I_A,4I,MW945628,10164,100,2003,Thailand,Thailand,MW945628,2003
2009,MW945629.1|1994,4I_A,4I_A,4I,MW945629,10164,100,1994,Thailand,Thailand,MW945629,1994
2010,MW945630.1|2000,4I_A.2,4I_A,4I,MW945630,10164,100,2000,Thailand,Thailand,MW945630,2000
2011,MW945631.1|2005,4I_A.2,4I_A,4I,MW945631,10164,100,2005,Thailand,Thailand,MW945631,2005
2012,MW945632.1|2003,4I_A.3,4I_A,4I,MW945632,10164,100,2003,Thailand,Thailand,MW945632,2003
2013,MW945633.1|2006,4I_A.2,4I_A,4I,MW945633,10164,100,2006,Thailand,Thailand,MW945633,2006
2014,MW945634.1|2004,4I_A.2,4I_A,4I,MW945634,10164,100,2004,Thailand,Thailand,MW945634,2004
2015,MW945635.1|2004,4I_A.2,4I_A,4I,MW945635,10164,100,2004,Thailand,Thailand,MW945635,2004
2016,MW945636.1|1973,4II_A,4II_A,4II,MW945636,10164,100,1973,Indonesia,Indonesia,MW945636,1973
2017,MW945637.1|2012,4I_A.3,4I_A,4I,MW945637,10164,100,2012,Thailand,Thailand,MW945637,2012
2018,MW945638.1|2010,4I_A.3,4I_A,4I,MW945638,10164,100,2010,Thailand,Thailand,MW945638,2010
2019,MW945639.1|2001,4I_A.2,4I_A,4I,MW945639,10164,100,2001,Thailand,Thailand,MW945639,2001
2020,MW945640.1|2007,4I_A.2,4I_A,4I,MW945640,10164,100,2007,Thailand,Thailand,MW945640,2007
2021,MW945641.1|2012,4II_B.1.1,4II_B,4II,MW945641,10167,100.0295159,2012,Brazil,Brazil,MW945641,2012
2022,MW945642.1|1999,4I_A.2,4I_A,4I,MW945642,10164,100,1999,Thailand,Thailand,MW945642,1999
2023,MW945643.1|2006,4I_A.2,4I_A,4I,MW945643,10164,100,2006,Thailand,Thailand,MW945643,2006
2024,MW945644.1|2006,4I_A.2,4I_A,4I,MW945644,10164,100,2006,Thailand,Thailand,MW945644,2006
2025,MW945645.1|2010,4I_A.3,4I_A,4I,MW945645,10164,100,2010,Thailand,Thailand,MW945645,2010
2026,MW945646.1|2006,4I_A.2,4I_A,4I,MW945646,10164,100,2006,Thailand,Thailand,MW945646,2006
2027,MW945647.1|2005,4I_A.2,4I_A,4I,MW945647,10164,100,2005,Thailand,Thailand,MW945647,2005
2028,MW945648.1|2005,4I_A.3,4I_A,4I,MW945648,10164,100,2005,Thailand,Thailand,MW945648,2005
2029,MW945649.1|2006,4I_A.2,4I_A,4I,MW945649,10164,100,2006,Thailand,Thailand,MW945649,2006
2030,MW945650.1|1994,4I_A,4I_A,4I,MW945650,10164,100,1994,Thailand,Thailand,MW945650,1994
2031,MW945651.1|2007,4I_A.2,4I_A,4I,MW945651,10164,100,2007,Thailand,Thailand,MW945651,2007
2032,MW945652.1|2006,4I_A.2,4I_A,4I,MW945652,10164,100,2006,Thailand,Thailand,MW945652,2006
2033,MW945653.1|2008,4I_A.2,4I_A,4I,MW945653,10164,100,2008,Thailand,Thailand,MW945653,2008
2034,MW945654.1|1994,4I_A,4I_A,4I,MW945654,10164,100,1994,Thailand,Thailand,MW945654,1994
2035,MW945655.1|2001,4I_A.2,4I_A,4I,MW945655,10164,100,2001,Thailand,Thailand,MW945655,2001
2036,MW945656.1|1999,4I_A.2,4I_A,4I,MW945656,10164,100,1999,Thailand,Thailand,MW945656,1999
2037,MW945657.1|2004,4I_A.1,4I_A,4I,MW945657,10164,100,2004,Thailand,Thailand,MW945657,2004
2038,MW945658.1|2004,4I_A.2,4I_A,4I,MW945658,10164,100,2004,Thailand,Thailand,MW945658,2004
2039,MW945659.1|2006,4I_A.2,4I_A,4I,MW945659,10164,100,2006,Thailand,Thailand,MW945659,2006
2040,MW945660.1|2003,4I_A.2,4I_A,4I,MW945660,10164,100,2003,Thailand,Thailand,MW945660,2003
2041,MW945661.1|1994,4I_A,4I_A,4I,MW945661,10164,100,1994,Thailand,Thailand,MW945661,1994
2042,MW945662.1|2003,4I_A.2,4I_A,4I,MW945662,10164,100,2003,Thailand,Thailand,MW945662,2003
2043,MW945663.1|1994,4I_A,4I_A,4I,MW945663,10164,100,1994,Thailand,Thailand,MW945663,1994
2044,MW945664.1|2008,4I_A.3,4I_A,4I,MW945664,10164,100,2008,Myanmar,Myanmar,MW945664,2008
2045,MW945665.1|2002,4I_A.2,4I_A,4I,MW945665,10164,100,2002,Thailand,Thailand,MW945665,2002
2046,MW945666.1|2003,4I_A.2,4I_A,4I,MW945666,10164,100,2003,Thailand,Thailand,MW945666,2003
2047,MW945668.1|2007,4I_A.2,4I_A,4I,MW945668,10164,100,2007,Thailand,Thailand,MW945668,2007
2048,MW945669.1|1994,4I_A,4I_A,4I,MW945669,10164,100,1994,Thailand,Thailand,MW945669,1994
2049,MW945670.1|2004,4I_A.2,4I_A,4I,MW945670,10164,100,2004,Thailand,Thailand,MW945670,2004
2050,MW945671.1|2006,4I_A.2,4I_A,4I,MW945671,10164,100,2006,Thailand,Thailand,MW945671,2006
2051,MW945672.1|2004,4I_A.2,4I_A,4I,MW945672,10164,100,2004,Thailand,Thailand,MW945672,2004
2052,MW945673.1|1994,4I_A,4I_A,4I,MW945673,10164,100,1994,Thailand,Thailand,MW945673,1994
2053,MW945674.1|1999,4I_A.2,4I_A,4I,MW945674,10164,100,1999,Thailand,Thailand,MW945674,1999
2054,MW945675.1|2005,4I_A.2,4I_A,4I,MW945675,10164,100,2005,Thailand,Thailand,MW945675,2005
2055,MW945676.1|2003,4I_A.2,4I_A,4I,MW945676,10164,100,2003,Thailand,Thailand,MW945676,2003
2056,MW945677.1|1994,4I_A,4I_A,4I,MW945677,10164,100,1994,Thailand,Thailand,MW945677,1994
2057,MW945678.1|2006,4I_A.2,4I_A,4I,MW945678,10164,100,2006,Thailand,Thailand,MW945678,2006
2058,MW945679.1|1994,4I_A,4I_A,4I,MW945679,10164,100,1994,Thailand,Thailand,MW945679,1994
2059,MW945680.1|1999,4I_A.2,4I_A,4I,MW945680,10164,100,1999,Thailand,Thailand,MW945680,1999
2060,MW945681.1|2005,4I_A.2,4I_A,4I,MW945681,10164,100,2005,Thailand,Thailand,MW945681,2005
2061,MW945682.1|2001,4I_A.2,4I_A,4I,MW945682,10164,100,2001,Thailand,Thailand,MW945682,2001
2062,MW945683.1|2006,4I_A.2,4I_A,4I,MW945683,10164,100,2006,Thailand,Thailand,MW945683,2006
2063,MW945684.1|2011,4I_A.3,4I_A,4I,MW945684,10164,100,2011,Thailand,Thailand,MW945684,2011
2064,MW945685.1|2006,4I_A.2,4I_A,4I,MW945685,10164,100,2006,Thailand,Thailand,MW945685,2006
2065,MW945686.1|2008,4I_A.2,4I_A,4I,MW945686,10164,100,2008,Thailand,Thailand,MW945686,2008
2066,MW945687.1|1994,4I_A,4I_A,4I,MW945687,10164,100,1994,Thailand,Thailand,MW945687,1994
2067,MW945688.1|1999,4I_A.2,4I_A,4I,MW945688,10164,100,1999,Thailand,Thailand,MW945688,1999
2068,MW945689.1|1999,4I_A.2,4I_A,4I,MW945689,10164,100,1999,Thailand,Thailand,MW945689,1999
2069,MW945690.1|1999,4I_A,4I_A,4I,MW945690,10164,100,1999,Thailand,Thailand,MW945690,1999
2070,MW945691.1|2006,4I_A.2,4I_A,4I,MW945691,10164,100,2006,Thailand,Thailand,MW945691,2006
2071,MW945692.1|2006,4I_A.2,4I_A,4I,MW945692,10164,100,2006,Thailand,Thailand,MW945692,2006
2072,MW945693.1|2006,4I_A.2,4I_A,4I,MW945693,10164,100,2006,Thailand,Thailand,MW945693,2006
2073,MW945694.1|2004,4I_A.2,4I_A,4I,MW945694,10164,100,2004,Thailand,Thailand,MW945694,2004
2074,MW945695.1|2000,4I_A.2,4I_A,4I,MW945695,10164,100,2000,Thailand,Thailand,MW945695,2000
2075,MW945696.1|2004,4I_A.2,4I_A,4I,MW945696,10164,100,2004,Thailand,Thailand,MW945696,2004
2076,MW945697.1|2010,4I_A.3,4I_A,4I,MW945697,10164,100,2010,Thailand,Thailand,MW945697,2010
2077,MW945698.1|2003,4I_A.2,4I_A,4I,MW945698,10164,100,2003,Thailand,Thailand,MW945698,2003
2078,MW945699.1|2006,4I_A.2,4I_A,4I,MW945699,10164,100,2006,Thailand,Thailand,MW945699,2006
2079,MW945700.1|1994,4I_A,4I_A,4I,MW945700,10164,100,1994,Thailand,Thailand,MW945700,1994
2080,MW945701.1|2012,4I_A.2,4I_A,4I,MW945701,10164,100,2012,Thailand,Thailand,MW945701,2012
2081,MW945702.1|1999,4I_A.2,4I_A,4I,MW945702,10164,100,1999,Thailand,Thailand,MW945702,1999
2082,MW945703.1|2006,4I_A.2,4I_A,4I,MW945703,10164,100,2006,Thailand,Thailand,MW945703,2006
2083,MW945704.1|1994,4I_A,4I_A,4I,MW945704,10164,100,1994,Thailand,Thailand,MW945704,1994
2084,MW945705.1|2003,4I_A.2,4I_A,4I,MW945705,10164,100,2003,Thailand,Thailand,MW945705,2003
2085,MW945706.1|2006,4I_A.2,4I_A,4I,MW945706,10164,100,2006,Thailand,Thailand,MW945706,2006
2086,MW945707.1|2005,4I_A.2,4I_A,4I,MW945707,10164,100,2005,Thailand,Thailand,MW945707,2005
2087,MW945708.1|2014,4I_A.3,4I_A,4I,MW945708,10164,100,2014,Thailand,Thailand,MW945708,2014
2088,MW945709.1|1995,4I_A,4I_A,4I,MW945709,10164,100,1995,Thailand,Thailand,MW945709,1995
2089,MW945710.1|1994,4I_A,4I_A,4I,MW945710,10164,100,1994,Thailand,Thailand,MW945710,1994
2090,MW945711.1|2005,4I_A.2,4I_A,4I,MW945711,10164,100,2005,Thailand,Thailand,MW945711,2005
2091,MW945712.1|2007,4I_A.2,4I_A,4I,MW945712,10164,100,2007,Thailand,Thailand,MW945712,2007
2092,MW945713.1|2005,4I_A.2,4I_A,4I,MW945713,10164,100,2005,Thailand,Thailand,MW945713,2005
2093,MW945714.1|1994,4I_A,4I_A,4I,MW945714,10164,100,1994,Thailand,Thailand,MW945714,1994
2094,MW945715.1|2000,4I_A.2,4I_A,4I,MW945715,10164,100,2000,Thailand,Thailand,MW945715,2000
2095,MW945716.1|1994,4I_A,4I_A,4I,MW945716,10164,100,1994,Thailand,Thailand,MW945716,1994
2096,MW945717.1|2006,4I_A.2,4I_A,4I,MW945717,10164,100,2006,Thailand,Thailand,MW945717,2006
2097,MW945718.1|2001,4I_A.2,4I_A,4I,MW945718,10164,100,2001,Thailand,Thailand,MW945718,2001
2098,MW945719.1|2004,4I_A.2,4I_A,4I,MW945719,10164,100,2004,Thailand,Thailand,MW945719,2004
2099,MW945720.1|1981,4II_B,4II_B,4II,MW945720,10167,100.0295159,1981,Dominica,Dominica,MW945720,1981
2100,MW945721.1|1996,4I_A,4I_A,4I,MW945721,10164,100,1996,Thailand,Thailand,MW945721,1996
2101,MW945722.1|2006,4I_A.2,4I_A,4I,MW945722,10164,100,2006,Thailand,Thailand,MW945722,2006
2102,MW945723.1|2004,4I_A.2,4I_A,4I,MW945723,10164,100,2004,Thailand,Thailand,MW945723,2004
2103,MW945724.1|2006,4I_A.2,4I_A,4I,MW945724,10164,100,2006,Thailand,Thailand,MW945724,2006
2104,MW945725.1|2006,4I_A.2,4I_A,4I,MW945725,10164,100,2006,Thailand,Thailand,MW945725,2006
2105,MW945726.1|2003,4I_A.2,4I_A,4I,MW945726,10164,100,2003,Thailand,Thailand,MW945726,2003
2106,MW945728.1|2006,4I_A.2,4I_A,4I,MW945728,10164,100,2006,Thailand,Thailand,MW945728,2006
2107,MW945729.1|2000,4I_A.2,4I_A,4I,MW945729,10164,100,2000,Thailand,Thailand,MW945729,2000
2108,MW945730.1|2001,4I_A.2,4I_A,4I,MW945730,10164,100,2001,Thailand,Thailand,MW945730,2001
2109,MW945731.1|2003,4I_A.2,4I_A,4I,MW945731,10164,100,2003,Thailand,Thailand,MW945731,2003
2110,MW945732.1|2006,4I_A.3,4I_A,4I,MW945732,10164,100,2006,Thailand,Thailand,MW945732,2006
2111,MW945733.1|2014,4I_A.3,4I_A,4I,MW945733,10164,100,2014,Thailand,Thailand,MW945733,2014
2112,MW945734.1|2013,4I_A.3,4I_A,4I,MW945734,10164,100,2013,Thailand,Thailand,MW945734,2013
2113,MW945735.1|2006,4I_A.2,4I_A,4I,MW945735,10164,100,2006,Thailand,Thailand,MW945735,2006
2114,MW945736.1|2006,4I_A.2,4I_A,4I,MW945736,10164,100,2006,Thailand,Thailand,MW945736,2006
2115,MW945737.1|2007,4I_A.2,4I_A,4I,MW945737,10164,100,2007,Thailand,Thailand,MW945737,2007
2116,MW945738.1|2011,4I_A.3,4I_A,4I,MW945738,10164,100,2011,Thailand,Thailand,MW945738,2011
2117,MW945739.1|1999,4I_A.2,4I_A,4I,MW945739,10164,100,1999,Thailand,Thailand,MW945739,1999
2118,MW945740.1|2012,4II_B.1.1,4II_B,4II,MW945740,10167,100.0295159,2012,Brazil,Brazil,MW945740,2012
2119,MW945741.1|1994,4I_A,4I_A,4I,MW945741,10164,100,1994,Thailand,Thailand,MW945741,1994
2120,MW945742.1|2005,4I_A.2,4I_A,4I,MW945742,10164,100,2005,Thailand,Thailand,MW945742,2005
2121,MW945743.1|2008,4I_A.2,4I_A,4I,MW945743,10164,100,2008,Thailand,Thailand,MW945743,2008
2122,MW945744.1|1994,4I_A,4I_A,4I,MW945744,10164,100,1994,Thailand,Thailand,MW945744,1994
2123,MW945745.1|2001,4I_A.2,4I_A,4I,MW945745,10164,100,2001,Thailand,Thailand,MW945745,2001
2124,MW945746.1|2009,4I_A.2,4I_A,4I,MW945746,10164,100,2009,Thailand,Thailand,MW945746,2009
2125,MW945747.1|2006,4I_A.2,4I_A,4I,MW945747,10164,100,2006,Thailand,Thailand,MW945747,2006
2126,MW945748.1|2006,4I_A.2,4I_A,4I,MW945748,10164,100,2006,Thailand,Thailand,MW945748,2006
2127,MW945749.1|2006,4I_A.2,4I_A,4I,MW945749,10164,100,2006,Thailand,Thailand,MW945749,2006
2128,MW945750.1|2006,4I_A.2,4I_A,4I,MW945750,10164,100,2006,Thailand,Thailand,MW945750,2006
2129,MW945751.1|2006,4I_A.2,4I_A,4I,MW945751,10164,100,2006,Thailand,Thailand,MW945751,2006
2130,MW945752.1|2006,4I_A.2,4I_A,4I,MW945752,10164,100,2006,Thailand,Thailand,MW945752,2006
2131,MW945753.1|1994,4I_A,4I_A,4I,MW945753,10164,100,1994,Thailand,Thailand,MW945753,1994
2132,MW945754.1|2006,4I_A.2,4I_A,4I,MW945754,10164,100,2006,Thailand,Thailand,MW945754,2006
2133,MW945755.1|1993,4I_A,4I_A,4I,MW945755,10164,100,1993,Thailand,Thailand,MW945755,1993
2134,MW945756.1|1994,4I_A,4I_A,4I,MW945756,10164,100,1994,Thailand,Thailand,MW945756,1994
2135,MW945757.1|1995,4I_A,4I_A,4I,MW945757,10164,100,1995,Thailand,Thailand,MW945757,1995
2136,MW945759.1|2014,4I_A.3,4I_A,4I,MW945759,10164,100,2014,Thailand,Thailand,MW945759,2014
2137,MW945760.1|2004,4I_A.2,4I_A,4I,MW945760,10164,100,2004,Thailand,Thailand,MW945760,2004
2138,MW945761.1|1999,4I_A,4I_A,4I,MW945761,10164,100,1999,Thailand,Thailand,MW945761,1999
2139,MW945762.1|2011,4I_A.3,4I_A,4I,MW945762,10164,100,2011,Thailand,Thailand,MW945762,2011
2140,MW945763.1|2005,4I_A.2,4I_A,4I,MW945763,10164,100,2005,Thailand,Thailand,MW945763,2005
2141,MW881530.1|2021-01-08,4II_A.1,4II_A,4II,MW881530,10319,101.5249902,2021,China: Guangzhou,China,MW881530,2021
2142,MW881266.1|1999,4II_B.2,4II_B,4II,MW881266,10164,100,1999,Nicaragua,Nicaragua,MW881266,1999
2143,MT040672.1|2018-04-26,4II_B.1.1,4II_B,4II,MT040672,9828,96.69421488,2018,Paraguay: Villarrica,Paraguay,MT040672,2018
2144,MT040673.1|2018-04-27,4II_B.1.1,4II_B,4II,MT040673,9828,96.69421488,2018,Paraguay: Villarrica,Paraguay,MT040673,2018
2145,MT040674.1|2018-05-28,4II_B.1.1,4II_B,4II,MT040674,9828,96.69421488,2018,Paraguay: Juan Leon Mallorquin,Paraguay,MT040674,2018
2146,MT040675.1|2018-05-31,4II_B.1.1,4II_B,4II,MT040675,9828,96.69421488,2018,Paraguay: San Lorenzo,Paraguay,MT040675,2018
2147,MT040676.1|2018-04-23,4II_B.1.1,4II_B,4II,MT040676,9828,96.69421488,2018,Paraguay: Villarrica,Paraguay,MT040676,2018
2148,MT040678.1|2018-05-05,4II_B.1.1,4II_B,4II,MT040678,9828,96.69421488,2018,Paraguay: San Lorenzo,Paraguay,MT040678,2018
2149,MT040679.1|2018-05-09,4II_B.1.1,4II_B,4II,MT040679,9828,96.69421488,2018,Paraguay: Domingo Martinez De Irala,Paraguay,MT040679,2018
2150,MT040680.1|2018-05-07,4II_B.1.1,4II_B,4II,MT040680,9828,96.69421488,2018,Paraguay: Hernandarias,Paraguay,MT040680,2018
2151,MT040681.1|2018-05-22,4II_B.1.1,4II_B,4II,MT040681,9828,96.69421488,2018,Paraguay: Hernandarias,Paraguay,MT040681,2018
2152,MW301595.1|2020-06-18,4II_A,4II_A,4II,MW301595,10281,101.1511216,2020,China: Guangzhou,China,MW301595,2020
2153,MW295825.1|2017-09-11,4I_A.3,4I_A,4I,MW295825,10426,102.5777253,2017,China: Guangzhou,China,MW295825,2017
2154,MN448994.1|2011-07-06,4I_A.2,4I_A,4I,MN448994,10597,104.2601338,2011,Thailand,Thailand,MN448994,2011
2155,MN448995.1|2011-07-06,4I_A.2,4I_A,4I,MN448995,10597,104.2601338,2011,Thailand,Thailand,MN448995,2011
2156,MN448996.1|2011-07-06,4I_A.2,4I_A,4I,MN448996,10597,104.2601338,2011,Thailand,Thailand,MN448996,2011
2157,MN448997.1|2011-09-28,4I_A.3,4I_A,4I,MN448997,10597,104.2601338,2011,Thailand,Thailand,MN448997,2011
2158,MN448998.1|2012-07-04,4I_A.3,4I_A,4I,MN448998,10597,104.2601338,2012,Thailand,Thailand,MN448998,2012
2159,MN448999.1|2011-07-04,4I_A.2,4I_A,4I,MN448999,10597,104.2601338,2011,Thailand,Thailand,MN448999,2011
2160,MN449000.1|2011-07-11,4I_A.2,4I_A,4I,MN449000,10597,104.2601338,2011,Thailand,Thailand,MN449000,2011
2161,MN449001.1|2011-08-16,4I_A.3,4I_A,4I,MN449001,10597,104.2601338,2011,Thailand,Thailand,MN449001,2011
2162,MN449002.1|2011-09-26,4I_A.2,4I_A,4I,MN449002,10597,104.2601338,2011,Thailand,Thailand,MN449002,2011
2163,MN449003.1|2012-05-02,4I_A.2,4I_A,4I,MN449003,10597,104.2601338,2012,Thailand,Thailand,MN449003,2012
2164,MN449004.1|2012-07-02,4I_A.3,4I_A,4I,MN449004,10597,104.2601338,2012,Thailand,Thailand,MN449004,2012
2165,MN449005.1|2012-07-10,4I_A.3,4I_A,4I,MN449005,10597,104.2601338,2012,Thailand,Thailand,MN449005,2012
2166,MN449006.1|2012-07-16,4I_A.3,4I_A,4I,MN449006,10597,104.2601338,2012,Thailand,Thailand,MN449006,2012
2167,MT597439.1|2010,4II_A,4II_A,4II,MT597439,10252,100.8658009,2010,South Korea,South Korea,MT597439,2010
2168,MN239487.1|2018-11-09,4I_B.1,4I_B,4I,MN239487,10568,103.9748131,2018,India,India,MN239487,2018
2169,MN239489.2|2017-05-10,4I_B.1,4I_B,4I,MN239489,10509,103.3943329,2017,India,India,MN239489,2017
2170,MK858142.2|2016-08-05,4I_B.1,4I_B,4I,MK858142,10469,103.0007871,2016,India,India,MK858142,2016
2171,MK858144.1|2016-11-03,4I_B.1,4I_B,4I,MK858144,10503,103.3353011,2016,India,India,MK858144,2016
2172,MK858145.1|2016-10-09,4I_B.1,4I_B,4I,MK858145,10345,101.780795,2016,India,India,MK858145,2016
2173,MK858146.2|2016-07-03,4I_B.2,4I_B,4I,MK858146,10457,102.8827233,2016,India,India,MK858146,2016
2174,MK858147.1|2016-08-03,4I_B.1,4I_B,4I,MK858147,10436,102.6761118,2016,India,India,MK858147,2016
2175,MN192436.1|2016,4II_B,4II_B,4II,MN192436,10650,104.7815821,2016,USA,USA,MN192436,2016
2176,MH051734.1|2014-12,4II_A.1,4II_A,4II,MH051734,10331,101.6430539,2014,Malaysia,Malaysia,MH051734,2014
2177,MK654681.1|2017-06-04,4I_B.1,4I_B,4I,MK654681,10435,102.6662731,2017,India,India,MK654681,2017
2178,MN018390.1|2013-08-12,4I_B.2,4I_B,4I,MN018390,10652,104.8012593,2013,China: Guangdong Province,China,MN018390,2013
2179,MN018391.1|2015-08-20,4I_A.3,4I_A,4I,MN018391,10652,104.8012593,2015,China: Guangdong Province,China,MN018391,2015
2180,MN018392.1|2015-09-19,4I_A.2,4I_A,4I,MN018392,10652,104.8012593,2015,China: Guangdong Province,China,MN018392,2015
2181,MN018393.1|2015-07-25,4II_A,4II_A,4II,MN018393,10652,104.8012593,2015,China: Guangdong Province,China,MN018393,2015
2182,MN018394.1|2015-10-03,4I_A.1.2,4I_A,4I,MN018394,10652,104.8012593,2015,China: Guangdong Province,China,MN018394,2015
2183,MN018397.1|2016-02-01,4I_A.3,4I_A,4I,MN018397,10652,104.8012593,2016,China: Guangdong Province,China,MN018397,2016
2184,MN018398.1|2016-08-16,4I_B.1,4I_B,4I,MN018398,10652,104.8012593,2016,China: Guangdong Province,China,MN018398,2016
2185,MH891769.1|2017-07-08,4I_B.1,4I_B,4I,MH891769,10403,102.3514364,2017,"India: Krishnagiri, Tamil Nadu",India,MH891769,2017
2186,MK614088.1|2019-01-21,4I_A.3,4I_A,4I,MK614088,10350,101.8299882,2019,China: Guangzhou,China,MK614088,2019
2187,MK614089.1|2018-08-31,4II_A,4II_A,4II,MK614089,10350,101.8299882,2018,China: Guangzhou,China,MK614089,2018
2188,MK614090.1|2018-06-28,4I_A.1.1,4I_A,4I,MK614090,10350,101.8299882,2018,China: Guangzhou,China,MK614090,2018
2189,MK614091.1|2018-06-16,4I_A.1.1,4I_A,4I,MK614091,10350,101.8299882,2018,China: Guangzhou,China,MK614091,2018
2190,MK614092.1|2018-05-17,4I_A.1.1,4I_A,4I,MK614092,10350,101.8299882,2018,China: Guangzhou,China,MK614092,2018
2191,MK614093.1|2018-05-03,4I_A.1.1,4I_A,4I,MK614093,10350,101.8299882,2018,China: Guangzhou,China,MK614093,2018
2192,MK640208.1|2018-08-31,4II_A,4II_A,4II,MK640208,10304,101.3774105,2018,China: Guangzhou,China,MK640208,2018
2193,MK514144.1|2015-01-28,4II_B.1.1,4II_B,4II,MK514144,10649,104.7717434,2015,Haiti,Haiti,MK514144,2015
2194,KY672956.1|2015-06-22,4I_A.3,4I_A,4I,KY672956,10661,104.8898072,2015,China,China,KY672956,2015
2195,KY672957.1|2015-07-25,4I_A.3,4I_A,4I,KY672957,10661,104.8898072,2015,China,China,KY672957,2015
2196,KY672958.1|2015-06-27,4I_A.3,4I_A,4I,KY672958,10661,104.8898072,2015,China,China,KY672958,2015
2197,KY672959.1|2015-08-07,4I_A.3,4I_A,4I,KY672959,10661,104.8898072,2015,China,China,KY672959,2015
2198,KY672960.1|2015-10-10,4I_A.3,4I_A,4I,KY672960,10661,104.8898072,2015,China,China,KY672960,2015
2199,MH823210.1|2014,4II_A,4II_A,4II,MH823210,10648,104.7619048,2014,Indonesia,Indonesia,MH823210,2014
2200,MH888334.1|2013-01-04,4II_A,4II_A,4II,MH888334,10605,104.338843,2013,Malaysia,Malaysia,MH888334,2013
2201,LC410196.1|2016-09,4I_A.3,4I_A,4I,LC410196,10604,104.3290043,2016,Thailand,Thailand,LC410196,2016
2202,LC410197.1|2016-09,4I_A.3,4I_A,4I,LC410197,10604,104.3290043,2016,Thailand,Thailand,LC410197,2016
2203,LC410198.1|2016-10,4I_A.3,4I_A,4I,LC410198,10604,104.3290043,2016,Thailand,Thailand,LC410198,2016
2204,LC410199.1|2016-10,4I_A.3,4I_A,4I,LC410199,10604,104.3290043,2016,Thailand,Thailand,LC410199,2016
2205,LC410200.1|2016-11,4I_A.3,4I_A,4I,LC410200,10604,104.3290043,2016,Thailand,Thailand,LC410200,2016
2206,LC410201.1|2016-12,4I_A.3,4I_A,4I,LC410201,10605,104.338843,2016,Thailand,Thailand,LC410201,2016
2207,LC410202.1|2017-06,4I_A.3,4I_A,4I,LC410202,10604,104.3290043,2017,Thailand,Thailand,LC410202,2017
2208,LC410203.1|2017-06,4I_A.3,4I_A,4I,LC410203,10604,104.3290043,2017,Thailand,Thailand,LC410203,2017
2209,MH382789.1|2016,4II_A.1,4II_A,4II,MH382789,10653,104.811098,2016,Australia: Queensland,Australia,MH382789,2016
2210,MH450305.1|2010-09-01,4II_B.1,4II_B,4II,MH450305,10649,104.7717434,2010,Venezuela: Aragua,Venezuela,MH450305,2010
2211,MH450307.1|2011-02-16,4II_B.1,4II_B,4II,MH450307,10649,104.7717434,2011,Venezuela: Aragua,Venezuela,MH450307,2011
2212,MH450308.1|2011-11-01,4II_B.1,4II_B,4II,MH450308,10586,104.1519087,2011,Venezuela: Aragua,Venezuela,MH450308,2011
2213,MH450309.1|2012-07-17,4II_B.1,4II_B,4II,MH450309,10649,104.7717434,2012,Venezuela: Aragua,Venezuela,MH450309,2012
2214,MF004387.1|1981,4II_B,4II_B,4II,MF004387,10601,104.2994884,1981,Senegal,Senegal,MF004387,1981
2215,MG272272.1|2016,4I_B.1,4I_B,4I,MG272272,10652,104.8012593,2016,India,India,MG272272,2016
2216,MG272273.1|2016,4I_B.1,4I_B,4I,MG272273,10652,104.8012593,2016,India,India,MG272273,2016
2217,MG272274.1|2016,4I_B.1,4I_B,4I,MG272274,10652,104.8012593,2016,India,India,MG272274,2016
2218,MG601754.1|2013-08-30,4I_A.3,4I_A,4I,MG601754,10772,105.9818969,2013,China,China,MG601754,2013
2219,KY849762.1|2009-07-13,4I_A.2,4I_A,4I,KY849762,10603,104.3191657,2009,Laos: Salavan,Laos,KY849762,2009
2220,KY670635.1|2003-10,4I,4I,4I,KY670635,10617,104.4569067,2003,Taiwan,Taiwan,KY670635,2003
2221,KY474335.1|2014,4II_B.1,4II_B,4II,KY474335,10642,104.7028729,2014,Ecuador: Machala,Ecuador,KY474335,2014
2222,KY924607.1|2016,4I_A.1,4I_A,4I,KY924607,10161,99.97048406,2016,Viet Nam,Viet Nam,KY924607,2016
2223,KY451945.1|2013-06,4I_A.3,4I_A,4I,KY451945,10616,104.4470681,2013,Thailand: Chanthaburi,Thailand,KY451945,2013
2224,KX812530.1|1976,4II_B,4II_B,4II,KX812530,10648,104.7619048,1976,Indonesia,Indonesia,KX812530,1976
2225,KX059015.1|2012-07,4I_B.2,4I_B,4I,KX059015,10263,100.974026,2012,Sri Lanka,Sri Lanka,KX059015,2012
2226,KX059016.1|2012-04,4I_B.2,4I_B,4I,KX059016,10263,100.974026,2012,Sri Lanka,Sri Lanka,KX059016,2012
2227,KX059017.1|2012-09,4I_B.2,4I_B,4I,KX059017,10263,100.974026,2012,Sri Lanka,Sri Lanka,KX059017,2012
2228,KX059018.1|2012-04,4I_B.2,4I_B,4I,KX059018,10263,100.974026,2012,Sri Lanka,Sri Lanka,KX059018,2012
2229,KX059019.1|2012-07,4I_B.2,4I_B,4I,KX059019,10263,100.974026,2012,Sri Lanka,Sri Lanka,KX059019,2012
2230,KX059020.1|2012-09,4I_B.2,4I_B,4I,KX059020,10263,100.974026,2012,Sri Lanka,Sri Lanka,KX059020,2012
2231,KX059021.1|2012-10,4I_B.2,4I_B,4I,KX059021,10263,100.974026,2012,Sri Lanka,Sri Lanka,KX059021,2012
2232,KX059022.1|2012-10,4I_B.2,4I_B,4I,KX059022,10263,100.974026,2012,Sri Lanka,Sri Lanka,KX059022,2012
2233,KX059023.1|2012-11,4I_B.2,4I_B,4I,KX059023,10263,100.974026,2012,Sri Lanka,Sri Lanka,KX059023,2012
2234,KX059024.1|2013-01,4I_B.2,4I_B,4I,KX059024,10263,100.974026,2013,Sri Lanka,Sri Lanka,KX059024,2013
2235,KX059025.1|2013-02,4I_B.2,4I_B,4I,KX059025,10263,100.974026,2013,Sri Lanka,Sri Lanka,KX059025,2013
2236,KX059026.1|2013-02,4I_B.2,4I_B,4I,KX059026,10263,100.974026,2013,Sri Lanka,Sri Lanka,KX059026,2013
2237,KX059027.1|2013-03,4I_B.2,4I_B,4I,KX059027,10263,100.974026,2013,Sri Lanka,Sri Lanka,KX059027,2013
2238,KX059028.1|2012-07,4I_B.2,4I_B,4I,KX059028,10263,100.974026,2012,Sri Lanka,Sri Lanka,KX059028,2012
2239,KX059029.1|2012-08,4I_B.2,4I_B,4I,KX059029,10263,100.974026,2012,Sri Lanka,Sri Lanka,KX059029,2012
2240,KX059030.1|2012-08,4I_B.2,4I_B,4I,KX059030,10263,100.974026,2012,Sri Lanka,Sri Lanka,KX059030,2012
2241,KX059031.1|2012-08,4I_B.2,4I_B,4I,KX059031,10263,100.974026,2012,Sri Lanka,Sri Lanka,KX059031,2012
2242,KX059032.1|2012-09,4I_B.2,4I_B,4I,KX059032,10263,100.974026,2012,Sri Lanka,Sri Lanka,KX059032,2012
2243,KX059033.1|2012-10,4I_B.2,4I_B,4I,KX059033,10263,100.974026,2012,Sri Lanka,Sri Lanka,KX059033,2012
2244,KX059034.1|2012-10,4I_B.2,4I_B,4I,KX059034,10263,100.974026,2012,Sri Lanka,Sri Lanka,KX059034,2012
2245,KX059035.1|2012-10,4I_B.2,4I_B,4I,KX059035,10263,100.974026,2012,Sri Lanka,Sri Lanka,KX059035,2012
2246,KX059036.1|2012-11,4I_B.2,4I_B,4I,KX059036,10263,100.974026,2012,Sri Lanka,Sri Lanka,KX059036,2012
2247,KX059037.1|2012-12,4I_B.2,4I_B,4I,KX059037,10263,100.974026,2012,Sri Lanka,Sri Lanka,KX059037,2012
2248,KY921909.1|2016-03,4II_A.1,4II_A,4II,KY921909,10605,104.338843,2016,Singapore,Singapore,KY921909,2016
2249,KY921910.1|2016-01,4II_A.1,4II_A,4II,KY921910,10602,104.309327,2016,Singapore,Singapore,KY921910,2016
2250,KY369950.1|2013-02,4II_B.1.1,4II_B,4II,KY369950,10200,100.3541913,2013,Brazil,Brazil,KY369950,2013
2251,KY369951.1|2013-02,4II_B.1.1,4II_B,4II,KY369951,10257,100.9149941,2013,Brazil,Brazil,KY369951,2013
2252,KX845005.1|2015,4I_B.2,4I_B,4I,KX845005,10647,104.7520661,2015,India,India,KX845005,2015
2253,KY586827.1|2000,4II_A,4II_A,4II,KY586827,10181,100.167257,2000,Thailand,Thailand,KY586827,2000
2254,KY586828.1|2006,4I_A.3,4I_A,4I,KY586828,10181,100.167257,2006,Thailand,Thailand,KY586828,2006
2255,KY586829.1|2010,4I_A.3,4I_A,4I,KY586829,10181,100.167257,2010,Thailand,Thailand,KY586829,2010
2256,KY586830.1|2002,4I_A.3,4I_A,4I,KY586830,10181,100.167257,2002,Thailand,Thailand,KY586830,2002
2257,KY586831.1|2003,4I_A.3,4I_A,4I,KY586831,10190,100.2558048,2003,Thailand,Thailand,KY586831,2003
2258,KY586832.1|1999,4I_A,4I_A,4I,KY586832,10181,100.167257,1999,Thailand,Thailand,KY586832,1999
2259,KY586833.1|1998,4I_A,4I_A,4I,KY586833,10181,100.167257,1998,Thailand,Thailand,KY586833,1998
2260,KY586834.1|1998,4I_A,4I_A,4I,KY586834,10190,100.2558048,1998,Thailand,Thailand,KY586834,1998
2261,KY586835.1|1998,4I_A,4I_A,4I,KY586835,10181,100.167257,1998,Thailand,Thailand,KY586835,1998
2262,KY586836.1|1995,4I_A,4I_A,4I,KY586836,10190,100.2558048,1995,Thailand,Thailand,KY586836,1995
2263,KY586837.1|1995,4I_A,4I_A,4I,KY586837,10181,100.167257,1995,Thailand,Thailand,KY586837,1995
2264,KY586838.1|1995,4I_A,4I_A,4I,KY586838,10190,100.2558048,1995,Thailand,Thailand,KY586838,1995
2265,KY586839.1|1995,4I_A,4I_A,4I,KY586839,10189,100.2459662,1995,Thailand,Thailand,KY586839,1995
2266,KY586840.1|2010,4I_A.2,4I_A,4I,KY586840,10181,100.167257,2010,Thailand,Thailand,KY586840,2010
2267,KY586841.1|2010,4I_A.2,4I_A,4I,KY586841,10181,100.167257,2010,Thailand,Thailand,KY586841,2010
2268,KY586842.1|2006,4I_A.2,4I_A,4I,KY586842,10190,100.2558048,2006,Thailand,Thailand,KY586842,2006
2269,KY586843.1|2006,4I_A.2,4I_A,4I,KY586843,10190,100.2558048,2006,Thailand,Thailand,KY586843,2006
2270,KY586844.1|2006,4I_A.2,4I_A,4I,KY586844,10190,100.2558048,2006,Thailand,Thailand,KY586844,2006
2271,KY586845.1|2006,4I_A.2,4I_A,4I,KY586845,10190,100.2558048,2006,Thailand,Thailand,KY586845,2006
2272,KY586846.1|2006,4I_A.2,4I_A,4I,KY586846,10190,100.2558048,2006,Thailand,Thailand,KY586846,2006
2273,KY586847.1|2006,4I_A.2,4I_A,4I,KY586847,10181,100.167257,2006,Thailand,Thailand,KY586847,2006
2274,KY586848.1|2004,4I_A.2,4I_A,4I,KY586848,10190,100.2558048,2004,Thailand,Thailand,KY586848,2004
2275,KY586849.1|2006,4I_A.2,4I_A,4I,KY586849,10189,100.2459662,2006,Thailand,Thailand,KY586849,2006
2276,KY586850.1|2006,4I_A.2,4I_A,4I,KY586850,10190,100.2558048,2006,Thailand,Thailand,KY586850,2006
2277,KY586851.1|2004,4I_A.2,4I_A,4I,KY586851,10190,100.2558048,2004,Thailand,Thailand,KY586851,2004
2278,KY586852.1|2006,4I_A.2,4I_A,4I,KY586852,10190,100.2558048,2006,Thailand,Thailand,KY586852,2006
2279,KY586853.1|2006,4I_A.2,4I_A,4I,KY586853,10190,100.2558048,2006,Thailand,Thailand,KY586853,2006
2280,KY586854.1|2004,4I_A.2,4I_A,4I,KY586854,10190,100.2558048,2004,Thailand,Thailand,KY586854,2004
2281,KY586855.1|2005,4I_A.2,4I_A,4I,KY586855,10181,100.167257,2005,Thailand,Thailand,KY586855,2005
2282,KY586856.1|2004,4I_A.2,4I_A,4I,KY586856,10190,100.2558048,2004,Thailand,Thailand,KY586856,2004
2283,KY586857.1|2003,4I_A.2,4I_A,4I,KY586857,10181,100.167257,2003,Thailand,Thailand,KY586857,2003
2284,KY586858.1|2007,4I_A.2,4I_A,4I,KY586858,10181,100.167257,2007,Thailand,Thailand,KY586858,2007
2285,KY586859.1|2006,4I_A.2,4I_A,4I,KY586859,10189,100.2459662,2006,Thailand,Thailand,KY586859,2006
2286,KY586860.1|2006,4I_A.2,4I_A,4I,KY586860,10190,100.2558048,2006,Thailand,Thailand,KY586860,2006
2287,KY586861.1|2004,4I_A.2,4I_A,4I,KY586861,10190,100.2558048,2004,Thailand,Thailand,KY586861,2004
2288,KY586862.1|2004,4I_A.2,4I_A,4I,KY586862,10181,100.167257,2004,Thailand,Thailand,KY586862,2004
2289,KY586863.1|2006,4I_A.2,4I_A,4I,KY586863,10190,100.2558048,2006,Thailand,Thailand,KY586863,2006
2290,KY586864.1|2004,4I_A.2,4I_A,4I,KY586864,10190,100.2558048,2004,Thailand,Thailand,KY586864,2004
2291,KY586865.1|2005,4I_A.2,4I_A,4I,KY586865,10181,100.167257,2005,Thailand,Thailand,KY586865,2005
2292,KY586866.1|2004,4I_A.2,4I_A,4I,KY586866,10181,100.167257,2004,Thailand,Thailand,KY586866,2004
2293,KY586867.1|2004,4I_A.2,4I_A,4I,KY586867,10190,100.2558048,2004,Thailand,Thailand,KY586867,2004
2294,KY586868.1|2005,4I_A.2,4I_A,4I,KY586868,10181,100.167257,2005,Thailand,Thailand,KY586868,2005
2295,KY586869.1|2001,4I_A.2,4I_A,4I,KY586869,10190,100.2558048,2001,Thailand,Thailand,KY586869,2001
2296,KY586870.1|2002,4I_A.2,4I_A,4I,KY586870,10181,100.167257,2002,Thailand,Thailand,KY586870,2002
2297,KY586871.1|2008,4I_A.2,4I_A,4I,KY586871,10181,100.167257,2008,Thailand,Thailand,KY586871,2008
2298,KY586872.1|2004,4I_A.2,4I_A,4I,KY586872,10190,100.2558048,2004,Thailand,Thailand,KY586872,2004
2299,KY586873.1|2006,4I_A.2,4I_A,4I,KY586873,10190,100.2558048,2006,Thailand,Thailand,KY586873,2006
2300,KY586874.1|2007,4I_A.2,4I_A,4I,KY586874,10181,100.167257,2007,Thailand,Thailand,KY586874,2007
2301,KY586875.1|2006,4I_A.2,4I_A,4I,KY586875,10190,100.2558048,2006,Thailand,Thailand,KY586875,2006
2302,KY586876.1|2004,4I_A.2,4I_A,4I,KY586876,10190,100.2558048,2004,Thailand,Thailand,KY586876,2004
2303,KY586877.1|2003,4I_A.2,4I_A,4I,KY586877,10181,100.167257,2003,Thailand,Thailand,KY586877,2003
2304,KY586878.1|2002,4I_A.2,4I_A,4I,KY586878,10190,100.2558048,2002,Thailand,Thailand,KY586878,2002
2305,KY586879.1|2004,4I_A.2,4I_A,4I,KY586879,10181,100.167257,2004,Thailand,Thailand,KY586879,2004
2306,KY586880.1|2005,4I_A.2,4I_A,4I,KY586880,10181,100.167257,2005,Thailand,Thailand,KY586880,2005
2307,KY586881.1|2004,4I_A.2,4I_A,4I,KY586881,10181,100.167257,2004,Thailand,Thailand,KY586881,2004
2308,KY586882.1|2004,4I_A.2,4I_A,4I,KY586882,10190,100.2558048,2004,Thailand,Thailand,KY586882,2004
2309,KY586883.1|2006,4I_A.2,4I_A,4I,KY586883,10190,100.2558048,2006,Thailand,Thailand,KY586883,2006
2310,KY586884.1|2006,4I_A.2,4I_A,4I,KY586884,10190,100.2558048,2006,Thailand,Thailand,KY586884,2006
2311,KY586885.1|2004,4I_A.2,4I_A,4I,KY586885,10190,100.2558048,2004,Thailand,Thailand,KY586885,2004
2312,KY586886.1|2001,4I_A.2,4I_A,4I,KY586886,10190,100.2558048,2001,Thailand,Thailand,KY586886,2001
2313,KY586887.1|2002,4I_A.2,4I_A,4I,KY586887,10181,100.167257,2002,Thailand,Thailand,KY586887,2002
2314,KY586888.1|2004,4I_A.2,4I_A,4I,KY586888,10181,100.167257,2004,Thailand,Thailand,KY586888,2004
2315,KY586889.1|2003,4I_A.2,4I_A,4I,KY586889,10181,100.167257,2003,Thailand,Thailand,KY586889,2003
2316,KY586890.1|2005,4I_A.2,4I_A,4I,KY586890,10181,100.167257,2005,Thailand,Thailand,KY586890,2005
2317,KY586891.1|2005,4I_A.2,4I_A,4I,KY586891,10181,100.167257,2005,Thailand,Thailand,KY586891,2005
2318,KY586892.1|2002,4I_A.2,4I_A,4I,KY586892,10190,100.2558048,2002,Thailand,Thailand,KY586892,2002
2319,KY586893.1|2002,4I_A.2,4I_A,4I,KY586893,10190,100.2558048,2002,Thailand,Thailand,KY586893,2002
2320,KY586894.1|2002,4I_A.2,4I_A,4I,KY586894,10190,100.2558048,2002,Thailand,Thailand,KY586894,2002
2321,KY586895.1|2002,4I_A.2,4I_A,4I,KY586895,10181,100.167257,2002,Thailand,Thailand,KY586895,2002
2322,KY586896.1|2002,4I_A.2,4I_A,4I,KY586896,10181,100.167257,2002,Thailand,Thailand,KY586896,2002
2323,KY586897.1|2002,4I_A.2,4I_A,4I,KY586897,10181,100.167257,2002,Thailand,Thailand,KY586897,2002
2324,KY586898.1|2000,4I_A.2,4I_A,4I,KY586898,10181,100.167257,2000,Thailand,Thailand,KY586898,2000
2325,KY586899.1|2002,4I_A.2,4I_A,4I,KY586899,10190,100.2558048,2002,Thailand,Thailand,KY586899,2002
2326,KY586900.1|2001,4I_A.2,4I_A,4I,KY586900,10181,100.167257,2001,Thailand,Thailand,KY586900,2001
2327,KY586901.1|2002,4I_A.2,4I_A,4I,KY586901,10181,100.167257,2002,Thailand,Thailand,KY586901,2002
2328,KY586902.1|2000,4I_A.2,4I_A,4I,KY586902,10181,100.167257,2000,Thailand,Thailand,KY586902,2000
2329,KY586903.1|2000,4I_A.2,4I_A,4I,KY586903,10190,100.2558048,2000,Thailand,Thailand,KY586903,2000
2330,KY586904.1|2000,4I_A.2,4I_A,4I,KY586904,10190,100.2558048,2000,Thailand,Thailand,KY586904,2000
2331,KY586905.1|2004,4I_A.2,4I_A,4I,KY586905,10181,100.167257,2004,Thailand,Thailand,KY586905,2004
2332,KY586906.1|2002,4I_A.2,4I_A,4I,KY586906,10190,100.2558048,2002,Thailand,Thailand,KY586906,2002
2333,KY586907.1|2003,4I_A.2,4I_A,4I,KY586907,10181,100.167257,2003,Thailand,Thailand,KY586907,2003
2334,KY586908.1|2000,4I_A.2,4I_A,4I,KY586908,10181,100.167257,2000,Thailand,Thailand,KY586908,2000
2335,KY586909.1|2000,4I_A.2,4I_A,4I,KY586909,10181,100.167257,2000,Thailand,Thailand,KY586909,2000
2336,KY586910.1|2001,4I_A.2,4I_A,4I,KY586910,10190,100.2558048,2001,Thailand,Thailand,KY586910,2001
2337,KY586911.1|2001,4I_A.2,4I_A,4I,KY586911,10181,100.167257,2001,Thailand,Thailand,KY586911,2001
2338,KY586912.1|2000,4I_A.2,4I_A,4I,KY586912,10190,100.2558048,2000,Thailand,Thailand,KY586912,2000
2339,KY586913.1|2001,4I_A.2,4I_A,4I,KY586913,10190,100.2558048,2001,Thailand,Thailand,KY586913,2001
2340,KY586914.1|2000,4I_A.2,4I_A,4I,KY586914,10190,100.2558048,2000,Thailand,Thailand,KY586914,2000
2341,KY586915.1|2001,4I_A.2,4I_A,4I,KY586915,10190,100.2558048,2001,Thailand,Thailand,KY586915,2001
2342,KY586916.1|2001,4I_A.2,4I_A,4I,KY586916,10189,100.2459662,2001,Thailand,Thailand,KY586916,2001
2343,KY586917.1|2000,4I_A.2,4I_A,4I,KY586917,10190,100.2558048,2000,Thailand,Thailand,KY586917,2000
2344,KY586918.1|2000,4I_A.2,4I_A,4I,KY586918,10190,100.2558048,2000,Thailand,Thailand,KY586918,2000
2345,KY586919.1|2000,4I_A.2,4I_A,4I,KY586919,10190,100.2558048,2000,Thailand,Thailand,KY586919,2000
2346,KY586920.1|2001,4I_A.2,4I_A,4I,KY586920,10190,100.2558048,2001,Thailand,Thailand,KY586920,2001
2347,KY586921.1|2001,4I_A.2,4I_A,4I,KY586921,10189,100.2459662,2001,Thailand,Thailand,KY586921,2001
2348,KY586922.1|1998,4I_A.2,4I_A,4I,KY586922,10190,100.2558048,1998,Thailand,Thailand,KY586922,1998
2349,KY586923.1|2003,4I_A.2,4I_A,4I,KY586923,10181,100.167257,2003,Thailand,Thailand,KY586923,2003
2350,KY586924.1|2003,4I_A.2,4I_A,4I,KY586924,10181,100.167257,2003,Thailand,Thailand,KY586924,2003
2351,KY586925.1|2002,4I_A.2,4I_A,4I,KY586925,10190,100.2558048,2002,Thailand,Thailand,KY586925,2002
2352,KY586926.1|2002,4I_A.2,4I_A,4I,KY586926,10181,100.167257,2002,Thailand,Thailand,KY586926,2002
2353,KY586927.1|2001,4I_A.2,4I_A,4I,KY586927,10189,100.2459662,2001,Thailand,Thailand,KY586927,2001
2354,KY586928.1|2001,4I_A.2,4I_A,4I,KY586928,10190,100.2558048,2001,Thailand,Thailand,KY586928,2001
2355,KY586929.1|2002,4I_A.2,4I_A,4I,KY586929,10181,100.167257,2002,Thailand,Thailand,KY586929,2002
2356,KY586930.1|2002,4I_A.2,4I_A,4I,KY586930,10190,100.2558048,2002,Thailand,Thailand,KY586930,2002
2357,KY586931.1|2002,4I_A.2,4I_A,4I,KY586931,10190,100.2558048,2002,Thailand,Thailand,KY586931,2002
2358,KY586932.1|2000,4I_A.2,4I_A,4I,KY586932,10190,100.2558048,2000,Thailand,Thailand,KY586932,2000
2359,KY586933.1|2000,4I_A.2,4I_A,4I,KY586933,10190,100.2558048,2000,Thailand,Thailand,KY586933,2000
2360,KY586934.1|2001,4I_A.2,4I_A,4I,KY586934,10190,100.2558048,2001,Thailand,Thailand,KY586934,2001
2361,KY586935.1|2000,4I_A.2,4I_A,4I,KY586935,10190,100.2558048,2000,Thailand,Thailand,KY586935,2000
2362,KY586936.1|2000,4I_A.2,4I_A,4I,KY586936,10190,100.2558048,2000,Thailand,Thailand,KY586936,2000
2363,KY586937.1|2000,4I_A.2,4I_A,4I,KY586937,10189,100.2459662,2000,Thailand,Thailand,KY586937,2000
2364,KY586938.1|1995,4I_A,4I_A,4I,KY586938,10181,100.167257,1995,Thailand,Thailand,KY586938,1995
2365,KY586939.1|1995,4I_A,4I_A,4I,KY586939,10181,100.167257,1995,Thailand,Thailand,KY586939,1995
2366,KY586940.1|1995,4I_A,4I_A,4I,KY586940,10190,100.2558048,1995,Thailand,Thailand,KY586940,1995
2367,KY586941.1|1998,4I_A,4I_A,4I,KY586941,10181,100.167257,1998,Thailand,Thailand,KY586941,1998
2368,KY586942.1|2006,4I_A.1,4I_A,4I,KY586942,10190,100.2558048,2006,Thailand,Thailand,KY586942,2006
2369,KY586943.1|1995,4I_A,4I_A,4I,KY586943,10190,100.2558048,1995,Thailand,Thailand,KY586943,1995
2370,KU509287.1|2009,4I_B.2,4I_B,4I,KU509287,10505,103.3549784,2009,India,India,KU509287,2009
2371,KU509288.1|2010,4II_A.1,4II_A,4II,KU509288,10500,103.3057851,2010,Indonesia: Bali,Indonesia,KU509288,2010
2372,KU523871.1|2014-02-13,4II_A,4II_A,4II,KU523871,10589,104.1814246,2014,Philippines,Philippines,KU523871,2014
2373,KU523872.1|2015-04-08,4II_A.1,4II_A,4II,KU523872,10653,104.811098,2015,Indonesia,Indonesia,KU523872,2015
2374,KP188557.1|2012-03-09,4II_B.1.1,4II_B,4II,KP188557,10425,102.5678867,2012,Brazil,Brazil,KP188557,2012
2375,KP188558.1|2012-03-14,4II_B.1.1,4II_B,4II,KP188558,10572,104.0141677,2012,Brazil,Brazil,KP188558,2012
2376,KP188559.1|2012-03-16,4II_B.1.1,4II_B,4II,KP188559,10372,102.0464384,2012,Brazil,Brazil,KP188559,2012
2377,KP188560.1|2012-04-02,4II_B.1.1,4II_B,4II,KP188560,10576,104.0535222,2012,Brazil,Brazil,KP188560,2012
2378,KP188561.1|2012-07-11,4II_B.1.1,4II_B,4II,KP188561,10438,102.6957891,2012,Brazil,Brazil,KP188561,2012
2379,KP188562.1|2012-12-10,4II_B.1.1,4II_B,4II,KP188562,10649,104.7717434,2012,Brazil,Brazil,KP188562,2012
2380,KP188563.1|2013-01-07,4II_B.1.1,4II_B,4II,KP188563,10654,104.8209366,2013,Brazil,Brazil,KP188563,2013
2381,KP188564.1|2013-01-10,4II_B.1.1,4II_B,4II,KP188564,10618,104.4667454,2013,Brazil,Brazil,KP188564,2013
2382,KP188565.1|2013-01-30,4II_B.1.1,4II_B,4II,KP188565,10355,101.8791814,2013,Brazil,Brazil,KP188565,2013
2383,KP188566.1|2013-02-08,4II_B.1.1,4II_B,4II,KP188566,10426,102.5777253,2013,Brazil,Brazil,KP188566,2013
2384,KX224312.2|2014,4I_A.3,4I_A,4I,KX224312,10652,104.8012593,2014,Singapore,Singapore,KX224312,2014
2385,KU513441.1|2013,4II_B.1.1,4II_B,4II,KU513441,10650,104.7815821,2013,"Brazil: Cambe, PR",Brazil,KU513441,2013
2386,KT794007.1|2011-03-07,4II_B.1.1,4II_B,4II,KT794007,10649,104.7717434,2011,"Brazil: Manaus, Amazonas State",Brazil,KT794007,2011
2387,LC069810.1|2015,4II_A,4II_A,4II,LC069810,10623,104.5159386,2015,Japan,Japan,LC069810,2015
2388,KT026308.1|2011,4I_A.2,4I_A,4I,KT026308,10551,103.8075561,2011,Thailand,Thailand,KT026308,2011
2389,KT026309.1|2011,4I_A.2,4I_A,4I,KT026309,10384,102.1645022,2011,Thailand,Thailand,KT026309,2011
2390,KT026310.1|2011,4I_A.2,4I_A,4I,KT026310,10414,102.4596616,2011,Thailand,Thailand,KT026310,2011
2391,KR922405.1|2011,4I_A.2,4I_A,4I,KR922405,10164,100,2011,Thailand,Thailand,KR922405,2011
2392,KT276273.1|2014-09-08,4II_B,4II_B,4II,KT276273,10649,104.7717434,2014,Haiti,Haiti,KT276273,2014
2393,KJ579240.1|2012-04-23,4II_B.1.1,4II_B,4II,KJ579240,10649,104.7717434,2012,"Brazil: Varzea Grande, MT",Brazil,KJ579240,2012
2394,KJ579241.1|2012-04-23,4II_B.1.1,4II_B,4II,KJ579241,10649,104.7717434,2012,"Brazil: Varzea Grande, MT",Brazil,KJ579241,2012
2395,KJ579242.1|2012-04-18,4II_B.1.1,4II_B,4II,KJ579242,10649,104.7717434,2012,"Brazil: Cuiaba, MT",Brazil,KJ579242,2012
2396,KJ579243.1|2012-03-28,4II_B.1.1,4II_B,4II,KJ579243,10649,104.7717434,2012,"Brazil: Nossa Senhora do Livramento, MT",Brazil,KJ579243,2012
2397,KJ579244.1|2012-03-30,4II_B.1.1,4II_B,4II,KJ579244,10649,104.7717434,2012,"Brazil: Varzea Grande, MT",Brazil,KJ579244,2012
2398,KJ579245.1|2012-03-30,4II_B.1.1,4II_B,4II,KJ579245,10649,104.7717434,2012,"Brazil: Cuiaba, MT",Brazil,KJ579245,2012
2399,KJ579246.1|2012-04-19,4II_B.1.1,4II_B,4II,KJ579246,10649,104.7717434,2012,"Brazil: Pocone, MT",Brazil,KJ579246,2012
2400,KJ579247.1|2012-04-12,4II_B.1.1,4II_B,4II,KJ579247,10650,104.7815821,2012,"Brazil: Varzea Grande, MT",Brazil,KJ579247,2012
2401,KJ579248.1|2012-04-19,4II_B.1.1,4II_B,4II,KJ579248,10649,104.7717434,2012,"Brazil: Pocone, MT",Brazil,KJ579248,2012
2402,KJ596658.1|2012-04-20,4II_B.1.1,4II_B,4II,KJ596658,10649,104.7717434,2012,"Brazil: Cuiaba, MT",Brazil,KJ596658,2012
2403,KJ596659.1|2012-03-30,4II_B.1.1,4II_B,4II,KJ596659,10649,104.7717434,2012,"Brazil: Varzea Grande, MT",Brazil,KJ596659,2012
2404,KJ596660.1|2012-04-03,4II_B.1.1,4II_B,4II,KJ596660,10649,104.7717434,2012,"Brazil: Cuiaba, MT",Brazil,KJ596660,2012
2405,KJ596661.1|2012-04-05,4II_B.1.1,4II_B,4II,KJ596661,10649,104.7717434,2012,"Brazil: Cuiaba, MT",Brazil,KJ596661,2012
2406,KJ596662.1|2012-03-23,4II_B.1.1,4II_B,4II,KJ596662,10649,104.7717434,2012,"Brazil: Cuiaba, MT",Brazil,KJ596662,2012
2407,KJ596663.1|2012-03-21,4II_B.1.1,4II_B,4II,KJ596663,10649,104.7717434,2012,"Brazil: Cuiaba, MT",Brazil,KJ596663,2012
2408,KJ596664.1|2012-03-12,4II_B.1.1,4II_B,4II,KJ596664,10649,104.7717434,2012,"Brazil: Cuiaba, MT",Brazil,KJ596664,2012
2409,KJ596665.1|2012-03-20,4II_B.1.1,4II_B,4II,KJ596665,10649,104.7717434,2012,"Brazil: Cuiaba, MT",Brazil,KJ596665,2012
2410,KJ596666.1|2012-03-14,4II_B.1.1,4II_B,4II,KJ596666,10649,104.7717434,2012,"Brazil: Cuiaba, MT",Brazil,KJ596666,2012
2411,KJ596667.1|2012-03-14,4II_B.1.1,4II_B,4II,KJ596667,10649,104.7717434,2012,"Brazil: Nossa Senhora do Livramento, MT",Brazil,KJ596667,2012
2412,KJ596668.1|2012-03-14,4II_B.1.1,4II_B,4II,KJ596668,10649,104.7717434,2012,"Brazil: Cuiaba, MT",Brazil,KJ596668,2012
2413,KJ596669.1|2012-04-19,4II_B.1.1,4II_B,4II,KJ596669,10649,104.7717434,2012,"Brazil: Cuiaba, MT",Brazil,KJ596669,2012
2414,KJ596670.1|2012-04-19,4II_B.1.1,4II_B,4II,KJ596670,10649,104.7717434,2012,"Brazil: Pocone, MT",Brazil,KJ596670,2012
2415,KJ596671.1|2012-02-03,4II_B.1.1,4II_B,4II,KJ596671,10649,104.7717434,2012,"Brazil: Varzea Grande, MT",Brazil,KJ596671,2012
2416,KJ596672.1|2012-02-03,4II_B.1.1,4II_B,4II,KJ596672,10649,104.7717434,2012,"Brazil: Varzea Grande, MT",Brazil,KJ596672,2012
2417,KJ596673.1|2012-02-29,4II_B.1.1,4II_B,4II,KJ596673,10649,104.7717434,2012,"Brazil: Cuiaba, MT",Brazil,KJ596673,2012
2418,KJ596674.1|2012-02-16,4II_B.1.1,4II_B,4II,KJ596674,10649,104.7717434,2012,"Brazil: Cuiaba, MT",Brazil,KJ596674,2012
2419,KR011349.2|1956-08-28,4I,4I,4I,KR011349,10664,104.9193231,1956,Philippines,Philippines,KR011349,1956
2420,KP723482.1|2010,4II_A.2,4II_A,4II,KP723482,10653,104.811098,2010,China: Guangdong,China,KP723482,2010
2421,KP792537.2|2011-06,4I_A.1,4I_A,4I,KP792537,10651,104.7914207,2011,Singapore,Singapore,KP792537,2011
2422,KP140942.1|2014-09-11,4II_B,4II_B,4II,KP140942,10565,103.9452971,2014,Haiti,Haiti,KP140942,2014
2423,KC762694.1|2007-05-30,4II_A.2,4II_A,4II,KC762694,10636,104.643841,2007,Indonesia: Makassar,Indonesia,KC762694,2007
2424,KC762695.1|2007-07-09,4II_A,4II_A,4II,KC762695,10619,104.476584,2007,Indonesia: Makassar,Indonesia,KC762695,2007
2425,KC762696.1|2007-08-13,4II_A.2,4II_A,4II,KC762696,10653,104.811098,2007,Indonesia: Makassar,Indonesia,KC762696,2007
2426,KC762697.1|2007-12-11,4II_A,4II_A,4II,KC762697,10653,104.811098,2007,Indonesia: Makassar,Indonesia,KC762697,2007
2427,KC762698.1|2008-04-30,4II_A.2,4II_A,4II,KC762698,10653,104.811098,2008,Indonesia: Makassar,Indonesia,KC762698,2008
2428,KC762699.1|2008-03-28,4II_A.2,4II_A,4II,KC762699,10641,104.6930342,2008,Indonesia: Makassar,Indonesia,KC762699,2008
2429,KF955510.1|2002,4I_A.1,4I_A,4I,KF955510,10586,104.1519087,2002,Cambodia,Cambodia,KF955510,2002
2430,KF955511.1|2005,4I_A.1,4I_A,4I,KF955511,9692,95.35615899,2005,Cambodia,Cambodia,KF955511,2005
2431,KF955513.1|2008,4I_A.2,4I_A,4I,KF955513,7796,76.70208579,2008,Cambodia,Cambodia,KF955513,2008
2432,KF955516.1|2008,4I_A.1,4I_A,4I,KF955516,9627,94.71664699,2008,Cambodia,Cambodia,KF955516,2008
2433,KF955521.1|2006,4I_A.1,4I_A,4I,KF955521,7162,70.4643841,2006,Thailand,Thailand,KF955521,2006
2434,KF955522.1|2006,4I_A.2,4I_A,4I,KF955522,7171,70.55293192,2006,Thailand,Thailand,KF955522,2006
2435,KF955523.1|2007,4II_B.1,4II_B,4II,KF955523,7727,76.02321921,2007,Venezuela,Venezuela,KF955523,2007
2436,KF955527.1|2007,4I_A.1,4I_A,4I,KF955527,9611,94.55922865,2007,Cambodia,Cambodia,KF955527,2007
2437,KF955528.1|2007,4I_A.2,4I_A,4I,KF955528,10359,101.918536,2007,Cambodia,Cambodia,KF955528,2007
2438,KF955529.1|2007,4I_A.2,4I_A,4I,KF955529,9337,91.86343959,2007,Cambodia,Cambodia,KF955529,2007
2439,KF955530.1|2008,4I_A.1,4I_A,4I,KF955530,7492,73.71113735,2008,Cambodia,Cambodia,KF955530,2008
2440,KF041260.1|2009,4I_B.1,4I_B,4I,KF041260,10652,104.8012593,2009,Pakistan: Karachi,Pakistan,KF041260,2009
2441,JN638570.1|2008,4I_A.2,4I_A,4I,JN638570,10650,104.7815821,2008,Cambodia,Cambodia,JN638570,2008
2442,JN638571.1|2007,4I_A.2,4I_A,4I,JN638571,10656,104.8406139,2007,Cambodia,Cambodia,JN638571,2007
2443,JN638572.1|2008,4I_A.2,4I_A,4I,JN638572,10656,104.8406139,2008,Cambodia,Cambodia,JN638572,2008
2444,JQ915081.1|2009-01-29,4II_A,4II_A,4II,JQ915081,10572,104.0141677,2009,French Polynesia: Taha'a,French Polynesia,JQ915081,2009
2445,JQ915082.1|2009-03-23,4II_A,4II_A,4II,JQ915082,10572,104.0141677,2009,French Polynesia: Tahiti,French Polynesia,JQ915082,2009
2446,JQ915083.1|2009-04-08,4II_A,4II_A,4II,JQ915083,10572,104.0141677,2009,French Polynesia: Raiatea,French Polynesia,JQ915083,2009
2447,JQ915084.1|2010-06-15,4II_A,4II_A,4II,JQ915084,10573,104.0240063,2010,French Polynesia: Tahiti,French Polynesia,JQ915084,2010
2448,JQ915085.1|2008-02-20,4II_A,4II_A,4II,JQ915085,10572,104.0141677,2008,New Caledonia: Noumea,New Caledonia,JQ915085,2008
2449,JQ915086.1|2009-02-05,4II_A,4II_A,4II,JQ915086,10572,104.0141677,2009,New Caledonia: Dumbea,New Caledonia,JQ915086,2009
2450,JQ915087.1|2009-03-17,4II_A,4II_A,4II,JQ915087,10246,100.806769,2009,New Caledonia: Noumea,New Caledonia,JQ915087,2009
2451,JQ915088.1|2009-04-02,4II_A,4II_A,4II,JQ915088,10572,104.0141677,2009,New Caledonia: Noumea,New Caledonia,JQ915088,2009
2452,JQ915089.1|2009-09-23,4II_A,4II_A,4II,JQ915089,10572,104.0141677,2009,New Caledonia: Dumbea,New Caledonia,JQ915089,2009
2453,JQ915090.1|2009-04-01,4II_A,4II_A,4II,JQ915090,10246,100.806769,2009,Wallis and Futuna,Wallis and Futuna,JQ915090,2009
2454,JQ922559.1|1979,4I_B,4I_B,4I,JQ922559,10616,104.4470681,1979,India,India,JQ922559,1979
2455,JQ922560.1|2009,4I_B.2,4I_B,4I,JQ922560,10739,105.6572216,2009,"India: Pune, Maharashtra",India,JQ922560,2009
2456,KC333651.1|2012,4II_A,4II_A,4II,KC333651,10574,104.0338449,2012,China,China,KC333651,2012
2457,JX024757.1|2010-12,4II_A,4II_A,4II,JX024757,10653,104.811098,2010,Singapore,Singapore,JX024757,2010
2458,JX024758.1|2010-12,4II_A,4II_A,4II,JX024758,10653,104.811098,2010,Singapore,Singapore,JX024758,2010
2459,JQ513330.1|2010-07-17,4II_B.1,4II_B,4II,JQ513330,10604,104.3290043,2010,Brazil: Boa Vista-RR,Brazil,JQ513330,2010
2460,JQ513331.1|2010-07-18,4II_B.1,4II_B,4II,JQ513331,10604,104.3290043,2010,Brazil: Boa Vista-RR,Brazil,JQ513331,2010
2461,JQ513332.1|2010-08-20,4II_B.1,4II_B,4II,JQ513332,10604,104.3290043,2010,Brazil: Boa Vista-RR,Brazil,JQ513332,2010
2462,JQ513333.1|2010-08-24,4II_B.1,4II_B,4II,JQ513333,10604,104.3290043,2010,Brazil: Boa Vista-RR,Brazil,JQ513333,2010
2463,JQ513334.1|2010-11-10,4II_B,4II_B,4II,JQ513334,10604,104.3290043,2010,Brazil: Santarem-PA,Brazil,JQ513334,2010
2464,JQ513335.1|2011-01-12,4II_B,4II_B,4II,JQ513335,10604,104.3290043,2011,Brazil: Belem-PA,Brazil,JQ513335,2011
2465,JQ513336.1|2011-01-11,4II_B,4II_B,4II,JQ513336,10604,104.3290043,2011,Brazil: Belem-PA,Brazil,JQ513336,2011
2466,JQ513337.1|2011-01-20,4II_B,4II_B,4II,JQ513337,10604,104.3290043,2011,Brazil: Belem-PA,Brazil,JQ513337,2011
2467,JQ513338.1|2011-01-14,4II_B.1,4II_B,4II,JQ513338,10604,104.3290043,2011,Brazil: Manaus-AM,Brazil,JQ513338,2011
2468,JQ513339.1|2011-01-24,4II_B.1,4II_B,4II,JQ513339,10604,104.3290043,2011,Brazil: Manaus-AM,Brazil,JQ513339,2011
2469,JQ513340.1|2010-11-29,4II_B.1,4II_B,4II,JQ513340,10604,104.3290043,2010,Brazil: Boa Vista-RR,Brazil,JQ513340,2010
2470,JQ513341.1|2010-11-21,4II_B.1,4II_B,4II,JQ513341,10604,104.3290043,2010,Brazil: Boa Vista-RR,Brazil,JQ513341,2010
2471,JQ513342.1|2011-01-29,4II_B.1,4II_B,4II,JQ513342,10604,104.3290043,2011,Brazil: Manaus-AM,Brazil,JQ513342,2011
2472,JQ513343.1|2011-01-29,4II_B.1,4II_B,4II,JQ513343,10604,104.3290043,2011,Brazil: Manaus-AM,Brazil,JQ513343,2011
2473,JQ513344.1|2011-01-13,4II_B.1,4II_B,4II,JQ513344,10604,104.3290043,2011,Brazil: Manaus-AM,Brazil,JQ513344,2011
2474,JQ513345.1|2011-03-18,4I_A,4I_A,4I,JQ513345,10604,104.3290043,2011,Brazil: Bahia-BA,Brazil,JQ513345,2011
2475,JQ822247.1|2010,4II_A.2,4II_A,4II,JQ822247,10653,104.811098,2010,China: Guangdong province,China,JQ822247,2010
2476,JF741967.1|2010-09-26,4II_A.2,4II_A,4II,JF741967,10631,104.5946478,2010,China: Guangzhou,China,JF741967,2010
2477,HQ332172.1|2007,4II_B.1,4II_B,4II,HQ332172,10649,104.7717434,2007,Venezuela,Venezuela,HQ332172,2007
2478,HQ332173.1|2007,4II_B.1,4II_B,4II,HQ332173,10649,104.7717434,2007,Venezuela,Venezuela,HQ332173,2007
2479,HQ332174.1|2007,4II_B.1,4II_B,4II,HQ332174,10649,104.7717434,2007,Venezuela,Venezuela,HQ332174,2007
2480,HQ332175.1|2007,4II_B.1,4II_B,4II,HQ332175,10649,104.7717434,2007,Venezuela,Venezuela,HQ332175,2007
2481,HQ332176.1|2007,4II_B.1,4II_B,4II,HQ332176,10649,104.7717434,2007,Venezuela,Venezuela,HQ332176,2007
2482,JN983813.1|2010-09-08,4II_B.1.1,4II_B,4II,JN983813,10649,104.7717434,2010,"Brazil: Boa Vista, Roraima State",Brazil,JN983813,2010
2483,JF262781.1|1995,4II_B,4II_B,4II,JF262781,10649,104.7717434,1995,Venezuela,Venezuela,JF262781,1995
2484,JF262782.1|1994,4II_B,4II_B,4II,JF262782,10649,104.7717434,1994,Haiti,Haiti,JF262782,1994
2485,JF262783.1|1961,4I,4I,4I,JF262783,10659,104.8701299,1961,India,India,JF262783,1961
2486,JN559740.2|1982-03-26,4II_B,4II_B,4II,JN559740,10604,104.3290043,1982,Brazil: Boa Vista-RR,Brazil,JN559740,1982
2487,JN559741.2|2010-07-21,4II_B.1.1,4II_B,4II,JN559741,10604,104.3290043,2010,Brazil: Boa Vista-RR,Brazil,JN559741,2010
2488,JN819406.1|2006,4II_B.1,4II_B,4II,JN819406,10357,101.8988587,2006,Venezuela: Merida,Venezuela,JN819406,2006
2489,JN819409.1|1998,4II_B,4II_B,4II,JN819409,10558,103.8764266,1998,Venezuela: Aragua,Venezuela,JN819409,1998
2490,HQ875339.1|2008,4II_A,4II_A,4II,HQ875339,10160,99.96064542,2008,Singapore,Singapore,HQ875339,2008
2491,FJ196849.1|1978,4II_A,4II_A,4II,FJ196849,10649,104.7717434,1978,"China: Guangzhou, Guangdong Province",China,FJ196849,1978
2492,FJ196850.1|1990,4I,4I,4I,FJ196850,10649,104.7717434,1990,"China: Guangzhou, Guangdong Province",China,FJ196850,1990
2493,GQ398256.1|2005,4II_A,4II_A,4II,GQ398256,10653,104.811098,2005,Singapore,Singapore,GQ398256,2005
2494,GU289913.1|1982,4II_B,4II_B,4II,GU289913,10649,104.7717434,1982,Colombia,Colombia,GU289913,1982
2495,GQ868579.1|2001,4II_B,4II_B,4II,GQ868579,10593,104.2207792,2001,Colombia: Santander,Colombia,GQ868579,2001
2496,GQ868580.1|2001,4II_B,4II_B,4II,GQ868580,10598,104.2699725,2001,Colombia: Santander,Colombia,GQ868580,2001
2497,GQ868581.1|2001,4II_B,4II_B,4II,GQ868581,10592,104.2109406,2001,Colombia: Santander,Colombia,GQ868581,2001
2498,GQ868582.1|2001,4II_B,4II_B,4II,GQ868582,10606,104.3486816,2001,Colombia: Santander,Colombia,GQ868582,2001
2499,GQ868583.1|2004,4II_B.1,4II_B,4II,GQ868583,10551,103.8075561,2004,Colombia: Santander,Colombia,GQ868583,2004
2500,GQ868584.1|2004,4II_B.1,4II_B,4II,GQ868584,10552,103.8173947,2004,Colombia: Santander,Colombia,GQ868584,2004
2501,GQ868585.1|2005,4II_B.1,4II_B,4II,GQ868585,10606,104.3486816,2005,Colombia: Norte de Santander,Colombia,GQ868585,2005
2502,GQ868594.1|1956,4I,4I,4I,GQ868594,10607,104.3585203,1956,Philippines,Philippines,GQ868594,1956
2503,GQ868642.1|2007,4II_B.1,4II_B,4II,GQ868642,10595,104.2404565,2007,Venezuela: Aragua,Venezuela,GQ868642,2007
2504,GQ868643.1|2007,4II_B.1,4II_B,4II,GQ868643,10593,104.2207792,2007,Venezuela: Aragua,Venezuela,GQ868643,2007
2505,GQ868644.1|2007,4II_B.1,4II_B,4II,GQ868644,10637,104.6536797,2007,Venezuela: Aragua,Venezuela,GQ868644,2007
2506,GQ868645.1|2007,4II_B.1,4II_B,4II,GQ868645,10606,104.3486816,2007,Venezuela: Aragua,Venezuela,GQ868645,2007
2507,GQ199876.1|2007,4II_B.1,4II_B,4II,GQ199876,10595,104.2404565,2007,Venezuela: Merida,Venezuela,GQ199876,2007
2508,GQ199878.1|1994,4II_B,4II_B,4II,GQ199878,10592,104.2109406,1994,USA: Puerto Rico,USA,GQ199878,1994
2509,GQ199879.1|1994,4II_B,4II_B,4II,GQ199879,10593,104.2207792,1994,USA: Puerto Rico,USA,GQ199879,1994
2510,GQ199880.1|1995,4II_B,4II_B,4II,GQ199880,10590,104.1912633,1995,USA: Puerto Rico,USA,GQ199880,1995
2511,GQ199881.1|1996,4II_B,4II_B,4II,GQ199881,10590,104.1912633,1996,USA: Puerto Rico,USA,GQ199881,1996
2512,GQ199882.1|1996,4II_B,4II_B,4II,GQ199882,10592,104.2109406,1996,USA: Puerto Rico,USA,GQ199882,1996
2513,GQ199883.1|1996,4II_B,4II_B,4II,GQ199883,10606,104.3486816,1996,USA: Puerto Rico,USA,GQ199883,1996
2514,GQ199884.1|1996,4II_B,4II_B,4II,GQ199884,10606,104.3486816,1996,USA: Puerto Rico,USA,GQ199884,1996
2515,GQ199885.1|1996,4II_B,4II_B,4II,GQ199885,10590,104.1912633,1996,USA: Puerto Rico,USA,GQ199885,1996
2516,GQ252675.1|1995,4II_B,4II_B,4II,GQ252675,10591,104.2011019,1995,USA: Puerto Rico,USA,GQ252675,1995
2517,FJ882580.1|2007,4II_B.1,4II_B,4II,FJ882580,10596,104.2502952,2007,Venezuela: Aragua,Venezuela,FJ882580,2007
2518,FJ882581.1|2007,4II_B.1,4II_B,4II,FJ882581,10606,104.3486816,2007,Venezuela: Aragua,Venezuela,FJ882581,2007
2519,FJ882582.1|2007,4II_B.1,4II_B,4II,FJ882582,10603,104.3191657,2007,Venezuela: Aragua,Venezuela,FJ882582,2007
2520,FJ882583.1|2007,4II_B.1,4II_B,4II,FJ882583,10592,104.2109406,2007,Venezuela: Aragua,Venezuela,FJ882583,2007
2521,FJ882584.1|2007,4II_B.1,4II_B,4II,FJ882584,10595,104.2404565,2007,Venezuela: Aragua,Venezuela,FJ882584,2007
2522,FJ882585.1|2007,4II_B.1,4II_B,4II,FJ882585,10594,104.2306179,2007,Venezuela: Aragua,Venezuela,FJ882585,2007
2523,FJ882586.1|2007,4II_B.1,4II_B,4II,FJ882586,10606,104.3486816,2007,Venezuela: Aragua,Venezuela,FJ882586,2007
2524,FJ882587.1|2007,4II_B.1,4II_B,4II,FJ882587,10554,103.837072,2007,Venezuela: Aragua,Venezuela,FJ882587,2007
2525,FJ882588.1|2007,4II_B.1,4II_B,4II,FJ882588,10594,104.2306179,2007,Venezuela: Aragua,Venezuela,FJ882588,2007
2526,FJ882589.1|2007,4II_B.1,4II_B,4II,FJ882589,10595,104.2404565,2007,Venezuela: Aragua,Venezuela,FJ882589,2007
2527,FJ882590.1|2007,4II_B.1,4II_B,4II,FJ882590,10594,104.2306179,2007,Venezuela: Aragua,Venezuela,FJ882590,2007
2528,FJ882591.1|2007,4II_B.1,4II_B,4II,FJ882591,10593,104.2207792,2007,Venezuela: Aragua,Venezuela,FJ882591,2007
2529,FJ882592.1|2008,4II_B.1,4II_B,4II,FJ882592,10606,104.3486816,2008,Venezuela: Aragua,Venezuela,FJ882592,2008
2530,FJ882595.1|1998,4II_B,4II_B,4II,FJ882595,10606,104.3486816,1998,USA: Puerto Rico,USA,FJ882595,1998
2531,FJ882596.1|1998,4II_B,4II_B,4II,FJ882596,10606,104.3486816,1998,USA: Puerto Rico,USA,FJ882596,1998
2532,FJ882597.1|1998,4II_B,4II_B,4II,FJ882597,10606,104.3486816,1998,USA: Puerto Rico,USA,FJ882597,1998
2533,FJ882598.1|1998,4II_B,4II_B,4II,FJ882598,10606,104.3486816,1998,USA: Puerto Rico,USA,FJ882598,1998
2534,FJ882599.1|1999,4II_B,4II_B,4II,FJ882599,10595,104.2404565,1999,USA: Puerto Rico,USA,FJ882599,1999
2535,FJ882600.1|1999,4II_B,4II_B,4II,FJ882600,10606,104.3486816,1999,USA: Puerto Rico,USA,FJ882600,1999
2536,FJ882601.1|1999,4II_B,4II_B,4II,FJ882601,10606,104.3486816,1999,USA: Puerto Rico,USA,FJ882601,1999
2537,FJ810417.1|1995,4II_B,4II_B,4II,FJ810417,10606,104.3486816,1995,USA: Puerto Rico,USA,FJ810417,1995
2538,FJ850057.1|1995,4II_B,4II_B,4II,FJ850057,10606,104.3486816,1995,USA: Puerto Rico,USA,FJ850057,1995
2539,FJ850058.1|1996,4II_B,4II_B,4II,FJ850058,10606,104.3486816,1996,USA: Puerto Rico,USA,FJ850058,1996
2540,FJ850059.1|1998,4II_B.2,4II_B,4II,FJ850059,10606,104.3486816,1998,USA: Puerto Rico,USA,FJ850059,1998
2541,FJ850095.1|2000,4II_B.1,4II_B,4II,FJ850095,10558,103.8764266,2000,Venezuela: Aragua,Venezuela,FJ850095,2000
2542,FJ639736.1|1998,4II_B,4II_B,4II,FJ639736,10606,104.3486816,1998,Venezuela: Aragua,Venezuela,FJ639736,1998
2543,FJ639737.1|1998,4II_B,4II_B,4II,FJ639737,10567,103.9649744,1998,Venezuela: Aragua,Venezuela,FJ639737,1998
2544,FJ639738.1|1998,4II_B,4II_B,4II,FJ639738,10566,103.9551358,1998,Venezuela: Aragua,Venezuela,FJ639738,1998
2545,FJ639739.1|1998,4II_B,4II_B,4II,FJ639739,10606,104.3486816,1998,Venezuela: Aragua,Venezuela,FJ639739,1998
2546,FJ639742.1|1999,4II_B,4II_B,4II,FJ639742,10593,104.2207792,1999,Venezuela: Aragua,Venezuela,FJ639742,1999
2547,FJ639744.1|1999,4II_B,4II_B,4II,FJ639744,10606,104.3486816,1999,Venezuela: Aragua,Venezuela,FJ639744,1999
2548,FJ639745.1|1999,4II_B,4II_B,4II,FJ639745,10566,103.9551358,1999,Venezuela: Aragua,Venezuela,FJ639745,1999
2549,FJ639748.1|2000,4II_B,4II_B,4II,FJ639748,10551,103.8075561,2000,Venezuela: Aragua,Venezuela,FJ639748,2000
2550,FJ639764.1|2001,4II_B,4II_B,4II,FJ639764,10566,103.9551358,2001,Venezuela: Aragua,Venezuela,FJ639764,2001
2551,FJ639773.1|2001,4II_B.1,4II_B,4II,FJ639773,10606,104.3486816,2001,Venezuela: Aragua,Venezuela,FJ639773,2001
2552,FJ226067.1|1994,4II_B,4II_B,4II,FJ226067,10606,104.3486816,1994,USA: Puerto Rico,USA,FJ226067,1994
2553,FJ182016.1|2007,4II_B.1,4II_B,4II,FJ182016,10606,104.3486816,2007,Venezuela: Aragua,Venezuela,FJ182016,2007
2554,FJ182017.1|2007,4II_B.1,4II_B,4II,FJ182017,10606,104.3486816,2007,Venezuela: Aragua,Venezuela,FJ182017,2007
2555,EU854295.1|1986,4II_B,4II_B,4II,EU854295,10566,103.9551358,1986,USA: Puerto Rico,USA,EU854295,1986
2556,EU854296.1|1998,4II_B.2,4II_B,4II,EU854296,10606,104.3486816,1998,USA: Puerto Rico,USA,EU854296,1998
2557,EU854297.1|1998,4II_B,4II_B,4II,EU854297,10606,104.3486816,1998,USA: Puerto Rico,USA,EU854297,1998
2558,EU854299.1|2007,4II_B.1,4II_B,4II,EU854299,10606,104.3486816,2007,Venezuela: Aragua,Venezuela,EU854299,2007
2559,EU854300.1|2007,4II_B.1,4II_B,4II,EU854300,10606,104.3486816,2007,Venezuela: Aragua,Venezuela,EU854300,2007
2560,EU854301.1|2007,4II_B.1,4II_B,4II,EU854301,10606,104.3486816,2007,Venezuela: Aragua,Venezuela,EU854301,2007
2561,FJ024424.1|1998,4II_B,4II_B,4II,FJ024424,10606,104.3486816,1998,USA: Puerto Rico,USA,FJ024424,1998
2562,FJ024476.1|1997,4II_B,4II_B,4II,FJ024476,10606,104.3486816,1997,Colombia: Santander,Colombia,FJ024476,1997