index,seqName,clade,major_lineage,genotype,otherName,seqLength,%cds,year,geo_location,country,strain,date
112,NC_001474.2|1964,2V,2V,2V,NC_001474,10723,105.3753931,1964,Thailand,Thailand,NC_001474,1964
113,PP320851.1|2023-12-31,2II_F.1.1.5,2II_F,2II,PP320851,10663,104.7857704,2023,France,France,PP320851,2023
114,PP320853.1|2023-10-05,2II_F.1.1.5,2II_F,2II,PP320853,9298,91.37185535,2023,France,France,PP320853,2023
115,PP320854.1|2013-07-03,2III_C.1,2III_C,2III,PP320854,10668,104.8349057,2013,France,France,PP320854,2013
116,PP320855.1|2014-01-14,2III_C.1,2III_C,2III,PP320855,10591,104.0782233,2014,France,France,PP320855,2014
117,PP510617.1|2023-10-02,2II_F.1.1.5,2II_F,2II,PP510617,10690,105.0511006,2023,French Guiana: Remire-Montjoly,French Guiana,PP510617,2023
118,PP510618.1|2023-07-26,2II_F.1.1.5,2II_F,2II,PP510618,10690,105.0511006,2023,Martinique,Martinique,PP510618,2023
119,PP510619.1|2023-08-27,2II_F.1.1.5,2II_F,2II,PP510619,10688,105.0314465,2023,French Guiana: Sinnamary,French Guiana,PP510619,2023
120,PP510620.1|2023-07-14,2II_F.1.1.5,2II_F,2II,PP510620,10677,104.9233491,2023,French Guiana: Saint-Laurent-du-Maroni,French Guiana,PP510620,2023
121,PP510621.1|2023-09-21,2II_F.1.1.5,2II_F,2II,PP510621,10688,105.0314465,2023,French Guiana: imported from Guadeloupe,French Guiana,PP510621,2023
122,PP510622.1|2023-07-24,2II_F.1.1.5,2II_F,2II,PP510622,10279,101.0121855,2023,Martinique,Martinique,PP510622,2023
123,PP510623.1|2023-07-21,2II_F.1.1.5,2II_F,2II,PP510623,10676,104.913522,2023,Martinique,Martinique,PP510623,2023
124,PP510624.1|2023-09-07,2II_F.1.1.5,2II_F,2II,PP510624,10688,105.0314465,2023,French Guiana: Cayenne,French Guiana,PP510624,2023
125,PP510625.1|2023-07-24,2II_F.1.1.5,2II_F,2II,PP510625,10686,105.0117925,2023,Martinique,Martinique,PP510625,2023
126,PP563772.1|2023-08-03,2II_F.1.1,2II_F,2II,PP563772,10700,105.1493711,2023,Thailand,Thailand,PP563772,2023
127,PP564506.1|2023-07-26,2II_A.2.2,2II_A,2II,PP564506,10687,105.0216195,2023,China: Guangzhou,China,PP564506,2023
128,PP564507.1|2023-07-27,2II_A.2.2,2II_A,2II,PP564507,10687,105.0216195,2023,China: Guangzhou,China,PP564507,2023
129,PP564508.1|2023-08-05,2II_A.2.2,2II_A,2II,PP564508,10686,105.0117925,2023,China: Guangzhou,China,PP564508,2023
130,PP564509.1|2023-08-12,2II_A.2.2,2II_A,2II,PP564509,10641,104.5695755,2023,China: Guangzhou,China,PP564509,2023
131,PP564510.1|2023-08-12,2II_A.2.2,2II_A,2II,PP564510,10640,104.5597484,2023,China: Guangzhou,China,PP564510,2023
132,PP564511.1|2023-08-13,2II_A.2.2,2II_A,2II,PP564511,10640,104.5597484,2023,China: Guangzhou,China,PP564511,2023
133,PP564512.1|2023-08-11,2II_A.2.2,2II_A,2II,PP564512,10640,104.5597484,2023,China: Guangzhou,China,PP564512,2023
134,PP564513.1|2023-08-06,2II_A.2.2,2II_A,2II,PP564513,10706,105.2083333,2023,China: Guangzhou,China,PP564513,2023
135,PP564514.1|2023-08-05,2II_A.2.2,2II_A,2II,PP564514,10640,104.5597484,2023,China: Guangzhou,China,PP564514,2023
136,PP564515.1|2023-08-05,2II_A.2.2,2II_A,2II,PP564515,10639,104.5499214,2023,China: Guangzhou,China,PP564515,2023
137,PP564516.1|2023-08-09,2II_A.2.2,2II_A,2II,PP564516,10639,104.5499214,2023,China: Guangzhou,China,PP564516,2023
138,PP564517.1|2023-08-10,2II_A.2.2,2II_A,2II,PP564517,10640,104.5597484,2023,China: Guangzhou,China,PP564517,2023
139,PP564518.1|2023-08-16,2II_A.2.2,2II_A,2II,PP564518,10654,104.697327,2023,China: Guangzhou,China,PP564518,2023
140,PP564519.1|2023-08-14,2II_A.2.2,2II_A,2II,PP564519,10640,104.5597484,2023,China: Guangzhou,China,PP564519,2023
141,PP564520.1|2023-08-15,2II_A.2.2,2II_A,2II,PP564520,10643,104.5892296,2023,China: Guangzhou,China,PP564520,2023
142,PP564521.1|2023-08-12,2II_A.2.2,2II_A,2II,PP564521,10637,104.5302673,2023,China: Guangzhou,China,PP564521,2023
143,PP564522.1|2023-08-15,2II_A.2.2,2II_A,2II,PP564522,10639,104.5499214,2023,China: Guangzhou,China,PP564522,2023
144,PP564523.1|2023-08-16,2II_A.2.2,2II_A,2II,PP564523,10640,104.5597484,2023,China: Guangzhou,China,PP564523,2023
145,PP564524.1|2023-08-09,2II_A.2.2,2II_A,2II,PP564524,10639,104.5499214,2023,China: Guangzhou,China,PP564524,2023
146,PP564525.1|2023-08-18,2II_A.2.2,2II_A,2II,PP564525,10641,104.5695755,2023,China: Guangzhou,China,PP564525,2023
147,PP564526.1|2023-08-16,2II_A.2.2,2II_A,2II,PP564526,10640,104.5597484,2023,China: Guangzhou,China,PP564526,2023
148,PP564527.1|2023-08-20,2II_A.2.2,2II_A,2II,PP564527,10661,104.7661164,2023,China: Guangzhou,China,PP564527,2023
149,PP564528.1|2023-08-26,2II_A.2.2,2II_A,2II,PP564528,10682,104.9724843,2023,China: Guangzhou,China,PP564528,2023
150,PP564529.1|2023-08-25,2II_A.2.2,2II_A,2II,PP564529,10695,105.1002358,2023,China: Guangzhou,China,PP564529,2023
151,PP564530.1|2023-08-27,2II_A.2.2,2II_A,2II,PP564530,10646,104.6187107,2023,China: Guangzhou,China,PP564530,2023
152,PP564531.1|2023-09-01,2II_A.2.2,2II_A,2II,PP564531,10687,105.0216195,2023,China: Guangzhou,China,PP564531,2023
153,PP564532.1|2023-09-06,2II_A.2.2,2II_A,2II,PP564532,10713,105.2771226,2023,China: Guangzhou,China,PP564532,2023
154,PP564533.1|2023-09-06,2II_A.2.2,2II_A,2II,PP564533,10617,104.3337264,2023,China: Guangzhou,China,PP564533,2023
155,PP564534.1|2023-09-06,2II_A.2.2,2II_A,2II,PP564534,10617,104.3337264,2023,China: Guangzhou,China,PP564534,2023
156,PP564535.1|2023-09-05,2II_F.1.1.3,2II_F,2II,PP564535,10643,104.5892296,2023,China: Guangzhou,China,PP564535,2023
157,PP564536.1|2023-09-05,2II_A.2.2,2II_A,2II,PP564536,10619,104.3533805,2023,China: Guangzhou,China,PP564536,2023
158,PP564537.1|2023-09-10,2II_F.1.1.3,2II_F,2II,PP564537,10629,104.4516509,2023,China: Guangzhou,China,PP564537,2023
159,PP564538.1|2023-09-07,2II_A.2.2,2II_A,2II,PP564538,10687,105.0216195,2023,China: Guangzhou,China,PP564538,2023
160,PP564539.1|2023-09-06,2II_A.2.2,2II_A,2II,PP564539,10643,104.5892296,2023,China: Guangzhou,China,PP564539,2023
161,PP564540.1|2023-09-09,2II_A.2.2,2II_A,2II,PP564540,10687,105.0216195,2023,China: Guangzhou,China,PP564540,2023
162,PP564541.1|2023-09-07,2II_A.2.2,2II_A,2II,PP564541,10688,105.0314465,2023,China: Guangzhou,China,PP564541,2023
163,PP564542.1|2023-09-09,2II_A.2.2,2II_A,2II,PP564542,10687,105.0216195,2023,China: Guangzhou,China,PP564542,2023
164,PP564543.1|2023-09-02,2II_A.2.2,2II_A,2II,PP564543,10687,105.0216195,2023,China: Guangzhou,China,PP564543,2023
165,PP564544.1|2023-09-09,2II_A.2.2,2II_A,2II,PP564544,10595,104.1175314,2023,China: Guangzhou,China,PP564544,2023
166,PP564545.1|2023-09-07,2II_A.2.2,2II_A,2II,PP564545,10698,105.129717,2023,China: Guangzhou,China,PP564545,2023
167,PP564546.1|2023-09-15,2II_F.1.1.3,2II_F,2II,PP564546,10654,104.697327,2023,China: Guangzhou,China,PP564546,2023
168,PP564547.1|2023-09-15,2II_F.1.1.3,2II_F,2II,PP564547,10613,104.2944182,2023,China: Guangzhou,China,PP564547,2023
169,PP564548.1|2023-09-11,2II_F.1.1.3,2II_F,2II,PP564548,10631,104.471305,2023,China: Guangzhou,China,PP564548,2023
170,PP564549.1|2023-09-13,2II_F.1.1.3,2II_F,2II,PP564549,10626,104.4221698,2023,China: Guangzhou,China,PP564549,2023
171,PP564550.1|2023-09-16,2II_F.1.1,2II_F,2II,PP564550,10670,104.8545597,2023,China: Guangzhou,China,PP564550,2023
172,PP564551.1|2023-09-11,2II_F.1.1.3,2II_F,2II,PP564551,10687,105.0216195,2023,China: Guangzhou,China,PP564551,2023
173,PP564552.1|2023-09-14,2II_F.1.1.3,2II_F,2II,PP564552,10650,104.6580189,2023,China: Guangzhou,China,PP564552,2023
174,PP564553.1|2023-09-12,2II_F.1.1.3,2II_F,2II,PP564553,10648,104.6383648,2023,China: Guangzhou,China,PP564553,2023
175,PP564554.1|2023-09-12,2II_A.2.2,2II_A,2II,PP564554,10687,105.0216195,2023,China: Guangzhou,China,PP564554,2023
176,PP564555.1|2023-09-11,2II_A.2.2,2II_A,2II,PP564555,10643,104.5892296,2023,China: Guangzhou,China,PP564555,2023
177,PP564556.1|2023-09-14,2II_A.2.2,2II_A,2II,PP564556,10631,104.471305,2023,China: Guangzhou,China,PP564556,2023
178,PP564557.1|2023-09-13,2II_A.2.2,2II_A,2II,PP564557,10682,104.9724843,2023,China: Guangzhou,China,PP564557,2023
179,PP564558.1|2023-09-13,2II_A.2.2,2II_A,2II,PP564558,10687,105.0216195,2023,China: Guangzhou,China,PP564558,2023
180,PP564559.1|2023-09-16,2II_A.2.2,2II_A,2II,PP564559,10652,104.677673,2023,China: Guangzhou,China,PP564559,2023
181,PP564560.1|2023-09-13,2II_A.2.2,2II_A,2II,PP564560,10664,104.7955975,2023,China: Guangzhou,China,PP564560,2023
182,PP564561.1|2023-09-13,2II_A.2.2,2II_A,2II,PP564561,10620,104.3632075,2023,China: Guangzhou,China,PP564561,2023
183,PP564562.1|2023-09-17,2II_A.2.2,2II_A,2II,PP564562,10645,104.6088836,2023,China: Guangzhou,China,PP564562,2023
184,PP564563.1|2023-09-17,2II_A.2.2,2II_A,2II,PP564563,10643,104.5892296,2023,China: Guangzhou,China,PP564563,2023
185,PP564564.1|2023-09-18,2II_A.2.2,2II_A,2II,PP564564,10670,104.8545597,2023,China: Guangzhou,China,PP564564,2023
186,PP564565.1|2023-09-08,2II_A.2.2,2II_A,2II,PP564565,10718,105.3262579,2023,China: Guangzhou,China,PP564565,2023
187,PP564566.1|2023-09-07,2II_A.2.2,2II_A,2II,PP564566,10688,105.0314465,2023,China: Guangzhou,China,PP564566,2023
188,PP564567.1|2023-09-16,2II_A.2.2,2II_A,2II,PP564567,10643,104.5892296,2023,China: Guangzhou,China,PP564567,2023
189,PP564568.1|2023-09-15,2II_F.1.1.3,2II_F,2II,PP564568,10646,104.6187107,2023,China: Guangzhou,China,PP564568,2023
190,PP564569.1|2023-09-18,2II_F.1.1.3,2II_F,2II,PP564569,10648,104.6383648,2023,China: Guangzhou,China,PP564569,2023
191,PP564570.1|2023-09-14,2II_F.1.1.3,2II_F,2II,PP564570,10646,104.6187107,2023,China: Guangzhou,China,PP564570,2023
192,PP564571.1|2023-09-20,2II_F.1.1.3,2II_F,2II,PP564571,10645,104.6088836,2023,China: Guangzhou,China,PP564571,2023
193,PP564572.1|2023-09-20,2II_F.1.1.3,2II_F,2II,PP564572,10674,104.8938679,2023,China: Guangzhou,China,PP564572,2023
194,PP564573.1|2023-09-18,2II_F.1.1.3,2II_F,2II,PP564573,10675,104.903695,2023,China: Guangzhou,China,PP564573,2023
195,PP564574.1|2023-09-17,2II_A.2.2,2II_A,2II,PP564574,10644,104.5990566,2023,China: Guangzhou,China,PP564574,2023
196,PP564575.1|2023-09-16,2II_A.2.2,2II_A,2II,PP564575,10594,104.1077044,2023,China: Guangzhou,China,PP564575,2023
197,PP564576.1|2023-09-16,2II_A.2.2,2II_A,2II,PP564576,10594,104.1077044,2023,China: Guangzhou,China,PP564576,2023
198,PP564577.1|2023-09-22,2II_A.2.2,2II_A,2II,PP564577,10669,104.8447327,2023,China: Guangzhou,China,PP564577,2023
199,PP564578.1|2023-09-16,2II_A.2.2,2II_A,2II,PP564578,10643,104.5892296,2023,China: Guangzhou,China,PP564578,2023
200,PP564579.1|2023-09-15,2II_A.2.2,2II_A,2II,PP564579,10644,104.5990566,2023,China: Guangzhou,China,PP564579,2023
201,PP564580.1|2023-09-20,2II_A.2.2,2II_A,2II,PP564580,10643,104.5892296,2023,China: Guangzhou,China,PP564580,2023
202,PP564581.1|2023-09-19,2II_A.2.2,2II_A,2II,PP564581,10643,104.5892296,2023,China: Guangzhou,China,PP564581,2023
203,PP564582.1|2023-09-29,2II_A.2.2,2II_A,2II,PP564582,10652,104.677673,2023,China: Guangzhou,China,PP564582,2023
204,PP564583.1|2023-10-05,2II_A.2.2,2II_A,2II,PP564583,10645,104.6088836,2023,China: Guangzhou,China,PP564583,2023
205,PP564584.1|2023-09-29,2II_F.1.1.3,2II_F,2II,PP564584,10646,104.6187107,2023,China: Yunnan,China,PP564584,2023
206,PP564585.1|2023-10-06,2II_F.1.1.3,2II_F,2II,PP564585,10684,104.9921384,2023,China: Guangzhou,China,PP564585,2023
207,PP564586.1|2023-10-01,2II_F.1.1.3,2II_F,2II,PP564586,10642,104.5794025,2023,China: Guangzhou,China,PP564586,2023
208,PP564587.1|2023-10-01,2II_F.1.1.3,2II_F,2II,PP564587,10645,104.6088836,2023,China: Guangzhou,China,PP564587,2023
209,PP564588.1|2023-10-05,2II_F.1.1.3,2II_F,2II,PP564588,10645,104.6088836,2023,China: Guangzhou,China,PP564588,2023
210,PP564589.1|2023-10-06,2II_F.1.1.3,2II_F,2II,PP564589,10624,104.4025157,2023,China: Guangzhou,China,PP564589,2023
211,PP564590.1|2023-10-05,2II_F.1.1.3,2II_F,2II,PP564590,10674,104.8938679,2023,China: Guangzhou,China,PP564590,2023
212,PP564591.1|2023-10-05,2II_A.2.2,2II_A,2II,PP564591,10617,104.3337264,2023,China: Guangzhou,China,PP564591,2023
213,PP564592.1|2023-09-20,2II_F.1.1.3,2II_F,2II,PP564592,10646,104.6187107,2023,China: Guangzhou,China,PP564592,2023
214,PP564593.1|2023-09-22,2II_F.1.1.3,2II_F,2II,PP564593,10642,104.5794025,2023,China: Guangzhou,China,PP564593,2023
215,PP564594.1|2023-09-22,2II_A.2.2,2II_A,2II,PP564594,10643,104.5892296,2023,China: Guangzhou,China,PP564594,2023
216,PP564595.1|2023-09-20,2II_A.2.2,2II_A,2II,PP564595,10688,105.0314465,2023,China: Guangzhou,China,PP564595,2023
217,PP564596.1|2023-09-20,2II_A.2.2,2II_A,2II,PP564596,10643,104.5892296,2023,China: Guangzhou,China,PP564596,2023
218,PP564597.1|2023-09-24,2II_A.2.2,2II_A,2II,PP564597,10682,104.9724843,2023,China: Guangzhou,China,PP564597,2023
219,PP564598.1|2023-09-28,2II_A.2.2,2II_A,2II,PP564598,10625,104.4123428,2023,China: Guangzhou,China,PP564598,2023
220,PP564599.1|2023-09-27,2II_F.1.1.3,2II_F,2II,PP564599,10660,104.7562893,2023,China: Guangzhou,China,PP564599,2023
221,PP564600.1|2023-09-29,2II_F.1.1.3,2II_F,2II,PP564600,10645,104.6088836,2023,China: Guangzhou,China,PP564600,2023
222,PP564601.1|2023-10-02,2II_F.1.1.3,2II_F,2II,PP564601,10628,104.4418239,2023,China: Guangzhou,China,PP564601,2023
223,PP564602.1|2023-10-07,2V_A.2,2V_A,2V,PP564602,10712,105.2672956,2023,China: Guangzhou,China,PP564602,2023
224,PP564603.1|2023-10-08,2II_A.2.2,2II_A,2II,PP564603,10674,104.8938679,2023,China: Guangzhou,China,PP564603,2023
225,PP564604.1|2023-10-08,2II_A.2.2,2II_A,2II,PP564604,10650,104.6580189,2023,China: Guangzhou,China,PP564604,2023
226,PP564605.1|2023-10-09,2II_A.2.2,2II_A,2II,PP564605,10670,104.8545597,2023,China: Guangzhou,China,PP564605,2023
227,PP564606.1|2023-10-08,2II_A.2.2,2II_A,2II,PP564606,10642,104.5794025,2023,China: Guangzhou,China,PP564606,2023
228,PP564607.1|2023-10-08,2II_A.2.2,2II_A,2II,PP564607,10643,104.5892296,2023,China: Guangzhou,China,PP564607,2023
229,PP564608.1|2023-10-08,2II_A.2.2,2II_A,2II,PP564608,10711,105.2574686,2023,China: Guangzhou,China,PP564608,2023
230,PP564609.1|2023-10-08,2II_A.2.2,2II_A,2II,PP564609,10646,104.6187107,2023,China: Guangzhou,China,PP564609,2023
231,PP564610.1|2023-09-23,2II_A.2.2,2II_A,2II,PP564610,10664,104.7955975,2023,China: Guangzhou,China,PP564610,2023
232,PP564611.1|2023-09-26,2II_A.2.2,2II_A,2II,PP564611,10645,104.6088836,2023,China: Guangzhou,China,PP564611,2023
233,PP564612.1|2023-09-28,2II_A.2.2,2II_A,2II,PP564612,10687,105.0216195,2023,China: Guangzhou,China,PP564612,2023
234,PP564613.1|2023-09-28,2II_A.2.2,2II_A,2II,PP564613,10622,104.3828616,2023,China: Guangzhou,China,PP564613,2023
235,PP564614.1|2023-10-02,2II_A.2.2,2II_A,2II,PP564614,10644,104.5990566,2023,China: Guangzhou,China,PP564614,2023
236,PP564615.1|2023-10-04,2II_A.2.2,2II_A,2II,PP564615,10643,104.5892296,2023,China: Guangzhou,China,PP564615,2023
237,PP564616.1|2023-10-01,2II_A.2.2,2II_A,2II,PP564616,10687,105.0216195,2023,China: Guangzhou,China,PP564616,2023
238,PP564617.1|2023-10-04,2II_A.2.2,2II_A,2II,PP564617,10643,104.5892296,2023,China: Guangzhou,China,PP564617,2023
239,PP564618.1|2023-10-06,2II_A.2.2,2II_A,2II,PP564618,10643,104.5892296,2023,China: Guangzhou,China,PP564618,2023
240,PP564619.1|2023-10-06,2II_A.2.2,2II_A,2II,PP564619,10644,104.5990566,2023,China: Foshan,China,PP564619,2023
241,PP564620.1|2023-10-08,2II_A.2.2,2II_A,2II,PP564620,10643,104.5892296,2023,China: Guangzhou,China,PP564620,2023
242,PP564621.1|2023-10-08,2II_A.2.2,2II_A,2II,PP564621,10672,104.8742138,2023,China: Guangzhou,China,PP564621,2023
243,PP564622.1|2023-10-01,2II_A.2.2,2II_A,2II,PP564622,10607,104.235456,2023,China: Guangzhou,China,PP564622,2023
244,PP564623.1|2023-10-04,2II_A.2.2,2II_A,2II,PP564623,10599,104.1568396,2023,China: Guangzhou,China,PP564623,2023
245,PP564624.1|2023-10-07,2II_A.2.2,2II_A,2II,PP564624,10615,104.3140723,2023,China: Foshan,China,PP564624,2023
246,PP564625.1|2023-10-09,2II_F.1.1.3,2II_F,2II,PP564625,10610,104.2649371,2023,China: Guangzhou,China,PP564625,2023
247,PP564626.1|2023-10-06,2II_F.1.1.3,2II_F,2II,PP564626,10603,104.1961478,2023,China: Guangzhou,China,PP564626,2023
248,PP564627.1|2023-10-08,2II_F.1.1.3,2II_F,2II,PP564627,10597,104.1371855,2023,China: Guangzhou,China,PP564627,2023
249,PP564628.1|2023-10-09,2II_F.1.1.3,2II_F,2II,PP564628,10619,104.3533805,2023,China: Guangzhou,China,PP564628,2023
250,PP564629.1|2023-10-12,2II_A.2.2,2II_A,2II,PP564629,10589,104.0585692,2023,China: Guangzhou,China,PP564629,2023
251,PP564630.1|2023-10-07,2II_A.2.2,2II_A,2II,PP564630,10596,104.1273585,2023,China: Guangzhou,China,PP564630,2023
252,PP564631.1|2023-10-09,2II_A.2.2,2II_A,2II,PP564631,10653,104.6875,2023,China: Guangzhou,China,PP564631,2023
253,PP564632.1|2023-10-08,2II_A.2.2,2II_A,2II,PP564632,10600,104.1666667,2023,China: Guangzhou,China,PP564632,2023
254,PP564633.1|2023-10-11,2II_A.2.2,2II_A,2II,PP564633,10687,105.0216195,2023,China: Guangzhou,China,PP564633,2023
255,PP564634.1|2023-10-10,2II_A.2.2,2II_A,2II,PP564634,10632,104.4811321,2023,China: Guangzhou,China,PP564634,2023
256,PP564635.1|2023-10-11,2II_A.2.2,2II_A,2II,PP564635,10643,104.5892296,2023,China: Guangzhou,China,PP564635,2023
257,PP564636.1|2023-10-19,2II_A.2.2,2II_A,2II,PP564636,10672,104.8742138,2023,China: Guangzhou,China,PP564636,2023
258,PP564637.1|2023-10-20,2II_A.2.2,2II_A,2II,PP564637,10687,105.0216195,2023,China: Guangzhou,China,PP564637,2023
259,PP564638.1|2023-10-16,2II_A.2.2,2II_A,2II,PP564638,10595,104.1175314,2023,China: Guangzhou,China,PP564638,2023
260,PP564639.1|2023-10-16,2II_A.2.2,2II_A,2II,PP564639,10614,104.3042453,2023,China: Guangzhou,China,PP564639,2023
261,PP564640.1|2023-10-16,2II_A.2.2,2II_A,2II,PP564640,10645,104.6088836,2023,China: Guangzhou,China,PP564640,2023
262,PP564641.1|2023-10-24,2II_A.2.2,2II_A,2II,PP564641,10717,105.3164308,2023,China: Guangzhou,China,PP564641,2023
263,PP564642.1|2023-10-19,2II_A.2.2,2II_A,2II,PP564642,10630,104.461478,2023,China: Guangzhou,China,PP564642,2023
264,PP564643.1|2023-10-20,2II_A.2.2,2II_A,2II,PP564643,10687,105.0216195,2023,China: Guangzhou,China,PP564643,2023
265,PP564644.1|2023-10-17,2II_A.2.2,2II_A,2II,PP564644,10625,104.4123428,2023,China: Guangzhou,China,PP564644,2023
266,PP564645.1|2023-10-20,2II_A.2.2,2II_A,2II,PP564645,10652,104.677673,2023,China: Guangzhou,China,PP564645,2023
267,PP564646.1|2023-10-21,2II_A.2.2,2II_A,2II,PP564646,10687,105.0216195,2023,China: Guangzhou,China,PP564646,2023
268,PP564647.1|2023-10-18,2II_A.2.2,2II_A,2II,PP564647,10645,104.6088836,2023,China: Guangzhou,China,PP564647,2023
269,PP564648.1|2023-10-23,2II_F.1.1.3,2II_F,2II,PP564648,10645,104.6088836,2023,China: Guangzhou,China,PP564648,2023
270,PP564649.1|2023-10-22,2II_A.2.2,2II_A,2II,PP564649,10645,104.6088836,2023,China: Guangzhou,China,PP564649,2023
271,PP564650.1|2023-10-12,2II_F.1.1.3,2II_F,2II,PP564650,10602,104.1863208,2023,China: Guangzhou,China,PP564650,2023
272,PP564651.1|2023-10-08,2II_F.1.1.3,2II_F,2II,PP564651,10645,104.6088836,2023,China: Guangzhou,China,PP564651,2023
273,PP564652.1|2023-10-09,2II_A.2.2,2II_A,2II,PP564652,10610,104.2649371,2023,China: Guangzhou,China,PP564652,2023
274,PP564653.1|2023-10-11,2II_A.2.2,2II_A,2II,PP564653,10643,104.5892296,2023,China: Guangzhou,China,PP564653,2023
275,PP564654.1|2023-10-08,2II_A.2.2,2II_A,2II,PP564654,10620,104.3632075,2023,China: Guangzhou,China,PP564654,2023
276,PP564655.1|2023-10-13,2II_A.2.2,2II_A,2II,PP564655,10642,104.5794025,2023,China: Guangzhou,China,PP564655,2023
277,PP564656.1|2023-10-13,2II_A.2.2,2II_A,2II,PP564656,10618,104.3435535,2023,China: Guangzhou,China,PP564656,2023
278,PP564657.1|2023-10-21,2II_A.2.2,2II_A,2II,PP564657,10609,104.2551101,2023,China: Guangzhou,China,PP564657,2023
279,PP564658.1|2023-10-25,2II_A.2.2,2II_A,2II,PP564658,10608,104.245283,2023,China: Guangzhou,China,PP564658,2023
280,PP564659.1|2023-10-25,2II_A.2.2,2II_A,2II,PP564659,10643,104.5892296,2023,China: Guangzhou,China,PP564659,2023
281,PP564660.1|2023-10-30,2II_F.1.1.3,2II_F,2II,PP564660,10647,104.6285377,2023,China: Guangzhou,China,PP564660,2023
282,PP564661.1|2023-10-30,2II_F.1.1.3,2II_F,2II,PP564661,10663,104.7857704,2023,China: Guangzhou,China,PP564661,2023
283,PP564662.1|2023-11-02,2II_A.2.2,2II_A,2II,PP564662,10645,104.6088836,2023,China: Guangzhou,China,PP564662,2023
284,PP564663.1|2023-10-19,2II_A.2.2,2II_A,2II,PP564663,10687,105.0216195,2023,China: Guangzhou,China,PP564663,2023
285,PP564664.1|2023-10-17,2II_A.2.2,2II_A,2II,PP564664,10712,105.2672956,2023,China: Guangzhou,China,PP564664,2023
286,PP564665.1|2023-11-02,2II_A.2.2,2II_A,2II,PP564665,10643,104.5892296,2023,China: Guangzhou,China,PP564665,2023
287,PP564666.1|2023-11-03,2II_A.2.2,2II_A,2II,PP564666,10702,105.1690252,2023,China: Guangzhou,China,PP564666,2023
288,PP564667.1|2023-10-21,2II_F.1.1.3,2II_F,2II,PP564667,10681,104.9626572,2023,China: Guangzhou,China,PP564667,2023
289,PP564668.1|2023-10-22,2II_A.2.2,2II_A,2II,PP564668,10651,104.6678459,2023,China: Guangzhou,China,PP564668,2023
290,PP564669.1|2023-10-25,2II_A.2.2,2II_A,2II,PP564669,10645,104.6088836,2023,China: Guangzhou,China,PP564669,2023
291,PP564670.1|2023-11-07,2II_F.1.1.3,2II_F,2II,PP564670,10677,104.9233491,2023,China: Guangzhou,China,PP564670,2023
292,PP564671.1|2023-11-01,2II_A.2.2,2II_A,2II,PP564671,10682,104.9724843,2023,China: Guangzhou,China,PP564671,2023
293,PP564672.1|2023-11-03,2II_A.2.2,2II_A,2II,PP564672,10686,105.0117925,2023,China: Guangzhou,China,PP564672,2023
294,PP564673.1|2023-10-22,2II_A.2.2,2II_A,2II,PP564673,10651,104.6678459,2023,China: Guangzhou,China,PP564673,2023
295,PP564674.1|2023-10-24,2II_A.2.2,2II_A,2II,PP564674,10644,104.5990566,2023,China: Guangzhou,China,PP564674,2023
296,PP564675.1|2023-10-29,2II_A.2.2,2II_A,2II,PP564675,10658,104.7366352,2023,China: Guangzhou,China,PP564675,2023
297,PP564676.1|2023-10-31,2II_A.2.2,2II_A,2II,PP564676,10668,104.8349057,2023,China: Guangzhou,China,PP564676,2023
298,PP564677.1|2023-10-29,2II_A.2.2,2II_A,2II,PP564677,10702,105.1690252,2023,China: Guangzhou,China,PP564677,2023
299,PP564678.1|2023-11-02,2II_A.2.2,2II_A,2II,PP564678,10682,104.9724843,2023,China: Guangzhou,China,PP564678,2023
300,PP564679.1|2023-11-02,2II_A.2.2,2II_A,2II,PP564679,10687,105.0216195,2023,China: Guangzhou,China,PP564679,2023
301,PP564680.1|2023-10-31,2II_A.2.2,2II_A,2II,PP564680,10643,104.5892296,2023,China: Guangzhou,China,PP564680,2023
302,PP564681.1|2023-11-10,2II_A.2.2,2II_A,2II,PP564681,10644,104.5990566,2023,China: Guangzhou,China,PP564681,2023
303,PP564682.1|2023-11-15,2II_A.2.2,2II_A,2II,PP564682,10687,105.0216195,2023,China: Guangzhou,China,PP564682,2023
304,PP564683.1|2023-11-13,2II_A.2.2,2II_A,2II,PP564683,10687,105.0216195,2023,China: Guangzhou,China,PP564683,2023
305,PP564684.1|2023-11-13,2II_F.1.1.3,2II_F,2II,PP564684,10689,105.0412736,2023,China: Guangzhou,China,PP564684,2023
306,PP564685.1|2023-11-08,2II_A.2.2,2II_A,2II,PP564685,10621,104.3730346,2023,China: Guangzhou,China,PP564685,2023
307,PP564686.1|2023-10-31,2II_A.2.2,2II_A,2II,PP564686,10623,104.3926887,2023,China: Guangzhou,China,PP564686,2023
308,PP564687.1|2023-11-01,2II_A.2.2,2II_A,2II,PP564687,10627,104.4319969,2023,China: Guangzhou,China,PP564687,2023
309,PP564688.1|2023-10-16,2II_A.2.2,2II_A,2II,PP564688,10625,104.4123428,2023,China: Guangzhou,China,PP564688,2023
310,PP564689.1|2023-10-13,2II_A.2.2,2II_A,2II,PP564689,10610,104.2649371,2023,China: Guangzhou,China,PP564689,2023
311,PP564690.1|2023-11-11,2II_A.2.2,2II_A,2II,PP564690,10626,104.4221698,2023,China: Guangzhou,China,PP564690,2023
312,PP564691.1|2023-10-29,2II_A.2.2,2II_A,2II,PP564691,10625,104.4123428,2023,China: Guangzhou,China,PP564691,2023
313,PP564692.1|2023-10-31,2II_A.2.2,2II_A,2II,PP564692,10624,104.4025157,2023,China: Guangzhou,China,PP564692,2023
314,PP564693.1|2023-10-22,2II_A.2.2,2II_A,2II,PP564693,10624,104.4025157,2023,China: Guangzhou,China,PP564693,2023
315,PP564694.1|2023-10-24,2II_A.2.2,2II_A,2II,PP564694,10628,104.4418239,2023,China: Guangzhou,China,PP564694,2023
316,PP564695.1|2023-11-05,2II_F.1.1.3,2II_F,2II,PP564695,10641,104.5695755,2023,China: Guangzhou,China,PP564695,2023
317,PP564696.1|2023-11-04,2II_F.1.1.3,2II_F,2II,PP564696,10639,104.5499214,2023,China: Guangzhou,China,PP564696,2023
318,PP564697.1|2023-11-06,2II_A.2.2,2II_A,2II,PP564697,10617,104.3337264,2023,China: Guangzhou,China,PP564697,2023
319,PP564698.1|2023-11-09,2II_A.2.2,2II_A,2II,PP564698,10661,104.7661164,2023,China: Guangzhou,China,PP564698,2023
320,PP564699.1|2023-11-08,2II_A.2.2,2II_A,2II,PP564699,10637,104.5302673,2023,China: Guangzhou,China,PP564699,2023
321,PP564700.1|2023-11-10,2II_A.2.2,2II_A,2II,PP564700,10617,104.3337264,2023,China: Guangzhou,China,PP564700,2023
322,PP564701.1|2023-11-08,2II_A.2.2,2II_A,2II,PP564701,10643,104.5892296,2023,China: Guangzhou,China,PP564701,2023
323,PP564702.1|2023-11-11,2II_A.2.2,2II_A,2II,PP564702,10641,104.5695755,2023,China: Guangzhou,China,PP564702,2023
324,PP564703.1|2023-11-11,2II_A.2.2,2II_A,2II,PP564703,10639,104.5499214,2023,China: Guangzhou,China,PP564703,2023
325,PP564704.1|2023-11-13,2II_A.2.2,2II_A,2II,PP564704,10640,104.5597484,2023,China: Guangzhou,China,PP564704,2023
326,PP564705.1|2023-11-14,2II_A.2.2,2II_A,2II,PP564705,10655,104.7071541,2023,China: Guangzhou,China,PP564705,2023
327,PP564706.1|2023-11-14,2II_A.2.2,2II_A,2II,PP564706,10639,104.5499214,2023,China: Guangzhou,China,PP564706,2023
328,PP564707.1|2023-11-01,2II_A.2.2,2II_A,2II,PP564707,10669,104.8447327,2023,China: Guangzhou,China,PP564707,2023
329,OR616454.1|2023-08-03,2III_C.1.2,2III_C,2III,OR616454,10280,101.0220126,2023,Dominican Republic,Dominican Republic,OR616454,2023
330,OR616455.1|2023-08-18,2III_C.1.2,2III_C,2III,OR616455,10274,100.9630503,2023,Dominican Republic,Dominican Republic,OR616455,2023
331,OR616456.1|2023-08-15,2III_C.1.2,2III_C,2III,OR616456,10288,101.1006289,2023,Dominican Republic,Dominican Republic,OR616456,2023
332,OR616457.1|2023-08-16,2III_C.1.2,2III_C,2III,OR616457,10242,100.6485849,2023,Dominican Republic,Dominican Republic,OR616457,2023
333,OR616458.1|2023-08-25,2III_C.1.2,2III_C,2III,OR616458,10271,100.9335692,2023,Dominican Republic,Dominican Republic,OR616458,2023
334,OR616459.1|2023-08-24,2III_C.1.2,2III_C,2III,OR616459,10300,101.2185535,2023,Dominican Republic,Dominican Republic,OR616459,2023
335,OR616460.1|2023-08-21,2III_C.1.2,2III_C,2III,OR616460,10313,101.346305,2023,Dominican Republic,Dominican Republic,OR616460,2023
336,OR616461.1|2023-08-09,2III_C.1.2,2III_C,2III,OR616461,10224,100.4716981,2023,Dominican Republic,Dominican Republic,OR616461,2023
337,OR616462.1|2023-08-10,2III_C.1.2,2III_C,2III,OR616462,10271,100.9335692,2023,Dominican Republic,Dominican Republic,OR616462,2023
338,OR616463.1|2023-08-30,2III_C.1.2,2III_C,2III,OR616463,10217,100.4029088,2023,Dominican Republic,Dominican Republic,OR616463,2023
339,OR616464.1|2023-08-30,2III_C.1.2,2III_C,2III,OR616464,10288,101.1006289,2023,Dominican Republic,Dominican Republic,OR616464,2023
340,OR616465.1|2023-08-28,2III_C.1.2,2III_C,2III,OR616465,10286,101.0809748,2023,Dominican Republic,Dominican Republic,OR616465,2023
341,OR616466.1|2023-08-30,2III_C.1.2,2III_C,2III,OR616466,10261,100.8352987,2023,Dominican Republic,Dominican Republic,OR616466,2023
342,OR616467.1|2023-08-24,2III_C.1.2,2III_C,2III,OR616467,10216,100.3930818,2023,Dominican Republic,Dominican Republic,OR616467,2023
343,OR616468.1|2023-01-05,2III_C.1.2,2III_C,2III,OR616468,10292,101.1399371,2023,Dominican Republic,Dominican Republic,OR616468,2023
344,OR616469.1|2023-01-18,2III_C.1.2,2III_C,2III,OR616469,10314,101.3561321,2023,Dominican Republic,Dominican Republic,OR616469,2023
345,OR616470.1|2023-01-18,2III_C.1.2,2III_C,2III,OR616470,10303,101.2480346,2023,Dominican Republic,Dominican Republic,OR616470,2023
346,OR616471.1|2023-01-20,2III_C.1.2,2III_C,2III,OR616471,10241,100.6387579,2023,Dominican Republic,Dominican Republic,OR616471,2023
347,OR616472.1|2023-01-07,2III_C.1.2,2III_C,2III,OR616472,10274,100.9630503,2023,Dominican Republic,Dominican Republic,OR616472,2023
348,OR616473.1|2023-01-07,2III_C.1.2,2III_C,2III,OR616473,10232,100.5503145,2023,Dominican Republic,Dominican Republic,OR616473,2023
349,OR616474.1|2023-01-05,2III_C.1.2,2III_C,2III,OR616474,10312,101.336478,2023,Dominican Republic,Dominican Republic,OR616474,2023
350,OR616475.1|2023-02-18,2III_C.1.2,2III_C,2III,OR616475,10315,101.3659591,2023,Dominican Republic,Dominican Republic,OR616475,2023
351,OR616476.1|2023-01-17,2III_C.1.2,2III_C,2III,OR616476,10272,100.9433962,2023,Dominican Republic,Dominican Republic,OR616476,2023
352,OR616477.1|2023-05-27,2III_C.1.2,2III_C,2III,OR616477,10263,100.8549528,2023,Dominican Republic,Dominican Republic,OR616477,2023
353,OR616478.1|2023-05-24,2III_C.1.2,2III_C,2III,OR616478,10279,101.0121855,2023,Dominican Republic,Dominican Republic,OR616478,2023
354,OR616479.1|2023-07-24,2III_C.1.2,2III_C,2III,OR616479,10299,101.2087264,2023,Dominican Republic,Dominican Republic,OR616479,2023
355,OR616480.1|2023-07-31,2III_C.1.2,2III_C,2III,OR616480,10301,101.2283805,2023,Dominican Republic,Dominican Republic,OR616480,2023
356,OR616481.1|2023-07-31,2III_C.1.2,2III_C,2III,OR616481,10305,101.2676887,2023,Dominican Republic,Dominican Republic,OR616481,2023
357,OR616482.1|2023-07-02,2III_C.1.2,2III_C,2III,OR616482,10296,101.1792453,2023,Dominican Republic,Dominican Republic,OR616482,2023
358,PP546320.1|2022-02-24,2II_F.1.1.2,2II_F,2II,PP546320,10723,105.3753931,2022,Brazil: Belo Horizonte,Brazil,PP546320,2022
359,OR235759.1|2018-02,2II_A.1.1.1,2II_A,2II,OR235759,10506,103.2429245,2018,Reunion,Reunion,OR235759,2018
360,OR235760.1|2019-03,2II_A.1.1.1,2II_A,2II,OR235760,10506,103.2429245,2019,Reunion,Reunion,OR235760,2019
361,OR235761.1|2019-05,2II_A.1.1.1,2II_A,2II,OR235761,10506,103.2429245,2019,Reunion,Reunion,OR235761,2019
362,OR235762.1|2018-01,2II_A.1.1.1,2II_A,2II,OR235762,10506,103.2429245,2018,Reunion,Reunion,OR235762,2018
363,OR235763.1|2018-02,2II_A.1.1.1,2II_A,2II,OR235763,10506,103.2429245,2018,Reunion,Reunion,OR235763,2018
364,OR235764.1|2018-03,2II_A.1.1.1,2II_A,2II,OR235764,10506,103.2429245,2018,Reunion,Reunion,OR235764,2018
365,OR235765.1|2019-12,2II_A.1.1.1,2II_A,2II,OR235765,10506,103.2429245,2019,Reunion,Reunion,OR235765,2019
366,OR235766.1|2020-01,2II_A.1.1.1,2II_A,2II,OR235766,10506,103.2429245,2020,Reunion,Reunion,OR235766,2020
367,OR235767.1|2019-12,2II_A.1.1.1,2II_A,2II,OR235767,10506,103.2429245,2019,Reunion,Reunion,OR235767,2019
368,OR235768.1|2019-03,2II_A.1.1.1,2II_A,2II,OR235768,10506,103.2429245,2019,Reunion,Reunion,OR235768,2019
369,OR235769.1|2019-07,2II_A.1.1.1,2II_A,2II,OR235769,10506,103.2429245,2019,Reunion,Reunion,OR235769,2019
370,OR235770.1|2019-09,2II_A.1.1.1,2II_A,2II,OR235770,10506,103.2429245,2019,Reunion,Reunion,OR235770,2019
371,OR235771.1|2019-10,2II_A.1.1.1,2II_A,2II,OR235771,10506,103.2429245,2019,Reunion,Reunion,OR235771,2019
372,OR235772.1|2019-10,2II_A.1.1.1,2II_A,2II,OR235772,10506,103.2429245,2019,Reunion,Reunion,OR235772,2019
373,OR235773.1|2019-10,2II_A.1.1.1,2II_A,2II,OR235773,9934,97.62185535,2019,Reunion,Reunion,OR235773,2019
374,OR235774.1|2019-10,2II_A.1.1.1,2II_A,2II,OR235774,10506,103.2429245,2019,Reunion,Reunion,OR235774,2019
375,OR235775.1|2019-09,2II_A.1.1.1,2II_A,2II,OR235775,10506,103.2429245,2019,Reunion,Reunion,OR235775,2019
376,OR235776.1|2019-10,2II_A.1.1.1,2II_A,2II,OR235776,10506,103.2429245,2019,Reunion,Reunion,OR235776,2019
377,OR235777.1|2019-04,2II_A.1.1.1,2II_A,2II,OR235777,10506,103.2429245,2019,Reunion,Reunion,OR235777,2019
378,OR235778.1|2019-09,2II_A.1.1.1,2II_A,2II,OR235778,10506,103.2429245,2019,Reunion,Reunion,OR235778,2019
379,OR235779.1|2019-03,2II_A.1.1.1,2II_A,2II,OR235779,10506,103.2429245,2019,Reunion,Reunion,OR235779,2019
380,OR235780.1|2019-03,2II_A.1.1.1,2II_A,2II,OR235780,10506,103.2429245,2019,Reunion,Reunion,OR235780,2019
381,OR235781.1|2019-03,2II_A.1.1.1,2II_A,2II,OR235781,10506,103.2429245,2019,Reunion,Reunion,OR235781,2019
382,OR235782.1|2019-01,2II_A.1.1.1,2II_A,2II,OR235782,10506,103.2429245,2019,Reunion,Reunion,OR235782,2019
383,OR235783.1|2019-04,2II_A.1.1.1,2II_A,2II,OR235783,10506,103.2429245,2019,Reunion,Reunion,OR235783,2019
384,OR235784.1|2019-03,2II_A.1.1.1,2II_A,2II,OR235784,10506,103.2429245,2019,Reunion,Reunion,OR235784,2019
385,OR235785.1|2019-02,2II_A.1.1.1,2II_A,2II,OR235785,10506,103.2429245,2019,Reunion,Reunion,OR235785,2019
386,OR235786.1|2019-02,2II_A.1.1.1,2II_A,2II,OR235786,10506,103.2429245,2019,Reunion,Reunion,OR235786,2019
387,OR235787.1|2019-10,2II_A.1.1.1,2II_A,2II,OR235787,10506,103.2429245,2019,Reunion,Reunion,OR235787,2019
388,OR235788.1|2019-10,2II_A.1.1.1,2II_A,2II,OR235788,10506,103.2429245,2019,Reunion,Reunion,OR235788,2019
389,OR235789.1|2019-10,2II_A.1.1.1,2II_A,2II,OR235789,10506,103.2429245,2019,Reunion,Reunion,OR235789,2019
390,OR235790.1|2019-10,2II_A.1.1.1,2II_A,2II,OR235790,10506,103.2429245,2019,Reunion,Reunion,OR235790,2019
391,OR235791.1|2019-10,2II_A.1.1.1,2II_A,2II,OR235791,9576,94.10377358,2019,Reunion,Reunion,OR235791,2019
392,OR235792.1|2019-12,2II_A.1.1.1,2II_A,2II,OR235792,10506,103.2429245,2019,Reunion,Reunion,OR235792,2019
393,OR235793.1|2017-04,2II_A.1.1.1,2II_A,2II,OR235793,10506,103.2429245,2017,Reunion,Reunion,OR235793,2017
394,OR235794.1|2017-04,2II_A.1.1.1,2II_A,2II,OR235794,10506,103.2429245,2017,Reunion,Reunion,OR235794,2017
395,OR235795.1|2016-05,2II_A.1.1.2,2II_A,2II,OR235795,10506,103.2429245,2016,Reunion,Reunion,OR235795,2016
396,OR235796.1|2016-11,2II_A.1.1.2,2II_A,2II,OR235796,9934,97.62185535,2016,Reunion,Reunion,OR235796,2016
397,OR235797.1|2016-04,2II_A.1.1.2,2II_A,2II,OR235797,10506,103.2429245,2016,Reunion,Reunion,OR235797,2016
398,OR235798.1|2016-03,2II_A.1.1.2,2II_A,2II,OR235798,10506,103.2429245,2016,Reunion,Reunion,OR235798,2016
399,OR235799.1|2016-03,2II_A.1.1.2,2II_A,2II,OR235799,10506,103.2429245,2016,Reunion,Reunion,OR235799,2016
400,OR235800.1|2016-03,2II_A.1.1.2,2II_A,2II,OR235800,10506,103.2429245,2016,Reunion,Reunion,OR235800,2016
401,OR235801.1|2017-06,2II_A.1.1.1,2II_A,2II,OR235801,10506,103.2429245,2017,Reunion,Reunion,OR235801,2017
402,OR235802.1|2017-05,2II_A.1.1.1,2II_A,2II,OR235802,10506,103.2429245,2017,Reunion,Reunion,OR235802,2017
403,OR235803.1|2017-11,2II_A.1.1.1,2II_A,2II,OR235803,10506,103.2429245,2017,Reunion,Reunion,OR235803,2017
404,OR235804.1|2017-09,2II_A.1.1.1,2II_A,2II,OR235804,10506,103.2429245,2017,Reunion,Reunion,OR235804,2017
405,OR235805.1|2017-01,2II_A.1.1.1,2II_A,2II,OR235805,10506,103.2429245,2017,Reunion,Reunion,OR235805,2017
406,OR235806.1|2017-04,2II_A.1.1.1,2II_A,2II,OR235806,10506,103.2429245,2017,Reunion,Reunion,OR235806,2017
407,OR235807.1|2017-04,2II_A.1.1.1,2II_A,2II,OR235807,10506,103.2429245,2017,Reunion,Reunion,OR235807,2017
408,OR235808.1|2017-04,2II_A.1.1.1,2II_A,2II,OR235808,10506,103.2429245,2017,Reunion,Reunion,OR235808,2017
409,OR235809.1|2017-11,2II_A.1.1.1,2II_A,2II,OR235809,10506,103.2429245,2017,Reunion,Reunion,OR235809,2017
410,OR235810.1|2017-01,2II_A.1.1.1,2II_A,2II,OR235810,10506,103.2429245,2017,Reunion,Reunion,OR235810,2017
411,OR235811.1|2017-07,2II_A.1.1.1,2II_A,2II,OR235811,10506,103.2429245,2017,Reunion,Reunion,OR235811,2017
412,OR235812.1|2017-10,2II_A.1.1.1,2II_A,2II,OR235812,10506,103.2429245,2017,Reunion,Reunion,OR235812,2017
413,OR235813.1|2017-06,2II_A.1.1.1,2II_A,2II,OR235813,10506,103.2429245,2017,Reunion,Reunion,OR235813,2017
414,OR235814.1|2017-03,2II_A.1.1.1,2II_A,2II,OR235814,10506,103.2429245,2017,Reunion,Reunion,OR235814,2017
415,OR235815.1|2017-01,2II_A.1.1.1,2II_A,2II,OR235815,10506,103.2429245,2017,Reunion,Reunion,OR235815,2017
416,OR235816.1|2017-06,2II_A.1.1.1,2II_A,2II,OR235816,10506,103.2429245,2017,Reunion,Reunion,OR235816,2017
417,OR235817.1|2017-12,2II_A.1.1.1,2II_A,2II,OR235817,10506,103.2429245,2017,Reunion,Reunion,OR235817,2017
418,OR235818.1|2017-02,2II_A.1.1.1,2II_A,2II,OR235818,10506,103.2429245,2017,Reunion,Reunion,OR235818,2017
419,OR235819.1|2020-12,2II_A.1.1.1,2II_A,2II,OR235819,10506,103.2429245,2020,Reunion,Reunion,OR235819,2020
420,OR235820.1|2020-01,2II_A.1.1.1,2II_A,2II,OR235820,10506,103.2429245,2020,Reunion,Reunion,OR235820,2020
421,OR235821.1|2020-01,2II_A.1.1.1,2II_A,2II,OR235821,10506,103.2429245,2020,Reunion,Reunion,OR235821,2020
422,OR235822.1|2020-01,2II_A.1.1.1,2II_A,2II,OR235822,10506,103.2429245,2020,Reunion,Reunion,OR235822,2020
423,OR235823.1|2020-05,2II_A.1.1.1,2II_A,2II,OR235823,10506,103.2429245,2020,Reunion,Reunion,OR235823,2020
424,OR235824.1|2020-04,2II_A.1.1.1,2II_A,2II,OR235824,10506,103.2429245,2020,Reunion,Reunion,OR235824,2020
425,OR235825.1|2020-01,2II_A.1.1.1,2II_A,2II,OR235825,10506,103.2429245,2020,Reunion,Reunion,OR235825,2020
426,OR235826.1|2020-05,2II_C.1,2II_C,2II,OR235826,10506,103.2429245,2020,Reunion,Reunion,OR235826,2020
427,OR235827.1|2020-01,2II_A.1.1.1,2II_A,2II,OR235827,10506,103.2429245,2020,Reunion,Reunion,OR235827,2020
428,OR235828.1|2020-04,2II_A.1.1.1,2II_A,2II,OR235828,10506,103.2429245,2020,Reunion,Reunion,OR235828,2020
429,OR235829.1|2020-01,2II_A.1.1.1,2II_A,2II,OR235829,10506,103.2429245,2020,Reunion,Reunion,OR235829,2020
430,OR235830.1|2020-10,2II_A.1.1.1,2II_A,2II,OR235830,10506,103.2429245,2020,Reunion,Reunion,OR235830,2020
431,OR235831.1|2020-01,2II_A.1.1.1,2II_A,2II,OR235831,10506,103.2429245,2020,Reunion,Reunion,OR235831,2020
432,OR235832.1|2020-01,2II_C.1,2II_C,2II,OR235832,10507,103.2527516,2020,Reunion,Reunion,OR235832,2020
433,OR235833.1|2020-01,2II_A.1.1.1,2II_A,2II,OR235833,10506,103.2429245,2020,Reunion,Reunion,OR235833,2020
434,OR235834.1|2019-01,2II_A.1.1.1,2II_A,2II,OR235834,10506,103.2429245,2019,Reunion,Reunion,OR235834,2019
435,OR235835.1|2019-01,2II_A.1.1.1,2II_A,2II,OR235835,10506,103.2429245,2019,Reunion,Reunion,OR235835,2019
436,OR235836.1|2019-01,2II_A.1.1.1,2II_A,2II,OR235836,10506,103.2429245,2019,Reunion,Reunion,OR235836,2019
437,OR235837.1|2019-01,2II_A.1.1.1,2II_A,2II,OR235837,10506,103.2429245,2019,Reunion,Reunion,OR235837,2019
438,OR235838.1|2019-10,2II_A.1.1.1,2II_A,2II,OR235838,10506,103.2429245,2019,Reunion,Reunion,OR235838,2019
439,OR235839.1|2019-07,2II_A.1.1.1,2II_A,2II,OR235839,10506,103.2429245,2019,Reunion,Reunion,OR235839,2019
440,OR235840.1|2019-02,2II_A.1.1.1,2II_A,2II,OR235840,10506,103.2429245,2019,Reunion,Reunion,OR235840,2019
441,OR235841.1|2019-02,2II_A.1.1.1,2II_A,2II,OR235841,10506,103.2429245,2019,Reunion,Reunion,OR235841,2019
442,OR235842.1|2018-10,2II_A.1.1.1,2II_A,2II,OR235842,10506,103.2429245,2018,Reunion,Reunion,OR235842,2018
443,OR235843.1|2019-02,2II_A.1.1.1,2II_A,2II,OR235843,10506,103.2429245,2019,Reunion,Reunion,OR235843,2019
444,OR235844.1|2019-04,2II_A.1.1.1,2II_A,2II,OR235844,10506,103.2429245,2019,Reunion,Reunion,OR235844,2019
445,OR235845.1|2019-01,2II_A.1.1.1,2II_A,2II,OR235845,10506,103.2429245,2019,Reunion,Reunion,OR235845,2019
446,OR235846.1|2019-01,2II_A.1.1.1,2II_A,2II,OR235846,10506,103.2429245,2019,Reunion,Reunion,OR235846,2019
447,OR235847.1|2019-01,2II_A.1.1.1,2II_A,2II,OR235847,10506,103.2429245,2019,Reunion,Reunion,OR235847,2019
448,OR235848.1|2019-01,2II_A.1.1.1,2II_A,2II,OR235848,10506,103.2429245,2019,Reunion,Reunion,OR235848,2019
449,OR235849.1|2019-08,2II_A.1.1.1,2II_A,2II,OR235849,10506,103.2429245,2019,Reunion,Reunion,OR235849,2019
450,OR235850.1|2019-02,2II_A.1.1.1,2II_A,2II,OR235850,10506,103.2429245,2019,Reunion,Reunion,OR235850,2019
451,OR235851.1|2019-01,2II_A.1.1.1,2II_A,2II,OR235851,10506,103.2429245,2019,Reunion,Reunion,OR235851,2019
452,OR235852.1|2019-01,2II_A.1.1.1,2II_A,2II,OR235852,9761,95.92177673,2019,Reunion,Reunion,OR235852,2019
453,OR235853.1|2019-07,2II_A.1.1.1,2II_A,2II,OR235853,10506,103.2429245,2019,Reunion,Reunion,OR235853,2019
454,OR235854.1|2019-05,2II_A.1.1.1,2II_A,2II,OR235854,10506,103.2429245,2019,Reunion,Reunion,OR235854,2019
455,OR235855.1|2019-07,2II_A.1.1.1,2II_A,2II,OR235855,10506,103.2429245,2019,Reunion,Reunion,OR235855,2019
456,OR235856.1|2019-04,2II_A.1.1.1,2II_A,2II,OR235856,10506,103.2429245,2019,Reunion,Reunion,OR235856,2019
457,OR235857.1|2019-04,2II_A.1.1.1,2II_A,2II,OR235857,10506,103.2429245,2019,Reunion,Reunion,OR235857,2019
458,OR235858.1|2019-01,2II_A.1.1.1,2II_A,2II,OR235858,10506,103.2429245,2019,Reunion,Reunion,OR235858,2019
459,OR235859.1|2019-02,2II_A.1.1.1,2II_A,2II,OR235859,10506,103.2429245,2019,Reunion,Reunion,OR235859,2019
460,OR235860.1|2019-02,2II_A.1.1.1,2II_A,2II,OR235860,10506,103.2429245,2019,Reunion,Reunion,OR235860,2019
461,OR235861.1|2018-04,2II_A.1.1.1,2II_A,2II,OR235861,10506,103.2429245,2018,Reunion,Reunion,OR235861,2018
462,OR235862.1|2019-10,2II_A.1.1.1,2II_A,2II,OR235862,10506,103.2429245,2019,Reunion,Reunion,OR235862,2019
463,OR235863.1|2019-08,2II_A.1.1.1,2II_A,2II,OR235863,10506,103.2429245,2019,Reunion,Reunion,OR235863,2019
464,OR235864.1|2019-05,2II_A.1.1.1,2II_A,2II,OR235864,10506,103.2429245,2019,Reunion,Reunion,OR235864,2019
465,OR235865.1|2019-01,2II_A.1.1.1,2II_A,2II,OR235865,10506,103.2429245,2019,Reunion,Reunion,OR235865,2019
466,OR235866.1|2019-06,2II_A.1.1.1,2II_A,2II,OR235866,10506,103.2429245,2019,Reunion,Reunion,OR235866,2019
467,OR235867.1|2018-11,2II_A.1.1.1,2II_A,2II,OR235867,10506,103.2429245,2018,Reunion,Reunion,OR235867,2018
468,OR235868.1|2019-07,2II_A.1.1.1,2II_A,2II,OR235868,10506,103.2429245,2019,Reunion,Reunion,OR235868,2019
469,OR235869.1|2019-02,2II_A.1.1.1,2II_A,2II,OR235869,10506,103.2429245,2019,Reunion,Reunion,OR235869,2019
470,OR235870.1|2019-06,2II_A.1.1.1,2II_A,2II,OR235870,10506,103.2429245,2019,Reunion,Reunion,OR235870,2019
471,OR235871.1|2019-06,2II_A.1.1.1,2II_A,2II,OR235871,10506,103.2429245,2019,Reunion,Reunion,OR235871,2019
472,OR235872.1|2019-06,2II_A.1.1.1,2II_A,2II,OR235872,10506,103.2429245,2019,Reunion,Reunion,OR235872,2019
473,OR235873.1|2019-06,2II_A.1.1.1,2II_A,2II,OR235873,10506,103.2429245,2019,Reunion,Reunion,OR235873,2019
474,OR235874.1|2019-06,2II_A.1.1.1,2II_A,2II,OR235874,10506,103.2429245,2019,Reunion,Reunion,OR235874,2019
475,OR235875.1|2019-06,2II_A.1.1.1,2II_A,2II,OR235875,10506,103.2429245,2019,Reunion,Reunion,OR235875,2019
476,OR235876.1|2019-12,2II_A.1.1.1,2II_A,2II,OR235876,10506,103.2429245,2019,Reunion,Reunion,OR235876,2019
477,OR235877.1|2018-02,2II_A.1.1.1,2II_A,2II,OR235877,10506,103.2429245,2018,Reunion,Reunion,OR235877,2018
478,OR235878.1|2019-03,2II_A.1.1.1,2II_A,2II,OR235878,10515,103.3313679,2019,Reunion,Reunion,OR235878,2019
479,OR235879.1|2019-01,2II_A.1.1.1,2II_A,2II,OR235879,10506,103.2429245,2019,Reunion,Reunion,OR235879,2019
480,OR235880.1|2019-03,2II_A.1.1.1,2II_A,2II,OR235880,10506,103.2429245,2019,Reunion,Reunion,OR235880,2019
481,OR235881.1|2019-03,2II_A.1.1.1,2II_A,2II,OR235881,10506,103.2429245,2019,Reunion,Reunion,OR235881,2019
482,OR235882.1|2019-03,2II_A.1.1.1,2II_A,2II,OR235882,10506,103.2429245,2019,Reunion,Reunion,OR235882,2019
483,OR235883.1|2019-02,2II_A.1.1.1,2II_A,2II,OR235883,10506,103.2429245,2019,Reunion,Reunion,OR235883,2019
484,OR235884.1|2019-02,2II_A.1.1.1,2II_A,2II,OR235884,10506,103.2429245,2019,Reunion,Reunion,OR235884,2019
485,OR235885.1|2019-06,2II_A.1.1.1,2II_A,2II,OR235885,10506,103.2429245,2019,Reunion,Reunion,OR235885,2019
486,OR235886.1|2019-04,2II_A.1.1.1,2II_A,2II,OR235886,10506,103.2429245,2019,Reunion,Reunion,OR235886,2019
487,OR235887.1|2019-02,2II_A.1.1.1,2II_A,2II,OR235887,10506,103.2429245,2019,Reunion,Reunion,OR235887,2019
488,OR235888.1|2019-04,2II_A.1.1.1,2II_A,2II,OR235888,10506,103.2429245,2019,Reunion,Reunion,OR235888,2019
489,OR235889.1|2019-08,2II_A.1.1.1,2II_A,2II,OR235889,10506,103.2429245,2019,Reunion,Reunion,OR235889,2019
490,OR235890.1|2019-07,2II_A.1.1.1,2II_A,2II,OR235890,10506,103.2429245,2019,Reunion,Reunion,OR235890,2019
491,OR235891.1|2019-05,2II_A.1.1.1,2II_A,2II,OR235891,10506,103.2429245,2019,Reunion,Reunion,OR235891,2019
492,OR235892.1|2019-05,2II_A.1.1.1,2II_A,2II,OR235892,10506,103.2429245,2019,Reunion,Reunion,OR235892,2019
493,OR235893.1|2019-04,2II_A.1.1.1,2II_A,2II,OR235893,10506,103.2429245,2019,Reunion,Reunion,OR235893,2019
494,OR235894.1|2019-07,2II_A.1.1.1,2II_A,2II,OR235894,10506,103.2429245,2019,Reunion,Reunion,OR235894,2019
495,OR235895.1|2019-03,2II_A.1.1.1,2II_A,2II,OR235895,10506,103.2429245,2019,Reunion,Reunion,OR235895,2019
496,OR235896.1|2019-04,2II_A.1.1.1,2II_A,2II,OR235896,10506,103.2429245,2019,Reunion,Reunion,OR235896,2019
497,OR235897.1|2019-01,2II_A.1.1.1,2II_A,2II,OR235897,10506,103.2429245,2019,Reunion,Reunion,OR235897,2019
498,OR235898.1|2019-05,2II_A.1.1.1,2II_A,2II,OR235898,10506,103.2429245,2019,Reunion,Reunion,OR235898,2019
499,OR235899.1|2019-05,2II_A.1.1.1,2II_A,2II,OR235899,10506,103.2429245,2019,Reunion,Reunion,OR235899,2019
500,OR235900.1|2019-06,2II_A.1.1.1,2II_A,2II,OR235900,10506,103.2429245,2019,Reunion,Reunion,OR235900,2019
501,OR235901.1|2019-06,2II_A.1.1.1,2II_A,2II,OR235901,10506,103.2429245,2019,Reunion,Reunion,OR235901,2019
502,OR235902.1|2019-01,2II_A.1.1.1,2II_A,2II,OR235902,10506,103.2429245,2019,Reunion,Reunion,OR235902,2019
503,OR235903.1|2019-02,2II_A.1.1.1,2II_A,2II,OR235903,10506,103.2429245,2019,Reunion,Reunion,OR235903,2019
504,OR235904.1|2019-03,2II_A.1.1.1,2II_A,2II,OR235904,10506,103.2429245,2019,Reunion,Reunion,OR235904,2019
505,OR235905.1|2019-10,2II_A.1.1.1,2II_A,2II,OR235905,10506,103.2429245,2019,Reunion,Reunion,OR235905,2019
506,OR235906.1|2018-02,2II_A.1.1.1,2II_A,2II,OR235906,10506,103.2429245,2018,Reunion,Reunion,OR235906,2018
507,OR235907.1|2018-03,2II_A.1.1.1,2II_A,2II,OR235907,10506,103.2429245,2018,Reunion,Reunion,OR235907,2018
508,OR235908.1|2018-03,2II_A.1.1.1,2II_A,2II,OR235908,10506,103.2429245,2018,Reunion,Reunion,OR235908,2018
509,OR235909.1|2018-02,2II_A.1.1.1,2II_A,2II,OR235909,10506,103.2429245,2018,Reunion,Reunion,OR235909,2018
510,OR235910.1|2018-02,2II_A.1.1.1,2II_A,2II,OR235910,10506,103.2429245,2018,Reunion,Reunion,OR235910,2018
511,OR235911.1|2018-02,2II_A.1.1.1,2II_A,2II,OR235911,10506,103.2429245,2018,Reunion,Reunion,OR235911,2018
512,OR235912.1|2018-02,2II_A.1.1.1,2II_A,2II,OR235912,10506,103.2429245,2018,Reunion,Reunion,OR235912,2018
513,OR235913.1|2018-02,2II_A.1.1.1,2II_A,2II,OR235913,10506,103.2429245,2018,Reunion,Reunion,OR235913,2018
514,OR235914.1|2018-12,2II_A.1.1.1,2II_A,2II,OR235914,10506,103.2429245,2018,Reunion,Reunion,OR235914,2018
515,OR235915.1|2018-02,2II_A.1.1.1,2II_A,2II,OR235915,10506,103.2429245,2018,Reunion,Reunion,OR235915,2018
516,OR235916.1|2018-02,2II_A.1.1.1,2II_A,2II,OR235916,10506,103.2429245,2018,Reunion,Reunion,OR235916,2018
517,OR235917.1|2018-02,2II_A.1.1.1,2II_A,2II,OR235917,10506,103.2429245,2018,Reunion,Reunion,OR235917,2018
518,OR235918.1|2018-02,2II_A.1.1.1,2II_A,2II,OR235918,10506,103.2429245,2018,Reunion,Reunion,OR235918,2018
519,OR235919.1|2018-02,2II_A.1.1.1,2II_A,2II,OR235919,10506,103.2429245,2018,Reunion,Reunion,OR235919,2018
520,OR235920.1|2018-02,2II_A.1.1.1,2II_A,2II,OR235920,10506,103.2429245,2018,Reunion,Reunion,OR235920,2018
521,OR235921.1|2018-02,2II_A.1.1.1,2II_A,2II,OR235921,10506,103.2429245,2018,Reunion,Reunion,OR235921,2018
522,OR235922.1|2018-02,2II_A.1.1.1,2II_A,2II,OR235922,10506,103.2429245,2018,Reunion,Reunion,OR235922,2018
523,OR235923.1|2018-02,2II_A.1.1.1,2II_A,2II,OR235923,10506,103.2429245,2018,Reunion,Reunion,OR235923,2018
524,OR235924.1|2018-03,2II_A.1.1.1,2II_A,2II,OR235924,10506,103.2429245,2018,Reunion,Reunion,OR235924,2018
525,OR235925.1|2018-02,2II_A.1.1.1,2II_A,2II,OR235925,10506,103.2429245,2018,Reunion,Reunion,OR235925,2018
526,OR235926.1|2018-02,2II_A.1.1.1,2II_A,2II,OR235926,10506,103.2429245,2018,Reunion,Reunion,OR235926,2018
527,OR235927.1|2018-01,2II_A.1.1.1,2II_A,2II,OR235927,10506,103.2429245,2018,Reunion,Reunion,OR235927,2018
528,OR235928.1|2018-02,2II_A.1.1.1,2II_A,2II,OR235928,10506,103.2429245,2018,Reunion,Reunion,OR235928,2018
529,OR235929.1|2018-02,2II_A.1.1.1,2II_A,2II,OR235929,10506,103.2429245,2018,Reunion,Reunion,OR235929,2018
530,OR235930.1|2018-02,2II_A.1.1.1,2II_A,2II,OR235930,10506,103.2429245,2018,Reunion,Reunion,OR235930,2018
531,OR235931.1|2018-08,2II_A.1.1.1,2II_A,2II,OR235931,10506,103.2429245,2018,Reunion,Reunion,OR235931,2018
532,OR235932.1|2018-06,2II_A.1.1.1,2II_A,2II,OR235932,10506,103.2429245,2018,Reunion,Reunion,OR235932,2018
533,OR235933.1|2018-06,2II_A.1.1.1,2II_A,2II,OR235933,10506,103.2429245,2018,Reunion,Reunion,OR235933,2018
534,OR235934.1|2018-06,2II_A.1.1.1,2II_A,2II,OR235934,10506,103.2429245,2018,Reunion,Reunion,OR235934,2018
535,OR235935.1|2018-06,2II_A.1.1.1,2II_A,2II,OR235935,10506,103.2429245,2018,Reunion,Reunion,OR235935,2018
536,OR235936.1|2018-02,2II_A.1.1.1,2II_A,2II,OR235936,10506,103.2429245,2018,Reunion,Reunion,OR235936,2018
537,OR235937.1|2018-03,2II_A.1.1.1,2II_A,2II,OR235937,10506,103.2429245,2018,Reunion,Reunion,OR235937,2018
538,OR235938.1|2018-02,2II_A.1.1.1,2II_A,2II,OR235938,10506,103.2429245,2018,Reunion,Reunion,OR235938,2018
539,OR235939.1|2018-02,2II_A.1.1.1,2II_A,2II,OR235939,10506,103.2429245,2018,Reunion,Reunion,OR235939,2018
540,OR235940.1|2018-03,2II_A.1.1.1,2II_A,2II,OR235940,10506,103.2429245,2018,Reunion,Reunion,OR235940,2018
541,OR235941.1|2018-05,2II_A.1.1.1,2II_A,2II,OR235941,10506,103.2429245,2018,Reunion,Reunion,OR235941,2018
542,OR235942.1|2018-05,2II_A.1.1.1,2II_A,2II,OR235942,10506,103.2429245,2018,Reunion,Reunion,OR235942,2018
543,OR235943.1|2018-05,2II_A.1.1.1,2II_A,2II,OR235943,10506,103.2429245,2018,Reunion,Reunion,OR235943,2018
544,OR235944.1|2018-05,2II_A.1.1.1,2II_A,2II,OR235944,10506,103.2429245,2018,Reunion,Reunion,OR235944,2018
545,OR235945.1|2018-06,2II_A.1.1.1,2II_A,2II,OR235945,10506,103.2429245,2018,Reunion,Reunion,OR235945,2018
546,OR235946.1|2018-05,2II_A.1.1.1,2II_A,2II,OR235946,10506,103.2429245,2018,Reunion,Reunion,OR235946,2018
547,OR235947.1|2018-03,2II_A.1.1.1,2II_A,2II,OR235947,10506,103.2429245,2018,Reunion,Reunion,OR235947,2018
548,OR235948.1|2018-12,2II_A.1.1.1,2II_A,2II,OR235948,10506,103.2429245,2018,Reunion,Reunion,OR235948,2018
549,OR235949.1|2018-03,2II_A.1.1.1,2II_A,2II,OR235949,10506,103.2429245,2018,Reunion,Reunion,OR235949,2018
550,OR235950.1|2018-09,2II_A.1.1.1,2II_A,2II,OR235950,10506,103.2429245,2018,Reunion,Reunion,OR235950,2018
551,OR235951.1|2018-10,2II_A.1.1.1,2II_A,2II,OR235951,10506,103.2429245,2018,Reunion,Reunion,OR235951,2018
552,OR235952.1|2018-10,2II_A.1.1.1,2II_A,2II,OR235952,10506,103.2429245,2018,Reunion,Reunion,OR235952,2018
553,OR235953.1|2018-08,2II_A.1.1.1,2II_A,2II,OR235953,10506,103.2429245,2018,Reunion,Reunion,OR235953,2018
554,OR235954.1|2018-07,2II_A.1.1.1,2II_A,2II,OR235954,10506,103.2429245,2018,Reunion,Reunion,OR235954,2018
555,OR235955.1|2018-07,2II_A.1.1.1,2II_A,2II,OR235955,10506,103.2429245,2018,Reunion,Reunion,OR235955,2018
556,OR235956.1|2018-03,2II_A.1.1.1,2II_A,2II,OR235956,10506,103.2429245,2018,Reunion,Reunion,OR235956,2018
557,OR235957.1|2018-12,2II_A.1.1.1,2II_A,2II,OR235957,10506,103.2429245,2018,Reunion,Reunion,OR235957,2018
558,OR235958.1|2018-03,2II_A.1.1.1,2II_A,2II,OR235958,10506,103.2429245,2018,Reunion,Reunion,OR235958,2018
559,OR235959.1|2018-12,2II_A.1.1.1,2II_A,2II,OR235959,10506,103.2429245,2018,Reunion,Reunion,OR235959,2018
560,OR235960.1|2018-03,2II_A.1.1.1,2II_A,2II,OR235960,10506,103.2429245,2018,Reunion,Reunion,OR235960,2018
561,OR235961.1|2018-03,2II_A.1.1.1,2II_A,2II,OR235961,10506,103.2429245,2018,Reunion,Reunion,OR235961,2018
562,OR235962.1|2018-03,2II_A.1.1.1,2II_A,2II,OR235962,10506,103.2429245,2018,Reunion,Reunion,OR235962,2018
563,OR235963.1|2018-03,2II_A.1.1.1,2II_A,2II,OR235963,10506,103.2429245,2018,Reunion,Reunion,OR235963,2018
564,OR235964.1|2018-03,2II_A.1.1.1,2II_A,2II,OR235964,10506,103.2429245,2018,Reunion,Reunion,OR235964,2018
565,OR235965.1|2018-03,2II_A.1.1.1,2II_A,2II,OR235965,10506,103.2429245,2018,Reunion,Reunion,OR235965,2018
566,OR235966.1|2018-03,2II_A.1.1.1,2II_A,2II,OR235966,10506,103.2429245,2018,Reunion,Reunion,OR235966,2018
567,OR235967.1|2018-03,2II_A.1.1.1,2II_A,2II,OR235967,10506,103.2429245,2018,Reunion,Reunion,OR235967,2018
568,OR235968.1|2018-03,2II_A.1.1.1,2II_A,2II,OR235968,10506,103.2429245,2018,Reunion,Reunion,OR235968,2018
569,OR235969.1|2018-03,2II_A.1.1.1,2II_A,2II,OR235969,10506,103.2429245,2018,Reunion,Reunion,OR235969,2018
570,OR235970.1|2018-03,2II_A.1.1.1,2II_A,2II,OR235970,9552,93.86792453,2018,Reunion,Reunion,OR235970,2018
571,OR235971.1|2018-03,2II_A.1.1.1,2II_A,2II,OR235971,10506,103.2429245,2018,Reunion,Reunion,OR235971,2018
572,OR235972.1|2018-03,2II_A.1.1.1,2II_A,2II,OR235972,10506,103.2429245,2018,Reunion,Reunion,OR235972,2018
573,OR235973.1|2018-03,2II_A.1.1.1,2II_A,2II,OR235973,10506,103.2429245,2018,Reunion,Reunion,OR235973,2018
574,OR235974.1|2018-03,2II_A.1.1.1,2II_A,2II,OR235974,10506,103.2429245,2018,Reunion,Reunion,OR235974,2018
575,OR235975.1|2018-02,2II_A.1.1.1,2II_A,2II,OR235975,9934,97.62185535,2018,Reunion,Reunion,OR235975,2018
576,OR235976.1|2018-03,2II_A.1.1.1,2II_A,2II,OR235976,10506,103.2429245,2018,Reunion,Reunion,OR235976,2018
577,OR235977.1|2018-03,2II_A.1.1.1,2II_A,2II,OR235977,10506,103.2429245,2018,Reunion,Reunion,OR235977,2018
578,OR235978.1|2018-03,2II_A.1.1.1,2II_A,2II,OR235978,10506,103.2429245,2018,Reunion,Reunion,OR235978,2018
579,OR235979.1|2018-03,2II_A.1.1.1,2II_A,2II,OR235979,10506,103.2429245,2018,Reunion,Reunion,OR235979,2018
580,OR235980.1|2018-03,2II_A.1.1.1,2II_A,2II,OR235980,10506,103.2429245,2018,Reunion,Reunion,OR235980,2018
581,OR235981.1|2018-03,2II_A.1.1.1,2II_A,2II,OR235981,10506,103.2429245,2018,Reunion,Reunion,OR235981,2018
582,OR235982.1|2018-03,2II_A.1.1.1,2II_A,2II,OR235982,10506,103.2429245,2018,Reunion,Reunion,OR235982,2018
583,OR235983.1|2018-03,2II_A.1.1.1,2II_A,2II,OR235983,10506,103.2429245,2018,Reunion,Reunion,OR235983,2018
584,OR235984.1|2018-03,2II_A.1.1.1,2II_A,2II,OR235984,10506,103.2429245,2018,Reunion,Reunion,OR235984,2018
585,OR235985.1|2018-03,2II_A.1.1.1,2II_A,2II,OR235985,10506,103.2429245,2018,Reunion,Reunion,OR235985,2018
586,OR235986.1|2018-03,2II_A.1.1.1,2II_A,2II,OR235986,10506,103.2429245,2018,Reunion,Reunion,OR235986,2018
587,OR235987.1|2018-03,2II_A.1.1.1,2II_A,2II,OR235987,10506,103.2429245,2018,Reunion,Reunion,OR235987,2018
588,OR235988.1|2018-03,2II_A.1.1.1,2II_A,2II,OR235988,10506,103.2429245,2018,Reunion,Reunion,OR235988,2018
589,OR235989.1|2018-03,2II_A.1.1.1,2II_A,2II,OR235989,10506,103.2429245,2018,Reunion,Reunion,OR235989,2018
590,OR235990.1|2018-03,2II_A.1.1.1,2II_A,2II,OR235990,10506,103.2429245,2018,Reunion,Reunion,OR235990,2018
591,OR235991.1|2018-03,2II_A.1.1.1,2II_A,2II,OR235991,10506,103.2429245,2018,Reunion,Reunion,OR235991,2018
592,OR235992.1|2018-03,2II_A.1.1.1,2II_A,2II,OR235992,10506,103.2429245,2018,Reunion,Reunion,OR235992,2018
593,OR235993.1|2018-03,2II_A.1.1.1,2II_A,2II,OR235993,10506,103.2429245,2018,Reunion,Reunion,OR235993,2018
594,OR235994.1|2018-03,2II_A.1.1.1,2II_A,2II,OR235994,10506,103.2429245,2018,Reunion,Reunion,OR235994,2018
595,OR235995.1|2018-03,2II_A.1.1.1,2II_A,2II,OR235995,10506,103.2429245,2018,Reunion,Reunion,OR235995,2018
596,OR235996.1|2018-03,2II_A.1.1.1,2II_A,2II,OR235996,10506,103.2429245,2018,Reunion,Reunion,OR235996,2018
597,OR235997.1|2018-03,2II_A.1.1.1,2II_A,2II,OR235997,10506,103.2429245,2018,Reunion,Reunion,OR235997,2018
598,OR235998.1|2018-03,2II_A.1.1.1,2II_A,2II,OR235998,10506,103.2429245,2018,Reunion,Reunion,OR235998,2018
599,OR235999.1|2018-03,2II_A.1.1.1,2II_A,2II,OR235999,10506,103.2429245,2018,Reunion,Reunion,OR235999,2018
600,OR236000.1|2018-03,2II_A.1.1.1,2II_A,2II,OR236000,10506,103.2429245,2018,Reunion,Reunion,OR236000,2018
601,OR236001.1|2018-03,2II_A.1.1.1,2II_A,2II,OR236001,10506,103.2429245,2018,Reunion,Reunion,OR236001,2018
602,OR236002.1|2018-03,2II_A.1.1.1,2II_A,2II,OR236002,10506,103.2429245,2018,Reunion,Reunion,OR236002,2018
603,OR236003.1|2020-01,2II_A.1.1.1,2II_A,2II,OR236003,9934,97.62185535,2020,Reunion,Reunion,OR236003,2020
604,OR236004.1|2020-03,2II_A.1.1.1,2II_A,2II,OR236004,10506,103.2429245,2020,Reunion,Reunion,OR236004,2020
605,OR236005.1|2020-05,2II_A.1.1.1,2II_A,2II,OR236005,10506,103.2429245,2020,Reunion,Reunion,OR236005,2020
606,OR236006.1|2020-03,2II_A.1.1.1,2II_A,2II,OR236006,10506,103.2429245,2020,Reunion,Reunion,OR236006,2020
607,OR236007.1|2020-03,2II_A.1.1.1,2II_A,2II,OR236007,10506,103.2429245,2020,Reunion,Reunion,OR236007,2020
608,OR236008.1|2020-09,2II_A.1.1.1,2II_A,2II,OR236008,10506,103.2429245,2020,Reunion,Reunion,OR236008,2020
609,OR236009.1|2019-06,2II_A.1.1.1,2II_A,2II,OR236009,10506,103.2429245,2019,Reunion,Reunion,OR236009,2019
610,OR236010.1|2019-06,2II_A.1.1.1,2II_A,2II,OR236010,10506,103.2429245,2019,Reunion,Reunion,OR236010,2019
611,OR236011.1|2018-06,2II_A.1.1.1,2II_A,2II,OR236011,10506,103.2429245,2018,Reunion,Reunion,OR236011,2018
612,OR236012.1|2018-06,2II_A.1.1.1,2II_A,2II,OR236012,10506,103.2429245,2018,Reunion,Reunion,OR236012,2018
613,OR236013.1|2018-06,2II_A.1.1.1,2II_A,2II,OR236013,10506,103.2429245,2018,Reunion,Reunion,OR236013,2018
614,OR236014.1|2018-11,2II_A.1.1.1,2II_A,2II,OR236014,10506,103.2429245,2018,Reunion,Reunion,OR236014,2018
615,OR236015.1|2018-06,2II_A.1.1.1,2II_A,2II,OR236015,10506,103.2429245,2018,Reunion,Reunion,OR236015,2018
616,OR236016.1|2018-07,2II_A.1.1.1,2II_A,2II,OR236016,10506,103.2429245,2018,Reunion,Reunion,OR236016,2018
617,OR236017.1|2018-09,2II_A.1.1.1,2II_A,2II,OR236017,10506,103.2429245,2018,Reunion,Reunion,OR236017,2018
618,OR236018.1|2018-01,2II_A.1.1.1,2II_A,2II,OR236018,10506,103.2429245,2018,Reunion,Reunion,OR236018,2018
619,OR236019.1|2018-05,2II_A.1.1.1,2II_A,2II,OR236019,10506,103.2429245,2018,Reunion,Reunion,OR236019,2018
620,OR236020.1|2018-05,2II_A.1.1.1,2II_A,2II,OR236020,10506,103.2429245,2018,Reunion,Reunion,OR236020,2018
621,OR236021.1|2018-05,2II_A.1.1.1,2II_A,2II,OR236021,10506,103.2429245,2018,Reunion,Reunion,OR236021,2018
622,OR236022.1|2018-05,2II_A.1.1.1,2II_A,2II,OR236022,10506,103.2429245,2018,Reunion,Reunion,OR236022,2018
623,OR236023.1|2018-05,2II_A.1.1.1,2II_A,2II,OR236023,10506,103.2429245,2018,Reunion,Reunion,OR236023,2018
624,OR236024.1|2018-05,2II_A.1.1.1,2II_A,2II,OR236024,10506,103.2429245,2018,Reunion,Reunion,OR236024,2018
625,OR236025.1|2018-05,2II_A.1.1.1,2II_A,2II,OR236025,10506,103.2429245,2018,Reunion,Reunion,OR236025,2018
626,OR236026.1|2018-05,2II_A.1.1.1,2II_A,2II,OR236026,10506,103.2429245,2018,Reunion,Reunion,OR236026,2018
627,OR236027.1|2018-05,2II_A.1.1.1,2II_A,2II,OR236027,10506,103.2429245,2018,Reunion,Reunion,OR236027,2018
628,OR236028.1|2018-05,2II_A.1.1.1,2II_A,2II,OR236028,10506,103.2429245,2018,Reunion,Reunion,OR236028,2018
629,OR236029.1|2018-12,2II_A.1.1.1,2II_A,2II,OR236029,10506,103.2429245,2018,Reunion,Reunion,OR236029,2018
630,OR236030.1|2018-12,2II_A.1.1.1,2II_A,2II,OR236030,10506,103.2429245,2018,Reunion,Reunion,OR236030,2018
631,OR236031.1|2018-12,2II_A.1.1.1,2II_A,2II,OR236031,10506,103.2429245,2018,Reunion,Reunion,OR236031,2018
632,OR236032.1|2018-11,2II_A.1.1.1,2II_A,2II,OR236032,10506,103.2429245,2018,Reunion,Reunion,OR236032,2018
633,OR236033.1|2018-09,2II_A.1.1.1,2II_A,2II,OR236033,10506,103.2429245,2018,Reunion,Reunion,OR236033,2018
634,OR236034.1|2018-07,2II_A.1.1.1,2II_A,2II,OR236034,10506,103.2429245,2018,Reunion,Reunion,OR236034,2018
635,OR236035.1|2018-09,2II_A.1.1.1,2II_A,2II,OR236035,10506,103.2429245,2018,Reunion,Reunion,OR236035,2018
636,OR236036.1|2018-07,2II_A.1.1.1,2II_A,2II,OR236036,10506,103.2429245,2018,Reunion,Reunion,OR236036,2018
637,OR236037.1|2018-03,2II_A.1.1.1,2II_A,2II,OR236037,10506,103.2429245,2018,Reunion,Reunion,OR236037,2018
638,OR236038.1|2018-02,2II_A.1.1.1,2II_A,2II,OR236038,10506,103.2429245,2018,Reunion,Reunion,OR236038,2018
639,OR236039.1|2018-04,2II_A.1.1.1,2II_A,2II,OR236039,10506,103.2429245,2018,Reunion,Reunion,OR236039,2018
640,OR236040.1|2018-02,2II_A.1.1.1,2II_A,2II,OR236040,10506,103.2429245,2018,Reunion,Reunion,OR236040,2018
641,OR236041.1|2018-04,2II_A.1.1.1,2II_A,2II,OR236041,10506,103.2429245,2018,Reunion,Reunion,OR236041,2018
642,OR236042.1|2018-04,2II_A.1.1.1,2II_A,2II,OR236042,10506,103.2429245,2018,Reunion,Reunion,OR236042,2018
643,OR236043.1|2018-04,2II_A.1.1.1,2II_A,2II,OR236043,10506,103.2429245,2018,Reunion,Reunion,OR236043,2018
644,OR236044.1|2018-11,2II_A.1.1.1,2II_A,2II,OR236044,10506,103.2429245,2018,Reunion,Reunion,OR236044,2018
645,OR236045.1|2018-07,2II_A.1.1.1,2II_A,2II,OR236045,10506,103.2429245,2018,Reunion,Reunion,OR236045,2018
646,OR236046.1|2018-05,2II_A.1.1.1,2II_A,2II,OR236046,10506,103.2429245,2018,Reunion,Reunion,OR236046,2018
647,OR236047.1|2018-09,2II_A.1.1.1,2II_A,2II,OR236047,10506,103.2429245,2018,Reunion,Reunion,OR236047,2018
648,OR236048.1|2018-07,2II_A.1.1.1,2II_A,2II,OR236048,10506,103.2429245,2018,Reunion,Reunion,OR236048,2018
649,OR236049.1|2018-05,2II_A.1.1.1,2II_A,2II,OR236049,10506,103.2429245,2018,Reunion,Reunion,OR236049,2018
650,OR236050.1|2018-05,2II_A.1.1.1,2II_A,2II,OR236050,10506,103.2429245,2018,Reunion,Reunion,OR236050,2018
651,OR236051.1|2018-05,2II_A.1.1.1,2II_A,2II,OR236051,10505,103.2330975,2018,Reunion,Reunion,OR236051,2018
652,OR236052.1|2018-03,2II_A.1.1.1,2II_A,2II,OR236052,10506,103.2429245,2018,Reunion,Reunion,OR236052,2018
653,OR236053.1|2018-03,2II_A.1.1.1,2II_A,2II,OR236053,10506,103.2429245,2018,Reunion,Reunion,OR236053,2018
654,OR236054.1|2018-03,2II_A.1.1.1,2II_A,2II,OR236054,10506,103.2429245,2018,Reunion,Reunion,OR236054,2018
655,OR236055.1|2018-03,2II_A.1.1.1,2II_A,2II,OR236055,10506,103.2429245,2018,Reunion,Reunion,OR236055,2018
656,OR236056.1|2018-03,2II_A.1.1.1,2II_A,2II,OR236056,10506,103.2429245,2018,Reunion,Reunion,OR236056,2018
657,OR236057.1|2018-03,2II_A.1.1.1,2II_A,2II,OR236057,10506,103.2429245,2018,Reunion,Reunion,OR236057,2018
658,OR236058.1|2018-03,2II_A.1.1.1,2II_A,2II,OR236058,10506,103.2429245,2018,Reunion,Reunion,OR236058,2018
659,OR236059.1|2018-03,2II_A.1.1.1,2II_A,2II,OR236059,10506,103.2429245,2018,Reunion,Reunion,OR236059,2018
660,OR236060.1|2018-03,2II_A.1.1.1,2II_A,2II,OR236060,10506,103.2429245,2018,Reunion,Reunion,OR236060,2018
661,OR236061.1|2018-03,2II_A.1.1.1,2II_A,2II,OR236061,10506,103.2429245,2018,Reunion,Reunion,OR236061,2018
662,OR236062.1|2018-03,2II_A.1.1.1,2II_A,2II,OR236062,10506,103.2429245,2018,Reunion,Reunion,OR236062,2018
663,OR236063.1|2018-03,2II_A.1.1.1,2II_A,2II,OR236063,10506,103.2429245,2018,Reunion,Reunion,OR236063,2018
664,OR236064.1|2018-03,2II_A.1.1.1,2II_A,2II,OR236064,10506,103.2429245,2018,Reunion,Reunion,OR236064,2018
665,OR236065.1|2018-03,2II_A.1.1.1,2II_A,2II,OR236065,10506,103.2429245,2018,Reunion,Reunion,OR236065,2018
666,OR236066.1|2018-03,2II_A.1.1.1,2II_A,2II,OR236066,10506,103.2429245,2018,Reunion,Reunion,OR236066,2018
667,OR236067.1|2018-12,2II_A.1.1.1,2II_A,2II,OR236067,10506,103.2429245,2018,Reunion,Reunion,OR236067,2018
668,OR236068.1|2018-09,2II_A.1.1.1,2II_A,2II,OR236068,10506,103.2429245,2018,Reunion,Reunion,OR236068,2018
669,OR236069.1|2018-09,2II_A.1.1.1,2II_A,2II,OR236069,10506,103.2429245,2018,Reunion,Reunion,OR236069,2018
670,OR236070.1|2018-09,2II_A.1.1.1,2II_A,2II,OR236070,10506,103.2429245,2018,Reunion,Reunion,OR236070,2018
671,OR236071.1|2018-09,2II_A.1.1.1,2II_A,2II,OR236071,10506,103.2429245,2018,Reunion,Reunion,OR236071,2018
672,OR236072.1|2018-06,2II_A.1.1.1,2II_A,2II,OR236072,10506,103.2429245,2018,Reunion,Reunion,OR236072,2018
673,OR236073.1|2018-06,2II_A.1.1.1,2II_A,2II,OR236073,10506,103.2429245,2018,Reunion,Reunion,OR236073,2018
674,OR236074.1|2018-05,2II_A.1.1.1,2II_A,2II,OR236074,10506,103.2429245,2018,Reunion,Reunion,OR236074,2018
675,OR236075.1|2018-02,2II_A.1.1.1,2II_A,2II,OR236075,10506,103.2429245,2018,Reunion,Reunion,OR236075,2018
676,OR236076.1|2018-01,2II_A.1.1.1,2II_A,2II,OR236076,10506,103.2429245,2018,Reunion,Reunion,OR236076,2018
677,OR236077.1|2018-02,2II_A.1.1.1,2II_A,2II,OR236077,10506,103.2429245,2018,Reunion,Reunion,OR236077,2018
678,OR236078.1|2018-02,2II_A.1.1.1,2II_A,2II,OR236078,10506,103.2429245,2018,Reunion,Reunion,OR236078,2018
679,OR236079.1|2018-02,2II_A.1.1.1,2II_A,2II,OR236079,10506,103.2429245,2018,Reunion,Reunion,OR236079,2018
680,OR236080.1|2018-02,2II_A.1.1.1,2II_A,2II,OR236080,10506,103.2429245,2018,Reunion,Reunion,OR236080,2018
681,OR236081.1|2018-02,2II_A.1.1.1,2II_A,2II,OR236081,10506,103.2429245,2018,Reunion,Reunion,OR236081,2018
682,OR236082.1|2018-02,2II_A.1.1.1,2II_A,2II,OR236082,10506,103.2429245,2018,Reunion,Reunion,OR236082,2018
683,OR236083.1|2018-07,2II_A.1.1.1,2II_A,2II,OR236083,10506,103.2429245,2018,Reunion,Reunion,OR236083,2018
684,OR236084.1|2018-01,2II_A.1.1.1,2II_A,2II,OR236084,10506,103.2429245,2018,Reunion,Reunion,OR236084,2018
685,OR236085.1|2018-01,2II_A.1.1.1,2II_A,2II,OR236085,10506,103.2429245,2018,Reunion,Reunion,OR236085,2018
686,OR236086.1|2012-01,2II_D.3,2II_D,2II,OR236086,10506,103.2429245,2012,Reunion,Reunion,OR236086,2012
687,OR236087.1|2014-05,2II_D.1.2,2II_D,2II,OR236087,10506,103.2429245,2014,Reunion,Reunion,OR236087,2014
688,OR236088.1|2017-11,2II_A.1.1.1,2II_A,2II,OR236088,10506,103.2429245,2017,Reunion,Reunion,OR236088,2017
689,OR236089.1|2017-02,2II_A.1.1.1,2II_A,2II,OR236089,10506,103.2429245,2017,Reunion,Reunion,OR236089,2017
690,OR236090.1|2017-11,2II_A.1.1.1,2II_A,2II,OR236090,10506,103.2429245,2017,Reunion,Reunion,OR236090,2017
691,OR236091.1|2017-09,2II_A.1.1.1,2II_A,2II,OR236091,10506,103.2429245,2017,Reunion,Reunion,OR236091,2017
692,OR236092.1|2017-06,2II_A.1.1.1,2II_A,2II,OR236092,10506,103.2429245,2017,Reunion,Reunion,OR236092,2017
693,OR236093.1|2017-06,2II_F.1.1,2II_F,2II,OR236093,10507,103.2527516,2017,Reunion,Reunion,OR236093,2017
694,OR236094.1|2017-06,2II_A.1.1.1,2II_A,2II,OR236094,10506,103.2429245,2017,Reunion,Reunion,OR236094,2017
695,OR236095.1|2017-06,2II_A.1.1.1,2II_A,2II,OR236095,10506,103.2429245,2017,Reunion,Reunion,OR236095,2017
696,OR236096.1|2017-05,2II_A.1.1.1,2II_A,2II,OR236096,10506,103.2429245,2017,Reunion,Reunion,OR236096,2017
697,OR236097.1|2017-09,2II_A.1.1.1,2II_A,2II,OR236097,10506,103.2429245,2017,Reunion,Reunion,OR236097,2017
698,OR236098.1|2017-02,2II_A.1.1.1,2II_A,2II,OR236098,10506,103.2429245,2017,Reunion,Reunion,OR236098,2017
699,OR236099.1|2017-04,2II_A.1.1.1,2II_A,2II,OR236099,10506,103.2429245,2017,Reunion,Reunion,OR236099,2017
700,OR236100.1|2017-04,2II_A.1.1.1,2II_A,2II,OR236100,10506,103.2429245,2017,Reunion,Reunion,OR236100,2017
701,OR236101.1|2017-10,2II_A.1.1.1,2II_A,2II,OR236101,10506,103.2429245,2017,Reunion,Reunion,OR236101,2017
702,OR236102.1|2017-03,2II_A.1.1.1,2II_A,2II,OR236102,10506,103.2429245,2017,Reunion,Reunion,OR236102,2017
703,OR236103.1|2016-05,2II_A.1.1.2,2II_A,2II,OR236103,10506,103.2429245,2016,Reunion,Reunion,OR236103,2016
704,OR236104.1|2016-04,2II_A.1.1.2,2II_A,2II,OR236104,10506,103.2429245,2016,Reunion,Reunion,OR236104,2016
705,OR236105.1|2016-04,2II_A.1.1.2,2II_A,2II,OR236105,10499,103.1741352,2016,Reunion,Reunion,OR236105,2016
706,OR236106.1|2016-04,2II_A.1.1.2,2II_A,2II,OR236106,10506,103.2429245,2016,Reunion,Reunion,OR236106,2016
707,OR236107.1|2013-11,2II_D.1.2,2II_D,2II,OR236107,10506,103.2429245,2013,Reunion,Reunion,OR236107,2013
708,OR236108.1|2012-10,2II_A,2II_A,2II,OR236108,10506,103.2429245,2012,Reunion,Reunion,OR236108,2012
709,OR236109.1|2012-10,2III_C.1,2III_C,2III,OR236109,10507,103.2527516,2012,Reunion,Reunion,OR236109,2012
710,OR236110.1|2014-09,2II_D.1.2,2II_D,2II,OR236110,10506,103.2429245,2014,Reunion,Reunion,OR236110,2014
711,OR236111.1|2016-05,2II_A.1.1.2,2II_A,2II,OR236111,10506,103.2429245,2016,Reunion,Reunion,OR236111,2016
712,OR236112.1|2016-05,2II_A.1.1.2,2II_A,2II,OR236112,10506,103.2429245,2016,Reunion,Reunion,OR236112,2016
713,OR236113.1|2016-11,2II_A.1.1.2,2II_A,2II,OR236113,10506,103.2429245,2016,Reunion,Reunion,OR236113,2016
714,OR236114.1|2014-03,2II_D.1.2,2II_D,2II,OR236114,10506,103.2429245,2014,Reunion,Reunion,OR236114,2014
715,OR236115.1|2014-12,2II_D.1.2,2II_D,2II,OR236115,10506,103.2429245,2014,Reunion,Reunion,OR236115,2014
716,OR236116.1|2014-05,2II_D.1.2,2II_D,2II,OR236116,10506,103.2429245,2014,Reunion,Reunion,OR236116,2014
717,OR236117.1|2014-12,2II_D.1.2,2II_D,2II,OR236117,10506,103.2429245,2014,Reunion,Reunion,OR236117,2014
718,OR236118.1|2014-03,2II_D.1.2,2II_D,2II,OR236118,10506,103.2429245,2014,Reunion,Reunion,OR236118,2014
719,PP469533.1|2022-05-30,2II_F.1.1.4,2II_F,2II,PP469533,10569,103.8620283,2022,Cambodia,Cambodia,PP469533,2022
720,PP469534.1|2022-08-24,2II_F.1.1,2II_F,2II,PP469534,10696,105.1100629,2022,Cambodia,Cambodia,PP469534,2022
721,PP470598.1|2022-06-10,2II_F.1.1.4,2II_F,2II,PP470598,10176,100,2022,Cambodia,Cambodia,PP470598,2022
722,PP470599.1|2022-06-02,2II_F.1.1,2II_F,2II,PP470599,10651,104.6678459,2022,Cambodia,Cambodia,PP470599,2022
723,PP470600.1|2022-07-01,2II_F.1.1,2II_F,2II,PP470600,10598,104.1470126,2022,Cambodia,Cambodia,PP470600,2022
724,PP470601.1|2022-07-23,2II_F.1.1,2II_F,2II,PP470601,10485,103.0365566,2022,Cambodia,Cambodia,PP470601,2022
725,PP470602.1|2022-08-15,2II_F.1.1.4,2II_F,2II,PP470602,10639,104.5499214,2022,Cambodia,Cambodia,PP470602,2022
726,PP470603.1|2022-08-04,2II_F.1.1,2II_F,2II,PP470603,10676,104.913522,2022,Cambodia,Cambodia,PP470603,2022
727,PP446688.1|2022-07-07,2II_F.1.1.4,2II_F,2II,PP446688,10700,105.1493711,2022,Cambodia,Cambodia,PP446688,2022
728,PP446689.1|2022-07-15,2II_F.1.1.4,2II_F,2II,PP446689,10572,103.8915094,2022,Cambodia,Cambodia,PP446689,2022
729,PP446690.1|2022-07-18,2II_F.1.1.4,2II_F,2II,PP446690,10687,105.0216195,2022,Cambodia,Cambodia,PP446690,2022
730,PP446691.1|2022-07-22,2II_F.1.1.4,2II_F,2II,PP446691,10572,103.8915094,2022,Cambodia,Cambodia,PP446691,2022
731,PP446692.1|2022-09-05,2II_F.1.1.4,2II_F,2II,PP446692,10700,105.1493711,2022,Cambodia,Cambodia,PP446692,2022
732,PP446693.1|2022-10-06,2II_F.1.1.4,2II_F,2II,PP446693,10679,104.9430031,2022,Cambodia,Cambodia,PP446693,2022
733,PP446694.1|2022-10-10,2II_F.1.1,2II_F,2II,PP446694,10569,103.8620283,2022,Cambodia,Cambodia,PP446694,2022
734,PP439574.1|2021-08-31,2II_F.1.1.4,2II_F,2II,PP439574,10716,105.3066038,2021,Cambodia,Cambodia,PP439574,2021
735,PP439575.1|2021-09-24,2II_F.1.1.4,2II_F,2II,PP439575,10692,105.0707547,2021,Cambodia,Cambodia,PP439575,2021
736,PP439576.1|2021-05-19,2II_F.1.1.4,2II_F,2II,PP439576,10671,104.8643868,2021,Cambodia,Cambodia,PP439576,2021
737,PP439577.1|2021-06-12,2II_F.1.1.4,2II_F,2II,PP439577,10695,105.1002358,2021,Cambodia,Cambodia,PP439577,2021
738,PP439578.1|2021-06-24,2II_F.1.1.4,2II_F,2II,PP439578,10693,105.0805818,2021,Cambodia,Cambodia,PP439578,2021
739,PP439579.1|2021-07-07,2II_F.1.1.4,2II_F,2II,PP439579,10569,103.8620283,2021,Cambodia,Cambodia,PP439579,2021
740,PP439580.1|2021-10-12,2II_F.1.1.4,2II_F,2II,PP439580,10694,105.0904088,2021,Cambodia,Cambodia,PP439580,2021
741,PP439581.1|2022-07-06,2II_F.1.1.4,2II_F,2II,PP439581,10572,103.8915094,2022,Cambodia,Cambodia,PP439581,2022
742,PP439582.1|2022-07-07,2II_F.1.1.4,2II_F,2II,PP439582,10716,105.3066038,2022,Cambodia,Cambodia,PP439582,2022
743,PP411249.1|2022-06-10,2II_F.1.1.4,2II_F,2II,PP411249,10569,103.8620283,2022,Cambodia,Cambodia,PP411249,2022
744,PP411250.1|2022-06-10,2II_F.1.1.4,2II_F,2II,PP411250,10569,103.8620283,2022,Cambodia,Cambodia,PP411250,2022
745,PP411251.1|2022-06-16,2II_F.1.1.4,2II_F,2II,PP411251,10569,103.8620283,2022,Cambodia,Cambodia,PP411251,2022
746,PP411252.1|2022-06-20,2II_F.1.1.4,2II_F,2II,PP411252,10572,103.8915094,2022,Cambodia,Cambodia,PP411252,2022
747,PP411253.1|2022-06-23,2II_F.1.1.4,2II_F,2II,PP411253,10572,103.8915094,2022,Cambodia,Cambodia,PP411253,2022
748,PP411254.1|2022-06-27,2II_F.1.1.4,2II_F,2II,PP411254,10569,103.8620283,2022,Cambodia,Cambodia,PP411254,2022
749,PP411255.1|2022-06-29,2V_A.1.2,2V_A,2V,PP411255,10573,103.9013365,2022,Cambodia,Cambodia,PP411255,2022
750,PP411256.1|2022-07-01,2II_F.1.1.4,2II_F,2II,PP411256,10688,105.0314465,2022,Cambodia,Cambodia,PP411256,2022
751,PP411257.1|2022-07-05,2II_F.1.1.4,2II_F,2II,PP411257,10572,103.8915094,2022,Cambodia,Cambodia,PP411257,2022
752,OQ511275.1|2021-02-26,2II_F.1.1.2,2II_F,2II,OQ511275,9243,90.83136792,2021,"Brazil: Acre,Rio Branco",Brazil,OQ511275,2021
753,PP406447.1|2022-05-23,2II_F.1.1.4,2II_F,2II,PP406447,10570,103.8718553,2022,Cambodia,Cambodia,PP406447,2022
754,PP406448.1|2022-05-23,2II_F.1.1.4,2II_F,2II,PP406448,10693,105.0805818,2022,Cambodia,Cambodia,PP406448,2022
755,PP406449.1|2022-05-23,2II_F.1.1.4,2II_F,2II,PP406449,10690,105.0511006,2022,Cambodia,Cambodia,PP406449,2022
756,PP406450.1|2022-05-23,2II_F.1.1.4,2II_F,2II,PP406450,10570,103.8718553,2022,Cambodia,Cambodia,PP406450,2022
757,PP406451.1|2022-05-23,2II_F.1.1.4,2II_F,2II,PP406451,10682,104.9724843,2022,Cambodia,Cambodia,PP406451,2022
758,PP406452.1|2022-05-26,2II_F.1.1.4,2II_F,2II,PP406452,10572,103.8915094,2022,Cambodia,Cambodia,PP406452,2022
759,PP406453.1|2022-05-26,2II_F.1.1.4,2II_F,2II,PP406453,10569,103.8620283,2022,Cambodia,Cambodia,PP406453,2022
760,PP406454.1|2022-05-30,2II_F.1.1.4,2II_F,2II,PP406454,10569,103.8620283,2022,Cambodia,Cambodia,PP406454,2022
761,PP406455.1|2022-05-30,2II_F.1.1.4,2II_F,2II,PP406455,10566,103.8325472,2022,Cambodia,Cambodia,PP406455,2022
762,PP411227.1|2022-06-01,2II_F.1.1,2II_F,2II,PP411227,10549,103.6654874,2022,Cambodia,Cambodia,PP411227,2022
763,PP411228.1|2022-06-01,2II_F.1.1.4,2II_F,2II,PP411228,10569,103.8620283,2022,Cambodia,Cambodia,PP411228,2022
764,PP411229.1|2022-06-01,2II_F.1.1.4,2II_F,2II,PP411229,10567,103.8423742,2022,Cambodia,Cambodia,PP411229,2022
765,PP411230.1|2022-06-07,2II_F.1.1.4,2II_F,2II,PP411230,10569,103.8620283,2022,Cambodia,Cambodia,PP411230,2022
766,PP411231.1|2022-06-07,2II_F.1.1.4,2II_F,2II,PP411231,10569,103.8620283,2022,Cambodia,Cambodia,PP411231,2022
767,PP411232.1|2022-06-07,2II_F.1.1.4,2II_F,2II,PP411232,10690,105.0511006,2022,Cambodia,Cambodia,PP411232,2022
768,PP411233.1|2022-06-07,2II_F.1.1.4,2II_F,2II,PP411233,10572,103.8915094,2022,Cambodia,Cambodia,PP411233,2022
769,PP411234.1|2022-06-07,2II_F.1.1.4,2II_F,2II,PP411234,10570,103.8718553,2022,Cambodia,Cambodia,PP411234,2022
770,PP411235.1|2022-06-07,2II_F.1.1.4,2II_F,2II,PP411235,10572,103.8915094,2022,Cambodia,Cambodia,PP411235,2022
771,PP396279.1|2021-12-16,2II_F.1.1.4,2II_F,2II,PP396279,10709,105.2378145,2021,Cambodia,Cambodia,PP396279,2021
772,PP396280.1|2021-11-29,2II_F.1.1.4,2II_F,2II,PP396280,10569,103.8620283,2021,Cambodia,Cambodia,PP396280,2021
773,PP406368.1|2022-01-18,2II_F.1.1.4,2II_F,2II,PP406368,10572,103.8915094,2022,Cambodia,Cambodia,PP406368,2022
774,PP406369.1|2022-02-16,2II_F.1.1.4,2II_F,2II,PP406369,10680,104.9528302,2022,Cambodia,Cambodia,PP406369,2022
775,PP406370.1|2022-02-22,2II_F.1.1.4,2II_F,2II,PP406370,10572,103.8915094,2022,Cambodia,Cambodia,PP406370,2022
776,PP406371.1|2022-02-23,2II_F.1.1.4,2II_F,2II,PP406371,10572,103.8915094,2022,Cambodia,Cambodia,PP406371,2022
777,PP406372.1|2022-04-06,2II_F.1.1.4,2II_F,2II,PP406372,10572,103.8915094,2022,Cambodia,Cambodia,PP406372,2022
778,PP406373.1|2022-04-06,2II_F.1.1.4,2II_F,2II,PP406373,10573,103.9013365,2022,Cambodia,Cambodia,PP406373,2022
779,PP406374.1|2022-04-20,2II_F.1.1.4,2II_F,2II,PP406374,10692,105.0707547,2022,Cambodia,Cambodia,PP406374,2022
780,PP406375.1|2022-05-17,2II_F.1.1.4,2II_F,2II,PP406375,10572,103.8915094,2022,Cambodia,Cambodia,PP406375,2022
781,PP406376.1|2022-05-18,2II_F.1.1.4,2II_F,2II,PP406376,10557,103.7441038,2022,Cambodia,Cambodia,PP406376,2022
782,PP326743.1|2023-02-14,2II_F.1.1.5,2II_F,2II,PP326743,10667,104.8250786,2023,France,France,PP326743,2023
783,PP326744.1|2023-02-18,2II_F.1.1.5,2II_F,2II,PP326744,10536,103.5377358,2023,France,France,PP326744,2023
784,PP326745.1|2023-04-18,2II_F.1.1.5,2II_F,2II,PP326745,10667,104.8250786,2023,France,France,PP326745,2023
785,PP326746.1|2023-04-19,2II_F.1.1.5,2II_F,2II,PP326746,10379,101.9948899,2023,France,France,PP326746,2023
786,PP326747.1|2023-05-11,2II_F.1.1.5,2II_F,2II,PP326747,10667,104.8250786,2023,France,France,PP326747,2023
787,PP326748.1|2023-04-04,2II_F.1.1.5,2II_F,2II,PP326748,10667,104.8250786,2023,France,France,PP326748,2023
788,PP326749.1|2023-04-18,2II_F.1.1.5,2II_F,2II,PP326749,10666,104.8152516,2023,France,France,PP326749,2023
789,PP326750.1|2023-04-24,2II_F.1.1.5,2II_F,2II,PP326750,10667,104.8250786,2023,France,France,PP326750,2023
790,PP326751.1|2023-04-25,2II_F.1.1.5,2II_F,2II,PP326751,10667,104.8250786,2023,France,France,PP326751,2023
791,PP326752.1|2023-04-25,2II_F.1.1.5,2II_F,2II,PP326752,10667,104.8250786,2023,France,France,PP326752,2023
792,PP326753.1|2023-05-11,2II_F.1.1.5,2II_F,2II,PP326753,10664,104.7955975,2023,France,France,PP326753,2023
793,PP326754.1|2023-05-12,2II_F.1.1.5,2II_F,2II,PP326754,10667,104.8250786,2023,France,France,PP326754,2023
794,PP326755.1|2023-05-19,2II_F.1.1.5,2II_F,2II,PP326755,10667,104.8250786,2023,France,France,PP326755,2023
795,PP326756.1|2023-05-22,2II_F.1.1.5,2II_F,2II,PP326756,10667,104.8250786,2023,France,France,PP326756,2023
796,PP326757.1|2023-05-20,2II_F.1.1.5,2II_F,2II,PP326757,10667,104.8250786,2023,France,France,PP326757,2023
797,PP326758.1|2023-05-19,2II_F.1.1.5,2II_F,2II,PP326758,10667,104.8250786,2023,France,France,PP326758,2023
798,PP326759.1|2023-05-23,2II_F.1.1.5,2II_F,2II,PP326759,10663,104.7857704,2023,France,France,PP326759,2023
799,PP326760.1|2023-06-06,2II_F.1.1.5,2II_F,2II,PP326760,10422,102.4174528,2023,France,France,PP326760,2023
800,PP326761.1|2023-06-06,2II_F.1.1.5,2II_F,2II,PP326761,10663,104.7857704,2023,France,France,PP326761,2023
801,PP326762.1|2023-06-07,2II_F.1.1.5,2II_F,2II,PP326762,10667,104.8250786,2023,France,France,PP326762,2023
802,PP326763.1|2023-06-06,2II_F.1.1.5,2II_F,2II,PP326763,10579,103.9602987,2023,France,France,PP326763,2023
803,PP326764.1|2023-06-07,2II_F.1.1.5,2II_F,2II,PP326764,10667,104.8250786,2023,France,France,PP326764,2023
804,PP326765.1|2023-06-09,2II_F.1.1.5,2II_F,2II,PP326765,10663,104.7857704,2023,France,France,PP326765,2023
805,PP326766.1|2023-06-13,2II_F.1.1.5,2II_F,2II,PP326766,10667,104.8250786,2023,France,France,PP326766,2023
806,PP326767.1|2023-06-12,2II_F.1.1.5,2II_F,2II,PP326767,10667,104.8250786,2023,France,France,PP326767,2023
807,PP326768.1|2023-06-12,2II_F.1.1.5,2II_F,2II,PP326768,10667,104.8250786,2023,France,France,PP326768,2023
808,PP326769.1|2023-06-13,2II_F.1.1.5,2II_F,2II,PP326769,10667,104.8250786,2023,France,France,PP326769,2023
809,PP326770.1|2023-06-21,2II_F.1.1.5,2II_F,2II,PP326770,10666,104.8152516,2023,France,France,PP326770,2023
810,PP326771.1|2023-06-22,2II_F.1.1.5,2II_F,2II,PP326771,10667,104.8250786,2023,France,France,PP326771,2023
811,PP326772.1|2023-06-27,2II_F.1.1.5,2II_F,2II,PP326772,10667,104.8250786,2023,France,France,PP326772,2023
812,PP326773.1|2023-06-26,2II_F.1.1.5,2II_F,2II,PP326773,10667,104.8250786,2023,France,France,PP326773,2023
813,PP326774.1|2023-06-27,2II_F.1.1.5,2II_F,2II,PP326774,10667,104.8250786,2023,France,France,PP326774,2023
814,PP326776.1|2023-06-29,2II_F.1.1.5,2II_F,2II,PP326776,10667,104.8250786,2023,France,France,PP326776,2023
815,PP326777.1|2023-07-03,2II_F.1.1.5,2II_F,2II,PP326777,10667,104.8250786,2023,France,France,PP326777,2023
816,PP326778.1|2023-07-03,2II_F.1.1.5,2II_F,2II,PP326778,10667,104.8250786,2023,France,France,PP326778,2023
817,PP326779.1|2023-07-03,2II_F.1.1.5,2II_F,2II,PP326779,10667,104.8250786,2023,France,France,PP326779,2023
818,PP326780.1|2023-07-05,2II_F.1.1.5,2II_F,2II,PP326780,10667,104.8250786,2023,France,France,PP326780,2023
819,PP326781.1|2023-07-05,2II_F.1.1.5,2II_F,2II,PP326781,10664,104.7955975,2023,France,France,PP326781,2023
820,PP326782.1|2023-07-06,2II_F.1.1.5,2II_F,2II,PP326782,10667,104.8250786,2023,France,France,PP326782,2023
821,PP326783.1|2023-07-07,2II_F.1.1.5,2II_F,2II,PP326783,10667,104.8250786,2023,France,France,PP326783,2023
822,PP326784.1|2023-07-11,2II_F.1.1.5,2II_F,2II,PP326784,10531,103.4886006,2023,France,France,PP326784,2023
823,PP326785.1|2023-07-26,2II_F.1.1.5,2II_F,2II,PP326785,10667,104.8250786,2023,France,France,PP326785,2023
824,PP326786.1|2023-08-02,2II_F.1.1.5,2II_F,2II,PP326786,10667,104.8250786,2023,France,France,PP326786,2023
825,PP326787.1|2023-08-09,2II_F.1.1.5,2II_F,2II,PP326787,10667,104.8250786,2023,France,France,PP326787,2023
826,PP326788.1|2023-08-23,2II_F.1.1.5,2II_F,2II,PP326788,10475,102.9382862,2023,France,France,PP326788,2023
827,PP326789.1|2023-08-16,2II_F.1.1.5,2II_F,2II,PP326789,10667,104.8250786,2023,France,France,PP326789,2023
828,PP326790.1|2023-08-19,2II_F.1.1.5,2II_F,2II,PP326790,10663,104.7857704,2023,France,France,PP326790,2023
829,PP326791.1|2023-08-17,2II_F.1.1.5,2II_F,2II,PP326791,10693,105.0805818,2023,France,France,PP326791,2023
830,PP326792.1|2023-08-21,2II_F.1.1.5,2II_F,2II,PP326792,10667,104.8250786,2023,France,France,PP326792,2023
831,PP326793.1|2023-08-17,2II_F.1.1.5,2II_F,2II,PP326793,10616,104.3238994,2023,France,France,PP326793,2023
832,PP326794.1|2023-08-23,2II_F.1.1.5,2II_F,2II,PP326794,10663,104.7857704,2023,France,France,PP326794,2023
833,PP326795.1|2023-08-19,2II_F.1.1.5,2II_F,2II,PP326795,10476,102.9481132,2023,France,France,PP326795,2023
834,PP326796.1|2023-08-18,2II_F.1.1.5,2II_F,2II,PP326796,10667,104.8250786,2023,France,France,PP326796,2023
835,PP326797.1|2023-08-23,2II_F.1.1.5,2II_F,2II,PP326797,10663,104.7857704,2023,France,France,PP326797,2023
836,PP326798.1|2023-08-24,2II_F.1.1.5,2II_F,2II,PP326798,10693,105.0805818,2023,France,France,PP326798,2023
837,PP326799.1|2023-09-03,2II_F.1.1.5,2II_F,2II,PP326799,10667,104.8250786,2023,France,France,PP326799,2023
838,PP326800.1|2023-08-29,2II_F.1.1.5,2II_F,2II,PP326800,10531,103.4886006,2023,France,France,PP326800,2023
839,PP326801.1|2023-08-30,2II_F.1.1.5,2II_F,2II,PP326801,10667,104.8250786,2023,France,France,PP326801,2023
840,PP326802.1|2023-09-06,2II_F.1.1.5,2II_F,2II,PP326802,10667,104.8250786,2023,France,France,PP326802,2023
841,PP326803.1|2023-09-05,2II_F.1.1.5,2II_F,2II,PP326803,10689,105.0412736,2023,France,France,PP326803,2023
842,PP326804.1|2023-09-05,2II_F.1.1.5,2II_F,2II,PP326804,10667,104.8250786,2023,France,France,PP326804,2023
843,PP326805.1|2023-09-07,2II_F.1.1.5,2II_F,2II,PP326805,10663,104.7857704,2023,France,France,PP326805,2023
844,PP326806.1|2023-09-07,2II_F.1.1.5,2II_F,2II,PP326806,10664,104.7955975,2023,France,France,PP326806,2023
845,PP326807.1|2023-09-09,2II_F.1.1.5,2II_F,2II,PP326807,10693,105.0805818,2023,France,France,PP326807,2023
846,PP326808.1|2023-09-11,2II_F.1.1.5,2II_F,2II,PP326808,10693,105.0805818,2023,France,France,PP326808,2023
847,PP326809.1|2023-09-12,2II_F.1.1.5,2II_F,2II,PP326809,10693,105.0805818,2023,France,France,PP326809,2023
848,PP326810.1|2023-09-12,2II_F.1.1.5,2II_F,2II,PP326810,10693,105.0805818,2023,France,France,PP326810,2023
849,PP326811.1|2023-09-18,2II_F.1.1.5,2II_F,2II,PP326811,10664,104.7955975,2023,France,France,PP326811,2023
850,PP326812.1|2023-09-18,2II_F.1.1.5,2II_F,2II,PP326812,10664,104.7955975,2023,France,France,PP326812,2023
851,PP326813.1|2023-09-26,2II_F.1.1.5,2II_F,2II,PP326813,10723,105.3753931,2023,France,France,PP326813,2023
852,PP326814.1|2023-10-12,2II_F.1.1.5,2II_F,2II,PP326814,10667,104.8250786,2023,France,France,PP326814,2023
853,PP326815.1|2023-10-12,2II_F.1.1.5,2II_F,2II,PP326815,10667,104.8250786,2023,France,France,PP326815,2023
854,PP326816.1|2023-08-29,2II_F.1.1.5,2II_F,2II,PP326816,10668,104.8349057,2023,France,France,PP326816,2023
855,PP326817.1|2023-10-21,2II_F.1.1.5,2II_F,2II,PP326817,10663,104.7857704,2023,France,France,PP326817,2023
856,PP326818.1|2023-10-24,2II_F.1.1.5,2II_F,2II,PP326818,10423,102.4272799,2023,France,France,PP326818,2023
857,PP326819.1|2023-10-05,2II_F.1.1.5,2II_F,2II,PP326819,10661,104.7661164,2023,France,France,PP326819,2023
858,PP326820.1|2023-10-06,2II_F.1.1.5,2II_F,2II,PP326820,10723,105.3753931,2023,France,France,PP326820,2023
859,PP326821.1|2023-10-05,2II_F.1.1.5,2II_F,2II,PP326821,10722,105.365566,2023,France,France,PP326821,2023
860,PP326822.1|2023-08-07,2II_F.1.1.5,2II_F,2II,PP326822,10723,105.3753931,2023,France,France,PP326822,2023
861,PP326823.1|2023-09-12,2II_F.1.1.5,2II_F,2II,PP326823,10723,105.3753931,2023,France,France,PP326823,2023
862,PP326824.1|2023-08-24,2II_F.1.1.5,2II_F,2II,PP326824,10723,105.3753931,2023,France,France,PP326824,2023
863,PP326825.1|2023-11-01,2II_F.1.1.5,2II_F,2II,PP326825,10667,104.8250786,2023,France,France,PP326825,2023
864,PP326826.1|2023-10-24,2II_F.1.1.5,2II_F,2II,PP326826,10351,101.7197327,2023,France,France,PP326826,2023
865,PP326827.1|2023-11-20,2II_F.1.1.5,2II_F,2II,PP326827,10663,104.7857704,2023,France,France,PP326827,2023
866,PP326828.1|2023-12-13,2II_F.1.1.5,2II_F,2II,PP326828,10663,104.7857704,2023,France,France,PP326828,2023
867,PP326829.1|2023-12-14,2II_F.1.1.5,2II_F,2II,PP326829,10663,104.7857704,2023,France,France,PP326829,2023
868,PP326830.1|2023-12-11,2II_F.1.1.5,2II_F,2II,PP326830,10663,104.7857704,2023,France,France,PP326830,2023
869,PP326831.1|2023-12-19,2II_F.1.1.5,2II_F,2II,PP326831,10664,104.7955975,2023,France,France,PP326831,2023
870,PP326832.1|2023-12-28,2II_F.1.1.5,2II_F,2II,PP326832,10664,104.7955975,2023,France,France,PP326832,2023
871,PP326833.1|2024-01-03,2II_F.1.1.5,2II_F,2II,PP326833,10664,104.7955975,2024,France,France,PP326833,2024
872,PP326834.1|2023-10-16,2II_F.1.1.5,2II_F,2II,PP326834,9302,91.41116352,2023,France,France,PP326834,2023
873,PP331235.1|2023-06-27,2II_F.1.1.5,2II_F,2II,PP331235,10176,100,2023,France,France,PP331235,2023
874,PP331236.1|2023-08-17,2II_F.1.1.5,2II_F,2II,PP331236,10176,100,2023,France,France,PP331236,2023
875,PP335480.1|2023-12-14,2II_F.1.1.5,2II_F,2II,PP335480,10176,100,2023,France,France,PP335480,2023
876,PP335481.1|2019-11-20,2II_A.1.1.1,2II_A,2II,PP335481,10176,100,2019,France,France,PP335481,2019
877,PP335482.1|2020-02-20,2II_A.1.1.1,2II_A,2II,PP335482,10128,99.52830189,2020,France,France,PP335482,2020
878,PP335483.1|2023-05-12,2II_F.1.1.5,2II_F,2II,PP335483,10176,100,2023,France,France,PP335483,2023
879,PP335484.1|2023-08-22,2II_F.1.1.5,2II_F,2II,PP335484,10176,100,2023,France,France,PP335484,2023
880,OR618319.1|2016-07-16,2II_D.3,2II_D,2II,OR618319,10638,104.5400943,2016,Taiwan,Taiwan,OR618319,2016
881,OR618320.1|2016-07-17,2II_D.3,2II_D,2II,OR618320,10638,104.5400943,2016,Taiwan,Taiwan,OR618320,2016
882,OR618321.1|2016-07-20,2II_D.3,2II_D,2II,OR618321,10638,104.5400943,2016,Taiwan,Taiwan,OR618321,2016
883,PP325839.1|2023-11-18,2II_F.1.1,2II_F,2II,PP325839,7472,73.42767296,2023,Bangladesh,Bangladesh,PP325839,2023
884,PP309840.1|2023-08-20,2II_F.1.1,2II_F,2II,PP309840,7472,73.42767296,2023,Bangladesh,Bangladesh,PP309840,2023
885,PP309841.1|2023-08-05,2II_F.1.1,2II_F,2II,PP309841,7472,73.42767296,2023,Bangladesh,Bangladesh,PP309841,2023
886,PP309842.1|2023-07-12,2II_F.1.1,2II_F,2II,PP309842,7472,73.42767296,2023,Bangladesh,Bangladesh,PP309842,2023
887,PP309843.1|2023-09-01,2II_F.1.1,2II_F,2II,PP309843,7472,73.42767296,2023,Bangladesh,Bangladesh,PP309843,2023
888,PP309844.1|2023-09-02,2II_F.1.1,2II_F,2II,PP309844,7472,73.42767296,2023,Bangladesh,Bangladesh,PP309844,2023
889,PP309845.1|2023-09-09,2II_F.1.1,2II_F,2II,PP309845,7472,73.42767296,2023,Bangladesh,Bangladesh,PP309845,2023
890,PP309846.1|2023-07-22,2II_F.1.1,2II_F,2II,PP309846,7472,73.42767296,2023,Bangladesh,Bangladesh,PP309846,2023
891,PP309847.1|2023-09-16,2II_F.1.1,2II_F,2II,PP309847,7472,73.42767296,2023,Bangladesh,Bangladesh,PP309847,2023
892,PP309848.1|2023-09-22,2II_F.1.1,2II_F,2II,PP309848,7472,73.42767296,2023,Bangladesh,Bangladesh,PP309848,2023
893,PP309849.1|2023-08-21,2II_F.1.1,2II_F,2II,PP309849,7472,73.42767296,2023,Bangladesh,Bangladesh,PP309849,2023
894,PP309850.1|2023-11-16,2II_F.1.1,2II_F,2II,PP309850,7472,73.42767296,2023,Bangladesh,Bangladesh,PP309850,2023
895,PP292002.1|2023-08-20,2II_F.1.1,2II_F,2II,PP292002,8496,83.49056604,2023,Bangladesh,Bangladesh,PP292002,2023
896,PP269822.1|2011-08-24,2V_A,2V_A,2V,PP269822,10563,103.803066,2011,Viet Nam,Viet Nam,PP269822,2011
897,PP269823.1|2012-05-16,2V_A,2V_A,2V,PP269823,10563,103.803066,2012,Viet Nam,Viet Nam,PP269823,2012
898,PP269824.1|2012-06-26,2V_A,2V_A,2V,PP269824,10604,104.2059748,2012,Viet Nam,Viet Nam,PP269824,2012
899,PP269825.1|2013-02-21,2V_A,2V_A,2V,PP269825,9895,97.23860063,2013,Viet Nam,Viet Nam,PP269825,2013
900,PP269826.1|2012-02-22,2V_A,2V_A,2V,PP269826,9895,97.23860063,2012,Viet Nam,Viet Nam,PP269826,2012
901,PP269827.1|2012-05-24,2V_A.1,2V_A,2V,PP269827,10604,104.2059748,2012,Viet Nam,Viet Nam,PP269827,2012
902,PP269828.1|2013-07-31,2V_A.1,2V_A,2V,PP269828,10607,104.235456,2013,Viet Nam,Viet Nam,PP269828,2013
903,PP269829.1|2013-05-09,2V_A,2V_A,2V,PP269829,10483,103.0169025,2013,Viet Nam,Viet Nam,PP269829,2013
904,PP269830.1|2014-10-30,2II_A.1.1.1,2II_A,2II,PP269830,10563,103.803066,2014,Viet Nam,Viet Nam,PP269830,2014
905,PP269831.1|2012-03-30,2V_A,2V_A,2V,PP269831,9257,90.96894654,2012,Viet Nam,Viet Nam,PP269831,2012
906,PP269832.1|2012-07-12,2V_A,2V_A,2V,PP269832,10478,102.9677673,2012,Viet Nam,Viet Nam,PP269832,2012
907,PP269833.1|2012-11-20,2V_A.1,2V_A,2V,PP269833,10476,102.9481132,2012,Viet Nam,Viet Nam,PP269833,2012
908,PP269834.1|2013-01-09,2V_A,2V_A,2V,PP269834,9527,93.62224843,2013,Viet Nam,Viet Nam,PP269834,2013
909,PP269835.1|2012-01-31,2V_A,2V_A,2V,PP269835,10151,99.7543239,2012,Viet Nam,Viet Nam,PP269835,2012
910,PP269836.1|2015-08-26,2V_A,2V_A,2V,PP269836,10476,102.9481132,2015,Viet Nam,Viet Nam,PP269836,2015
911,PP269837.1|2015-10-09,2V_A,2V_A,2V,PP269837,9568,94.02515723,2015,Viet Nam,Viet Nam,PP269837,2015
912,PP269838.1|2012-01-04,2V_A,2V_A,2V,PP269838,10476,102.9481132,2012,Viet Nam,Viet Nam,PP269838,2012
913,PP269839.1|2012-02-08,2V_A,2V_A,2V,PP269839,10596,104.1273585,2012,Viet Nam,Viet Nam,PP269839,2012
914,PP269840.1|2012-03-15,2V_A,2V_A,2V,PP269840,10598,104.1470126,2012,Viet Nam,Viet Nam,PP269840,2012
915,PP269841.1|2012-05-31,2V_A,2V_A,2V,PP269841,10559,103.7637579,2012,Viet Nam,Viet Nam,PP269841,2012
916,PP269842.1|2012-06-07,2V_A,2V_A,2V,PP269842,10606,104.2256289,2012,Viet Nam,Viet Nam,PP269842,2012
917,PP269843.1|2012-12-06,2V_A,2V_A,2V,PP269843,10597,104.1371855,2012,Viet Nam,Viet Nam,PP269843,2012
918,PP269844.1|2013-09-09,2V_A,2V_A,2V,PP269844,10553,103.7047956,2013,Viet Nam,Viet Nam,PP269844,2013
919,PP269845.1|2015-06-09,2V_A.1.1,2V_A,2V,PP269845,10604,104.2059748,2015,Viet Nam,Viet Nam,PP269845,2015
920,PP269846.1|2011-10-31,2V_A,2V_A,2V,PP269846,10585,104.019261,2011,Viet Nam,Viet Nam,PP269846,2011
921,PP269847.1|2011-11-08,2V_A,2V_A,2V,PP269847,10585,104.019261,2011,Viet Nam,Viet Nam,PP269847,2011
922,PP269848.1|2012-03-06,2V_A,2V_A,2V,PP269848,10482,103.0070755,2012,Viet Nam,Viet Nam,PP269848,2012
923,PP269849.1|2012-06-06,2V_A,2V_A,2V,PP269849,10476,102.9481132,2012,Viet Nam,Viet Nam,PP269849,2012
924,PP269850.1|2012-12-05,2V_A,2V_A,2V,PP269850,10563,103.803066,2012,Viet Nam,Viet Nam,PP269850,2012
925,PP269851.1|2013-03-28,2V_A.1,2V_A,2V,PP269851,10598,104.1470126,2013,Viet Nam,Viet Nam,PP269851,2013
926,PP269852.1|2013-09-29,2V_A,2V_A,2V,PP269852,10563,103.803066,2013,Viet Nam,Viet Nam,PP269852,2013
927,PP269853.1|2013-10-21,2V_A.1,2V_A,2V,PP269853,10598,104.1470126,2013,Viet Nam,Viet Nam,PP269853,2013
928,PP269854.1|2013-10-22,2V_A,2V_A,2V,PP269854,9895,97.23860063,2013,Viet Nam,Viet Nam,PP269854,2013
929,PP269855.1|2014-10-29,2II_A.1.1.1,2II_A,2II,PP269855,10563,103.803066,2014,Viet Nam,Viet Nam,PP269855,2014
930,PP269856.1|2014-11-03,2II_A.1.1.1,2II_A,2II,PP269856,10563,103.803066,2014,Viet Nam,Viet Nam,PP269856,2014
931,PP269857.1|2014-11-05,2II_A.1.1.1,2II_A,2II,PP269857,10563,103.803066,2014,Viet Nam,Viet Nam,PP269857,2014
932,PP269858.1|2014-11-07,2II_A.1.1.1,2II_A,2II,PP269858,10512,103.3018868,2014,Viet Nam,Viet Nam,PP269858,2014
933,PP269859.1|2014-11-30,2II_A.1.1.1,2II_A,2II,PP269859,10556,103.7342767,2014,Viet Nam,Viet Nam,PP269859,2014
934,PP269860.1|2013-07-17,2V_A,2V_A,2V,PP269860,10604,104.2059748,2013,Viet Nam,Viet Nam,PP269860,2013
935,PP269861.1|2013-08-05,2V_A,2V_A,2V,PP269861,10604,104.2059748,2013,Viet Nam,Viet Nam,PP269861,2013
936,PP269862.1|2013-12-02,2V_A,2V_A,2V,PP269862,10604,104.2059748,2013,Viet Nam,Viet Nam,PP269862,2013
937,PP269863.1|2014-09-22,2V_A.1.1,2V_A,2V,PP269863,10597,104.1371855,2014,Viet Nam,Viet Nam,PP269863,2014
938,PP269864.1|2014-10-09,2V_A.1.1,2V_A,2V,PP269864,10611,104.2747642,2014,Viet Nam,Viet Nam,PP269864,2014
939,PP269865.1|2014-11-26,2V_A.1.1,2V_A,2V,PP269865,10609,104.2551101,2014,Viet Nam,Viet Nam,PP269865,2014
940,PP269866.1|2013-08-13,2V_A.1.1,2V_A,2V,PP269866,10609,104.2551101,2013,Viet Nam,Viet Nam,PP269866,2013
941,PP269867.1|2013-10-11,2V_A.1.1,2V_A,2V,PP269867,10604,104.2059748,2013,Viet Nam,Viet Nam,PP269867,2013
942,PP269868.1|2013-11-19,2V_A.1.1,2V_A,2V,PP269868,10606,104.2256289,2013,Viet Nam,Viet Nam,PP269868,2013
943,PP269869.1|2012-09-13,2V_A,2V_A,2V,PP269869,10553,103.7047956,2012,Viet Nam,Viet Nam,PP269869,2012
944,PP269870.1|2017-06-26,2V_A,2V_A,2V,PP269870,10604,104.2059748,2017,Viet Nam,Viet Nam,PP269870,2017
945,PP269871.1|2012-09-27,2V_A,2V_A,2V,PP269871,10604,104.2059748,2012,Viet Nam,Viet Nam,PP269871,2012
946,PP269872.1|2013-11-14,2V_A.1,2V_A,2V,PP269872,10547,103.6458333,2013,Viet Nam,Viet Nam,PP269872,2013
947,PP269873.1|2018-11-22,2V_A.1.1,2V_A,2V,PP269873,10477,102.9579403,2018,Viet Nam,Viet Nam,PP269873,2018
948,PP269874.1|2019-02-11,2V_A.1.1,2V_A,2V,PP269874,10604,104.2059748,2019,Viet Nam,Viet Nam,PP269874,2019
949,PP269875.1|2019-04-02,2V_A,2V_A,2V,PP269875,10160,99.8427673,2019,Viet Nam,Viet Nam,PP269875,2019
950,PP269876.1|2019-05-04,2V_A.1.1,2V_A,2V,PP269876,10604,104.2059748,2019,Viet Nam,Viet Nam,PP269876,2019
951,PP269877.1|2019-05-27,2V_A.1.1,2V_A,2V,PP269877,10476,102.9481132,2019,Viet Nam,Viet Nam,PP269877,2019
952,PP269878.1|2019-06-12,2V_A.1.1,2V_A,2V,PP269878,10560,103.7735849,2019,Viet Nam,Viet Nam,PP269878,2019
953,PP269879.1|2019-07-16,2II_F.1.1,2II_F,2II,PP269879,10466,102.8498428,2019,Viet Nam,Viet Nam,PP269879,2019
954,PP269880.1|2019-08-03,2II_F.1.1,2II_F,2II,PP269880,10604,104.2059748,2019,Viet Nam,Viet Nam,PP269880,2019
955,PP269881.1|2019-08-05,2V_A.1.1,2V_A,2V,PP269881,10563,103.803066,2019,Viet Nam,Viet Nam,PP269881,2019
956,PP269882.1|2019-08-06,2V_A.1.1,2V_A,2V,PP269882,10603,104.1961478,2019,Viet Nam,Viet Nam,PP269882,2019
957,PP269883.1|2019-08-13,2V_A.1.1,2V_A,2V,PP269883,10606,104.2256289,2019,Viet Nam,Viet Nam,PP269883,2019
958,PP269884.1|2019-08-19,2II_F.2.1,2II_F,2II,PP269884,10604,104.2059748,2019,Viet Nam,Viet Nam,PP269884,2019
959,PP269885.1|2019-08-20,2II_F.2.1,2II_F,2II,PP269885,10590,104.0683962,2019,Viet Nam,Viet Nam,PP269885,2019
960,PP269886.1|2019-10-09,2V_A.1.1,2V_A,2V,PP269886,9532,93.67138365,2019,Viet Nam,Viet Nam,PP269886,2019
961,PP269887.1|2019-10-11,2V_A.1.1,2V_A,2V,PP269887,10563,103.803066,2019,Viet Nam,Viet Nam,PP269887,2019
962,PP269888.1|2019-10-21,2V_A.1.1,2V_A,2V,PP269888,10604,104.2059748,2019,Viet Nam,Viet Nam,PP269888,2019
963,PP269889.1|2019-11-11,2V_A.1.1,2V_A,2V,PP269889,10604,104.2059748,2019,Viet Nam,Viet Nam,PP269889,2019
964,PP269890.1|2020-05-12,2V_A.1.1,2V_A,2V,PP269890,10563,103.803066,2020,Viet Nam,Viet Nam,PP269890,2020
965,PP269891.1|2020-11-13,2II_F.2.1,2II_F,2II,PP269891,10563,103.803066,2020,Viet Nam,Viet Nam,PP269891,2020
966,PP269892.1|2019-07-26,2II_F.1.1,2II_F,2II,PP269892,10604,104.2059748,2019,Viet Nam,Viet Nam,PP269892,2019
967,PP269893.1|2019-07-30,2V_A.1.1,2V_A,2V,PP269893,10604,104.2059748,2019,Viet Nam,Viet Nam,PP269893,2019
968,PP269894.1|2019-09-10,2V_A.1.1,2V_A,2V,PP269894,9895,97.23860063,2019,Viet Nam,Viet Nam,PP269894,2019
969,PP269895.1|2019-10-07,2V_A.1.1,2V_A,2V,PP269895,10609,104.2551101,2019,Viet Nam,Viet Nam,PP269895,2019
970,PP269896.1|2019-10-11,2V_A.1.1,2V_A,2V,PP269896,10604,104.2059748,2019,Viet Nam,Viet Nam,PP269896,2019
971,PP269897.1|2019-10-15,2V_A.1.1,2V_A,2V,PP269897,10604,104.2059748,2019,Viet Nam,Viet Nam,PP269897,2019
972,PP269898.1|2019-10-25,2V_A.1.1,2V_A,2V,PP269898,9895,97.23860063,2019,Viet Nam,Viet Nam,PP269898,2019
973,PP269899.1|2019-10-31,2V_A,2V_A,2V,PP269899,10604,104.2059748,2019,Viet Nam,Viet Nam,PP269899,2019
974,PP269900.1|2019-12-05,2V_A.1.1,2V_A,2V,PP269900,10563,103.803066,2019,Viet Nam,Viet Nam,PP269900,2019
975,PP269901.1|2019-12-20,2V_A.1.1,2V_A,2V,PP269901,10596,104.1273585,2019,Viet Nam,Viet Nam,PP269901,2019
976,PP269902.1|2022-06-02,2II_F.1.3,2II_F,2II,PP269902,10604,104.2059748,2022,Viet Nam,Viet Nam,PP269902,2022
977,PP269903.1|2022-06-21,2II_F.1.1,2II_F,2II,PP269903,10606,104.2256289,2022,Viet Nam,Viet Nam,PP269903,2022
978,PP269904.1|2022-06-28,2II_F.1.1,2II_F,2II,PP269904,10604,104.2059748,2022,Viet Nam,Viet Nam,PP269904,2022
979,PP269905.1|2022-08-01,2II_F.1.1,2II_F,2II,PP269905,10606,104.2256289,2022,Viet Nam,Viet Nam,PP269905,2022
980,PP269906.1|2022-08-09,2II_F.1.3,2II_F,2II,PP269906,10604,104.2059748,2022,Viet Nam,Viet Nam,PP269906,2022
981,PP269907.1|2022-10-10,2II_F.1.3,2II_F,2II,PP269907,10568,103.8522013,2022,Viet Nam,Viet Nam,PP269907,2022
982,PP269908.1|2022-10-11,2II_F.1.3,2II_F,2II,PP269908,10604,104.2059748,2022,Viet Nam,Viet Nam,PP269908,2022
983,PP269909.1|2022-12-01,2II_F.1.3,2II_F,2II,PP269909,10603,104.1961478,2022,Viet Nam,Viet Nam,PP269909,2022
984,PP269910.1|2022-12-02,2II_F.2.1,2II_F,2II,PP269910,10604,104.2059748,2022,Viet Nam,Viet Nam,PP269910,2022
985,PP269911.1|2022-12-21,2II_F.1.3,2II_F,2II,PP269911,10605,104.2158019,2022,Viet Nam,Viet Nam,PP269911,2022
986,PP269912.1|2023-02-02,2II_F.1.1,2II_F,2II,PP269912,10606,104.2256289,2023,Viet Nam,Viet Nam,PP269912,2023
987,PP269913.1|2022-06-08,2II_F.1.1,2II_F,2II,PP269913,10604,104.2059748,2022,Viet Nam,Viet Nam,PP269913,2022
988,PP269914.1|2022-06-29,2II_F.1.3,2II_F,2II,PP269914,10512,103.3018868,2022,Viet Nam,Viet Nam,PP269914,2022
989,PP269915.1|2022-08-12,2II_F.1.1,2II_F,2II,PP269915,10606,104.2256289,2022,Viet Nam,Viet Nam,PP269915,2022
990,PP269916.1|2022-08-12,2II_F.1.1,2II_F,2II,PP269916,10606,104.2256289,2022,Viet Nam,Viet Nam,PP269916,2022
991,PP269917.1|2022-11-25,2II_F.2.1,2II_F,2II,PP269917,10585,104.019261,2022,Viet Nam,Viet Nam,PP269917,2022
992,PP269918.1|2022-06-20,2II_F.1.3,2II_F,2II,PP269918,10604,104.2059748,2022,Viet Nam,Viet Nam,PP269918,2022
993,PP269919.1|2022-12-01,2II_F.1.3,2II_F,2II,PP269919,10604,104.2059748,2022,Viet Nam,Viet Nam,PP269919,2022
994,PP269920.1|2023-02-06,2II_F.1.3,2II_F,2II,PP269920,10604,104.2059748,2023,Viet Nam,Viet Nam,PP269920,2023
995,PP269921.1|2022-10-10,2II_F.1.3,2II_F,2II,PP269921,10604,104.2059748,2022,Viet Nam,Viet Nam,PP269921,2022
996,PP269922.1|2015-09-07,2V_A,2V_A,2V,PP269922,10607,104.235456,2015,Viet Nam,Viet Nam,PP269922,2015
997,PP269923.1|2015-11-23,2V_A,2V_A,2V,PP269923,10480,102.9874214,2015,Viet Nam,Viet Nam,PP269923,2015
998,PP269924.1|2015-12-01,2V_A,2V_A,2V,PP269924,10606,104.2256289,2015,Viet Nam,Viet Nam,PP269924,2015
999,PP269925.1|2016-10-25,2II_A.1.1.1,2II_A,2II,PP269925,10605,104.2158019,2016,Viet Nam,Viet Nam,PP269925,2016
1000,PP269926.1|2016-12-09,2V_A.1,2V_A,2V,PP269926,10563,103.803066,2016,Viet Nam,Viet Nam,PP269926,2016
1001,PP269927.1|2016-12-22,2V_A.1.1,2V_A,2V,PP269927,10604,104.2059748,2016,Viet Nam,Viet Nam,PP269927,2016
1002,PP269928.1|2017-01-03,2V_A,2V_A,2V,PP269928,10604,104.2059748,2017,Viet Nam,Viet Nam,PP269928,2017
1003,PP269929.1|2017-01-04,2V_A.1,2V_A,2V,PP269929,10476,102.9481132,2017,Viet Nam,Viet Nam,PP269929,2017
1004,PP269930.1|2017-04-12,2V_A.1.1,2V_A,2V,PP269930,10598,104.1470126,2017,Viet Nam,Viet Nam,PP269930,2017
1005,PP269931.1|2017-04-13,2V_A,2V_A,2V,PP269931,10478,102.9677673,2017,Viet Nam,Viet Nam,PP269931,2017
1006,PP269932.1|2017-05-08,2V_A.1.1,2V_A,2V,PP269932,10476,102.9481132,2017,Viet Nam,Viet Nam,PP269932,2017
1007,PP269933.1|2017-07-24,2V_A.1.1,2V_A,2V,PP269933,10563,103.803066,2017,Viet Nam,Viet Nam,PP269933,2017
1008,PP269934.1|2017-08-23,2V_A,2V_A,2V,PP269934,10476,102.9481132,2017,Viet Nam,Viet Nam,PP269934,2017
1009,PP269935.1|2017-08-25,2V_A.1.1,2V_A,2V,PP269935,10476,102.9481132,2017,Viet Nam,Viet Nam,PP269935,2017
1010,PP269936.1|2018-01-03,2V_A.1.1,2V_A,2V,PP269936,10596,104.1273585,2018,Viet Nam,Viet Nam,PP269936,2018
1011,PP269937.1|2018-01-30,2V_A,2V_A,2V,PP269937,10563,103.803066,2018,Viet Nam,Viet Nam,PP269937,2018
1012,PP269938.1|2018-03-21,2II_F.2.1,2II_F,2II,PP269938,10530,103.4787736,2018,Viet Nam,Viet Nam,PP269938,2018
1013,PP269939.1|2018-05-22,2V_A.1.1,2V_A,2V,PP269939,9895,97.23860063,2018,Viet Nam,Viet Nam,PP269939,2018
1014,PP269940.1|2018-05-23,2V_A.1.1,2V_A,2V,PP269940,10476,102.9481132,2018,Viet Nam,Viet Nam,PP269940,2018
1015,PP269941.1|2018-06-04,2V_A.1.1,2V_A,2V,PP269941,9895,97.23860063,2018,Viet Nam,Viet Nam,PP269941,2018
1016,PP269942.1|2018-06-26,2V_A.1.1,2V_A,2V,PP269942,10604,104.2059748,2018,Viet Nam,Viet Nam,PP269942,2018
1017,PP269943.1|2018-08-07,2V_A.1.1,2V_A,2V,PP269943,10604,104.2059748,2018,Viet Nam,Viet Nam,PP269943,2018
1018,PP234927.1|2019-07-01,2II_F.1.1,2II_F,2II,PP234927,10668,104.8349057,2019,Thailand,Thailand,PP234927,2019
1019,PP234928.1|2019-07-01,2II_F.1.1,2II_F,2II,PP234928,10666,104.8152516,2019,Thailand,Thailand,PP234928,2019
1020,PP234930.1|2019-07-01,2II_D,2II_D,2II,PP234930,10565,103.8227201,2019,Thailand,Thailand,PP234930,2019
1021,PP234932.1|2019-07-01,2V_A.1.1,2V_A,2V,PP234932,10672,104.8742138,2019,Viet Nam,Viet Nam,PP234932,2019
1022,PP234933.1|2019-07-01,2II_F.1.1,2II_F,2II,PP234933,10672,104.8742138,2019,Thailand,Thailand,PP234933,2019
1023,PP234934.1|2019-07-01,2II_F.1.1,2II_F,2II,PP234934,10651,104.6678459,2019,Thailand,Thailand,PP234934,2019
1024,PP234935.1|2018-07-01,2II_F.1.1,2II_F,2II,PP234935,10593,104.0978774,2018,Thailand,Thailand,PP234935,2018
1025,PP234936.1|2019-07-01,2II_A.1.1.1,2II_A,2II,PP234936,10672,104.8742138,2019,Guadeloupe,Guadeloupe,PP234936,2019
1026,PP234937.1|2019-07-01,2II_A.1.1.1,2II_A,2II,PP234937,10672,104.8742138,2019,Viet Nam,Viet Nam,PP234937,2019
1027,PP234938.1|2018-07-01,2III_C.1.1,2III_C,2III,PP234938,10660,104.7562893,2018,Brazil,Brazil,PP234938,2018
1028,PP234939.1|2019-07-01,2III_C.2,2III_C,2III,PP234939,10650,104.6580189,2019,Cuba,Cuba,PP234939,2019
1029,PP234940.1|2019-07-01,2III_D.1.2,2III_D,2III,PP234940,10608,104.245283,2019,Honduras,Honduras,PP234940,2019
1030,PP234965.1|2019-07-01,2II_F.1.1,2II_F,2II,PP234965,10667,104.8250786,2019,Sri Lanka,Sri Lanka,PP234965,2019
1031,PP234966.1|2018-07-01,2III_C.2,2III_C,2III,PP234966,10573,103.9013365,2018,Indonesia,Indonesia,PP234966,2018
1032,PP204093.1|2023-06-08,2II_F.1.1,2II_F,2II,PP204093,10609,104.2551101,2023,"United Arab Emirates: Abu Dhabi, Duba, Maldives",United Arab Emirates,PP204093,2023
1033,PP087793.1|2023-07,2II_F.1.1,2II_F,2II,PP087793,10638,104.5400943,2023,Taiwan: Kaohsiung,Taiwan,PP087793,2023
1034,OQ511271.1|2021-02-01,2II_F.1.1.2,2II_F,2II,OQ511271,9246,90.86084906,2021,"Brazil: Acre,Rio Branco",Brazil,OQ511271,2021
1035,OQ511272.1|2021-02-24,2II_F.1.1.2,2II_F,2II,OQ511272,10709,105.2378145,2021,"Brazil: Acre,Rio Branco",Brazil,OQ511272,2021
1036,OQ511273.1|2021-03-10,2II_F.1.1.2,2II_F,2II,OQ511273,9770,96.01022013,2021,"Brazil: Acre,Rio Branco",Brazil,OQ511273,2021
1037,OQ511274.1|2021-02-27,2II_F.1.1.2,2II_F,2II,OQ511274,10702,105.1690252,2021,"Brazil: Acre,Rio Branco",Brazil,OQ511274,2021
1038,OR977064.1|2023-05-14,2II_F.1.1.2,2II_F,2II,OR977064,10604,104.2059748,2023,USA: FL,USA,OR977064,2023
1039,OR977065.1|2023-06-07,2II_F.1.1.2,2II_F,2II,OR977065,10598,104.1470126,2023,USA: FL,USA,OR977065,2023
1040,OR977071.1|2023-10-15,2II_F.1.1,2II_F,2II,OR977071,10563,103.803066,2023,USA: FL,USA,OR977071,2023
1041,OR977079.1|2023-10-20,2II_F.1.1,2II_F,2II,OR977079,10553,103.7047956,2023,USA: FL,USA,OR977079,2023
1042,OR977080.1|2023-10-20,2II_F.1.1,2II_F,2II,OR977080,10476,102.9481132,2023,USA: FL,USA,OR977080,2023
1043,OR977083.1|2023-10-25,2II_F.1.1,2II_F,2II,OR977083,10476,102.9481132,2023,USA: FL,USA,OR977083,2023
1044,OR977098.1|2023-11-14,2II_F.1.1,2II_F,2II,OR977098,10679,104.9430031,2023,USA: FL,USA,OR977098,2023
1045,OR936752.1|2023-10,2II_F.1.1,2II_F,2II,OR936752,10642,104.5794025,2023,Pakistan,Pakistan,OR936752,2023
1046,OR448787.1|2023-06,2II_F.1.1.3,2II_F,2II,OR448787,10663,104.7857704,2023,Switzerland,Switzerland,OR448787,2023
1047,OR888731.1|2021-09,2II_F.1.1,2II_F,2II,OR888731,10682,104.9724843,2021,India: Madhya Pradesh,India,OR888731,2021
1048,OR888732.1|2021-10,2II_F.1.1,2II_F,2II,OR888732,10699,105.139544,2021,India: Madhya Pradesh,India,OR888732,2021
1049,OR888734.1|2021-09,2II_F.1.1,2II_F,2II,OR888734,10681,104.9626572,2021,India: Madhya Pradesh,India,OR888734,2021
1050,OR888735.1|2021-08,2II_F.1.1,2II_F,2II,OR888735,10667,104.8250786,2021,India: Madhya Pradesh,India,OR888735,2021
1051,OR393874.1|2017-10-11,2II_F.1.1,2II_F,2II,OR393874,10176,100,2017,Sri Lanka,Sri Lanka,OR393874,2017
1052,OR393876.1|2017-10-31,2II_F.1.1,2II_F,2II,OR393876,10176,100,2017,Sri Lanka,Sri Lanka,OR393876,2017
1053,OR393878.1|2017-12-12,2II_F.1.1,2II_F,2II,OR393878,10176,100,2017,Sri Lanka,Sri Lanka,OR393878,2017
1054,OR393881.1|2018-01-05,2II_F.1.1,2II_F,2II,OR393881,10176,100,2018,Sri Lanka,Sri Lanka,OR393881,2018
1055,OR393882.1|2018-02-16,2II_F.1.1,2II_F,2II,OR393882,10176,100,2018,Sri Lanka,Sri Lanka,OR393882,2018
1056,OR393883.1|2018-03-28,2II_F.1.1,2II_F,2II,OR393883,10176,100,2018,Sri Lanka,Sri Lanka,OR393883,2018
1057,OR393884.1|2018-04-01,2II_F.1.1,2II_F,2II,OR393884,10176,100,2018,Sri Lanka,Sri Lanka,OR393884,2018
1058,OR393886.1|2018-04-02,2II_F.1.1,2II_F,2II,OR393886,10176,100,2018,Sri Lanka,Sri Lanka,OR393886,2018
1059,OR393887.1|2018-04-07,2II_F.1.1,2II_F,2II,OR393887,10176,100,2018,Sri Lanka,Sri Lanka,OR393887,2018
1060,OR393888.1|2018-04-10,2II_F.1.1,2II_F,2II,OR393888,10176,100,2018,Sri Lanka,Sri Lanka,OR393888,2018
1061,OR393889.1|2018-04-18,2II_F.1.1,2II_F,2II,OR393889,10176,100,2018,Sri Lanka,Sri Lanka,OR393889,2018
1062,OR393890.1|2018-04-18,2II_F.1.1,2II_F,2II,OR393890,10176,100,2018,Sri Lanka,Sri Lanka,OR393890,2018
1063,OR393892.1|2018-04-19,2II_F.1.1,2II_F,2II,OR393892,10176,100,2018,Sri Lanka,Sri Lanka,OR393892,2018
1064,OR393893.1|2018-04-25,2II_F.1.1,2II_F,2II,OR393893,10176,100,2018,Sri Lanka,Sri Lanka,OR393893,2018
1065,OR393894.1|2018-04-25,2II_F.1.1,2II_F,2II,OR393894,10176,100,2018,Sri Lanka,Sri Lanka,OR393894,2018
1066,OR393895.1|2018-04-27,2II_F.1.1,2II_F,2II,OR393895,10176,100,2018,Sri Lanka,Sri Lanka,OR393895,2018
1067,OR393896.1|2018-05-07,2II_F.1.1,2II_F,2II,OR393896,10176,100,2018,Sri Lanka,Sri Lanka,OR393896,2018
1068,OR393897.1|2018-05-30,2II_F.1.1,2II_F,2II,OR393897,10176,100,2018,Sri Lanka,Sri Lanka,OR393897,2018
1069,OR393898.1|2018-05-30,2II_F.1.1,2II_F,2II,OR393898,10176,100,2018,Sri Lanka,Sri Lanka,OR393898,2018
1070,OR393899.1|2018-05-31,2II_F.1.1,2II_F,2II,OR393899,10176,100,2018,Sri Lanka,Sri Lanka,OR393899,2018
1071,OR393900.1|2018-06-01,2II_F.1.1,2II_F,2II,OR393900,10176,100,2018,Sri Lanka,Sri Lanka,OR393900,2018
1072,OR393901.1|2018-06-06,2II_F.1.1,2II_F,2II,OR393901,10176,100,2018,Sri Lanka,Sri Lanka,OR393901,2018
1073,OR393903.1|2018-06-10,2II_F.1.1,2II_F,2II,OR393903,10176,100,2018,Sri Lanka,Sri Lanka,OR393903,2018
1074,OR393904.1|2018-06-13,2II_F.1.1,2II_F,2II,OR393904,10176,100,2018,Sri Lanka,Sri Lanka,OR393904,2018
1075,OR393905.1|2018-05-31,2II_F.1.1,2II_F,2II,OR393905,10176,100,2018,Sri Lanka,Sri Lanka,OR393905,2018
1076,OR393906.1|2018-06-14,2II_F.1.1,2II_F,2II,OR393906,10176,100,2018,Sri Lanka,Sri Lanka,OR393906,2018
1077,OR393907.1|2018-06-14,2II_F.1.1,2II_F,2II,OR393907,10176,100,2018,Sri Lanka,Sri Lanka,OR393907,2018
1078,OR393908.1|2018-06-14,2II_F.1.1,2II_F,2II,OR393908,10176,100,2018,Sri Lanka,Sri Lanka,OR393908,2018
1079,OR393909.1|2018-06-15,2II_F.1.1,2II_F,2II,OR393909,10176,100,2018,Sri Lanka,Sri Lanka,OR393909,2018
1080,OR393910.1|2018-06-18,2II_F.1.1,2II_F,2II,OR393910,10176,100,2018,Sri Lanka,Sri Lanka,OR393910,2018
1081,OR393911.1|2018-06-18,2II_F.1.1,2II_F,2II,OR393911,10176,100,2018,Sri Lanka,Sri Lanka,OR393911,2018
1082,OR393912.1|2018-06-18,2II_F.1.1,2II_F,2II,OR393912,10176,100,2018,Sri Lanka,Sri Lanka,OR393912,2018
1083,OR393913.1|2018-06-18,2II_F.1.1,2II_F,2II,OR393913,10176,100,2018,Sri Lanka,Sri Lanka,OR393913,2018
1084,OR393914.1|2018-06-19,2II_F.1.1,2II_F,2II,OR393914,10176,100,2018,Sri Lanka,Sri Lanka,OR393914,2018
1085,OR393915.1|2018-06-21,2II_F.1.1,2II_F,2II,OR393915,10176,100,2018,Sri Lanka,Sri Lanka,OR393915,2018
1086,OR393916.1|2018-06-28,2II_F.1.1,2II_F,2II,OR393916,10176,100,2018,Sri Lanka,Sri Lanka,OR393916,2018
1087,OR393917.1|2018-06-29,2II_F.1.1,2II_F,2II,OR393917,10176,100,2018,Sri Lanka,Sri Lanka,OR393917,2018
1088,OR393918.1|2018-06-30,2II_F.1.1,2II_F,2II,OR393918,10176,100,2018,Sri Lanka,Sri Lanka,OR393918,2018
1089,OR393919.1|2018-07-03,2II_F.1.1,2II_F,2II,OR393919,10176,100,2018,Sri Lanka,Sri Lanka,OR393919,2018
1090,OR393920.1|2018-07-09,2II_F.1.1,2II_F,2II,OR393920,10176,100,2018,Sri Lanka,Sri Lanka,OR393920,2018
1091,OR393921.1|2018-07-09,2II_F.1.1,2II_F,2II,OR393921,10176,100,2018,Sri Lanka,Sri Lanka,OR393921,2018
1092,OR393922.1|2018-07-09,2II_F.1.1,2II_F,2II,OR393922,10176,100,2018,Sri Lanka,Sri Lanka,OR393922,2018
1093,OR393924.1|2018-07-12,2II_F.1.1,2II_F,2II,OR393924,10176,100,2018,Sri Lanka,Sri Lanka,OR393924,2018
1094,OR393925.1|2018-07-12,2II_F.1.1,2II_F,2II,OR393925,10176,100,2018,Sri Lanka,Sri Lanka,OR393925,2018
1095,OR393926.1|2018-07-16,2II_F.1.1,2II_F,2II,OR393926,10176,100,2018,Sri Lanka,Sri Lanka,OR393926,2018
1096,OR393927.1|2018-08-08,2II_F.1.1,2II_F,2II,OR393927,10176,100,2018,Sri Lanka,Sri Lanka,OR393927,2018
1097,OR393928.1|2018-08-20,2II_F.1.1,2II_F,2II,OR393928,10176,100,2018,Sri Lanka,Sri Lanka,OR393928,2018
1098,OR393929.1|2018-09-10,2II_F.1.1,2II_F,2II,OR393929,10176,100,2018,Sri Lanka,Sri Lanka,OR393929,2018
1099,OR393930.1|2018-09-19,2II_F.1.1,2II_F,2II,OR393930,10176,100,2018,Sri Lanka,Sri Lanka,OR393930,2018
1100,OR393933.1|2018-10-01,2II_F.1.1,2II_F,2II,OR393933,10176,100,2018,Sri Lanka,Sri Lanka,OR393933,2018
1101,OR393935.1|2018-10-11,2II_F.1.1,2II_F,2II,OR393935,10176,100,2018,Sri Lanka,Sri Lanka,OR393935,2018
1102,OR393936.1|2018-10-31,2II_F.1.1,2II_F,2II,OR393936,10176,100,2018,Sri Lanka,Sri Lanka,OR393936,2018
1103,OR393939.1|2018-11-18,2II_F.1.1,2II_F,2II,OR393939,10176,100,2018,Sri Lanka,Sri Lanka,OR393939,2018
1104,OR393940.1|2018-11-21,2II_F.1.1,2II_F,2II,OR393940,10176,100,2018,Sri Lanka,Sri Lanka,OR393940,2018
1105,OR393941.1|2018-12-04,2II_F.1.1,2II_F,2II,OR393941,10176,100,2018,Sri Lanka,Sri Lanka,OR393941,2018
1106,OR393942.1|2018-12-02,2II_F.1.1,2II_F,2II,OR393942,10176,100,2018,Sri Lanka,Sri Lanka,OR393942,2018
1107,OR393943.1|2018-12-05,2II_F.1.1,2II_F,2II,OR393943,10176,100,2018,Sri Lanka,Sri Lanka,OR393943,2018
1108,OR393944.1|2018-12-07,2II_F.1.1,2II_F,2II,OR393944,10176,100,2018,Sri Lanka,Sri Lanka,OR393944,2018
1109,OR393945.1|2018-12-07,2II_F.1.1,2II_F,2II,OR393945,10176,100,2018,Sri Lanka,Sri Lanka,OR393945,2018
1110,OR393946.1|2018-12-10,2II_F.1.1,2II_F,2II,OR393946,10176,100,2018,Sri Lanka,Sri Lanka,OR393946,2018
1111,OR393947.1|2018-12-11,2II_F.1.1,2II_F,2II,OR393947,10176,100,2018,Sri Lanka,Sri Lanka,OR393947,2018
1112,OR393948.1|2018-12-27,2II_F.1.1,2II_F,2II,OR393948,10176,100,2018,Sri Lanka,Sri Lanka,OR393948,2018
1113,OR393951.1|2019-01-07,2II_F.1.1,2II_F,2II,OR393951,10176,100,2019,Sri Lanka,Sri Lanka,OR393951,2019
1114,OR393952.1|2019-01-08,2II_F.1.1,2II_F,2II,OR393952,10176,100,2019,Sri Lanka,Sri Lanka,OR393952,2019
1115,OR393953.1|2019-01-30,2II_F.1.1,2II_F,2II,OR393953,10176,100,2019,Sri Lanka,Sri Lanka,OR393953,2019
1116,OR393956.1|2019-02-02,2II_F.1.1,2II_F,2II,OR393956,10176,100,2019,Sri Lanka,Sri Lanka,OR393956,2019
1117,OR393957.1|2019-02-13,2II_F.1.1,2II_F,2II,OR393957,10176,100,2019,Sri Lanka,Sri Lanka,OR393957,2019
1118,OR393963.1|2019-03-13,2II_F.1.1,2II_F,2II,OR393963,10176,100,2019,Sri Lanka,Sri Lanka,OR393963,2019
1119,OR393964.1|2019-03-16,2II_F.1.1,2II_F,2II,OR393964,10176,100,2019,Sri Lanka,Sri Lanka,OR393964,2019
1120,OR393965.1|2019-03-28,2II_F.1.1,2II_F,2II,OR393965,10176,100,2019,Sri Lanka,Sri Lanka,OR393965,2019
1121,OR393969.1|2019-06-18,2II_F.1.1,2II_F,2II,OR393969,10176,100,2019,Sri Lanka,Sri Lanka,OR393969,2019
1122,OR393970.1|2019-06-26,2II_F.1.1,2II_F,2II,OR393970,10176,100,2019,Sri Lanka,Sri Lanka,OR393970,2019
1123,OR393975.1|2019-07-10,2II_F.1.1,2II_F,2II,OR393975,10176,100,2019,Sri Lanka,Sri Lanka,OR393975,2019
1124,OR393982.1|2019-08-08,2II_F.1.1,2II_F,2II,OR393982,10176,100,2019,Sri Lanka,Sri Lanka,OR393982,2019
1125,OR393984.1|2019-08-27,2II_F.1.1,2II_F,2II,OR393984,10176,100,2019,Sri Lanka,Sri Lanka,OR393984,2019
1126,OR393985.1|2019-09-02,2II_F.1.1,2II_F,2II,OR393985,10176,100,2019,Sri Lanka,Sri Lanka,OR393985,2019
1127,OR393988.1|2019-09-08,2II_F.1.1,2II_F,2II,OR393988,10176,100,2019,Sri Lanka,Sri Lanka,OR393988,2019
1128,OR393990.1|2019-09-23,2II_F.1.1,2II_F,2II,OR393990,10176,100,2019,Sri Lanka,Sri Lanka,OR393990,2019
1129,OR393992.1|2019-09-30,2II_F.1.1,2II_F,2II,OR393992,10176,100,2019,Sri Lanka,Sri Lanka,OR393992,2019
1130,OR393996.1|2019-10-04,2II_F.1.1,2II_F,2II,OR393996,10176,100,2019,Sri Lanka,Sri Lanka,OR393996,2019
1131,OR393998.1|2019-10-07,2II_F.1.1,2II_F,2II,OR393998,10176,100,2019,Sri Lanka,Sri Lanka,OR393998,2019
1132,OR393999.1|2019-10-15,2II_F.1.1,2II_F,2II,OR393999,10176,100,2019,Sri Lanka,Sri Lanka,OR393999,2019
1133,OR394000.1|2019-10-15,2II_F.1.1,2II_F,2II,OR394000,10176,100,2019,Sri Lanka,Sri Lanka,OR394000,2019
1134,OR394006.1|2019-10-17,2II_F.1.1,2II_F,2II,OR394006,10176,100,2019,Sri Lanka,Sri Lanka,OR394006,2019
1135,OR394011.1|2019-10-24,2II_F.1.1,2II_F,2II,OR394011,10176,100,2019,Sri Lanka,Sri Lanka,OR394011,2019
1136,OR394013.1|2019-10-29,2II_F.1.1,2II_F,2II,OR394013,10176,100,2019,Sri Lanka,Sri Lanka,OR394013,2019
1137,OR394022.1|2019-11-15,2II_F.1.1,2II_F,2II,OR394022,10176,100,2019,Sri Lanka,Sri Lanka,OR394022,2019
1138,OR394024.1|2019-11-20,2II_F.1.1,2II_F,2II,OR394024,10176,100,2019,Sri Lanka,Sri Lanka,OR394024,2019
1139,OR394028.1|2019-11-26,2II_F.1.1,2II_F,2II,OR394028,10176,100,2019,Sri Lanka,Sri Lanka,OR394028,2019
1140,OR394029.1|2019-11-26,2II_F.1.1,2II_F,2II,OR394029,10176,100,2019,Sri Lanka,Sri Lanka,OR394029,2019
1141,OR394030.1|2019-11-29,2II_F.1.1,2II_F,2II,OR394030,10176,100,2019,Sri Lanka,Sri Lanka,OR394030,2019
1142,OR394031.1|2019-11-29,2II_F.1.1,2II_F,2II,OR394031,10176,100,2019,Sri Lanka,Sri Lanka,OR394031,2019
1143,OR394033.1|2019-12-02,2II_F.1.1,2II_F,2II,OR394033,10176,100,2019,Sri Lanka,Sri Lanka,OR394033,2019
1144,OR394035.1|2019-12-05,2II_F.1.1,2II_F,2II,OR394035,10176,100,2019,Sri Lanka,Sri Lanka,OR394035,2019
1145,OR394036.1|2019-12-06,2II_F.1.1,2II_F,2II,OR394036,10176,100,2019,Sri Lanka,Sri Lanka,OR394036,2019
1146,OR394039.1|2019-12-24,2II_F.1.1,2II_F,2II,OR394039,10176,100,2019,Sri Lanka,Sri Lanka,OR394039,2019
1147,OR394042.1|2019-12-26,2II_F.1.1,2II_F,2II,OR394042,10176,100,2019,Sri Lanka,Sri Lanka,OR394042,2019
1148,OR394044.1|2019-12-30,2II_F.1.1,2II_F,2II,OR394044,10176,100,2019,Sri Lanka,Sri Lanka,OR394044,2019
1149,OR394045.1|2019-12-30,2II_F.1.1,2II_F,2II,OR394045,10176,100,2019,Sri Lanka,Sri Lanka,OR394045,2019
1150,OR394046.1|2019-12-31,2II_F.1.1,2II_F,2II,OR394046,10176,100,2019,Sri Lanka,Sri Lanka,OR394046,2019
1151,OR394049.1|2020-01-02,2II_F.1.1,2II_F,2II,OR394049,10176,100,2020,Sri Lanka,Sri Lanka,OR394049,2020
1152,OR394050.1|2020-01-02,2II_F.1.1,2II_F,2II,OR394050,10176,100,2020,Sri Lanka,Sri Lanka,OR394050,2020
1153,OR394053.1|2020-01-08,2II_F.1.1,2II_F,2II,OR394053,10176,100,2020,Sri Lanka,Sri Lanka,OR394053,2020
1154,OR821939.1|2023-09-14,2II_F.1.1,2II_F,2II,OR821939,10515,103.3313679,2023,USA: FL,USA,OR821939,2023
1155,OR821944.1|2023-09-26,2II_F.1.1.2,2II_F,2II,OR821944,10563,103.803066,2023,USA: FL,USA,OR821944,2023
1156,OR821946.1|2023-09-28,2II_F.1.1.2,2II_F,2II,OR821946,10604,104.2059748,2023,USA: FL,USA,OR821946,2023
1157,OR821947.1|2023-09-26,2II_F.1.1,2II_F,2II,OR821947,10596,104.1273585,2023,USA: FL,USA,OR821947,2023
1158,OR821959.1|2023-10-12,2II_F.1.1,2II_F,2II,OR821959,10512,103.3018868,2023,USA: FL,USA,OR821959,2023
1159,OR821962.1|2023-10-11,2II_F.1.1.5,2II_F,2II,OR821962,10539,103.567217,2023,USA: FL,USA,OR821962,2023
1160,OR821724.1|2022-09,2II_F.1.1.3,2II_F,2II,OR821724,10723,105.3753931,2022,Nepal,Nepal,OR821724,2022
1161,OR821725.1|2022-09,2II_F.1.1.3,2II_F,2II,OR821725,10723,105.3753931,2022,Nepal,Nepal,OR821725,2022
1162,OR804009.1|2023-04,2II_F.1.1.5,2II_F,2II,OR804009,10670,104.8545597,2023,Guadeloupe,Guadeloupe,OR804009,2023
1163,OR771116.1|2023-03-04,2II_F.1.1.2,2II_F,2II,OR771116,10604,104.2059748,2023,USA: FL,USA,OR771116,2023
1164,OR771143.1|2023-08-03,2II_F.1.1,2II_F,2II,OR771143,10570,103.8718553,2023,USA: FL,USA,OR771143,2023
1165,OR771147.1|2023-07-20,2II_F.1.1.5,2II_F,2II,OR771147,10512,103.3018868,2023,USA: FL,USA,OR771147,2023
1166,OR771183.1|2023-09-12,2II_F.1.1.2,2II_F,2II,OR771183,10611,104.2747642,2023,USA: FL,USA,OR771183,2023
1167,OR771188.1|2023-09-26,2II_F.1.1.2,2II_F,2II,OR771188,10604,104.2059748,2023,USA: FL,USA,OR771188,2023
1168,OR771189.1|2023-09-26,2II_F.1.1,2II_F,2II,OR771189,10185,100.0884434,2023,USA: FL,USA,OR771189,2023
1169,OR771193.1|2023-09-30,2II_F.1.1,2II_F,2II,OR771193,10512,103.3018868,2023,USA: FL,USA,OR771193,2023
1170,OR771194.1|2023-10-02,2II_F.1.1,2II_F,2II,OR771194,10607,104.235456,2023,USA: FL,USA,OR771194,2023
1171,OR771196.1|2023-10-05,2II_F.1.1,2II_F,2II,OR771196,10651,104.6678459,2023,USA: FL,USA,OR771196,2023
1172,OP599659.1|2022-04-12,2II_F.1.1.2,2II_F,2II,OP599659,10013,98.39819182,2022,"Brazil: Dourados, Mato Grosso do Sul",Brazil,OP599659,2022
1173,OP599660.1|2022-04-15,2II_F.1.1.2,2II_F,2II,OP599660,9966,97.93632075,2022,"Brazil: Chapadao do Sul, Mato Grosso do Sul",Brazil,OP599660,2022
1174,OP599661.1|2021-07-11,2II_F.1.1.2,2II_F,2II,OP599661,9954,97.81839623,2021,"Brazil: Ivinhema, Mato Grosso do Sul",Brazil,OP599661,2021
1175,OP599662.1|2022-03-09,2II_F.1.1.2,2II_F,2II,OP599662,10035,98.61438679,2022,"Brazil: Chapadao do Sul, Mato Grosso do Sul",Brazil,OP599662,2022
1176,OP599663.1|2022-03-09,2II_F.1.1.2,2II_F,2II,OP599663,9961,97.88718553,2022,"Brazil: Goiania, Goias",Brazil,OP599663,2022
1177,OP599664.1|2022-04-20,2II_F.1.1.2,2II_F,2II,OP599664,9968,97.95597484,2022,"Brazil: Aragoiania, Goias",Brazil,OP599664,2022
1178,OP599665.1|2022-05-02,2II_F.1.1.2,2II_F,2II,OP599665,9992,98.1918239,2022,"Brazil: Goiania, Goias",Brazil,OP599665,2022
1179,OP599666.1|2022-02-07,2II_F.1.1.2,2II_F,2II,OP599666,9955,97.82822327,2022,"Brazil: Goiania, Goias",Brazil,OP599666,2022
1180,OP599667.1|2022-04-12,2II_F.1.1.2,2II_F,2II,OP599667,10057,98.83058176,2022,"Brazil: Aparecida de Goiania, Goias",Brazil,OP599667,2022
1181,OP599668.1|2022-02-22,2II_F.1.1.2,2II_F,2II,OP599668,10016,98.42767296,2022,"Brazil: Trindade, Goias",Brazil,OP599668,2022
1182,OP599669.1|2022-04-27,2II_F.1.1.2,2II_F,2II,OP599669,9988,98.15251572,2022,"Brazil: Nortelandia, Mato Grosso",Brazil,OP599669,2022
1183,OP599670.1|2022-03-30,2II_F.1.1.2,2II_F,2II,OP599670,9973,98.00511006,2022,"Brazil: Sorriso, Mato Grosso",Brazil,OP599670,2022
1184,OP599671.1|2022-06-05,2II_F.1.1.2,2II_F,2II,OP599671,10026,98.5259434,2022,"Brazil: Sao Luis, Maranhao",Brazil,OP599671,2022
1185,OP599672.1|2022-02-08,2II_F.1.1.2,2II_F,2II,OP599672,9992,98.1918239,2022,"Brazil: Curitiba, Parana",Brazil,OP599672,2022
1186,OP599673.1|2022-02-22,2II_F.1.1.2,2II_F,2II,OP599673,10014,98.40801887,2022,"Brazil: Vere, Parana",Brazil,OP599673,2022
1187,OP599674.1|2022-03-02,2II_F.1.1.2,2II_F,2II,OP599674,9980,98.07389937,2022,"Brazil: Pontal do Parana, Parana",Brazil,OP599674,2022
1188,OP599675.1|2022-03-04,2II_F.1.1.2,2II_F,2II,OP599675,9949,97.76926101,2022,"Brazil: Pontal do Parana, Parana",Brazil,OP599675,2022
1189,OP599676.1|2022-03-08,2II_F.1.1.2,2II_F,2II,OP599676,10029,98.55542453,2022,"Brazil: Vere, Parana",Brazil,OP599676,2022
1190,OP599677.1|2022-03-07,2II_F.1.1.2,2II_F,2II,OP599677,9972,97.99528302,2022,"Brazil: Pontal do Parana, Parana",Brazil,OP599677,2022
1191,OP599678.1|2022-03-09,2II_F.1.1.2,2II_F,2II,OP599678,10007,98.33922956,2022,"Brazil: Vere, Parana",Brazil,OP599678,2022
1192,OP599679.1|2022-03-05,2II_F.1.1.2,2II_F,2II,OP599679,9920,97.48427673,2022,"Brazil: Pontal do Parana, Parana",Brazil,OP599679,2022
1193,OP599680.1|2022-03-13,2II_F.1.1.2,2II_F,2II,OP599680,9956,97.83805031,2022,"Brazil: Eneas Marques, Parana",Brazil,OP599680,2022
1194,OP599681.1|2022-03-09,2II_F.1.1.2,2II_F,2II,OP599681,9938,97.66116352,2022,"Brazil: Pontal do Parana, Parana",Brazil,OP599681,2022
1195,OP599682.1|2022-03-10,2II_F.1.1.2,2II_F,2II,OP599682,9920,97.48427673,2022,"Brazil: Pontal do Parana, Parana",Brazil,OP599682,2022
1196,OP599683.1|2022-03-11,2II_F.1.1.2,2II_F,2II,OP599683,9978,98.05424528,2022,"Brazil: Pontal do Parana, Parana",Brazil,OP599683,2022
1197,OP599684.1|2022-03-15,2II_F.1.1.2,2II_F,2II,OP599684,10023,98.49646226,2022,"Brazil: Pontal do Parana, Parana",Brazil,OP599684,2022
1198,OP599685.1|2022-03-17,2II_F.1.1.2,2II_F,2II,OP599685,9977,98.04441824,2022,"Brazil: Pontal do Parana, Parana",Brazil,OP599685,2022
1199,OP599686.1|2022-03-15,2II_F.1.1.2,2II_F,2II,OP599686,9946,97.73977987,2022,"Brazil: Eldorado, Parana",Brazil,OP599686,2022
1200,OP599687.1|2022-03-18,2II_F.1.1.2,2II_F,2II,OP599687,9980,98.07389937,2022,"Brazil: Pontal do Parana, Parana",Brazil,OP599687,2022
1201,OP599688.1|2022-03-19,2II_F.1.1.2,2II_F,2II,OP599688,9977,98.04441824,2022,"Brazil: Pontal do Parana, Parana",Brazil,OP599688,2022
1202,OP599689.1|2022-03-19,2II_F.1.1.2,2II_F,2II,OP599689,10020,98.46698113,2022,"Brazil: Pontal do Parana, Parana",Brazil,OP599689,2022
1203,OP599690.1|2022-03-18,2II_F.1.1.2,2II_F,2II,OP599690,9953,97.80856918,2022,"Brazil: Salgado Filho, Parana",Brazil,OP599690,2022
1204,OP599691.1|2022-03-22,2II_F.1.1.2,2II_F,2II,OP599691,10016,98.42767296,2022,"Brazil: Quedas do Iguacu, Parana",Brazil,OP599691,2022
1205,OP599692.1|2022-03-23,2II_F.1.1.2,2II_F,2II,OP599692,9965,97.92649371,2022,"Brazil: Pontal do Parana, Parana",Brazil,OP599692,2022
1206,OP599693.1|2022-03-22,2II_F.1.1.2,2II_F,2II,OP599693,9926,97.54323899,2022,"Brazil: Pontal do Parana, Parana",Brazil,OP599693,2022
1207,OP599694.1|2022-03-24,2II_F.1.1.2,2II_F,2II,OP599694,10023,98.49646226,2022,"Brazil: Pontal do Parana, Parana",Brazil,OP599694,2022
1208,OP599695.1|2022-04-01,2II_F.1.1.2,2II_F,2II,OP599695,9967,97.9461478,2022,"Brazil: Almirante Tamandare, Parana",Brazil,OP599695,2022
1209,OP599696.1|2022-04-01,2II_F.1.1.2,2II_F,2II,OP599696,9983,98.1033805,2022,"Brazil: Almirante Tamandare, Parana",Brazil,OP599696,2022
1210,OP599697.1|2022-04-04,2II_F.1.1.2,2II_F,2II,OP599697,9898,97.26808176,2022,"Brazil: Cascavel, Parana",Brazil,OP599697,2022
1211,OP599698.1|2022-04-04,2II_F.1.1.2,2II_F,2II,OP599698,9965,97.92649371,2022,"Brazil: Cascavel, Parana",Brazil,OP599698,2022
1212,OP599699.1|2022-05-02,2II_F.1.1.2,2II_F,2II,OP599699,9938,97.66116352,2022,"Brazil: Assai, Parana",Brazil,OP599699,2022
1213,OP599700.1|2022-05-10,2II_F.1.1.2,2II_F,2II,OP599700,9965,97.92649371,2022,"Brazil: Cascavel, Parana",Brazil,OP599700,2022
1214,OP599701.1|2022-05-09,2II_F.1.1.2,2II_F,2II,OP599701,9988,98.15251572,2022,"Brazil: Goioere, Parana",Brazil,OP599701,2022
1215,OP599702.1|2022-04-08,2II_F.1.1.2,2II_F,2II,OP599702,9947,97.74960692,2022,"Brazil: Congonhas, Minas Gerais",Brazil,OP599702,2022
1216,OP599703.1|2022-04-08,2II_F.1.1.2,2II_F,2II,OP599703,9969,97.96580189,2022,"Brazil: Congonhas, Minas Gerais",Brazil,OP599703,2022
1217,OP599704.1|2022-04-27,2II_F.1.1.2,2II_F,2II,OP599704,10024,98.50628931,2022,"Brazil: Belo Horizonte, Minas Gerais",Brazil,OP599704,2022
1218,OP599705.1|2022-04-28,2II_F.1.1.2,2II_F,2II,OP599705,9935,97.63168239,2022,"Brazil: Uberaba, Minas Gerais",Brazil,OP599705,2022
1219,OP599706.1|2022-05-16,2II_F.1.1.2,2II_F,2II,OP599706,9965,97.92649371,2022,"Brazil: Uberaba, Minas Gerais",Brazil,OP599706,2022
1220,OP599707.1|2022-05-24,2II_F.1.1.2,2II_F,2II,OP599707,9941,97.69064465,2022,"Brazil: Uberaba, Minas Gerais",Brazil,OP599707,2022
1221,OP599708.1|2022-06-03,2II_F.1.1.2,2II_F,2II,OP599708,9930,97.58254717,2022,"Brazil: Juiz de Fora, Minas Gerais",Brazil,OP599708,2022
1222,OP599709.1|2022-06-07,2II_F.1.1.2,2II_F,2II,OP599709,9925,97.53341195,2022,"Brazil: Juiz de Fora, Minas Gerais",Brazil,OP599709,2022
1223,OP599710.1|2022-06-08,2II_F.1.1.2,2II_F,2II,OP599710,9921,97.49410377,2022,"Brazil: Uberaba, Minas Gerais",Brazil,OP599710,2022
1224,OP599711.1|2022-05-09,2II_F.1.1.2,2II_F,2II,OP599711,9952,97.79874214,2022,"Brazil: Sao Joao Del Rei, Minas Gerais",Brazil,OP599711,2022
1225,OP599712.1|2022-05-07,2II_F.1.1.2,2II_F,2II,OP599712,9962,97.89701258,2022,"Brazil: Conselheiro Lafaiete, Minas Gerais",Brazil,OP599712,2022
1226,OP599713.1|2022-06-10,2II_F.1.1.2,2II_F,2II,OP599713,9950,97.77908805,2022,"Brazil: Juiz de Fora, Minas Gerais",Brazil,OP599713,2022
1227,OP599714.1|2022-04-25,2II_F.1.1.2,2II_F,2II,OP599714,9956,97.83805031,2022,"Brazil: Feira de Santana, Bahia",Brazil,OP599714,2022
1228,OP599715.1|2022-05-13,2II_F.1.1.2,2II_F,2II,OP599715,9944,97.72012579,2022,"Brazil: Camacari, Bahia",Brazil,OP599715,2022
1229,OP599716.1|2022-05-11,2II_F.1.1.2,2II_F,2II,OP599716,9957,97.84787736,2022,"Brazil: Camacari, Bahia",Brazil,OP599716,2022
1230,OP599717.1|2022-05-20,2II_F.1.1.2,2II_F,2II,OP599717,9959,97.86753145,2022,"Brazil: Feira de Santana, Bahia",Brazil,OP599717,2022
1231,OP599718.1|2022-05-20,2II_F.1.1.2,2II_F,2II,OP599718,9958,97.8577044,2022,"Brazil: Feira de Santana, Bahia",Brazil,OP599718,2022
1232,OP599719.1|2022-05-23,2II_F.1.1.2,2II_F,2II,OP599719,9935,97.63168239,2022,"Brazil: Feira de Santana, Bahia",Brazil,OP599719,2022
1233,OP599720.1|2022-05-23,2II_F.1.1.2,2II_F,2II,OP599720,9988,98.15251572,2022,"Brazil: Feira de Santana, Bahia",Brazil,OP599720,2022
1234,OP599721.1|2022-07-08,2II_F.1.1.2,2II_F,2II,OP599721,9977,98.04441824,2022,"Brazil: Feira de Santana, Bahia",Brazil,OP599721,2022
1235,OP599722.1|2022-06-04,2II_F.1.1.2,2II_F,2II,OP599722,9946,97.73977987,2022,"Brazil: Sena Madureira, Acre",Brazil,OP599722,2022
1236,OP599723.1|2022-05-10,2II_F.1.1.2,2II_F,2II,OP599723,9952,97.79874214,2022,"Brazil: Senador Guiomard, Acre",Brazil,OP599723,2022
1237,OP599724.1|2022-05-04,2II_F.1.1.2,2II_F,2II,OP599724,9940,97.68081761,2022,"Brazil: Cruzeiro do Sul, Acre",Brazil,OP599724,2022
1238,OP599725.1|2022-06-04,2II_F.1.1.2,2II_F,2II,OP599725,10022,98.48663522,2022,"Brazil: Cruzeiro do Sul, Acre",Brazil,OP599725,2022
1239,OP599726.1|2022-07-04,2II_F.1.1.2,2II_F,2II,OP599726,9939,97.67099057,2022,"Brazil: Cruzeiro do Sul, Acre",Brazil,OP599726,2022
1240,OP599727.1|2022-04-11,2II_F.1.1.2,2II_F,2II,OP599727,9960,97.87735849,2022,"Brazil: Cruzeiro do Sul, Acre",Brazil,OP599727,2022
1241,OP599728.1|2022-04-12,2II_F.1.1.2,2II_F,2II,OP599728,9962,97.89701258,2022,"Brazil: Cruzeiro do Sul, Acre",Brazil,OP599728,2022
1242,OP599729.1|2022-04-12,2II_F.1.1.2,2II_F,2II,OP599729,9945,97.72995283,2022,"Brazil: Cruzeiro do Sul, Acre",Brazil,OP599729,2022
1243,OP599730.1|2022-04-18,2II_F.1.1.2,2II_F,2II,OP599730,9984,98.11320755,2022,"Brazil: Cruzeiro do Sul, Acre",Brazil,OP599730,2022
1244,OP599731.1|2022-04-20,2II_F.1.1.2,2II_F,2II,OP599731,9959,97.86753145,2022,"Brazil: Cruzeiro do Sul, Acre",Brazil,OP599731,2022
1245,OP599732.1|2022-04-29,2II_F.1.1.2,2II_F,2II,OP599732,9957,97.84787736,2022,"Brazil: Cruzeiro do Sul, Acre",Brazil,OP599732,2022
1246,OP599733.1|2022-04-29,2II_F.1.1.2,2II_F,2II,OP599733,9953,97.80856918,2022,"Brazil: Cruzeiro do Sul, Acre",Brazil,OP599733,2022
1247,OP599734.1|2022-04-29,2II_F.1.1.2,2II_F,2II,OP599734,9964,97.91666667,2022,"Brazil: Cruzeiro do Sul, Acre",Brazil,OP599734,2022
1248,OP599735.1|2022-04-27,2II_F.1.1.2,2II_F,2II,OP599735,9965,97.92649371,2022,"Brazil: Cruzeiro do Sul, Acre",Brazil,OP599735,2022
1249,OP599736.1|2022-01-28,2II_F.1.1.2,2II_F,2II,OP599736,10011,98.37853774,2022,"Brazil: Cruzeiro do Sul, Acre",Brazil,OP599736,2022
1250,OP599737.1|2022-01-31,2II_F.1.1.2,2II_F,2II,OP599737,9986,98.13286164,2022,"Brazil: Cruzeiro do Sul, Acre",Brazil,OP599737,2022
1251,OP599738.1|2022-01-31,2II_F.1.1.2,2II_F,2II,OP599738,9988,98.15251572,2022,"Brazil: Cruzeiro do Sul, Acre",Brazil,OP599738,2022
1252,OP599739.1|2022-01-31,2II_F.1.1.2,2II_F,2II,OP599739,10089,99.14504717,2022,"Brazil: Cruzeiro do Sul, Acre",Brazil,OP599739,2022
1253,OP599740.1|2022-04-02,2II_F.1.1.2,2II_F,2II,OP599740,9969,97.96580189,2022,"Brazil: Cruzeiro do Sul, Acre",Brazil,OP599740,2022
1254,OP599741.1|2022-02-14,2II_F.1.1.2,2II_F,2II,OP599741,9959,97.86753145,2022,"Brazil: Cruzeiro do Sul, Acre",Brazil,OP599741,2022
1255,OP599742.1|2022-02-15,2II_F.1.1.2,2II_F,2II,OP599742,9955,97.82822327,2022,"Brazil: Cruzeiro do Sul, Acre",Brazil,OP599742,2022
1256,OP599743.1|2022-02-14,2II_F.1.1.2,2II_F,2II,OP599743,9989,98.16234277,2022,"Brazil: Cruzeiro do Sul, Acre",Brazil,OP599743,2022
1257,OP599744.1|2022-02-18,2II_F.1.1.2,2II_F,2II,OP599744,9993,98.20165094,2022,"Brazil: Cruzeiro do Sul, Acre",Brazil,OP599744,2022
1258,OP599745.1|2022-02-23,2II_F.1.1.2,2II_F,2II,OP599745,10028,98.54559748,2022,"Brazil: Cruzeiro do Sul, Acre",Brazil,OP599745,2022
1259,OP599746.1|2022-02-05,2II_F.1.1.2,2II_F,2II,OP599746,9954,97.81839623,2022,"Brazil: Cruzeiro do Sul, Acre",Brazil,OP599746,2022
1260,OP599747.1|2022-05-10,2II_F.1.1.2,2II_F,2II,OP599747,9958,97.8577044,2022,"Brazil: Cruzeiro do Sul, Acre",Brazil,OP599747,2022
1261,OP599748.1|2022-05-10,2II_F.1.1.2,2II_F,2II,OP599748,9990,98.17216981,2022,"Brazil: Cruzeiro do Sul, Acre",Brazil,OP599748,2022
1262,OP599749.1|2022-04-15,2II_F.1.1.2,2II_F,2II,OP599749,10026,98.5259434,2022,Paraguay: Limpio,Paraguay,OP599749,2022
1263,OP599750.1|2022-04-27,2II_F.1.1.2,2II_F,2II,OP599750,9989,98.16234277,2022,Paraguay: Limpio,Paraguay,OP599750,2022
1264,OP599751.1|2022-05-11,2II_F.1.1.2,2II_F,2II,OP599751,10033,98.5947327,2022,Paraguay: Limpio,Paraguay,OP599751,2022
1265,OP599752.1|2022-05-07,2II_F.1.1.2,2II_F,2II,OP599752,10029,98.55542453,2022,Paraguay: Asuncion,Paraguay,OP599752,2022
1266,OP599753.1|2022-05-18,2II_F.1.1.2,2II_F,2II,OP599753,9980,98.07389937,2022,Paraguay: Limpio,Paraguay,OP599753,2022
1267,OP599754.1|2022-04-04,2II_F.1.1.2,2II_F,2II,OP599754,10014,98.40801887,2022,Paraguay: Limpio,Paraguay,OP599754,2022
1268,OP599755.1|2022-04-04,2II_F.1.1.2,2II_F,2II,OP599755,9967,97.9461478,2022,Paraguay: Limpio,Paraguay,OP599755,2022
1269,OP599756.1|2021-12-27,2II_F.1.1.2,2II_F,2II,OP599756,9940,97.68081761,2021,Paraguay: Pedro Juan Caballero,Paraguay,OP599756,2021
1270,OP599757.1|2022-06-25,2II_F.1.1.2,2II_F,2II,OP599757,9983,98.1033805,2022,"Brazil: Aracaju, Sergipe",Brazil,OP599757,2022
1271,OP599758.1|2022-07-08,2II_F.1.1.2,2II_F,2II,OP599758,9894,97.22877358,2022,"Brazil: Aracaju, Sergipe",Brazil,OP599758,2022
1272,OP599759.1|2022-07-10,2II_F.1.1.2,2II_F,2II,OP599759,9876,97.05188679,2022,"Brazil: Aracaju, Sergipe",Brazil,OP599759,2022
1273,OP599760.1|2022-07-09,2II_F.1.1.2,2II_F,2II,OP599760,9947,97.74960692,2022,"Brazil: Nossa Senhora do Socorro, Sergipe",Brazil,OP599760,2022
1274,OP599761.1|2022-06-23,2II_F.1.1.2,2II_F,2II,OP599761,9932,97.60220126,2022,"Brazil: Aracaju, Sergipe",Brazil,OP599761,2022
1275,OP599762.1|2022-06-03,2II_F.1.1.2,2II_F,2II,OP599762,9893,97.21894654,2022,"Brazil: Aracaju, Sergipe",Brazil,OP599762,2022
1276,OP599763.1|2022-06-19,2II_F.1.1.2,2II_F,2II,OP599763,9933,97.6120283,2022,"Brazil: Areia Branca, Sergipe",Brazil,OP599763,2022
1277,OP599764.1|2022-06-20,2II_F.1.1.2,2II_F,2II,OP599764,9933,97.6120283,2022,"Brazil: Nossa Senhora do Socorro, Sergipe",Brazil,OP599764,2022
1278,OP599765.1|2022-06-20,2II_F.1.1.2,2II_F,2II,OP599765,9876,97.05188679,2022,"Brazil: Pirambu, Sergipe",Brazil,OP599765,2022
1279,OP599766.1|2022-06-22,2II_F.1.1.2,2II_F,2II,OP599766,9897,97.25825472,2022,"Brazil: Areia Branca, Sergipe",Brazil,OP599766,2022
1280,OP599767.1|2022-06-22,2II_F.1.1.2,2II_F,2II,OP599767,9932,97.60220126,2022,"Brazil: Aracaju, Sergipe",Brazil,OP599767,2022
1281,OP599768.1|2022-06-07,2II_F.1.1.2,2II_F,2II,OP599768,9926,97.54323899,2022,"Brazil: Aracaju, Sergipe",Brazil,OP599768,2022
1282,OP599769.1|2022-06-24,2II_F.1.1.2,2II_F,2II,OP599769,9916,97.44496855,2022,"Brazil: Aracaju, Sergipe",Brazil,OP599769,2022
1283,OQ725730.1|2022-12-09,2II_F.1.1.2,2II_F,2II,OQ725730,10723,105.3753931,2022,Colombia,Colombia,OQ725730,2022
1284,OQ725731.1|2022-10-11,2II_F.1.1.2,2II_F,2II,OQ725731,10647,104.6285377,2022,Colombia,Colombia,OQ725731,2022
1285,OQ725732.1|2022-10-13,2II_F.1.1.2,2II_F,2II,OQ725732,10524,103.4198113,2022,Colombia,Colombia,OQ725732,2022
1286,OQ725733.1|2022-10-15,2II_F.1.1.2,2II_F,2II,OQ725733,10658,104.7366352,2022,Colombia,Colombia,OQ725733,2022
1287,OQ725734.1|2022-10-19,2II_F.1.1.2,2II_F,2II,OQ725734,10723,105.3753931,2022,Colombia,Colombia,OQ725734,2022
1288,OQ726070.1|2022-10-27,2II_F.1.1.2,2II_F,2II,OQ726070,10723,105.3753931,2022,Colombia,Colombia,OQ726070,2022
1289,OQ726071.1|2022-10-28,2II_F.1.1.2,2II_F,2II,OQ726071,10698,105.129717,2022,Colombia,Colombia,OQ726071,2022
1290,OQ726072.1|2022-10-28,2II_F.1.1.2,2II_F,2II,OQ726072,10642,104.5794025,2022,Colombia,Colombia,OQ726072,2022
1291,OQ726073.1|2022-10-28,2II_F.1.1.2,2II_F,2II,OQ726073,10723,105.3753931,2022,Colombia,Colombia,OQ726073,2022
1292,OQ726074.1|2022-11-04,2II_F.1.1.2,2II_F,2II,OQ726074,10647,104.6285377,2022,Colombia,Colombia,OQ726074,2022
1293,OQ726075.1|2022-11-04,2II_F.1.1.2,2II_F,2II,OQ726075,10723,105.3753931,2022,Colombia,Colombia,OQ726075,2022
1294,OQ726079.1|2022-05-18,2II_F.1.1.2,2II_F,2II,OQ726079,10672,104.8742138,2022,Colombia,Colombia,OQ726079,2022
1295,OR037352.1|2022-11-09,2II_F.1.1.2,2II_F,2II,OR037352,10181,100.0491352,2022,Colombia,Colombia,OR037352,2022
1296,OR037353.1|2022-11-10,2II_F.1.1.2,2II_F,2II,OR037353,10181,100.0491352,2022,Colombia,Colombia,OR037353,2022
1297,OR037354.1|2022-11-23,2II_F.1.1.2,2II_F,2II,OR037354,10181,100.0491352,2022,Colombia,Colombia,OR037354,2022
1298,OR037355.1|2022-11-21,2II_F.1.1.2,2II_F,2II,OR037355,10181,100.0491352,2022,Colombia,Colombia,OR037355,2022
1299,OR037356.1|2022-11-25,2II_F.1.1.2,2II_F,2II,OR037356,10181,100.0491352,2022,Colombia,Colombia,OR037356,2022
1300,OR037357.1|2022-11-17,2II_F.1.1.2,2II_F,2II,OR037357,10181,100.0491352,2022,Colombia,Colombia,OR037357,2022
1301,OR037358.1|2022-11-21,2II_F.1.1.2,2II_F,2II,OR037358,10181,100.0491352,2022,Colombia,Colombia,OR037358,2022
1302,OR037359.1|2022-11-22,2II_F.1.1.2,2II_F,2II,OR037359,10181,100.0491352,2022,Colombia,Colombia,OR037359,2022
1303,OR037360.1|2022-11-25,2II_F.1.1.2,2II_F,2II,OR037360,10181,100.0491352,2022,Colombia,Colombia,OR037360,2022
1304,OR037361.1|2022-11-26,2II_F.1.1.2,2II_F,2II,OR037361,10181,100.0491352,2022,Colombia,Colombia,OR037361,2022
1305,OR037362.1|2022-11-30,2II_F.1.1.2,2II_F,2II,OR037362,10181,100.0491352,2022,Colombia,Colombia,OR037362,2022
1306,OR037363.1|2022-11-30,2II_F.1.1.2,2II_F,2II,OR037363,10181,100.0491352,2022,Colombia,Colombia,OR037363,2022
1307,OR037364.1|2022-11-30,2II_F.1.1.2,2II_F,2II,OR037364,10181,100.0491352,2022,Colombia,Colombia,OR037364,2022
1308,OR037365.1|2022-11-30,2II_F.1.1.2,2II_F,2II,OR037365,10181,100.0491352,2022,Colombia,Colombia,OR037365,2022
1309,OR037366.1|2022-12-09,2II_F.1.1.2,2II_F,2II,OR037366,10181,100.0491352,2022,Colombia,Colombia,OR037366,2022
1310,OR037367.1|2022-12-13,2II_F.1.1.2,2II_F,2II,OR037367,10181,100.0491352,2022,Colombia,Colombia,OR037367,2022
1311,OR037368.1|2022-12-15,2II_F.1.1.2,2II_F,2II,OR037368,10181,100.0491352,2022,Colombia,Colombia,OR037368,2022
1312,OR037369.1|2022-12-17,2II_F.1.1.2,2II_F,2II,OR037369,10181,100.0491352,2022,Colombia,Colombia,OR037369,2022
1313,OR037370.1|2023-01-06,2II_F.1.1.2,2II_F,2II,OR037370,10181,100.0491352,2023,Colombia,Colombia,OR037370,2023
1314,OR037371.1|2023-02-01,2II_F.1.1.2,2II_F,2II,OR037371,10181,100.0491352,2023,Colombia,Colombia,OR037371,2023
1315,OR037372.1|2023-02-01,2II_F.1.1.2,2II_F,2II,OR037372,10181,100.0491352,2023,Colombia,Colombia,OR037372,2023
1316,OR037373.1|2023-02-03,2II_F.1.1.2,2II_F,2II,OR037373,10181,100.0491352,2023,Colombia,Colombia,OR037373,2023
1317,OR037374.1|2023-02-07,2II_F.1.1.2,2II_F,2II,OR037374,10181,100.0491352,2023,Colombia,Colombia,OR037374,2023
1318,OR037375.1|2023-02-08,2II_F.1.1.2,2II_F,2II,OR037375,10181,100.0491352,2023,Colombia,Colombia,OR037375,2023
1319,OR037376.1|2023-02-08,2II_F.1.1.2,2II_F,2II,OR037376,10181,100.0491352,2023,Colombia,Colombia,OR037376,2023
1320,OR037377.1|2023-02-08,2II_F.1.1.2,2II_F,2II,OR037377,10181,100.0491352,2023,Colombia,Colombia,OR037377,2023
1321,OR037378.1|2023-02-09,2II_F.1.1.2,2II_F,2II,OR037378,10181,100.0491352,2023,Colombia,Colombia,OR037378,2023
1322,OR037379.1|2023-02-09,2II_F.1.1.2,2II_F,2II,OR037379,10181,100.0491352,2023,Colombia,Colombia,OR037379,2023
1323,OR037380.1|2023-02-10,2II_F.1.1.2,2II_F,2II,OR037380,10181,100.0491352,2023,Colombia,Colombia,OR037380,2023
1324,OR098849.1|2023-02-02,2II_F.1.1.2,2II_F,2II,OR098849,10572,103.8915094,2023,Colombia,Colombia,OR098849,2023
1325,OR654270.1|2023-04-19,2III_C.1.2,2III_C,2III,OR654270,10580,103.9701258,2023,USA: FL,USA,OR654270,2023
1326,OR654281.1|2023-07-05,2II_F.1.1.2,2II_F,2II,OR654281,10590,104.0683962,2023,USA: FL,USA,OR654281,2023
1327,OR654284.1|2023-07-03,2II_F.1.1.2,2II_F,2II,OR654284,10563,103.803066,2023,USA: FL,USA,OR654284,2023
1328,OR619404.1|2023-05-01,2II_F.1.1.2,2II_F,2II,OR619404,10177,100.009827,2023,Colombia: Meta,Colombia,OR619404,2023
1329,OR619405.1|2023-05-03,2II_F.1.1.2,2II_F,2II,OR619405,10177,100.009827,2023,Colombia: Meta,Colombia,OR619405,2023
1330,OR229958.1|2020-07,2II_A.1.1.1,2II_A,2II,OR229958,10667,104.8250786,2020,Guadeloupe,Guadeloupe,OR229958,2020
1331,OR229959.1|2020-09,2II_A.1.1.1,2II_A,2II,OR229959,10667,104.8250786,2020,Guadeloupe,Guadeloupe,OR229959,2020
1332,OR229960.1|2020-10,2II_A.1.1.1,2II_A,2II,OR229960,10667,104.8250786,2020,Guadeloupe,Guadeloupe,OR229960,2020
1333,OR229961.1|2019-10,2II_A.1.1.1,2II_A,2II,OR229961,10667,104.8250786,2019,Guadeloupe,Guadeloupe,OR229961,2019
1334,OR229962.1|2020-10,2II_A.1.1.1,2II_A,2II,OR229962,10667,104.8250786,2020,Guadeloupe,Guadeloupe,OR229962,2020
1335,OR229963.1|2020-07,2II_A.1.1.1,2II_A,2II,OR229963,10667,104.8250786,2020,Guadeloupe,Guadeloupe,OR229963,2020
1336,OR229964.1|2020-08,2II_A.1.1.1,2II_A,2II,OR229964,10667,104.8250786,2020,Guadeloupe,Guadeloupe,OR229964,2020
1337,OR229965.1|2020-01,2II_A.1.1.1,2II_A,2II,OR229965,10667,104.8250786,2020,Guadeloupe,Guadeloupe,OR229965,2020
1338,OR229966.1|2020-08,2II_A.1.1.1,2II_A,2II,OR229966,10667,104.8250786,2020,Martinique,Martinique,OR229966,2020
1339,OR229967.1|2020-06,2II_A.1.1.1,2II_A,2II,OR229967,10664,104.7955975,2020,Martinique,Martinique,OR229967,2020
1340,OR229968.1|2020-09,2II_A.1.1.1,2II_A,2II,OR229968,10667,104.8250786,2020,Martinique,Martinique,OR229968,2020
1341,OR229969.1|2020-07,2II_A.1.1.1,2II_A,2II,OR229969,10667,104.8250786,2020,Martinique,Martinique,OR229969,2020
1342,OR229970.1|2020-06,2II_A.1.1.1,2II_A,2II,OR229970,10667,104.8250786,2020,Martinique,Martinique,OR229970,2020
1343,OR229971.1|2020-06,2II_A.1.1.1,2II_A,2II,OR229971,10667,104.8250786,2020,Martinique,Martinique,OR229971,2020
1344,OR229972.1|2020-08,2II_A.1.1.1,2II_A,2II,OR229972,10667,104.8250786,2020,Martinique,Martinique,OR229972,2020
1345,OR229973.1|2019-09,2II_A.1.1.1,2II_A,2II,OR229973,10667,104.8250786,2019,Guadeloupe,Guadeloupe,OR229973,2019
1346,OR229974.1|2020-06,2II_A.1.1.1,2II_A,2II,OR229974,10667,104.8250786,2020,Guadeloupe,Guadeloupe,OR229974,2020
1347,OR229975.1|2019-11,2II_A.1.1.1,2II_A,2II,OR229975,10667,104.8250786,2019,Guadeloupe,Guadeloupe,OR229975,2019
1348,OR229976.1|2019-11,2II_A.1.1.1,2II_A,2II,OR229976,10667,104.8250786,2019,Guadeloupe,Guadeloupe,OR229976,2019
1349,OR258575.1|2021-06-10,2III_C.1.1,2III_C,2III,OR258575,9954,97.81839623,2021,"Brazil: Chapadao do Sul, Mato Grosso do Sul",Brazil,OR258575,2021
1350,OR258576.1|2021-06-15,2III_C.1.1,2III_C,2III,OR258576,9965,97.92649371,2021,"Brazil: Chapadao do Sul, Mato Grosso do Sul",Brazil,OR258576,2021
1351,OR258577.1|2021-07-23,2III_C.1.1,2III_C,2III,OR258577,9979,98.06407233,2021,"Brazil: Corumba, Mato Grosso do Sul",Brazil,OR258577,2021
1352,OR258578.1|2021-05-09,2III_C.1.1,2III_C,2III,OR258578,9974,98.01493711,2021,"Brazil: Caarapo, Mato Grosso do Sul",Brazil,OR258578,2021
1353,OR258579.1|2021-06-10,2III_C.1.1,2III_C,2III,OR258579,9967,97.9461478,2021,"Brazil: Chapadao do Sul, Mato Grosso do Sul",Brazil,OR258579,2021
1354,OR593362.1|2015-09-02,2II_D.3,2II_D,2II,OR593362,10688,105.0314465,2015,Taiwan,Taiwan,OR593362,2015
1355,OR593363.1|2015-09-04,2II_D.3,2II_D,2II,OR593363,10689,105.0412736,2015,Taiwan,Taiwan,OR593363,2015
1356,OR593364.1|2015-10-01,2II_D.3,2II_D,2II,OR593364,10690,105.0511006,2015,Taiwan,Taiwan,OR593364,2015
1357,OR593365.1|2015-10-01,2II_D.3,2II_D,2II,OR593365,10689,105.0412736,2015,Taiwan,Taiwan,OR593365,2015
1358,OR593366.1|2015-10-04,2II_D.3,2II_D,2II,OR593366,10690,105.0511006,2015,Taiwan,Taiwan,OR593366,2015
1359,OR593367.1|2015-10-05,2II_D.3,2II_D,2II,OR593367,10689,105.0412736,2015,Taiwan,Taiwan,OR593367,2015
1360,OR593368.1|2015-10-17,2II_D.3,2II_D,2II,OR593368,10688,105.0314465,2015,Taiwan,Taiwan,OR593368,2015
1361,OR593369.1|2015-11-03,2II_D.3,2II_D,2II,OR593369,10689,105.0412736,2015,Taiwan,Taiwan,OR593369,2015
1362,OR593370.1|2015-11-03,2II_D.3,2II_D,2II,OR593370,10688,105.0314465,2015,Taiwan,Taiwan,OR593370,2015
1363,OR593371.1|2015-11-21,2II_D.3,2II_D,2II,OR593371,10690,105.0511006,2015,Taiwan,Taiwan,OR593371,2015
1364,OR593372.1|2015-08-21,2II_D.3,2II_D,2II,OR593372,10689,105.0412736,2015,Taiwan,Taiwan,OR593372,2015
1365,OR593373.1|2015-08-28,2II_D.3,2II_D,2II,OR593373,10690,105.0511006,2015,Taiwan,Taiwan,OR593373,2015
1366,OR593374.1|2015-08-30,2II_D.3,2II_D,2II,OR593374,10690,105.0511006,2015,Taiwan,Taiwan,OR593374,2015
1367,OR593375.1|2015-09-05,2II_D.3,2II_D,2II,OR593375,10688,105.0314465,2015,Taiwan,Taiwan,OR593375,2015
1368,OR593376.1|2015-09-03,2II_D.3,2II_D,2II,OR593376,10689,105.0412736,2015,Taiwan,Taiwan,OR593376,2015
1369,OR593377.1|2015-09-05,2II_D.3,2II_D,2II,OR593377,10689,105.0412736,2015,Taiwan,Taiwan,OR593377,2015
1370,OR593378.1|2015-09-11,2II_D.3,2II_D,2II,OR593378,10690,105.0511006,2015,Taiwan,Taiwan,OR593378,2015
1371,OR593379.1|2015-09-13,2II_D.3,2II_D,2II,OR593379,10688,105.0314465,2015,Taiwan,Taiwan,OR593379,2015
1372,OR593380.1|2015-09-25,2II_D.3,2II_D,2II,OR593380,10688,105.0314465,2015,Taiwan,Taiwan,OR593380,2015
1373,OR593381.1|2015-09-26,2II_D.3,2II_D,2II,OR593381,10688,105.0314465,2015,Taiwan,Taiwan,OR593381,2015
1374,OR593382.1|2015-09-27,2II_D.3,2II_D,2II,OR593382,10689,105.0412736,2015,Taiwan,Taiwan,OR593382,2015
1375,OR593383.1|2015-10-05,2II_D.3,2II_D,2II,OR593383,10690,105.0511006,2015,Taiwan,Taiwan,OR593383,2015
1376,OR492473.1|2019-10,2II_F.1.1,2II_F,2II,OR492473,10685,105.0019654,2019,India,India,OR492473,2019
1377,OR492474.1|2021-09,2II_F.1.1,2II_F,2II,OR492474,10688,105.0314465,2021,India,India,OR492474,2021
1378,OR492475.1|2021-09,2II_F.1.1,2II_F,2II,OR492475,10669,104.8447327,2021,India,India,OR492475,2021
1379,OR486032.1|2021-12-22,2III_C.1.1,2III_C,2III,OR486032,10318,101.3954403,2021,Brazil: Tocantins state (Bandeirantes do Tocantins),Brazil,OR486032,2021
1380,OR486033.1|2021-06-01,2III_C.1.1,2III_C,2III,OR486033,10345,101.6607704,2021,Brazil: Tocantins state (Araguaina),Brazil,OR486033,2021
1381,OR486034.1|2021-06-01,2III_C.1.1,2III_C,2III,OR486034,10325,101.4642296,2021,Brazil: Tocantins state (Araguaina),Brazil,OR486034,2021
1382,OR486035.1|2021-12-08,2III_C.1.1,2III_C,2III,OR486035,10345,101.6607704,2021,Brazil: Tocantins state (Colinas do Tocantins),Brazil,OR486035,2021
1383,OQ078888.1|2019-05-08,2III_C.1.1,2III_C,2III,OQ078888,9994,98.21147799,2019,Brazil: Bahia,Brazil,OQ078888,2019
1384,OQ078889.1|2019-05-08,2III_C.1.1,2III_C,2III,OQ078889,9968,97.95597484,2019,Brazil: Bahia,Brazil,OQ078889,2019
1385,OQ567821.1|2021-07-02,2III_C.1.1,2III_C,2III,OQ567821,9937,97.65133648,2021,Paraguay: Villarrica,Paraguay,OQ567821,2021
1386,OQ567822.1|2021-07-10,2III_C.1.1,2III_C,2III,OQ567822,9926,97.54323899,2021,Paraguay: Mariano Roque Alonso,Paraguay,OQ567822,2021
1387,OQ567823.1|2022-03-28,2III_C.1.1,2III_C,2III,OQ567823,9930,97.58254717,2022,Paraguay: Coronel Oviedo,Paraguay,OQ567823,2022
1388,OQ567824.1|2022-03-27,2III_C.1.1,2III_C,2III,OQ567824,9986,98.13286164,2022,Paraguay: Coronel Oviedo,Paraguay,OQ567824,2022
1389,OQ567825.1|2022-03-29,2III_C.1.1,2III_C,2III,OQ567825,9962,97.89701258,2022,Paraguay: Coronel Oviedo,Paraguay,OQ567825,2022
1390,OQ567826.1|2022-04-05,2III_C.1.1,2III_C,2III,OQ567826,9982,98.09355346,2022,Paraguay: Coronel Oviedo,Paraguay,OQ567826,2022
1391,OQ567827.1|2022-04-11,2III_C.1.1,2III_C,2III,OQ567827,9983,98.1033805,2022,Paraguay: Coronel Oviedo,Paraguay,OQ567827,2022
1392,OQ567828.1|2022-04-07,2III_C.1.1,2III_C,2III,OQ567828,9944,97.72012579,2022,Paraguay: Coronel Oviedo,Paraguay,OQ567828,2022
1393,OQ567829.1|2022-04-17,2III_C.1.1,2III_C,2III,OQ567829,9968,97.95597484,2022,Paraguay: Coronel Oviedo,Paraguay,OQ567829,2022
1394,OQ567830.1|2022-04-18,2III_C.1.1,2III_C,2III,OQ567830,9991,98.18199686,2022,Paraguay: Coronel Oviedo,Paraguay,OQ567830,2022
1395,OQ567831.1|2022-04-22,2III_C.1.1,2III_C,2III,OQ567831,10036,98.62421384,2022,Paraguay: Caaguazu,Paraguay,OQ567831,2022
1396,OQ567832.1|2022-04-28,2III_C.1.1,2III_C,2III,OQ567832,9967,97.9461478,2022,Paraguay: Coronel Oviedo,Paraguay,OQ567832,2022
1397,OQ567833.1|2022-05-02,2III_C.1.1,2III_C,2III,OQ567833,10000,98.27044025,2022,Paraguay: Coronel Oviedo,Paraguay,OQ567833,2022
1398,OQ567834.1|2022-04-27,2III_C.1.1,2III_C,2III,OQ567834,9965,97.92649371,2022,Paraguay: Coronel Oviedo,Paraguay,OQ567834,2022
1399,OQ567835.1|2022-05-06,2III_C.1.1,2III_C,2III,OQ567835,10029,98.55542453,2022,Paraguay: Coronel Oviedo,Paraguay,OQ567835,2022
1400,OQ567836.1|2022-05-09,2III_C.1.1,2III_C,2III,OQ567836,9949,97.76926101,2022,Paraguay: Coronel Oviedo,Paraguay,OQ567836,2022
1401,OQ567837.1|2022-05-08,2III_C.1.1,2III_C,2III,OQ567837,9978,98.05424528,2022,Paraguay: Coronel Oviedo,Paraguay,OQ567837,2022
1402,OQ567838.1|2022-05-22,2III_C.1.1,2III_C,2III,OQ567838,10003,98.29992138,2022,Paraguay: Coronel Oviedo,Paraguay,OQ567838,2022
1403,OQ567839.1|2022-05-29,2III_C.1.1,2III_C,2III,OQ567839,9980,98.07389937,2022,Paraguay: Coronel Oviedo,Paraguay,OQ567839,2022
1404,OQ567840.1|2022-06-24,2III_C.1.1,2III_C,2III,OQ567840,9993,98.20165094,2022,Paraguay: Repatriacion,Paraguay,OQ567840,2022
1405,OQ567841.1|2022-02-23,2III_C.1.1,2III_C,2III,OQ567841,9997,98.24095912,2022,Paraguay: Benjamin Aceval,Paraguay,OQ567841,2022
1406,OQ567842.1|2022-03-22,2III_C.1.1,2III_C,2III,OQ567842,9965,97.92649371,2022,Paraguay: Coronel Oviedo,Paraguay,OQ567842,2022
1407,OQ567843.1|2022-05-05,2III_C.1.1,2III_C,2III,OQ567843,9975,98.02476415,2022,Paraguay: Coronel Oviedo,Paraguay,OQ567843,2022
1408,OQ567844.1|2022-05-04,2III_C.1.1,2III_C,2III,OQ567844,9990,98.17216981,2022,Paraguay: Coronel Oviedo,Paraguay,OQ567844,2022
1409,OQ567845.1|2022-04-27,2III_C.1.1,2III_C,2III,OQ567845,9990,98.17216981,2022,Paraguay: Capiata,Paraguay,OQ567845,2022
1410,OQ567846.1|2021-03-24,2III_C.1.1,2III_C,2III,OQ567846,9953,97.80856918,2021,Paraguay: Presidente Franco,Paraguay,OQ567846,2021
1411,OQ567847.1|2021-04-14,2III_C.1.1,2III_C,2III,OQ567847,9942,97.7004717,2021,Paraguay: Encarnacion,Paraguay,OQ567847,2021
1412,OR389017.1|2000,2III_B,2III_B,2III,OR389017,10512,103.3018868,2000,Brazil,Brazil,OR389017,2000
1413,OR389018.1|1982,2II_B,2II_B,2II,OR389018,10512,103.3018868,1982,Burkina Faso,Burkina Faso,OR389018,1982
1414,OR389019.1|1986,2II_B,2II_B,2II,OR389019,10512,103.3018868,1986,Burkina Faso,Burkina Faso,OR389019,1986
1415,OR389020.1|2009,2V_A.1,2V_A,2V,OR389020,10512,103.3018868,2009,Cambodia,Cambodia,OR389020,2009
1416,OR389021.1|2006,2III_D.2,2III_D,2III,OR389021,10512,103.3018868,2006,Colombia,Colombia,OR389021,2006
1417,OR389025.1|2009,2II_F.1.2,2II_F,2II,OR389025,10512,103.3018868,2009,Malaysia,Malaysia,OR389025,2009
1418,OR389027.1|2001,2III_D.1,2III_D,2III,OR389027,10512,103.3018868,2001,Mexico,Mexico,OR389027,2001
1419,OR389028.1|2005,2III_D.1.3,2III_D,2III,OR389028,10512,103.3018868,2005,Nicaragua,Nicaragua,OR389028,2005
1420,OR389029.1|2004,2II_A.1,2II_A,2II,OR389029,10512,103.3018868,2004,Sri Lanka,Sri Lanka,OR389029,2004
1421,OR389030.1|2003,2III_A.1,2III_A,2III,OR389030,10512,103.3018868,2003,Viet Nam,Viet Nam,OR389030,2003
1422,OR389031.1|2006,2II_D,2II_D,2II,OR389031,10512,103.3018868,2006,Viet Nam,Viet Nam,OR389031,2006
1423,OR389305.1|1990,2III_B,2III_B,2III,OR389305,10512,103.3018868,1990,Brazil,Brazil,OR389305,1990
1424,OR389306.1|1990,2III_B,2III_B,2III,OR389306,10537,103.5475629,1990,Brazil,Brazil,OR389306,1990
1425,OR389308.1|1993,2III_B,2III_B,2III,OR389308,10512,103.3018868,1993,Colombia,Colombia,OR389308,1993
1426,OR389309.1|1959,2I,2I,2I,OR389309,10512,103.3018868,1959,India,India,OR389309,1959
1427,OR389310.1|1963,2I,2I,2I,OR389310,10512,103.3018868,1963,India,India,OR389310,1963
1428,OR389311.1|1967,2I,2I,2I,OR389311,10512,103.3018868,1967,India,India,OR389311,1967
1429,OR389312.1|1988,2II_A,2II_A,2II,OR389312,10512,103.3018868,1988,India,India,OR389312,1988
1430,OR389313.1|1984,2II,2II,2II,OR389313,10512,103.3018868,1984,Indonesia,Indonesia,OR389313,1984
1431,OR389314.1|1984,2II,2II,2II,OR389314,10512,103.3018868,1984,Indonesia,Indonesia,OR389314,1984
1432,OR389315.1|1984,unassigned,unassigned,unassigned,OR389315,10512,103.3018868,1984,Indonesia,Indonesia,OR389315,1984
1433,OR389316.1|1986,2II_B,2II_B,2II,OR389316,10512,103.3018868,1986,Indonesia,Indonesia,OR389316,1986
1434,OR389317.1|1988,2II_B,2II_B,2II,OR389317,10512,103.3018868,1988,Indonesia,Indonesia,OR389317,1988
1435,OR389318.1|1969,2II_A,2II_A,2II,OR389318,10512,103.3018868,1969,Malaysia,Malaysia,OR389318,1969
1436,OR389319.1|1989,2II_A,2II_A,2II,OR389319,10512,103.3018868,1989,Malaysia,Malaysia,OR389319,1989
1437,OR389320.1|1976,2V,2V,2V,OR389320,10512,103.3018868,1976,Myanmar,Myanmar,OR389320,1976
1438,OR389322.1|1988,2IV,2IV,2IV,OR389322,10512,103.3018868,1988,Philippines,Philippines,OR389322,1988
1439,OR389323.1|1994,2II,2II,2II,OR389323,10512,103.3018868,1994,Saudi Arabia,Saudi Arabia,OR389323,1994
1440,OR389324.1|1994,2II_A,2II_A,2II,OR389324,10512,103.3018868,1994,Saudi Arabia,Saudi Arabia,OR389324,1994
1441,OR389327.1|1993,2II_B,2II_B,2II,OR389327,10512,103.3018868,1993,Somalia,Somalia,OR389327,1993
1442,OR389328.1|1987,2IV,2IV,2IV,OR389328,10512,103.3018868,1987,Taiwan,Taiwan,OR389328,1987
1443,OR389329.1|1987,2I,2I,2I,OR389329,10512,103.3018868,1987,Venezuela,Venezuela,OR389329,1987
1444,OR389330.1|1990,2III_B,2III_B,2III,OR389330,10512,103.3018868,1990,Venezuela,Venezuela,OR389330,1990
1445,OR389331.1|1990,2III,2III,2III,OR389331,10512,103.3018868,1990,Venezuela,Venezuela,OR389331,1990
1446,OR389332.1|1990,2III_B,2III_B,2III,OR389332,10512,103.3018868,1990,Venezuela,Venezuela,OR389332,1990
1447,OR389333.1|1990,2II_A,2II_A,2II,OR389333,10512,103.3018868,1990,Venezuela,Venezuela,OR389333,1990
1448,OR389334.1|1991,2III_B,2III_B,2III,OR389334,10512,103.3018868,1991,Venezuela,Venezuela,OR389334,1991
1449,OR389335.1|1987,2III,2III,2III,OR389335,10512,103.3018868,1987,Viet Nam,Viet Nam,OR389335,1987
1450,OR150704.1|2023-01-15,2II_F.1.1.2,2II_F,2II,OR150704,10011,98.37853774,2023,"Brazil: Amazonas,Manaus",Brazil,OR150704,2023
1451,OR150705.1|2023-02-14,2II_F.1.1.2,2II_F,2II,OR150705,10011,98.37853774,2023,"Brazil: Amazonas,Sao Paulo De Olivenca",Brazil,OR150705,2023
1452,OR150706.1|2023-02-26,2II_F.1.1.2,2II_F,2II,OR150706,10011,98.37853774,2023,"Brazil: Amazonas,Manaus",Brazil,OR150706,2023
1453,OR150707.1|2023-01-19,2II_F.1.1.2,2II_F,2II,OR150707,10011,98.37853774,2023,"Brazil: Amazonas,Ipixuna",Brazil,OR150707,2023
1454,OR150708.1|2023-01-17,2II_F.1.1.2,2II_F,2II,OR150708,10011,98.37853774,2023,"Brazil: Amazonas,Ipixuna",Brazil,OR150708,2023
1455,OR150709.1|2023-01-17,2II_F.1.1.2,2II_F,2II,OR150709,10011,98.37853774,2023,"Brazil: Amazonas,Tefe",Brazil,OR150709,2023
1456,OR150710.1|2023-01-17,2II_F.1.1.2,2II_F,2II,OR150710,10011,98.37853774,2023,"Brazil: Amazonas,Tefe",Brazil,OR150710,2023
1457,OR150711.1|2023-03-27,2II_F.1.1.2,2II_F,2II,OR150711,10011,98.37853774,2023,"Brazil: Amazonas,Alvaraes",Brazil,OR150711,2023
1458,OR150712.1|2023-04-05,2II_F.1.1.2,2II_F,2II,OR150712,10011,98.37853774,2023,"Brazil: Amazonas,Tefe",Brazil,OR150712,2023
1459,OR150713.1|2023-04-04,2II_F.1.1.2,2II_F,2II,OR150713,10011,98.37853774,2023,"Brazil: Amazonas,Manaus",Brazil,OR150713,2023
1460,OR150714.1|2023-04-17,2II_F.1.1.2,2II_F,2II,OR150714,10011,98.37853774,2023,"Brazil: Amazonas,Tefe",Brazil,OR150714,2023
1461,OR150715.1|2023-03-03,2II_F.1.1.2,2II_F,2II,OR150715,10011,98.37853774,2023,"Brazil: Rondonia,Sao Felipe D''Oeste",Brazil,OR150715,2023
1462,OR150716.1|2023-03-08,2II_F.1.1.2,2II_F,2II,OR150716,10011,98.37853774,2023,"Brazil: Rondonia,Cacaulandia",Brazil,OR150716,2023
1463,OR150717.1|2023-01-27,2II_F.1.1.2,2II_F,2II,OR150717,10011,98.37853774,2023,"Brazil: Rondonia,Alta Floresta D''Oeste",Brazil,OR150717,2023
1464,OR150718.1|2023-02-18,2II_F.1.1.2,2II_F,2II,OR150718,10011,98.37853774,2023,"Brazil: Rondonia,Seringueiras",Brazil,OR150718,2023
1465,OR150719.1|2023-02-17,2II_F.1.1.2,2II_F,2II,OR150719,10011,98.37853774,2023,"Brazil: Rondonia,Porto Velho",Brazil,OR150719,2023
1466,OR150720.1|2023-04-10,2II_F.1.1.2,2II_F,2II,OR150720,10011,98.37853774,2023,"Brazil: Rondonia,Porto Velho",Brazil,OR150720,2023
1467,OR150721.1|2023-02-16,2II_F.1.1.2,2II_F,2II,OR150721,10011,98.37853774,2023,"Brazil: Sao Paulo,Braganca Paulista",Brazil,OR150721,2023
1468,OR150722.1|2023-02-19,2II_F.1.1.2,2II_F,2II,OR150722,10011,98.37853774,2023,"Brazil: Rondonia,Alta Floresta D''Oeste",Brazil,OR150722,2023
1469,OR150723.1|2023-02-10,2II_F.1.1.2,2II_F,2II,OR150723,10006,98.32940252,2023,"Brazil: Amazonas,Humaita",Brazil,OR150723,2023
1470,OR150724.1|2023-01-25,2II_F.1.1.2,2II_F,2II,OR150724,10011,98.37853774,2023,"Brazil: Rondonia,Alta Floresta D''Oeste",Brazil,OR150724,2023
1471,OR150725.1|2023-01-25,2II_F.1.1.2,2II_F,2II,OR150725,10011,98.37853774,2023,"Brazil: Rondonia,Alta Floresta D''Oeste",Brazil,OR150725,2023
1472,OR150726.1|2023-02-02,2II_F.1.1.2,2II_F,2II,OR150726,10011,98.37853774,2023,"Brazil: Rondonia,Alta Floresta D''Oeste",Brazil,OR150726,2023
1473,OR150727.1|2023-02-19,2II_F.1.1.2,2II_F,2II,OR150727,10011,98.37853774,2023,"Brazil: Rondonia,Sao Francisco Do Guapore",Brazil,OR150727,2023
1474,OR150728.1|2023-02-18,2II_F.1.1.2,2II_F,2II,OR150728,10011,98.37853774,2023,"Brazil: Rondonia,Porto Velho",Brazil,OR150728,2023
1475,OR150729.1|2023-02-13,2II_F.1.1.2,2II_F,2II,OR150729,10011,98.37853774,2023,"Brazil: Rondonia,Vale Do Paraiso",Brazil,OR150729,2023
1476,OR150730.1|2023-02-13,2II_F.1.1.2,2II_F,2II,OR150730,9989,98.16234277,2023,"Brazil: Rondonia,Vilhena",Brazil,OR150730,2023
1477,OR150731.1|2023-01-26,2II_F.1.1.2,2II_F,2II,OR150731,10011,98.37853774,2023,"Brazil: Amazonas,Tabatinga",Brazil,OR150731,2023
1478,OR150732.1|2023-01-27,2II_F.1.1.2,2II_F,2II,OR150732,10011,98.37853774,2023,"Brazil: Amazonas,Tabatinga",Brazil,OR150732,2023
1479,OR150733.1|2023-01-29,2II_F.1.1.2,2II_F,2II,OR150733,10011,98.37853774,2023,"Brazil: Amazonas,Tabatinga",Brazil,OR150733,2023
1480,OR150734.1|2023-01-24,2II_F.1.1.2,2II_F,2II,OR150734,10011,98.37853774,2023,"Brazil: Amazonas,Tabatinga",Brazil,OR150734,2023
1481,OR150735.1|2023-02-05,2II_F.1.1.2,2II_F,2II,OR150735,10011,98.37853774,2023,"Brazil: Amazonas,Tabatinga",Brazil,OR150735,2023
1482,OR150736.1|2023-02-07,2II_F.1.1.2,2II_F,2II,OR150736,10011,98.37853774,2023,"Brazil: Amazonas,Tabatinga",Brazil,OR150736,2023
1483,OR150737.1|2023-02-07,2II_F.1.1.2,2II_F,2II,OR150737,10011,98.37853774,2023,"Brazil: Amazonas,Tabatinga",Brazil,OR150737,2023
1484,OR150738.1|2023-02-10,2II_F.1.1.2,2II_F,2II,OR150738,10011,98.37853774,2023,"Brazil: Amazonas,Tabatinga",Brazil,OR150738,2023
1485,OR150739.1|2023-02-13,2II_F.1.1.2,2II_F,2II,OR150739,10011,98.37853774,2023,"Brazil: Amazonas,Tabatinga",Brazil,OR150739,2023
1486,OR150740.1|2023-02-13,2II_F.1.1.2,2II_F,2II,OR150740,10011,98.37853774,2023,"Brazil: Amazonas,Tabatinga",Brazil,OR150740,2023
1487,OR150741.1|2023-01-13,2II_F.1.1.2,2II_F,2II,OR150741,10011,98.37853774,2023,"Brazil: Amazonas,Tabatinga",Brazil,OR150741,2023
1488,OR150742.1|2023-02-13,2II_F.1.1.2,2II_F,2II,OR150742,10011,98.37853774,2023,"Brazil: Amazonas,Tabatinga",Brazil,OR150742,2023
1489,OR150743.1|2022-09-26,2III_D.1.1,2III_D,2III,OR150743,10609,104.2551101,2022,USA: FL,USA,OR150743,2022
1490,OQ832616.1|2019-10,2II_F.2.1,2II_F,2II,OQ832616,10723,105.3753931,2019,Viet Nam,Viet Nam,OQ832616,2019
1491,OQ832617.1|2019-10,2V_A.1.1,2V_A,2V,OQ832617,10723,105.3753931,2019,Viet Nam,Viet Nam,OQ832617,2019
1492,OQ832618.1|2019-10,2II_F.2.1,2II_F,2II,OQ832618,10723,105.3753931,2019,Viet Nam,Viet Nam,OQ832618,2019
1493,OQ832619.1|2019-10,2II_F.2.1,2II_F,2II,OQ832619,10723,105.3753931,2019,Viet Nam,Viet Nam,OQ832619,2019
1494,OQ832620.1|2019-10,2II_F.1.1,2II_F,2II,OQ832620,10723,105.3753931,2019,Viet Nam,Viet Nam,OQ832620,2019
1495,OQ832621.1|2019-12,2II_F.2.1,2II_F,2II,OQ832621,10723,105.3753931,2019,Viet Nam,Viet Nam,OQ832621,2019
1496,OQ832622.1|2019-12,2II_F.2.1,2II_F,2II,OQ832622,10723,105.3753931,2019,Viet Nam: Hanoi,Viet Nam,OQ832622,2019
1497,OQ832623.1|2019-10,2V_A.1.1,2V_A,2V,OQ832623,10723,105.3753931,2019,Viet Nam,Viet Nam,OQ832623,2019
1498,OQ832624.1|2020-09,2II_F.2.1,2II_F,2II,OQ832624,10723,105.3753931,2020,Viet Nam: Hanoi,Viet Nam,OQ832624,2020
1499,OQ832625.1|2020-09,2II_F.2.1,2II_F,2II,OQ832625,10723,105.3753931,2020,Viet Nam: Hanoi,Viet Nam,OQ832625,2020
0,OQ832626.1|2020-09,2V_A.1.1,2V_A,2V,OQ832626,10723,105.3753931,2020,Viet Nam: Hanoi,Viet Nam,OQ832626,2020
1,OQ832627.1|2020-09,2V_A.1.1,2V_A,2V,OQ832627,10723,105.3753931,2020,Viet Nam: Hanoi,Viet Nam,OQ832627,2020
2,OR136164.1|2023-05-09,2II_F.1.3,2II_F,2II,OR136164,10669,104.8447327,2023,Indonesia,Indonesia,OR136164,2023
3,OR138984.1|2022-04-15,2II_F.1.1.2,2II_F,2II,OR138984,10645,104.6088836,2022,Brazil,Brazil,OR138984,2022
4,OR138985.1|2022-04-20,2II_F.1.1.2,2II_F,2II,OR138985,10162,99.86242138,2022,Brazil,Brazil,OR138985,2022
5,OR138986.1|2022-01-05,2II_F.1.1.2,2II_F,2II,OR138986,10649,104.6481918,2022,Brazil,Brazil,OR138986,2022
6,OR138987.1|2022-04-12,2II_F.1.1.2,2II_F,2II,OR138987,10208,100.3144654,2022,Brazil,Brazil,OR138987,2022
7,OR138988.1|2022-04-24,2II_F.1.1.2,2II_F,2II,OR138988,10625,104.4123428,2022,Brazil,Brazil,OR138988,2022
8,OR138989.1|2022-04-12,2II_F.1.1.2,2II_F,2II,OR138989,10652,104.677673,2022,Brazil,Brazil,OR138989,2022
9,OR138990.1|2022-04-19,2II_F.1.1.2,2II_F,2II,OR138990,10652,104.677673,2022,Brazil,Brazil,OR138990,2022
10,OR138991.1|2022-05-04,2II_F.1.1.2,2II_F,2II,OR138991,10634,104.5007862,2022,Brazil,Brazil,OR138991,2022
11,OR138992.1|2022-04-13,2II_F.1.1.2,2II_F,2II,OR138992,10568,103.8522013,2022,Brazil,Brazil,OR138992,2022
12,OR138993.1|2022-04-21,2II_F.1.1.2,2II_F,2II,OR138993,10162,99.86242138,2022,Brazil,Brazil,OR138993,2022
13,OR138994.1|2022-04-22,2II_F.1.1.2,2II_F,2II,OR138994,10652,104.677673,2022,Brazil,Brazil,OR138994,2022
14,OR138995.1|2022-04-18,2II_F.1.1.2,2II_F,2II,OR138995,10652,104.677673,2022,Brazil,Brazil,OR138995,2022
15,OR138996.1|2022-04-12,2II_F.1.1.2,2II_F,2II,OR138996,10652,104.677673,2022,Brazil,Brazil,OR138996,2022
16,OR138997.1|2022-03-20,2II_F.1.1.2,2II_F,2II,OR138997,10162,99.86242138,2022,Brazil,Brazil,OR138997,2022
17,OR138998.1|2021-07-14,2II_F.1.1.2,2II_F,2II,OR138998,10220,100.4323899,2021,Brazil,Brazil,OR138998,2021
18,OR125606.1|2023-05-06,2II_F.1.3,2II_F,2II,OR125606,10723,105.3753931,2023,China: Guangzhou,China,OR125606,2023
19,OQ782198.1|2019-07-06,2III_D.1.2,2III_D,2III,OQ782198,10176,100,2019,Nicaragua: Managua,Nicaragua,OQ782198,2019
20,OQ782199.1|2019-07-25,2III_D.1.2,2III_D,2III,OQ782199,10176,100,2019,Nicaragua: Managua,Nicaragua,OQ782199,2019
21,OQ782200.1|2019-07-24,2III_D.1.2,2III_D,2III,OQ782200,10176,100,2019,Nicaragua: Managua,Nicaragua,OQ782200,2019
22,OQ782201.1|2019-07-31,2III_D.1.2,2III_D,2III,OQ782201,10176,100,2019,Nicaragua: Managua,Nicaragua,OQ782201,2019
23,OQ782202.1|2018-11-08,2III_D.1.2,2III_D,2III,OQ782202,10689,105.0412736,2018,Nicaragua: Managua,Nicaragua,OQ782202,2018
24,OQ782203.1|2018-10-25,2III_D.1.2,2III_D,2III,OQ782203,10724,105.3852201,2018,Nicaragua: Managua,Nicaragua,OQ782203,2018
25,OQ782204.1|2019-07-04,2III_D.1.2,2III_D,2III,OQ782204,10176,100,2019,Nicaragua: Managua,Nicaragua,OQ782204,2019
26,OQ782205.1|2019-07-29,2III_D.1.2,2III_D,2III,OQ782205,10176,100,2019,Nicaragua: Managua,Nicaragua,OQ782205,2019
27,OQ782206.1|2018-09-07,2III_D.1.2,2III_D,2III,OQ782206,10701,105.1591981,2018,Nicaragua: Managua,Nicaragua,OQ782206,2018
28,OQ782207.1|2018-12-04,2III_D.1.2,2III_D,2III,OQ782207,10721,105.355739,2018,Nicaragua: Managua,Nicaragua,OQ782207,2018
29,OQ782208.1|2019-07-22,2III_D.1.2,2III_D,2III,OQ782208,10176,100,2019,Nicaragua: Managua,Nicaragua,OQ782208,2019
30,OQ782209.1|2019-07-13,2III_D.1.2,2III_D,2III,OQ782209,10176,100,2019,Nicaragua: Managua,Nicaragua,OQ782209,2019
31,OQ782210.1|2019-07-05,2III_D.1.2,2III_D,2III,OQ782210,10176,100,2019,Nicaragua: Managua,Nicaragua,OQ782210,2019
32,OQ782211.1|2019-01-01,2III_D.1.2,2III_D,2III,OQ782211,10176,100,2019,Nicaragua: Managua,Nicaragua,OQ782211,2019
33,OQ782212.1|2018-11-06,2III_D.1.2,2III_D,2III,OQ782212,10686,105.0117925,2018,Nicaragua: Managua,Nicaragua,OQ782212,2018
34,OQ782213.1|2019-08-05,2III_D.1.2,2III_D,2III,OQ782213,10176,100,2019,Nicaragua: Managua,Nicaragua,OQ782213,2019
35,OQ782214.1|2018-11-22,2III_D.1.2,2III_D,2III,OQ782214,10673,104.8840409,2018,Nicaragua: Managua,Nicaragua,OQ782214,2018
36,OQ782215.1|2019-07-22,2III_D.1.2,2III_D,2III,OQ782215,10176,100,2019,Nicaragua: Managua,Nicaragua,OQ782215,2019
37,OQ782216.1|2018-09-10,2III_D.1.2,2III_D,2III,OQ782216,10668,104.8349057,2018,Nicaragua: Managua,Nicaragua,OQ782216,2018
38,OQ782217.1|2018-12-04,2III_D.1.2,2III_D,2III,OQ782217,10724,105.3852201,2018,Nicaragua: Leon,Nicaragua,OQ782217,2018
39,OQ782218.1|2018-12-04,2III_D.1.2,2III_D,2III,OQ782218,10686,105.0117925,2018,Nicaragua: Leon,Nicaragua,OQ782218,2018
40,OQ782219.1|2018-12-04,2III_D.1.2,2III_D,2III,OQ782219,10724,105.3852201,2018,Nicaragua: Leon,Nicaragua,OQ782219,2018
41,OQ782220.1|2018-12-04,2III_D.1.2,2III_D,2III,OQ782220,10724,105.3852201,2018,Nicaragua: Leon,Nicaragua,OQ782220,2018
42,OQ782221.1|2019-07-10,2III_D.1.2,2III_D,2III,OQ782221,10176,100,2019,Nicaragua: Managua,Nicaragua,OQ782221,2019
43,OQ782222.1|2018-12-04,2III_D.1.2,2III_D,2III,OQ782222,10724,105.3852201,2018,Nicaragua: Leon,Nicaragua,OQ782222,2018
44,OQ782223.1|2018-12-06,2III_D.1.2,2III_D,2III,OQ782223,10724,105.3852201,2018,Nicaragua: Leon,Nicaragua,OQ782223,2018
45,OQ782224.1|2019-07-25,2III_D.1.2,2III_D,2III,OQ782224,10176,100,2019,Nicaragua: Managua,Nicaragua,OQ782224,2019
46,OQ782225.1|2019-08-07,2III_D.1.2,2III_D,2III,OQ782225,10176,100,2019,Nicaragua: Managua,Nicaragua,OQ782225,2019
47,OQ782226.1|2019-07-25,2III_D.1.2,2III_D,2III,OQ782226,10176,100,2019,Nicaragua: Managua,Nicaragua,OQ782226,2019
48,OQ782227.1|2018-12-03,2III_D.1.2,2III_D,2III,OQ782227,10724,105.3852201,2018,Nicaragua: Managua,Nicaragua,OQ782227,2018
49,OQ782228.1|2018-11-28,2III_D.1.2,2III_D,2III,OQ782228,10724,105.3852201,2018,Nicaragua: Leon,Nicaragua,OQ782228,2018
50,OQ782229.1|2018-11-24,2III_D.1.2,2III_D,2III,OQ782229,10676,104.913522,2018,Nicaragua: Managua,Nicaragua,OQ782229,2018
51,OQ603269.1|2013-02-23,2III_D.2,2III_D,2III,OQ603269,10723,105.3753931,2013,Colombia: Meta,Colombia,OQ603269,2013
52,OQ603270.1|2013-03-24,2III_D.3,2III_D,2III,OQ603270,10724,105.3852201,2013,Colombia: Cauca,Colombia,OQ603270,2013
53,OQ603271.1|2013-04-20,2III_D.3,2III_D,2III,OQ603271,10723,105.3753931,2013,Colombia: Putumayo,Colombia,OQ603271,2013
54,OQ603272.1|2013-07-09,2III_D.3,2III_D,2III,OQ603272,10722,105.365566,2013,Colombia: Putumayo,Colombia,OQ603272,2013
55,OQ603273.1|2013-08-06,2III_D.3,2III_D,2III,OQ603273,10725,105.3950472,2013,Colombia: Tolima,Colombia,OQ603273,2013
56,OQ603274.1|2013-08-07,2III_D.3,2III_D,2III,OQ603274,10723,105.3753931,2013,Colombia: Cundinamarca,Colombia,OQ603274,2013
57,OQ603275.1|2013-09-18,2III_D.2,2III_D,2III,OQ603275,9967,97.9461478,2013,Colombia: Risaralda,Colombia,OQ603275,2013
58,OQ603276.1|2013-10-26,2III_D.3,2III_D,2III,OQ603276,9814,96.44261006,2013,Colombia: Tolima,Colombia,OQ603276,2013
59,OQ603277.1|2013,2III_D.3,2III_D,2III,OQ603277,10724,105.3852201,2013,Colombia: Caldas,Colombia,OQ603277,2013
60,OQ603278.1|2014-01-14,2III_D.3,2III_D,2III,OQ603278,10698,105.129717,2014,Colombia: Tolima,Colombia,OQ603278,2014
61,OQ603279.1|2014-09-18,2III_D.3,2III_D,2III,OQ603279,10725,105.3950472,2014,Colombia: Meta,Colombia,OQ603279,2014
62,OQ603280.1|2015-08-20,2III_D.3,2III_D,2III,OQ603280,10274,100.9630503,2015,Colombia: Risaralda,Colombia,OQ603280,2015
63,OQ603281.1|2015,2III_D.3,2III_D,2III,OQ603281,10725,105.3950472,2015,Colombia: Huila,Colombia,OQ603281,2015
64,OQ603282.1|2015-08-25,2III_D.3,2III_D,2III,OQ603282,10699,105.139544,2015,Colombia: Tolima,Colombia,OQ603282,2015
65,OQ603283.1|2015-09-05,2III_D.3,2III_D,2III,OQ603283,10724,105.3852201,2015,Colombia: Putumayo,Colombia,OQ603283,2015
66,OQ603284.1|2015,2III_D.3,2III_D,2III,OQ603284,10590,104.0683962,2015,Colombia: Huila,Colombia,OQ603284,2015
67,OQ603285.1|2015,2III_D.3,2III_D,2III,OQ603285,10230,100.5306604,2015,Colombia: Huila,Colombia,OQ603285,2015
68,OQ603286.1|2015,2III_D.2,2III_D,2III,OQ603286,10698,105.129717,2015,Colombia: Bolivar,Colombia,OQ603286,2015
69,OQ603287.1|2015-08-27,2III_D.2,2III_D,2III,OQ603287,9579,94.13325472,2015,Colombia: Bolivar,Colombia,OQ603287,2015
70,OQ603288.1|2015-11-01,2III_D.3,2III_D,2III,OQ603288,10725,105.3950472,2015,Colombia: Huila,Colombia,OQ603288,2015
71,OQ603289.1|2016-01-04,2III_D.2,2III_D,2III,OQ603289,10699,105.139544,2016,Colombia: Arauca,Colombia,OQ603289,2016
72,OQ603290.1|2016-01-28,2III_D.3,2III_D,2III,OQ603290,10725,105.3950472,2016,Colombia: Narino,Colombia,OQ603290,2016
73,OQ603291.1|2016-01-16,2III_D.3,2III_D,2III,OQ603291,10568,103.8522013,2016,Colombia: Caqueta,Colombia,OQ603291,2016
74,OQ603292.1|2016,2III_D.2,2III_D,2III,OQ603292,10696,105.1100629,2016,Colombia: Guaviare,Colombia,OQ603292,2016
75,OQ603293.1|2016-05-15,2III_D.3,2III_D,2III,OQ603293,10699,105.139544,2016,Colombia: Tolima,Colombia,OQ603293,2016
76,OQ603294.1|2016-05-29,2III_D.3,2III_D,2III,OQ603294,10485,103.0365566,2016,Colombia: Quindio,Colombia,OQ603294,2016
77,OQ603295.1|2016-08-16,2III_D.2,2III_D,2III,OQ603295,10447,102.6631289,2016,Colombia: Casanare,Colombia,OQ603295,2016
78,OQ603296.1|2016-07-14,2III_D.2,2III_D,2III,OQ603296,10612,104.2845912,2016,Colombia: Boyaca,Colombia,OQ603296,2016
79,OQ603297.1|2016-07-22,2III_D.2,2III_D,2III,OQ603297,10622,104.3828616,2016,Colombia: Casanare,Colombia,OQ603297,2016
80,OQ603298.1|2016-07-22,2III_D.2,2III_D,2III,OQ603298,10423,102.4272799,2016,Colombia: Boyaca,Colombia,OQ603298,2016
81,OQ603299.1|2016-07-22,2III_D.2,2III_D,2III,OQ603299,10096,99.21383648,2016,Colombia: Boyaca,Colombia,OQ603299,2016
82,OQ603300.1|2016-08-18,2III_D.3,2III_D,2III,OQ603300,10696,105.1100629,2016,Colombia: Huila,Colombia,OQ603300,2016
83,OQ603301.1|2016-08-23,2III_D.3,2III_D,2III,OQ603301,10513,103.3117138,2016,Colombia: Huila,Colombia,OQ603301,2016
84,OQ603302.1|2016-08-18,2III_D.2,2III_D,2III,OQ603302,10383,102.0341981,2016,Colombia: Norte de Santander,Colombia,OQ603302,2016
85,OR039496.1|2022-03-24,2II_F.1.1.2,2II_F,2II,OR039496,10520,103.3805031,2022,"Brazil: Parana, Pontal Do Parana",Brazil,OR039496,2022
86,OR039497.1|2022-03-28,2II_F.1.1.2,2II_F,2II,OR039497,10515,103.3313679,2022,"Brazil: Parana, Pontal Do Parana",Brazil,OR039497,2022
87,OR039498.1|2022-03-30,2II_F.1.1.2,2II_F,2II,OR039498,10518,103.3608491,2022,"Brazil: Parana, Pontal Do Parana",Brazil,OR039498,2022
88,OR039499.1|2022-03-30,2II_F.1.1.2,2II_F,2II,OR039499,10508,103.2625786,2022,"Brazil: Parana, Pontal Do Parana",Brazil,OR039499,2022
89,OR039500.1|2022-03-28,2II_F.1.1.2,2II_F,2II,OR039500,10520,103.3805031,2022,"Brazil: Santa Catarina, Itapema",Brazil,OR039500,2022
90,OR039501.1|2022-04-01,2II_F.1.1.2,2II_F,2II,OR039501,10199,100.226022,2022,"Brazil: Parana, Pontal Do Parana",Brazil,OR039501,2022
91,OR039502.1|2022-04-01,2II_F.1.1.2,2II_F,2II,OR039502,10520,103.3805031,2022,"Brazil: Parana, Pontal Do Parana",Brazil,OR039502,2022
92,OR039503.1|2022-04-02,2II_F.1.1.2,2II_F,2II,OR039503,10495,103.134827,2022,"Brazil: Parana, Pontal Do Parana",Brazil,OR039503,2022
93,OR039504.1|2022-04-02,2II_F.1.1.2,2II_F,2II,OR039504,10127,99.51847484,2022,"Brazil: Parana, Pontal Do Parana",Brazil,OR039504,2022
94,OR039505.1|2022-04-01,2II_F.1.1.2,2II_F,2II,OR039505,10520,103.3805031,2022,"Brazil: Parana, Pontal Do Parana",Brazil,OR039505,2022
95,OR039506.1|2022-04-03,2II_F.1.1.2,2II_F,2II,OR039506,10520,103.3805031,2022,"Brazil: Parana, Pontal Do Parana",Brazil,OR039506,2022
96,OR039507.1|2022-04-13,2II_F.1.1.2,2II_F,2II,OR039507,10520,103.3805031,2022,"Brazil: Parana, Sao Jose Dos Pinhais",Brazil,OR039507,2022
97,OR039508.1|2022-04-22,2II_F.1.1.2,2II_F,2II,OR039508,10515,103.3313679,2022,"Brazil: Parana, Curitiba",Brazil,OR039508,2022
98,OR039509.1|2022-03-08,2II_F.1.1.2,2II_F,2II,OR039509,10520,103.3805031,2022,"Brazil: Parana, Vere",Brazil,OR039509,2022
99,OR039510.1|2022-03-08,2II_F.1.1.2,2II_F,2II,OR039510,10512,103.3018868,2022,"Brazil: Parana, Vere",Brazil,OR039510,2022
100,OR039511.1|2022-04-18,2II_F.1.1.2,2II_F,2II,OR039511,10471,102.898978,2022,"Brazil: Parana, Cascavel",Brazil,OR039511,2022
101,OR039512.1|2023-01-17,2II_F.1.1.2,2II_F,2II,OR039512,10127,99.51847484,2023,"Brazil: Santa Catarina, Chapeco",Brazil,OR039512,2023
102,OR039513.1|2022-04-01,2II_F.1.1.2,2II_F,2II,OR039513,10528,103.4591195,2022,"Brazil: Parana, Toledo",Brazil,OR039513,2022
103,OR039514.1|2022-04-05,2II_F.1.1.2,2II_F,2II,OR039514,10520,103.3805031,2022,"Brazil: Parana, Cruzeiro Do Iguacu",Brazil,OR039514,2022
104,OR039515.1|2022-04-11,2II_F.1.1.2,2II_F,2II,OR039515,10363,101.8376572,2022,"Brazil: Parana, Pontal Do Parana",Brazil,OR039515,2022
105,OR039516.1|2022-04-18,2II_F.1.1.2,2II_F,2II,OR039516,10528,103.4591195,2022,"Brazil: Parana, Londrina",Brazil,OR039516,2022
106,OR039517.1|2022-05-08,2II_F.1.1.2,2II_F,2II,OR039517,10528,103.4591195,2022,"Brazil: Parana, Toledo",Brazil,OR039517,2022
107,OR039518.1|2023-03-12,2II_F.1.1.2,2II_F,2II,OR039518,10528,103.4591195,2023,"Brazil: Santa Catarina, Sao Jose",Brazil,OR039518,2023
108,OR029720.1|2019-08-16,2II_F.1.1,2II_F,2II,OR029720,10662,104.7759434,2019,China,China,OR029720,2019
109,OR029721.1|2019-08-16,2II_F.1.1,2II_F,2II,OR029721,10644,104.5990566,2019,China,China,OR029721,2019
110,OR029722.1|2019-08-17,2II_F.1.1,2II_F,2II,OR029722,10656,104.7169811,2019,China,China,OR029722,2019
111,OR029723.1|2019-08-17,2II_F.1.1,2II_F,2II,OR029723,10666,104.8152516,2019,China,China,OR029723,2019
112,OR029724.1|2019-08-19,2II_F.1.1,2II_F,2II,OR029724,10661,104.7661164,2019,China,China,OR029724,2019
113,OR029725.1|2019-08-19,2II_F.1.1,2II_F,2II,OR029725,10659,104.7464623,2019,China,China,OR029725,2019
114,OR029726.1|2019-08-19,2II_F.1.1,2II_F,2II,OR029726,10654,104.697327,2019,China,China,OR029726,2019
115,OR029727.1|2019-08-19,2II_F.1.1,2II_F,2II,OR029727,10649,104.6481918,2019,China,China,OR029727,2019
116,OR029728.1|2019-08-20,2II_F.1.1,2II_F,2II,OR029728,10658,104.7366352,2019,China,China,OR029728,2019
117,OR029729.1|2019-08-20,2II_F.1.1,2II_F,2II,OR029729,10672,104.8742138,2019,China,China,OR029729,2019
118,OR029730.1|2019-08-20,2II_F.1.1,2II_F,2II,OR029730,10659,104.7464623,2019,China,China,OR029730,2019
119,OR029731.1|2019-08-21,2II_F.1.1,2II_F,2II,OR029731,10658,104.7366352,2019,China,China,OR029731,2019
120,OR029732.1|2019-08-21,2II_F.1.1,2II_F,2II,OR029732,10659,104.7464623,2019,China,China,OR029732,2019
121,OR029733.1|2019-08-22,2II_F.1.1,2II_F,2II,OR029733,10661,104.7661164,2019,China,China,OR029733,2019
122,OR029734.1|2019-08-22,2II_F.1.1,2II_F,2II,OR029734,10658,104.7366352,2019,China,China,OR029734,2019
123,OR029735.1|2019-08-22,2II_F.1.1,2II_F,2II,OR029735,10657,104.7268082,2019,China,China,OR029735,2019
124,OR029736.1|2019-08-21,2II_F.1.1,2II_F,2II,OR029736,10656,104.7169811,2019,China,China,OR029736,2019
125,OR029737.1|2019-08-06,2II_F.1.1,2II_F,2II,OR029737,10667,104.8250786,2019,China,China,OR029737,2019
126,OR029738.1|2019-08-12,2II_F.1.1,2II_F,2II,OR029738,10659,104.7464623,2019,China,China,OR029738,2019
127,OR029739.1|2019-08-14,2II_F.1.1,2II_F,2II,OR029739,10658,104.7366352,2019,China,China,OR029739,2019
128,OR029740.1|2019-08-15,2II_F.1.1,2II_F,2II,OR029740,10673,104.8840409,2019,China,China,OR029740,2019
129,OR029741.1|2019-08-17,2II_F.1.1,2II_F,2II,OR029741,10658,104.7366352,2019,China,China,OR029741,2019
130,OR025600.1|2023-03-23,2II_F.1.1.2,2II_F,2II,OR025600,10176,100,2023,"Brazil: Santa Catarina, Uniao do Oeste",Brazil,OR025600,2023
131,OR025667.1|2023-03-17,2III_C.1.1,2III_C,2III,OR025667,10415,102.3486635,2023,"Brazil: Rio de Janeiro, Rio de Janeiro",Brazil,OR025667,2023
132,OR025668.1|2023-04-04,2III_C.1.1,2III_C,2III,OR025668,10415,102.3486635,2023,"Brazil: Rio de Janeiro, Paracambi",Brazil,OR025668,2023
133,OR025669.1|2023-03-27,2II_F.1.1.2,2II_F,2II,OR025669,10415,102.3486635,2023,"Brazil: Sergipe, Sao Cristovao",Brazil,OR025669,2023
134,OR025670.1|2023-03-27,2II_F.1.1.2,2II_F,2II,OR025670,10415,102.3486635,2023,"Brazil: Sergipe, Sao Cristovao",Brazil,OR025670,2023
135,OR025671.1|2023-02-13,2III_C.1.1,2III_C,2III,OR025671,10415,102.3486635,2023,"Brazil: Sao Paulo, Franco da Rocha",Brazil,OR025671,2023
136,OR025672.1|2023-03-05,2II_F.1.1.2,2II_F,2II,OR025672,10415,102.3486635,2023,"Brazil: Sao Paulo, Guarulhos",Brazil,OR025672,2023
137,OR025673.1|2023-03-13,2III_C.1.1,2III_C,2III,OR025673,10415,102.3486635,2023,"Brazil: Sao Paulo, Sorocaba",Brazil,OR025673,2023
138,OR025674.1|2023-03-14,2II_F.1.1.2,2II_F,2II,OR025674,10415,102.3486635,2023,"Brazil: Sao Paulo, Guarulhos",Brazil,OR025674,2023
139,OR025675.1|2023-03-16,2II_F.1.1.2,2II_F,2II,OR025675,10415,102.3486635,2023,"Brazil: Sao Paulo, Sao Paulo",Brazil,OR025675,2023
140,OR025676.1|2023-04-19,2II_F.1.1.2,2II_F,2II,OR025676,10415,102.3486635,2023,"Brazil: Sao Paulo, Sao Paulo",Brazil,OR025676,2023
141,ON231305.1|2018-10-29,2II_B,2II_B,2II,ON231305,10176,100,2018,Senegal,Senegal,ON231305,2018
142,MZ130518.1|2019-05-14,2II_A.1.1.1,2II_A,2II,MZ130518,10597,104.1371855,2019,Reunion,Reunion,MZ130518,2019
143,MZ130519.1|2019-03-05,2II_D.1.2,2II_D,2II,MZ130519,10598,104.1470126,2019,Mozambique,Mozambique,MZ130519,2019
144,MZ130520.1|2016-04-11,2II_A.2.1,2II_A,2II,MZ130520,10597,104.1371855,2016,Democratic Republic of the Congo,Democratic Republic of the Congo,MZ130520,2016
145,MZ130521.1|2016-06-20,2II_A.2.1,2II_A,2II,MZ130521,10597,104.1371855,2016,Democratic Republic of the Congo,Democratic Republic of the Congo,MZ130521,2016
146,MZ130522.1|2017-11-07,2II_F.1.1,2II_F,2II,MZ130522,10597,104.1371855,2017,Egypt,Egypt,MZ130522,2017
147,MZ130523.1|2014-10-20,2III_C.1,2III_C,2III,MZ130523,10597,104.1371855,2014,Cameroon,Cameroon,MZ130523,2014
148,MZ130524.1|2019-07-09,2II_B,2II_B,2II,MZ130524,10597,104.1371855,2019,Benin,Benin,MZ130524,2019
149,MZ130525.1|2019-12-29,2II_B,2II_B,2II,MZ130525,10597,104.1371855,2019,Cameroon,Cameroon,MZ130525,2019
150,MZ130526.1|2014-05-21,2II_D.1.2,2II_D,2II,MZ130526,10597,104.1371855,2014,Tanzania,Tanzania,MZ130526,2014
151,MZ130527.1|2019-01-05,2II_A.1.1.1,2II_A,2II,MZ130527,10597,104.1371855,2019,Reunion,Reunion,MZ130527,2019
152,MZ130528.1|2018-06-24,2II_A.2.2,2II_A,2II,MZ130528,10597,104.1371855,2018,Djibouti,Djibouti,MZ130528,2018
153,MZ130529.1|2017-04-30,2II_A.2.1,2II_A,2II,MZ130529,10597,104.1371855,2017,Democratic Republic of the Congo,Democratic Republic of the Congo,MZ130529,2017
154,OQ821381.1|2016-07-28,2III_D.3,2III_D,2III,OQ821381,10512,103.3018868,2016,Colombia,Colombia,OQ821381,2016
155,OQ821382.1|2016-08-01,2III_D.1.1,2III_D,2III,OQ821382,10512,103.3018868,2016,Costa Rica,Costa Rica,OQ821382,2016
156,OQ821383.1|2013-12-01,2III_D.1.2,2III_D,2III,OQ821383,10512,103.3018868,2013,Cuba,Cuba,OQ821383,2013
157,OQ821384.1|2017-06-29,2III_C.2,2III_C,2III,OQ821384,10512,103.3018868,2017,Cuba,Cuba,OQ821384,2017
158,OQ821385.1|2018-11-04,2III_C.2,2III_C,2III,OQ821385,10512,103.3018868,2018,Cuba,Cuba,OQ821385,2018
159,OQ821386.1|2018-11-20,2III_C.2,2III_C,2III,OQ821386,10226,100.4913522,2018,Cuba,Cuba,OQ821386,2018
160,OQ821387.1|2018-12-05,2III_C.2,2III_C,2III,OQ821387,10512,103.3018868,2018,Cuba,Cuba,OQ821387,2018
161,OQ821388.1|2019-01-06,2III_C.2,2III_C,2III,OQ821388,10512,103.3018868,2019,Cuba,Cuba,OQ821388,2019
162,OQ821389.1|2019-01-13,2III_C.2,2III_C,2III,OQ821389,10512,103.3018868,2019,Cuba,Cuba,OQ821389,2019
163,OQ821390.1|2019-03-20,2III_C.2,2III_C,2III,OQ821390,10512,103.3018868,2019,Cuba,Cuba,OQ821390,2019
164,OQ821391.1|2019-03-20,2III_C.2,2III_C,2III,OQ821391,10512,103.3018868,2019,Cuba,Cuba,OQ821391,2019
165,OQ821392.1|2019-06-03,2III_D.1.1,2III_D,2III,OQ821392,10646,104.6187107,2019,Cuba,Cuba,OQ821392,2019
166,OQ821393.1|2019-06-07,2III_C.2,2III_C,2III,OQ821393,10512,103.3018868,2019,Cuba,Cuba,OQ821393,2019
167,OQ821394.1|2019-06-29,2III_C.2,2III_C,2III,OQ821394,10606,104.2256289,2019,Cuba,Cuba,OQ821394,2019
168,OQ821395.1|2019-07-10,2III_C.2,2III_C,2III,OQ821395,10512,103.3018868,2019,Cuba,Cuba,OQ821395,2019
169,OQ821396.1|2019-07-10,2III_C.2,2III_C,2III,OQ821396,10154,99.78380503,2019,Cuba,Cuba,OQ821396,2019
170,OQ821397.1|2019-07-11,2III_C.2,2III_C,2III,OQ821397,10512,103.3018868,2019,Cuba,Cuba,OQ821397,2019
171,OQ821398.1|2019-07-15,2III_C.2,2III_C,2III,OQ821398,10512,103.3018868,2019,Cuba,Cuba,OQ821398,2019
172,OQ821399.1|2019-07-21,2III_C.2,2III_C,2III,OQ821399,10512,103.3018868,2019,Cuba,Cuba,OQ821399,2019
173,OQ821400.1|2019-07-22,2III_C.2,2III_C,2III,OQ821400,10512,103.3018868,2019,Cuba,Cuba,OQ821400,2019
174,OQ821401.1|2019-07-24,2III_C.2,2III_C,2III,OQ821401,10512,103.3018868,2019,Cuba,Cuba,OQ821401,2019
175,OQ821402.1|2019-07-27,2III_C.2,2III_C,2III,OQ821402,10512,103.3018868,2019,Cuba,Cuba,OQ821402,2019
176,OQ821403.1|2019-07-27,2III_C.2,2III_C,2III,OQ821403,10512,103.3018868,2019,Cuba,Cuba,OQ821403,2019
177,OQ821404.1|2019-07-28,2III_C.2,2III_C,2III,OQ821404,10512,103.3018868,2019,Cuba,Cuba,OQ821404,2019
178,OQ821405.1|2019-08-01,2III_C.2,2III_C,2III,OQ821405,10512,103.3018868,2019,Cuba,Cuba,OQ821405,2019
179,OQ821406.1|2019-08-03,2III_C.2,2III_C,2III,OQ821406,10512,103.3018868,2019,Cuba,Cuba,OQ821406,2019
180,OQ821407.1|2019-08-03,2III_D.1.1,2III_D,2III,OQ821407,10512,103.3018868,2019,Cuba,Cuba,OQ821407,2019
181,OQ821408.1|2019-08-06,2III_C.2,2III_C,2III,OQ821408,10512,103.3018868,2019,Cuba,Cuba,OQ821408,2019
182,OQ821409.1|2019-08-22,2III_C.2,2III_C,2III,OQ821409,9846,96.75707547,2019,Cuba,Cuba,OQ821409,2019
183,OQ821410.1|2019-08-25,2III_C.2,2III_C,2III,OQ821410,10512,103.3018868,2019,Cuba,Cuba,OQ821410,2019
184,OQ821411.1|2019-08-26,2III_C.2,2III_C,2III,OQ821411,10512,103.3018868,2019,Cuba,Cuba,OQ821411,2019
185,OQ821412.1|2019-08-26,2III_C.2,2III_C,2III,OQ821412,10512,103.3018868,2019,Cuba,Cuba,OQ821412,2019
186,OQ821413.1|2019-08-28,2III_C.2,2III_C,2III,OQ821413,10512,103.3018868,2019,Cuba,Cuba,OQ821413,2019
187,OQ821414.1|2019-08-30,2III_C.2,2III_C,2III,OQ821414,10512,103.3018868,2019,Cuba,Cuba,OQ821414,2019
188,OQ821415.1|2019-08-30,2III_C.2,2III_C,2III,OQ821415,10512,103.3018868,2019,Cuba,Cuba,OQ821415,2019
189,OQ821416.1|2019-09-02,2III_C.2,2III_C,2III,OQ821416,10512,103.3018868,2019,Cuba,Cuba,OQ821416,2019
190,OQ821417.1|2019-09-04,2III_C.2,2III_C,2III,OQ821417,10512,103.3018868,2019,Cuba,Cuba,OQ821417,2019
191,OQ821418.1|2019-09-07,2III_C.2,2III_C,2III,OQ821418,10512,103.3018868,2019,Cuba,Cuba,OQ821418,2019
192,OQ821419.1|2019-09-08,2III_D.1.1,2III_D,2III,OQ821419,10512,103.3018868,2019,Cuba,Cuba,OQ821419,2019
193,OQ821420.1|2019-09-08,2III_D.1.1,2III_D,2III,OQ821420,10512,103.3018868,2019,Cuba,Cuba,OQ821420,2019
194,OQ821421.1|2019-09-13,2III_C.2,2III_C,2III,OQ821421,10512,103.3018868,2019,Cuba,Cuba,OQ821421,2019
195,OQ821422.1|2019-09-13,2III_C.2,2III_C,2III,OQ821422,10512,103.3018868,2019,Cuba,Cuba,OQ821422,2019
196,OQ821423.1|2019-09-14,2III_C.2,2III_C,2III,OQ821423,10512,103.3018868,2019,Cuba,Cuba,OQ821423,2019
197,OQ821424.1|2019-09-16,2III_C.2,2III_C,2III,OQ821424,10204,100.2751572,2019,Cuba,Cuba,OQ821424,2019
198,OQ821425.1|2019-09-16,2III_C.2,2III_C,2III,OQ821425,10556,103.7342767,2019,Cuba,Cuba,OQ821425,2019
199,OQ821426.1|2019-09-18,2III_C.2,2III_C,2III,OQ821426,10512,103.3018868,2019,Cuba,Cuba,OQ821426,2019
200,OQ821427.1|2019-09-18,2III_C.2,2III_C,2III,OQ821427,10512,103.3018868,2019,Cuba,Cuba,OQ821427,2019
201,OQ821428.1|2019-09-18,2III_D.1.1,2III_D,2III,OQ821428,10512,103.3018868,2019,Cuba,Cuba,OQ821428,2019
202,OQ821429.1|2019-09-20,2III_D.1.1,2III_D,2III,OQ821429,10512,103.3018868,2019,Cuba,Cuba,OQ821429,2019
203,OQ821430.1|2019-09-21,2III_C.2,2III_C,2III,OQ821430,10512,103.3018868,2019,Cuba,Cuba,OQ821430,2019
204,OQ821431.1|2019-09-23,2III_C.2,2III_C,2III,OQ821431,10512,103.3018868,2019,Cuba,Cuba,OQ821431,2019
205,OQ821432.1|2019-09-23,2III_C.2,2III_C,2III,OQ821432,10512,103.3018868,2019,Cuba,Cuba,OQ821432,2019
206,OQ821433.1|2019-09-24,2III_C.2,2III_C,2III,OQ821433,10512,103.3018868,2019,Cuba,Cuba,OQ821433,2019
207,OQ821434.1|2019-09-26,2III_D.1.1,2III_D,2III,OQ821434,10512,103.3018868,2019,Cuba,Cuba,OQ821434,2019
208,OQ821435.1|2019-09-28,2III_D.1.1,2III_D,2III,OQ821435,10512,103.3018868,2019,Cuba,Cuba,OQ821435,2019
209,OQ821436.1|2019-09-29,2III_C.2,2III_C,2III,OQ821436,10512,103.3018868,2019,Cuba,Cuba,OQ821436,2019
210,OQ821437.1|2019-09-29,2III_C.2,2III_C,2III,OQ821437,10512,103.3018868,2019,Cuba,Cuba,OQ821437,2019
211,OQ821438.1|2019-10-10,2III_C.2,2III_C,2III,OQ821438,10204,100.2751572,2019,Cuba,Cuba,OQ821438,2019
212,OQ821439.1|2019-10-13,2III_C.2,2III_C,2III,OQ821439,10512,103.3018868,2019,Cuba,Cuba,OQ821439,2019
213,OQ821440.1|2019-10-14,2III_C.2,2III_C,2III,OQ821440,10612,104.2845912,2019,Cuba,Cuba,OQ821440,2019
214,OQ821441.1|2019-10-14,2III_D.1.1,2III_D,2III,OQ821441,10512,103.3018868,2019,Cuba,Cuba,OQ821441,2019
215,OQ821442.1|2019-10-28,2III_D.1.1,2III_D,2III,OQ821442,10604,104.2059748,2019,Cuba,Cuba,OQ821442,2019
216,OQ821443.1|2019-11-09,2III_C.2,2III_C,2III,OQ821443,10641,104.5695755,2019,Cuba,Cuba,OQ821443,2019
217,OQ821444.1|2019-11-13,2III_C.2,2III_C,2III,OQ821444,10512,103.3018868,2019,Cuba,Cuba,OQ821444,2019
218,OQ821445.1|2019-11-13,2III_C.2,2III_C,2III,OQ821445,10512,103.3018868,2019,Cuba,Cuba,OQ821445,2019
219,OQ821446.1|2019-11-24,2III_C.2,2III_C,2III,OQ821446,10512,103.3018868,2019,Cuba,Cuba,OQ821446,2019
220,OQ821447.1|2019-11-25,2III_C.2,2III_C,2III,OQ821447,10512,103.3018868,2019,Cuba,Cuba,OQ821447,2019
221,OQ821448.1|2019-12-11,2III_C.2,2III_C,2III,OQ821448,10154,99.78380503,2019,Cuba,Cuba,OQ821448,2019
222,OQ821449.1|2020-01-15,2III_C.2,2III_C,2III,OQ821449,10512,103.3018868,2020,Cuba,Cuba,OQ821449,2020
223,OQ821450.1|2021-12-22,2III_D.1.1,2III_D,2III,OQ821450,10604,104.2059748,2021,Cuba,Cuba,OQ821450,2021
224,OQ821451.1|2021-12-24,2III_D.1.1,2III_D,2III,OQ821451,10612,104.2845912,2021,Cuba,Cuba,OQ821451,2021
225,OQ821452.1|2022-01-30,2III_C.2,2III_C,2III,OQ821452,10512,103.3018868,2022,Cuba,Cuba,OQ821452,2022
226,OQ821453.1|2022-02-19,2III_D.1.1,2III_D,2III,OQ821453,10594,104.1077044,2022,Cuba,Cuba,OQ821453,2022
227,OQ821454.1|2022-06-13,2III_C.2,2III_C,2III,OQ821454,10563,103.803066,2022,Cuba,Cuba,OQ821454,2022
228,OQ821455.1|2022-06-15,2III_C.2,2III_C,2III,OQ821455,10610,104.2649371,2022,Cuba,Cuba,OQ821455,2022
229,OQ821456.1|2022-06-20,2III_D.1.1,2III_D,2III,OQ821456,10606,104.2256289,2022,Cuba,Cuba,OQ821456,2022
230,OQ821457.1|2022-06-28,2III_D.1.1,2III_D,2III,OQ821457,10608,104.245283,2022,Cuba,Cuba,OQ821457,2022
231,OQ821458.1|2022-06-28,2III_D.1.1,2III_D,2III,OQ821458,10610,104.2649371,2022,Cuba,Cuba,OQ821458,2022
232,OQ821459.1|2022-06-28,2III_D.1.1,2III_D,2III,OQ821459,10512,103.3018868,2022,Cuba,Cuba,OQ821459,2022
233,OQ821460.1|2022-07-04,2III_C.2,2III_C,2III,OQ821460,10604,104.2059748,2022,Cuba,Cuba,OQ821460,2022
234,OQ821461.1|2022-07-06,2III_C.2,2III_C,2III,OQ821461,10609,104.2551101,2022,Cuba,Cuba,OQ821461,2022
235,OQ821462.1|2022-07-06,2III_C.2,2III_C,2III,OQ821462,10512,103.3018868,2022,Cuba,Cuba,OQ821462,2022
236,OQ821463.1|2022-07-14,2III_D.1.1,2III_D,2III,OQ821463,10608,104.245283,2022,Cuba,Cuba,OQ821463,2022
237,OQ821464.1|2022-07-26,2III_D.1.1,2III_D,2III,OQ821464,10512,103.3018868,2022,Cuba,Cuba,OQ821464,2022
238,OQ821465.1|2022-08-01,2III_D.1.1,2III_D,2III,OQ821465,9246,90.86084906,2022,Cuba,Cuba,OQ821465,2022
239,OQ821466.1|2022-08-05,2III_D.1.1,2III_D,2III,OQ821466,10512,103.3018868,2022,Cuba,Cuba,OQ821466,2022
240,OQ821467.1|2022-08-08,2III_C.2,2III_C,2III,OQ821467,10512,103.3018868,2022,Cuba,Cuba,OQ821467,2022
241,OQ821468.1|2022-08-18,2III_C.2,2III_C,2III,OQ821468,10512,103.3018868,2022,Cuba,Cuba,OQ821468,2022
242,OQ821469.1|2022-08-26,2III_C.2,2III_C,2III,OQ821469,10512,103.3018868,2022,Cuba,Cuba,OQ821469,2022
243,OQ821470.1|2022-09-26,2III_D.1.1,2III_D,2III,OQ821470,10512,103.3018868,2022,Cuba,Cuba,OQ821470,2022
244,OQ821471.1|2022-11-30,2III_D.1.1,2III_D,2III,OQ821471,10512,103.3018868,2022,Cuba,Cuba,OQ821471,2022
245,OQ821472.1|2014-01-12,2III_C.1,2III_C,2III,OQ821472,10512,103.3018868,2014,Dominican Republic,Dominican Republic,OQ821472,2014
246,OQ821473.1|2022-09-03,2III_C.1.2,2III_C,2III,OQ821473,10512,103.3018868,2022,Dominican Republic,Dominican Republic,OQ821473,2022
247,OQ821474.1|2017-04-22,2III_D.1.2,2III_D,2III,OQ821474,10512,103.3018868,2017,Guatemala,Guatemala,OQ821474,2017
248,OQ821475.1|2015-10-28,2III_C.1.2,2III_C,2III,OQ821475,10512,103.3018868,2015,Haiti,Haiti,OQ821475,2015
249,OQ821476.1|2014-10-14,2III_D.1.2,2III_D,2III,OQ821476,10512,103.3018868,2014,Honduras,Honduras,OQ821476,2014
250,OQ821477.1|2019-07-12,2III_D.1.2,2III_D,2III,OQ821477,10512,103.3018868,2019,Honduras,Honduras,OQ821477,2019
251,OQ821478.1|2019-08-02,2III_D.1.2,2III_D,2III,OQ821478,10512,103.3018868,2019,Honduras,Honduras,OQ821478,2019
252,OQ821479.1|2019-08-27,2III_D.1.2,2III_D,2III,OQ821479,10512,103.3018868,2019,Honduras,Honduras,OQ821479,2019
253,OQ821480.1|2017-09-08,2II_A.2.1,2II_A,2II,OQ821480,10512,103.3018868,2017,India,India,OQ821480,2017
254,OQ821481.1|2022-07-01,2II_F.1.1,2II_F,2II,OQ821481,10611,104.2747642,2022,India,India,OQ821481,2022
255,OQ821482.1|2022-08-19,2II_F.1.1,2II_F,2II,OQ821482,10512,103.3018868,2022,India,India,OQ821482,2022
256,OQ821483.1|2019-08-19,2III_D.1.2,2III_D,2III,OQ821483,10512,103.3018868,2019,Mexico,Mexico,OQ821483,2019
257,OQ821484.1|2019-11-06,2III_D.1.2,2III_D,2III,OQ821484,10512,103.3018868,2019,Mexico,Mexico,OQ821484,2019
258,OQ821485.1|2022-07-06,2III_D.1.2,2III_D,2III,OQ821485,10512,103.3018868,2022,Mexico,Mexico,OQ821485,2022
259,OQ821486.1|2019-06-06,2III_D.1.2,2III_D,2III,OQ821486,10512,103.3018868,2019,Nicaragua,Nicaragua,OQ821486,2019
260,OQ821487.1|2019-07-14,2III_D.1.2,2III_D,2III,OQ821487,10604,104.2059748,2019,Nicaragua,Nicaragua,OQ821487,2019
261,OQ821488.1|2019-08-12,2III_D.1.2,2III_D,2III,OQ821488,10512,103.3018868,2019,Nicaragua,Nicaragua,OQ821488,2019
262,OQ821489.1|2019-08-27,2III_D.1.2,2III_D,2III,OQ821489,10512,103.3018868,2019,Nicaragua,Nicaragua,OQ821489,2019
263,OQ821490.1|2019-09-05,2III_D.1.2,2III_D,2III,OQ821490,10512,103.3018868,2019,Nicaragua,Nicaragua,OQ821490,2019
264,OQ821491.1|2019-09-15,2III_D.1.2,2III_D,2III,OQ821491,10512,103.3018868,2019,Nicaragua,Nicaragua,OQ821491,2019
265,OQ821492.1|2019-12-13,2III_D.1.2,2III_D,2III,OQ821492,10610,104.2649371,2019,Nicaragua,Nicaragua,OQ821492,2019
266,OQ821493.1|2019-07-31,2II_C.1,2II_C,2II,OQ821493,10525,103.4296384,2019,Philippines,Philippines,OQ821493,2019
267,OQ821494.1|2010-07-30,2III_B,2III_B,2III,OQ821494,10533,103.5082547,2010,Puerto Rico,USA,OQ821494,2010
268,OQ821495.1|2014-02-09,2III_C.2,2III_C,2III,OQ821495,10512,103.3018868,2014,Puerto Rico,USA,OQ821495,2014
269,OQ821496.1|2019-07-11,2III_D.1.1,2III_D,2III,OQ821496,10512,103.3018868,2019,USA: Florida,USA,OQ821496,2019
270,OQ821497.1|2019-08-29,2III_D.1.2,2III_D,2III,OQ821497,10512,103.3018868,2019,USA: Florida,USA,OQ821497,2019
271,OQ821498.1|2019-09-14,2III_D.1.2,2III_D,2III,OQ821498,10512,103.3018868,2019,USA: Florida,USA,OQ821498,2019
272,OQ821499.1|2019-12-10,2III_C.2,2III_C,2III,OQ821499,10512,103.3018868,2019,USA: Florida,USA,OQ821499,2019
273,OQ821500.1|2015-08-31,2III_D.2,2III_D,2III,OQ821500,10512,103.3018868,2015,Venezuela,Venezuela,OQ821500,2015
274,OQ821501.1|2016-01-23,2III_D.2,2III_D,2III,OQ821501,10512,103.3018868,2016,Venezuela,Venezuela,OQ821501,2016
275,OQ813507.1|2021-11-20,2III_D.2,2III_D,2III,OQ813507,10605,104.2158019,2021,Colombia,Colombia,OQ813507,2021
276,OQ786047.1|2023-01-18,2II_F.1.1.2,2II_F,2II,OQ786047,10395,102.1521226,2023,"Brazil: Sao Paulo, Sao Caetano do Sul",Brazil,OQ786047,2023
277,OQ786048.1|2023-01-22,2II_F.1.1.2,2II_F,2II,OQ786048,10425,102.446934,2023,"Brazil: Sao Paulo, Guarulhos",Brazil,OQ786048,2023
278,OQ740546.1|2022-03-31,2III_C.1.2,2III_C,2III,OQ740546,10514,103.3215409,2022,Dominican Republic,Dominican Republic,OQ740546,2022
279,OQ740547.1|2022-03-31,2III_C.1.2,2III_C,2III,OQ740547,10514,103.3215409,2022,Dominican Republic,Dominican Republic,OQ740547,2022
280,OQ740548.1|2022-04-04,2III_C.1.2,2III_C,2III,OQ740548,10514,103.3215409,2022,Dominican Republic,Dominican Republic,OQ740548,2022
281,OQ740549.1|2022-04-08,2III_C.1.2,2III_C,2III,OQ740549,10514,103.3215409,2022,Dominican Republic,Dominican Republic,OQ740549,2022
282,OQ740550.1|2022-04-08,2III_C.1.2,2III_C,2III,OQ740550,10514,103.3215409,2022,Dominican Republic,Dominican Republic,OQ740550,2022
283,OQ740551.1|2022-04-08,2III_C.1.2,2III_C,2III,OQ740551,10514,103.3215409,2022,Dominican Republic,Dominican Republic,OQ740551,2022
284,OQ740552.1|2022-04-13,2III_C.1.2,2III_C,2III,OQ740552,10514,103.3215409,2022,Dominican Republic,Dominican Republic,OQ740552,2022
285,OQ740553.1|2022-05-11,2III_C.1.2,2III_C,2III,OQ740553,10514,103.3215409,2022,Dominican Republic,Dominican Republic,OQ740553,2022
286,OQ740554.1|2022-05-11,2III_C.1.2,2III_C,2III,OQ740554,10514,103.3215409,2022,Dominican Republic,Dominican Republic,OQ740554,2022
287,OQ740555.1|2022-05-11,2III_C.1.2,2III_C,2III,OQ740555,10514,103.3215409,2022,Dominican Republic,Dominican Republic,OQ740555,2022
288,OQ740556.1|2022-05-20,2III_C.1.2,2III_C,2III,OQ740556,10514,103.3215409,2022,Dominican Republic,Dominican Republic,OQ740556,2022
289,OQ740557.1|2022-05-20,2III_C.1.2,2III_C,2III,OQ740557,9876,97.05188679,2022,Dominican Republic,Dominican Republic,OQ740557,2022
290,OQ733363.1|2022,2II_A.1.1.1,2II_A,2II,OQ733363,10710,105.2476415,2022,India,India,OQ733363,2022
291,OQ733364.1|2022,2II_A.1.1.1,2II_A,2II,OQ733364,10700,105.1493711,2022,India,India,OQ733364,2022
292,OQ733365.1|2022,2II_A.1.1.1,2II_A,2II,OQ733365,10708,105.2279874,2022,India,India,OQ733365,2022
293,OQ683881.1|2020-06-02,2II_F.1.1.1,2II_F,2II,OQ683881,10700,105.1493711,2020,Cambodia,Cambodia,OQ683881,2020
294,OQ678012.1|2019-09-13,2V_A.1.2,2V_A,2V,OQ678012,10666,104.8152516,2019,Cambodia,Cambodia,OQ678012,2019
295,OQ678017.1|2019-10-30,2II_F.1.1,2II_F,2II,OQ678017,10176,100,2019,Cambodia,Cambodia,OQ678017,2019
296,OQ678059.1|2019-10-31,2II_F.1.1,2II_F,2II,OQ678059,10694,105.0904088,2019,Cambodia,Cambodia,OQ678059,2019
297,OQ678101.1|2020-06-03,2II_F.1.1.1,2II_F,2II,OQ678101,10686,105.0117925,2020,Cambodia,Cambodia,OQ678101,2020
298,OQ678102.1|2020-07-30,2II_F.1.1.1,2II_F,2II,OQ678102,10687,105.0216195,2020,Cambodia,Cambodia,OQ678102,2020
299,OQ674509.1|2019-09-08,2II_F.1.1,2II_F,2II,OQ674509,10570,103.8718553,2019,Cambodia,Cambodia,OQ674509,2019
300,OQ653841.1|2022-07-22,2II_F.1.1,2II_F,2II,OQ653841,10571,103.8816824,2022,China: Zhengzhou,China,OQ653841,2022
301,OQ622206.1|2022-04-02,2II_F.1.1.2,2II_F,2II,OQ622206,10414,102.3388365,2022,"Brazil: Sao Paulo, Guapiacu",Brazil,OQ622206,2022
302,OQ622207.1|2022-03-18,2II_F.1.1.2,2II_F,2II,OQ622207,10414,102.3388365,2022,"Brazil: Sao Paulo, Piracicaba",Brazil,OQ622207,2022
303,OQ547234.1|2022,2II_A.1.1.1,2II_A,2II,OQ547234,10704,105.1886792,2022,India,India,OQ547234,2022
304,OQ445885.1|2022-07-19,2III_C.1.2,2III_C,2III,OQ445885,10173,99.97051887,2022,USA: Florida,USA,OQ445885,2022
305,OQ445886.1|2022-08-17,2III_C.2,2III_C,2III,OQ445886,10173,99.97051887,2022,USA: Florida,USA,OQ445886,2022
306,OQ445887.1|2022-08-16,2III_C.2,2III_C,2III,OQ445887,10173,99.97051887,2022,USA: Florida,USA,OQ445887,2022
307,OQ445888.1|2022-08-22,2III_C.2,2III_C,2III,OQ445888,10173,99.97051887,2022,USA: Florida,USA,OQ445888,2022
308,OQ445889.1|2022-07-27,2III_C.2,2III_C,2III,OQ445889,10173,99.97051887,2022,USA: Florida,USA,OQ445889,2022
309,OQ445890.1|2022-08-30,2III_C.2,2III_C,2III,OQ445890,10173,99.97051887,2022,USA: Florida,USA,OQ445890,2022
310,OQ445891.1|2022-09-06,2III_C.2,2III_C,2III,OQ445891,10173,99.97051887,2022,USA: Florida,USA,OQ445891,2022
311,OQ445892.1|2022-09-27,2III_D.1.1,2III_D,2III,OQ445892,10173,99.97051887,2022,USA: Florida,USA,OQ445892,2022
312,OQ445893.1|2022-09-27,2III_D.1.1,2III_D,2III,OQ445893,10173,99.97051887,2022,USA: Florida,USA,OQ445893,2022
313,OQ445894.1|2022-10-27,2III_C.2,2III_C,2III,OQ445894,10173,99.97051887,2022,USA: Florida,USA,OQ445894,2022
314,OQ426757.1|2018-10-15,2II_F.1.1,2II_F,2II,OQ426757,10410,102.2995283,2018,Viet Nam: Nha Trang,Viet Nam,OQ426757,2018
315,OQ426758.1|2018-10-31,2V_A.1.1,2V_A,2V,OQ426758,10410,102.2995283,2018,Viet Nam: Nha Trang,Viet Nam,OQ426758,2018
316,OQ426759.1|2018-11-13,2V_A.1.1,2V_A,2V,OQ426759,10410,102.2995283,2018,Viet Nam: Nha Trang,Viet Nam,OQ426759,2018
317,OQ426760.1|2018-11-21,2V_A.1.1,2V_A,2V,OQ426760,10410,102.2995283,2018,Viet Nam: Nha Trang,Viet Nam,OQ426760,2018
318,OQ426761.1|2018-11-22,2V_A.1.1,2V_A,2V,OQ426761,10410,102.2995283,2018,Viet Nam: Nha Trang,Viet Nam,OQ426761,2018
319,OQ426762.1|2018-11-26,2V_A.1.1,2V_A,2V,OQ426762,10410,102.2995283,2018,Viet Nam: Nha Trang,Viet Nam,OQ426762,2018
320,OQ426763.1|2018-12-06,2V_A.1.1,2V_A,2V,OQ426763,10410,102.2995283,2018,Viet Nam: Nha Trang,Viet Nam,OQ426763,2018
321,OQ426764.1|2018-12-18,2V_A.1.1,2V_A,2V,OQ426764,10410,102.2995283,2018,Viet Nam: Nha Trang,Viet Nam,OQ426764,2018
322,OQ426765.1|2019-01-09,2V_A.1.1,2V_A,2V,OQ426765,10410,102.2995283,2019,Viet Nam: Nha Trang,Viet Nam,OQ426765,2019
323,OQ426766.1|2019-01-09,2II_F.1.1,2II_F,2II,OQ426766,10410,102.2995283,2019,Viet Nam: Nha Trang,Viet Nam,OQ426766,2019
324,OQ426767.1|2019-01-25,2V_A.1.1,2V_A,2V,OQ426767,10410,102.2995283,2019,Viet Nam: Nha Trang,Viet Nam,OQ426767,2019
325,OQ426768.1|2019-02-15,2V_A.1.1,2V_A,2V,OQ426768,10410,102.2995283,2019,Viet Nam: Nha Trang,Viet Nam,OQ426768,2019
326,OQ426769.1|2019-02-20,2V_A.1.1,2V_A,2V,OQ426769,10410,102.2995283,2019,Viet Nam: Nha Trang,Viet Nam,OQ426769,2019
327,OQ426770.1|2019-02-25,2V_A.1.1,2V_A,2V,OQ426770,10410,102.2995283,2019,Viet Nam: Nha Trang,Viet Nam,OQ426770,2019
328,OQ426771.1|2019-02-28,2V_A.1.1,2V_A,2V,OQ426771,10410,102.2995283,2019,Viet Nam: Nha Trang,Viet Nam,OQ426771,2019
329,OQ426772.1|2018-10-22,2V_A.1.1,2V_A,2V,OQ426772,10410,102.2995283,2018,Viet Nam: Nha Trang,Viet Nam,OQ426772,2018
330,OQ426773.1|2018-10-22,2II_F.1.1,2II_F,2II,OQ426773,10410,102.2995283,2018,Viet Nam: Nha Trang,Viet Nam,OQ426773,2018
331,OQ426774.1|2018-11-02,2V_A.1.1,2V_A,2V,OQ426774,10410,102.2995283,2018,Viet Nam: Nha Trang,Viet Nam,OQ426774,2018
332,OQ426775.1|2018-11-22,2V_A.1.1,2V_A,2V,OQ426775,10410,102.2995283,2018,Viet Nam: Nha Trang,Viet Nam,OQ426775,2018
333,OQ426776.1|2018-11-23,2V_A.1.1,2V_A,2V,OQ426776,10410,102.2995283,2018,Viet Nam: Nha Trang,Viet Nam,OQ426776,2018
334,OQ426777.1|2018-11-26,2V_A.1.1,2V_A,2V,OQ426777,10410,102.2995283,2018,Viet Nam: Nha Trang,Viet Nam,OQ426777,2018
335,OQ426778.1|2018-11-28,2V_A.1.1,2V_A,2V,OQ426778,10410,102.2995283,2018,Viet Nam: Nha Trang,Viet Nam,OQ426778,2018
336,OQ426779.1|2018-12-10,2V_A.1.1,2V_A,2V,OQ426779,10410,102.2995283,2018,Viet Nam: Nha Trang,Viet Nam,OQ426779,2018
337,OQ426780.1|2018-12-12,2V_A.1.1,2V_A,2V,OQ426780,10410,102.2995283,2018,Viet Nam: Nha Trang,Viet Nam,OQ426780,2018
338,OQ426781.1|2018-12-15,2V_A.1.1,2V_A,2V,OQ426781,10410,102.2995283,2018,Viet Nam: Nha Trang,Viet Nam,OQ426781,2018
339,OQ426782.1|2018-12-20,2II_F.1.1,2II_F,2II,OQ426782,10410,102.2995283,2018,Viet Nam: Nha Trang,Viet Nam,OQ426782,2018
340,OQ426783.1|2018-12-25,2V_A.1.1,2V_A,2V,OQ426783,10410,102.2995283,2018,Viet Nam: Nha Trang,Viet Nam,OQ426783,2018
341,OQ426784.1|2019-01-02,2V_A.1.1,2V_A,2V,OQ426784,10410,102.2995283,2019,Viet Nam: Nha Trang,Viet Nam,OQ426784,2019
342,OQ426785.1|2019-01-21,2V_A.1.1,2V_A,2V,OQ426785,10410,102.2995283,2019,Viet Nam: Nha Trang,Viet Nam,OQ426785,2019
343,OQ426786.1|2019-01-29,2V_A.1.1,2V_A,2V,OQ426786,10410,102.2995283,2019,Viet Nam: Nha Trang,Viet Nam,OQ426786,2019
344,OQ426787.1|2019-02-18,2V_A.1.1,2V_A,2V,OQ426787,10410,102.2995283,2019,Viet Nam: Nha Trang,Viet Nam,OQ426787,2019
345,OQ426788.1|2019-02-21,2V_A.1.1,2V_A,2V,OQ426788,10410,102.2995283,2019,Viet Nam: Nha Trang,Viet Nam,OQ426788,2019
346,OQ426789.1|2019-02-22,2V_A.1.1,2V_A,2V,OQ426789,10410,102.2995283,2019,Viet Nam: Nha Trang,Viet Nam,OQ426789,2019
347,OQ426791.1|2019-03-04,2V_A.1.1,2V_A,2V,OQ426791,10410,102.2995283,2019,Viet Nam: Nha Trang,Viet Nam,OQ426791,2019
348,OQ426792.1|2018-10-15,2V_A.1.1,2V_A,2V,OQ426792,10410,102.2995283,2018,Viet Nam: Nha Trang,Viet Nam,OQ426792,2018
349,OQ426793.1|2018-12-12,2V_A.1.1,2V_A,2V,OQ426793,10410,102.2995283,2018,Viet Nam: Nha Trang,Viet Nam,OQ426793,2018
350,OQ426794.1|2018-09-18,2V_A.1.1,2V_A,2V,OQ426794,10410,102.2995283,2018,Viet Nam: Nha Trang,Viet Nam,OQ426794,2018
351,OQ426795.1|2019-03-04,2V_A.1.1,2V_A,2V,OQ426795,10392,102.1226415,2019,Viet Nam: Nha Trang,Viet Nam,OQ426795,2019
352,OQ426796.1|2019-03-18,2V_A.1.1,2V_A,2V,OQ426796,10410,102.2995283,2019,Viet Nam: Nha Trang,Viet Nam,OQ426796,2019
353,OQ426797.1|2018-07-12,2V_A.1.1,2V_A,2V,OQ426797,10410,102.2995283,2018,Viet Nam: Nha Trang,Viet Nam,OQ426797,2018
354,OQ426798.1|2018-08-10,2V_A.1.1,2V_A,2V,OQ426798,10410,102.2995283,2018,Viet Nam: Nha Trang,Viet Nam,OQ426798,2018
355,OQ426799.1|2018-08-29,2V_A.1.1,2V_A,2V,OQ426799,10410,102.2995283,2018,Viet Nam: Nha Trang,Viet Nam,OQ426799,2018
356,OQ426800.1|2018-09-07,2V_A.1.1,2V_A,2V,OQ426800,10410,102.2995283,2018,Viet Nam: Nha Trang,Viet Nam,OQ426800,2018
357,OQ426801.1|2018-09-18,2V_A.1.1,2V_A,2V,OQ426801,10410,102.2995283,2018,Viet Nam: Nha Trang,Viet Nam,OQ426801,2018
358,OQ426802.1|2018-09-28,2V_A.1.1,2V_A,2V,OQ426802,10410,102.2995283,2018,Viet Nam: Nha Trang,Viet Nam,OQ426802,2018
359,OQ426803.1|2018-10-04,2V_A.1.1,2V_A,2V,OQ426803,10410,102.2995283,2018,Viet Nam: Nha Trang,Viet Nam,OQ426803,2018
360,OQ426804.1|2018-10-09,2V_A.1.1,2V_A,2V,OQ426804,10410,102.2995283,2018,Viet Nam: Nha Trang,Viet Nam,OQ426804,2018
361,OQ426805.1|2018-10-12,2V_A.1.1,2V_A,2V,OQ426805,10410,102.2995283,2018,Viet Nam: Nha Trang,Viet Nam,OQ426805,2018
362,OQ426806.1|2018-10-12,2V_A.1.1,2V_A,2V,OQ426806,10410,102.2995283,2018,Viet Nam: Nha Trang,Viet Nam,OQ426806,2018
363,OQ426807.1|2018-10-17,2V_A.1.1,2V_A,2V,OQ426807,10410,102.2995283,2018,Viet Nam: Nha Trang,Viet Nam,OQ426807,2018
364,OQ426808.1|2018-10-25,2V_A.1.1,2V_A,2V,OQ426808,10410,102.2995283,2018,Viet Nam: Nha Trang,Viet Nam,OQ426808,2018
365,OQ426809.1|2018-10-26,2V_A.1.1,2V_A,2V,OQ426809,10410,102.2995283,2018,Viet Nam: Nha Trang,Viet Nam,OQ426809,2018
366,OQ426810.1|2018-10-29,2V_A.1.1,2V_A,2V,OQ426810,10410,102.2995283,2018,Viet Nam: Nha Trang,Viet Nam,OQ426810,2018
367,OQ426811.1|2018-10-30,2V_A.1.1,2V_A,2V,OQ426811,10410,102.2995283,2018,Viet Nam: Nha Trang,Viet Nam,OQ426811,2018
368,OQ426812.1|2018-10-30,2V_A.1.1,2V_A,2V,OQ426812,10410,102.2995283,2018,Viet Nam: Nha Trang,Viet Nam,OQ426812,2018
369,OQ426813.1|2018-11-05,2V_A.1.1,2V_A,2V,OQ426813,10410,102.2995283,2018,Viet Nam: Nha Trang,Viet Nam,OQ426813,2018
370,OQ426814.1|2018-11-05,2V_A.1.1,2V_A,2V,OQ426814,10410,102.2995283,2018,Viet Nam: Nha Trang,Viet Nam,OQ426814,2018
371,OQ426815.1|2018-11-05,2V_A.1.1,2V_A,2V,OQ426815,10410,102.2995283,2018,Viet Nam: Nha Trang,Viet Nam,OQ426815,2018
372,OQ426816.1|2018-11-06,2V_A.1.1,2V_A,2V,OQ426816,10410,102.2995283,2018,Viet Nam: Nha Trang,Viet Nam,OQ426816,2018
373,OQ426817.1|2018-11-06,2V_A.1.1,2V_A,2V,OQ426817,10410,102.2995283,2018,Viet Nam: Nha Trang,Viet Nam,OQ426817,2018
374,OQ426818.1|2018-11-06,2V_A.1.1,2V_A,2V,OQ426818,10410,102.2995283,2018,Viet Nam: Nha Trang,Viet Nam,OQ426818,2018
375,OQ426819.1|2018-11-14,2V_A.1.1,2V_A,2V,OQ426819,10410,102.2995283,2018,Viet Nam: Nha Trang,Viet Nam,OQ426819,2018
376,OQ426820.1|2018-11-15,2V_A.1.1,2V_A,2V,OQ426820,10410,102.2995283,2018,Viet Nam: Nha Trang,Viet Nam,OQ426820,2018
377,OQ426821.1|2018-11-15,2V_A.1.1,2V_A,2V,OQ426821,10410,102.2995283,2018,Viet Nam: Nha Trang,Viet Nam,OQ426821,2018
378,OQ426822.1|2018-11-15,2V_A.1.1,2V_A,2V,OQ426822,10410,102.2995283,2018,Viet Nam: Nha Trang,Viet Nam,OQ426822,2018
379,OQ426823.1|2018-11-20,2V_A.1.1,2V_A,2V,OQ426823,10410,102.2995283,2018,Viet Nam: Nha Trang,Viet Nam,OQ426823,2018
380,OQ426824.1|2018-11-20,2V_A.1.1,2V_A,2V,OQ426824,10410,102.2995283,2018,Viet Nam: Nha Trang,Viet Nam,OQ426824,2018
381,OQ426825.1|2018-11-21,2V_A.1.1,2V_A,2V,OQ426825,10410,102.2995283,2018,Viet Nam: Nha Trang,Viet Nam,OQ426825,2018
382,OQ426826.1|2018-11-26,2V_A.1.1,2V_A,2V,OQ426826,10410,102.2995283,2018,Viet Nam: Nha Trang,Viet Nam,OQ426826,2018
383,OQ426827.1|2018-11-26,2V_A.1.1,2V_A,2V,OQ426827,10410,102.2995283,2018,Viet Nam: Nha Trang,Viet Nam,OQ426827,2018
384,OQ426828.1|2018-11-26,2V_A.1.1,2V_A,2V,OQ426828,10410,102.2995283,2018,Viet Nam: Nha Trang,Viet Nam,OQ426828,2018
385,OQ426829.1|2018-11-27,2V_A.1.1,2V_A,2V,OQ426829,10410,102.2995283,2018,Viet Nam: Nha Trang,Viet Nam,OQ426829,2018
386,OQ426830.1|2018-11-27,2V_A.1.1,2V_A,2V,OQ426830,10410,102.2995283,2018,Viet Nam: Nha Trang,Viet Nam,OQ426830,2018
387,OQ426831.1|2018-11-28,2V_A.1.1,2V_A,2V,OQ426831,10410,102.2995283,2018,Viet Nam: Nha Trang,Viet Nam,OQ426831,2018
388,OQ426832.1|2018-11-30,2V_A.1.1,2V_A,2V,OQ426832,10410,102.2995283,2018,Viet Nam: Nha Trang,Viet Nam,OQ426832,2018
389,OQ426833.1|2018-12-04,2V_A.1.1,2V_A,2V,OQ426833,10410,102.2995283,2018,Viet Nam: Nha Trang,Viet Nam,OQ426833,2018
390,OQ426834.1|2018-12-04,2V_A.1.1,2V_A,2V,OQ426834,10410,102.2995283,2018,Viet Nam: Nha Trang,Viet Nam,OQ426834,2018
391,OQ426835.1|2018-12-06,2V_A.1.1,2V_A,2V,OQ426835,10410,102.2995283,2018,Viet Nam: Nha Trang,Viet Nam,OQ426835,2018
392,OQ426836.1|2018-12-10,2V_A.1.1,2V_A,2V,OQ426836,10410,102.2995283,2018,Viet Nam: Nha Trang,Viet Nam,OQ426836,2018
393,OQ426837.1|2018-12-10,2V_A.1.1,2V_A,2V,OQ426837,10410,102.2995283,2018,Viet Nam: Nha Trang,Viet Nam,OQ426837,2018
394,OQ426838.1|2018-12-11,2V_A.1.1,2V_A,2V,OQ426838,10410,102.2995283,2018,Viet Nam: Nha Trang,Viet Nam,OQ426838,2018
395,OQ426839.1|2018-12-11,2V_A.1.1,2V_A,2V,OQ426839,10410,102.2995283,2018,Viet Nam: Nha Trang,Viet Nam,OQ426839,2018
396,OQ426840.1|2018-12-11,2V_A.1.1,2V_A,2V,OQ426840,10410,102.2995283,2018,Viet Nam: Nha Trang,Viet Nam,OQ426840,2018
397,OQ426841.1|2018-12-11,2V_A.1.1,2V_A,2V,OQ426841,10410,102.2995283,2018,Viet Nam: Nha Trang,Viet Nam,OQ426841,2018
398,OQ426843.1|2018-12-12,2V_A.1.1,2V_A,2V,OQ426843,10410,102.2995283,2018,Viet Nam: Nha Trang,Viet Nam,OQ426843,2018
399,OQ426844.1|2018-12-13,2V_A.1.1,2V_A,2V,OQ426844,10410,102.2995283,2018,Viet Nam: Nha Trang,Viet Nam,OQ426844,2018
400,OQ426845.1|2018-12-13,2V_A.1.1,2V_A,2V,OQ426845,10410,102.2995283,2018,Viet Nam: Nha Trang,Viet Nam,OQ426845,2018
401,OQ426846.1|2018-12-17,2V_A.1.1,2V_A,2V,OQ426846,10410,102.2995283,2018,Viet Nam: Nha Trang,Viet Nam,OQ426846,2018
402,OQ426847.1|2018-12-18,2II_F.1.1,2II_F,2II,OQ426847,10410,102.2995283,2018,Viet Nam: Nha Trang,Viet Nam,OQ426847,2018
403,OQ426848.1|2018-12-19,2V_A.1.1,2V_A,2V,OQ426848,10410,102.2995283,2018,Viet Nam: Nha Trang,Viet Nam,OQ426848,2018
404,OQ426849.1|2018-12-20,2V_A.1.1,2V_A,2V,OQ426849,10410,102.2995283,2018,Viet Nam: Nha Trang,Viet Nam,OQ426849,2018
405,OQ426850.1|2018-12-20,2V_A.1.1,2V_A,2V,OQ426850,10410,102.2995283,2018,Viet Nam: Nha Trang,Viet Nam,OQ426850,2018
406,OQ426851.1|2018-12-21,2V_A.1.1,2V_A,2V,OQ426851,10410,102.2995283,2018,Viet Nam: Nha Trang,Viet Nam,OQ426851,2018
407,OQ426852.1|2018-12-25,2V_A.1.1,2V_A,2V,OQ426852,10410,102.2995283,2018,Viet Nam: Nha Trang,Viet Nam,OQ426852,2018
408,OQ426853.1|2018-12-27,2V_A.1.1,2V_A,2V,OQ426853,10410,102.2995283,2018,Viet Nam: Nha Trang,Viet Nam,OQ426853,2018
409,OQ426854.1|2018-12-27,2V_A.1.1,2V_A,2V,OQ426854,10410,102.2995283,2018,Viet Nam: Nha Trang,Viet Nam,OQ426854,2018
410,OQ426855.1|2018-12-28,2V_A.1.1,2V_A,2V,OQ426855,10410,102.2995283,2018,Viet Nam: Nha Trang,Viet Nam,OQ426855,2018
411,OQ426856.1|2019-01-02,2V_A.1.1,2V_A,2V,OQ426856,10410,102.2995283,2019,Viet Nam: Nha Trang,Viet Nam,OQ426856,2019
412,OQ426857.1|2019-01-07,2V_A.1.1,2V_A,2V,OQ426857,10410,102.2995283,2019,Viet Nam: Nha Trang,Viet Nam,OQ426857,2019
413,OQ426858.1|2019-01-07,2V_A.1.1,2V_A,2V,OQ426858,10410,102.2995283,2019,Viet Nam: Nha Trang,Viet Nam,OQ426858,2019
414,OQ426859.1|2019-01-08,2V_A.1.1,2V_A,2V,OQ426859,10410,102.2995283,2019,Viet Nam: Nha Trang,Viet Nam,OQ426859,2019
415,OQ426860.1|2019-01-08,2V_A.1.1,2V_A,2V,OQ426860,10410,102.2995283,2019,Viet Nam: Nha Trang,Viet Nam,OQ426860,2019
416,OQ426861.1|2019-01-10,2V_A.1.1,2V_A,2V,OQ426861,10410,102.2995283,2019,Viet Nam: Nha Trang,Viet Nam,OQ426861,2019
417,OQ426862.1|2019-01-10,2V_A.1.1,2V_A,2V,OQ426862,10410,102.2995283,2019,Viet Nam: Nha Trang,Viet Nam,OQ426862,2019
418,OQ426863.1|2019-01-10,2V_A.1.1,2V_A,2V,OQ426863,10410,102.2995283,2019,Viet Nam: Nha Trang,Viet Nam,OQ426863,2019
419,OQ426864.1|2019-01-11,2V_A.1.1,2V_A,2V,OQ426864,10410,102.2995283,2019,Viet Nam: Nha Trang,Viet Nam,OQ426864,2019
420,OQ426865.1|2019-01-11,2V_A.1.1,2V_A,2V,OQ426865,10410,102.2995283,2019,Viet Nam: Nha Trang,Viet Nam,OQ426865,2019
421,OQ426866.1|2019-01-14,2V_A.1.1,2V_A,2V,OQ426866,10410,102.2995283,2019,Viet Nam: Nha Trang,Viet Nam,OQ426866,2019
422,OQ426867.1|2019-01-14,2V_A.1.1,2V_A,2V,OQ426867,10410,102.2995283,2019,Viet Nam: Nha Trang,Viet Nam,OQ426867,2019
423,OQ426868.1|2019-01-14,2V_A.1.1,2V_A,2V,OQ426868,10410,102.2995283,2019,Viet Nam: Nha Trang,Viet Nam,OQ426868,2019
424,OQ426869.1|2019-01-15,2V_A.1.1,2V_A,2V,OQ426869,10410,102.2995283,2019,Viet Nam: Nha Trang,Viet Nam,OQ426869,2019
425,OQ426870.1|2019-01-15,2V_A.1.1,2V_A,2V,OQ426870,10410,102.2995283,2019,Viet Nam: Nha Trang,Viet Nam,OQ426870,2019
426,OQ426871.1|2019-01-15,2V_A.1.1,2V_A,2V,OQ426871,10410,102.2995283,2019,Viet Nam: Nha Trang,Viet Nam,OQ426871,2019
427,OQ426872.1|2019-01-15,2V_A.1.1,2V_A,2V,OQ426872,10410,102.2995283,2019,Viet Nam: Nha Trang,Viet Nam,OQ426872,2019
428,OQ426873.1|2019-01-16,2V_A.1.1,2V_A,2V,OQ426873,10410,102.2995283,2019,Viet Nam: Nha Trang,Viet Nam,OQ426873,2019
429,OQ426874.1|2019-01-18,2V_A.1.1,2V_A,2V,OQ426874,10410,102.2995283,2019,Viet Nam: Nha Trang,Viet Nam,OQ426874,2019
430,OQ426875.1|2019-01-18,2V_A.1.1,2V_A,2V,OQ426875,10410,102.2995283,2019,Viet Nam: Nha Trang,Viet Nam,OQ426875,2019
431,OQ426876.1|2019-01-21,2V_A.1.1,2V_A,2V,OQ426876,10410,102.2995283,2019,Viet Nam: Nha Trang,Viet Nam,OQ426876,2019
432,OQ426877.1|2019-01-21,2V_A.1.1,2V_A,2V,OQ426877,10410,102.2995283,2019,Viet Nam: Nha Trang,Viet Nam,OQ426877,2019
433,OQ426878.1|2019-01-21,2V_A.1.1,2V_A,2V,OQ426878,10410,102.2995283,2019,Viet Nam: Nha Trang,Viet Nam,OQ426878,2019
434,OQ426879.1|2019-01-21,2V_A.1.1,2V_A,2V,OQ426879,10410,102.2995283,2019,Viet Nam: Nha Trang,Viet Nam,OQ426879,2019
435,OQ426880.1|2019-01-22,2V_A.1.1,2V_A,2V,OQ426880,10410,102.2995283,2019,Viet Nam: Nha Trang,Viet Nam,OQ426880,2019
436,OQ426881.1|2019-01-23,2V_A.1.1,2V_A,2V,OQ426881,10410,102.2995283,2019,Viet Nam: Nha Trang,Viet Nam,OQ426881,2019
437,OQ426882.1|2019-01-25,2V_A.1.1,2V_A,2V,OQ426882,10410,102.2995283,2019,Viet Nam: Nha Trang,Viet Nam,OQ426882,2019
438,OQ426883.1|2019-01-25,2V_A.1.1,2V_A,2V,OQ426883,10410,102.2995283,2019,Viet Nam: Nha Trang,Viet Nam,OQ426883,2019
439,OQ426884.1|2019-02-15,2V_A.1.1,2V_A,2V,OQ426884,10410,102.2995283,2019,Viet Nam: Nha Trang,Viet Nam,OQ426884,2019
440,OQ426885.1|2019-02-18,2V_A.1.1,2V_A,2V,OQ426885,10410,102.2995283,2019,Viet Nam: Nha Trang,Viet Nam,OQ426885,2019
441,OQ426886.1|2019-02-18,2V_A.1.1,2V_A,2V,OQ426886,10410,102.2995283,2019,Viet Nam: Nha Trang,Viet Nam,OQ426886,2019
442,OQ426887.1|2019-02-18,2V_A.1.1,2V_A,2V,OQ426887,10410,102.2995283,2019,Viet Nam: Nha Trang,Viet Nam,OQ426887,2019
443,OQ426888.1|2019-02-20,2V_A.1.1,2V_A,2V,OQ426888,10410,102.2995283,2019,Viet Nam: Nha Trang,Viet Nam,OQ426888,2019
444,OQ426889.1|2019-02-20,2V_A.1.1,2V_A,2V,OQ426889,10410,102.2995283,2019,Viet Nam: Nha Trang,Viet Nam,OQ426889,2019
445,OQ426890.1|2019-02-20,2V_A.1.1,2V_A,2V,OQ426890,10410,102.2995283,2019,Viet Nam: Nha Trang,Viet Nam,OQ426890,2019
446,OQ426891.1|2019-02-22,2V_A.1.1,2V_A,2V,OQ426891,10410,102.2995283,2019,Viet Nam: Nha Trang,Viet Nam,OQ426891,2019
447,OQ426892.1|2019-02-25,2V_A.1.1,2V_A,2V,OQ426892,10410,102.2995283,2019,Viet Nam: Nha Trang,Viet Nam,OQ426892,2019
448,OQ426893.1|2019-02-28,2V_A.1.1,2V_A,2V,OQ426893,10410,102.2995283,2019,Viet Nam: Nha Trang,Viet Nam,OQ426893,2019
449,OQ426894.1|2019-03-01,2V_A.1.1,2V_A,2V,OQ426894,10410,102.2995283,2019,Viet Nam: Nha Trang,Viet Nam,OQ426894,2019
450,OQ426895.1|2019-03-04,2V_A.1.1,2V_A,2V,OQ426895,10410,102.2995283,2019,Viet Nam: Nha Trang,Viet Nam,OQ426895,2019
451,OQ426896.1|2019-03-04,2V_A.1.1,2V_A,2V,OQ426896,10410,102.2995283,2019,Viet Nam: Nha Trang,Viet Nam,OQ426896,2019
452,OQ426897.1|2019-03-06,2V_A.1.1,2V_A,2V,OQ426897,10410,102.2995283,2019,Viet Nam: Nha Trang,Viet Nam,OQ426897,2019
453,OQ426898.1|2019-03-07,2V_A.1.1,2V_A,2V,OQ426898,10410,102.2995283,2019,Viet Nam: Nha Trang,Viet Nam,OQ426898,2019
454,OQ426899.1|2019-03-07,2V_A.1.1,2V_A,2V,OQ426899,10410,102.2995283,2019,Viet Nam: Nha Trang,Viet Nam,OQ426899,2019
455,OQ426900.1|2019-03-12,2V_A.1.1,2V_A,2V,OQ426900,10410,102.2995283,2019,Viet Nam: Nha Trang,Viet Nam,OQ426900,2019
456,OQ426901.1|2019-03-15,2V_A.1.1,2V_A,2V,OQ426901,10410,102.2995283,2019,Viet Nam: Nha Trang,Viet Nam,OQ426901,2019
457,OQ426902.1|2019-03-25,2V_A.1.1,2V_A,2V,OQ426902,10410,102.2995283,2019,Viet Nam: Nha Trang,Viet Nam,OQ426902,2019
458,OQ426903.1|2019-04-01,2V_A.1.1,2V_A,2V,OQ426903,10410,102.2995283,2019,Viet Nam: Nha Trang,Viet Nam,OQ426903,2019
459,OQ426904.1|2019-04-09,2V_A.1.1,2V_A,2V,OQ426904,10410,102.2995283,2019,Viet Nam: Nha Trang,Viet Nam,OQ426904,2019
460,OQ426905.1|2019-04-18,2V_A.1.1,2V_A,2V,OQ426905,10410,102.2995283,2019,Viet Nam: Nha Trang,Viet Nam,OQ426905,2019
461,OQ426906.1|2019-04-26,2V_A.1.1,2V_A,2V,OQ426906,10410,102.2995283,2019,Viet Nam: Nha Trang,Viet Nam,OQ426906,2019
462,OQ426907.1|2017-07-06,2V_A.1.1,2V_A,2V,OQ426907,10410,102.2995283,2017,Viet Nam: Nha Trang,Viet Nam,OQ426907,2017
463,OQ426908.1|2018-11-23,2V_A.1.1,2V_A,2V,OQ426908,10410,102.2995283,2018,Viet Nam: Nha Trang,Viet Nam,OQ426908,2018
464,OQ426909.1|2018-11-30,2V_A.1.1,2V_A,2V,OQ426909,10410,102.2995283,2018,Viet Nam: Nha Trang,Viet Nam,OQ426909,2018
465,OQ426910.1|2018-12-18,2V_A.1.1,2V_A,2V,OQ426910,10410,102.2995283,2018,Viet Nam: Nha Trang,Viet Nam,OQ426910,2018
466,OQ426911.1|2019-02-13,2V_A.1.1,2V_A,2V,OQ426911,10410,102.2995283,2019,Viet Nam: Nha Trang,Viet Nam,OQ426911,2019
467,OQ426912.1|2018-07-19,2V_A.1.1,2V_A,2V,OQ426912,10410,102.2995283,2018,Viet Nam: Nha Trang,Viet Nam,OQ426912,2018
468,OQ426913.1|2018-08-09,2V_A.1.1,2V_A,2V,OQ426913,10410,102.2995283,2018,Viet Nam: Nha Trang,Viet Nam,OQ426913,2018
469,OQ426914.1|2018-08-15,2V_A.1.1,2V_A,2V,OQ426914,10322,101.4347484,2018,Viet Nam: Nha Trang,Viet Nam,OQ426914,2018
470,OQ426915.1|2018-08-23,2V_A.1.1,2V_A,2V,OQ426915,10410,102.2995283,2018,Viet Nam: Nha Trang,Viet Nam,OQ426915,2018
471,OQ426916.1|2018-09-10,2II_F.1.1,2II_F,2II,OQ426916,10410,102.2995283,2018,Viet Nam: Nha Trang,Viet Nam,OQ426916,2018
472,OQ426917.1|2018-09-17,2V_A.1.1,2V_A,2V,OQ426917,10410,102.2995283,2018,Viet Nam: Nha Trang,Viet Nam,OQ426917,2018
473,OQ426918.1|2018-09-19,2II_F.1.1,2II_F,2II,OQ426918,10410,102.2995283,2018,Viet Nam: Nha Trang,Viet Nam,OQ426918,2018
474,OQ426919.1|2018-09-19,2V_A.1.1,2V_A,2V,OQ426919,10410,102.2995283,2018,Viet Nam: Nha Trang,Viet Nam,OQ426919,2018
475,OQ426920.1|2018-09-19,2V_A.1.1,2V_A,2V,OQ426920,10410,102.2995283,2018,Viet Nam: Nha Trang,Viet Nam,OQ426920,2018
476,OQ426922.1|2018-09-21,2V_A.1.1,2V_A,2V,OQ426922,10410,102.2995283,2018,Viet Nam: Nha Trang,Viet Nam,OQ426922,2018
477,OQ426923.1|2018-09-25,2V_A.1.1,2V_A,2V,OQ426923,10410,102.2995283,2018,Viet Nam: Nha Trang,Viet Nam,OQ426923,2018
478,OQ426924.1|2018-09-27,2V_A.1.1,2V_A,2V,OQ426924,10410,102.2995283,2018,Viet Nam: Nha Trang,Viet Nam,OQ426924,2018
479,OQ426925.1|2018-10-01,2V_A.1.1,2V_A,2V,OQ426925,10410,102.2995283,2018,Viet Nam: Nha Trang,Viet Nam,OQ426925,2018
480,OQ426926.1|2018-10-03,2V_A.1.1,2V_A,2V,OQ426926,10410,102.2995283,2018,Viet Nam: Nha Trang,Viet Nam,OQ426926,2018
481,OQ426927.1|2018-10-08,2V_A.1.1,2V_A,2V,OQ426927,10410,102.2995283,2018,Viet Nam: Nha Trang,Viet Nam,OQ426927,2018
482,OQ426928.1|2018-10-08,2V_A.1.1,2V_A,2V,OQ426928,10410,102.2995283,2018,Viet Nam: Nha Trang,Viet Nam,OQ426928,2018
483,OQ426930.1|2018-10-10,2V_A.1.1,2V_A,2V,OQ426930,10410,102.2995283,2018,Viet Nam: Nha Trang,Viet Nam,OQ426930,2018
484,OQ426931.1|2018-10-15,2V_A.1.1,2V_A,2V,OQ426931,10410,102.2995283,2018,Viet Nam: Nha Trang,Viet Nam,OQ426931,2018
485,OQ426932.1|2018-10-17,2V_A.1.1,2V_A,2V,OQ426932,10410,102.2995283,2018,Viet Nam: Nha Trang,Viet Nam,OQ426932,2018
486,OQ426933.1|2018-10-20,2V_A.1.1,2V_A,2V,OQ426933,10410,102.2995283,2018,Viet Nam: Nha Trang,Viet Nam,OQ426933,2018
487,OQ426934.1|2018-10-24,2V_A.1.1,2V_A,2V,OQ426934,10410,102.2995283,2018,Viet Nam: Nha Trang,Viet Nam,OQ426934,2018
488,OQ426935.1|2018-10-24,2V_A.1.1,2V_A,2V,OQ426935,10410,102.2995283,2018,Viet Nam: Nha Trang,Viet Nam,OQ426935,2018
489,OQ426936.1|2018-10-24,2V_A.1.1,2V_A,2V,OQ426936,10410,102.2995283,2018,Viet Nam: Nha Trang,Viet Nam,OQ426936,2018
490,OQ426937.1|2018-10-24,2V_A.1.1,2V_A,2V,OQ426937,10410,102.2995283,2018,Viet Nam: Nha Trang,Viet Nam,OQ426937,2018
491,OQ426938.1|2018-10-26,2V_A.1.1,2V_A,2V,OQ426938,10410,102.2995283,2018,Viet Nam: Nha Trang,Viet Nam,OQ426938,2018
492,OQ426939.1|2018-10-29,2V_A.1.1,2V_A,2V,OQ426939,10410,102.2995283,2018,Viet Nam: Nha Trang,Viet Nam,OQ426939,2018
493,OQ426940.1|2018-10-29,2V_A.1.1,2V_A,2V,OQ426940,10410,102.2995283,2018,Viet Nam: Nha Trang,Viet Nam,OQ426940,2018
494,OQ426942.1|2018-10-30,2V_A.1.1,2V_A,2V,OQ426942,10410,102.2995283,2018,Viet Nam: Nha Trang,Viet Nam,OQ426942,2018
495,OQ426943.1|2018-11-01,2V_A.1.1,2V_A,2V,OQ426943,10410,102.2995283,2018,Viet Nam: Nha Trang,Viet Nam,OQ426943,2018
496,OQ426944.1|2018-11-06,2V_A.1.1,2V_A,2V,OQ426944,10410,102.2995283,2018,Viet Nam: Nha Trang,Viet Nam,OQ426944,2018
497,OQ426945.1|2018-11-09,2V_A.1.1,2V_A,2V,OQ426945,10410,102.2995283,2018,Viet Nam: Nha Trang,Viet Nam,OQ426945,2018
498,OQ426946.1|2018-11-12,2V_A.1.1,2V_A,2V,OQ426946,10410,102.2995283,2018,Viet Nam: Nha Trang,Viet Nam,OQ426946,2018
499,OQ426947.1|2018-11-14,2V_A.1.1,2V_A,2V,OQ426947,10410,102.2995283,2018,Viet Nam: Nha Trang,Viet Nam,OQ426947,2018
500,OQ426948.1|2018-11-14,2V_A.1.1,2V_A,2V,OQ426948,10410,102.2995283,2018,Viet Nam: Nha Trang,Viet Nam,OQ426948,2018
501,OQ426949.1|2018-11-16,2V_A.1.1,2V_A,2V,OQ426949,10410,102.2995283,2018,Viet Nam: Nha Trang,Viet Nam,OQ426949,2018
502,OQ426950.1|2018-11-16,2V_A.1.1,2V_A,2V,OQ426950,10410,102.2995283,2018,Viet Nam: Nha Trang,Viet Nam,OQ426950,2018
503,OQ426951.1|2018-11-19,2V_A.1.1,2V_A,2V,OQ426951,10410,102.2995283,2018,Viet Nam: Nha Trang,Viet Nam,OQ426951,2018
504,OQ426952.1|2018-11-19,2V_A.1.1,2V_A,2V,OQ426952,10410,102.2995283,2018,Viet Nam: Nha Trang,Viet Nam,OQ426952,2018
505,OQ426953.1|2018-11-19,2V_A.1.1,2V_A,2V,OQ426953,10410,102.2995283,2018,Viet Nam: Nha Trang,Viet Nam,OQ426953,2018
506,OQ426954.1|2018-11-23,2V_A.1.1,2V_A,2V,OQ426954,10410,102.2995283,2018,Viet Nam: Nha Trang,Viet Nam,OQ426954,2018
507,OQ426955.1|2018-11-23,2V_A.1.1,2V_A,2V,OQ426955,10410,102.2995283,2018,Viet Nam: Nha Trang,Viet Nam,OQ426955,2018
508,OQ426956.1|2018-12-04,2V_A.1.1,2V_A,2V,OQ426956,10410,102.2995283,2018,Viet Nam: Nha Trang,Viet Nam,OQ426956,2018
509,OQ426957.1|2018-12-11,2V_A.1.1,2V_A,2V,OQ426957,10410,102.2995283,2018,Viet Nam: Nha Trang,Viet Nam,OQ426957,2018
510,OQ426958.1|2018-12-12,2V_A.1.1,2V_A,2V,OQ426958,10410,102.2995283,2018,Viet Nam: Nha Trang,Viet Nam,OQ426958,2018
511,OQ426959.1|2018-12-15,2V_A.1.1,2V_A,2V,OQ426959,10410,102.2995283,2018,Viet Nam: Nha Trang,Viet Nam,OQ426959,2018
512,OQ426960.1|2018-12-20,2V_A.1.1,2V_A,2V,OQ426960,10410,102.2995283,2018,Viet Nam: Nha Trang,Viet Nam,OQ426960,2018
513,OQ426961.1|2018-12-23,2V_A.1.1,2V_A,2V,OQ426961,10410,102.2995283,2018,Viet Nam: Nha Trang,Viet Nam,OQ426961,2018
514,OQ426962.1|2018-12-26,2V_A.1.1,2V_A,2V,OQ426962,10410,102.2995283,2018,Viet Nam: Nha Trang,Viet Nam,OQ426962,2018
515,OQ426963.1|2018-12-28,2V_A.1.1,2V_A,2V,OQ426963,10410,102.2995283,2018,Viet Nam: Nha Trang,Viet Nam,OQ426963,2018
516,OQ426964.1|2018-12-28,2V_A.1.1,2V_A,2V,OQ426964,10410,102.2995283,2018,Viet Nam: Nha Trang,Viet Nam,OQ426964,2018
517,OQ426965.1|2019-01-03,2V_A.1.1,2V_A,2V,OQ426965,10410,102.2995283,2019,Viet Nam: Nha Trang,Viet Nam,OQ426965,2019
518,OQ426966.1|2019-01-21,2V_A.1.1,2V_A,2V,OQ426966,10410,102.2995283,2019,Viet Nam: Nha Trang,Viet Nam,OQ426966,2019
519,OQ426967.1|2019-01-29,2V_A.1.1,2V_A,2V,OQ426967,10410,102.2995283,2019,Viet Nam: Nha Trang,Viet Nam,OQ426967,2019
520,OQ426968.1|2019-01-29,2V_A.1.1,2V_A,2V,OQ426968,10410,102.2995283,2019,Viet Nam: Nha Trang,Viet Nam,OQ426968,2019
521,OQ426969.1|2019-02-13,2V_A.1.1,2V_A,2V,OQ426969,10410,102.2995283,2019,Viet Nam: Nha Trang,Viet Nam,OQ426969,2019
522,OQ426970.1|2019-03-04,2V_A.1.1,2V_A,2V,OQ426970,10410,102.2995283,2019,Viet Nam: Nha Trang,Viet Nam,OQ426970,2019
523,OQ426971.1|2019-03-04,2V_A.1.1,2V_A,2V,OQ426971,10410,102.2995283,2019,Viet Nam: Nha Trang,Viet Nam,OQ426971,2019
524,OQ426972.1|2019-03-08,2V_A.1.1,2V_A,2V,OQ426972,10410,102.2995283,2019,Viet Nam: Nha Trang,Viet Nam,OQ426972,2019
525,OQ426973.1|2019-03-22,2V_A.1.1,2V_A,2V,OQ426973,10410,102.2995283,2019,Viet Nam: Nha Trang,Viet Nam,OQ426973,2019
526,OQ426974.1|2019-03-24,2V_A.1.1,2V_A,2V,OQ426974,10410,102.2995283,2019,Viet Nam: Nha Trang,Viet Nam,OQ426974,2019
527,OQ426975.1|2019-04-08,2V_A.1.1,2V_A,2V,OQ426975,10410,102.2995283,2019,Viet Nam: Nha Trang,Viet Nam,OQ426975,2019
528,OQ426976.1|2019-04-07,2V_A.1.1,2V_A,2V,OQ426976,10410,102.2995283,2019,Viet Nam: Nha Trang,Viet Nam,OQ426976,2019
529,OQ339137.1|2022,2II_A.1.1.1,2II_A,2II,OQ339137,10706,105.2083333,2022,India,India,OQ339137,2022
530,OQ102945.1|2021-11-19,2II_F.1.1,2II_F,2II,OQ102945,8433,82.87146226,2021,Sri Lanka,Sri Lanka,OQ102945,2021
531,OQ102946.1|2021-12-01,2II_F.1.1,2II_F,2II,OQ102946,8445,82.98938679,2021,Sri Lanka,Sri Lanka,OQ102946,2021
532,OQ102949.1|2022-02-15,2II_F.1.1,2II_F,2II,OQ102949,8466,83.19575472,2022,Sri Lanka,Sri Lanka,OQ102949,2022
533,OQ102952.1|2022-05-09,2II_F.1.1,2II_F,2II,OQ102952,8467,83.20558176,2022,Sri Lanka,Sri Lanka,OQ102952,2022
534,OQ247910.1|2019-05-08,2III_C.1.1,2III_C,2III,OQ247910,8747,85.95715409,2019,Brazil,Brazil,OQ247910,2019
535,OQ247911.1|2019-07-08,2III_C.1.1,2III_C,2III,OQ247911,10068,98.93867925,2019,Brazil,Brazil,OQ247911,2019
536,ON207129.1|2022,2III_C.1.1,2III_C,2III,ON207129,10119,99.43985849,2022,Brazil,Brazil,ON207129,2022
537,OQ144223.1|2018-05-10,2III_D.1.2,2III_D,2III,OQ144223,10173,99.97051887,2018,Nicaragua: Leon,Nicaragua,OQ144223,2018
538,OQ144224.1|2018-06-28,2III_D.1.2,2III_D,2III,OQ144224,10173,99.97051887,2018,Nicaragua: Leon,Nicaragua,OQ144224,2018
539,OQ144225.1|2018-06-29,2III_D.1.2,2III_D,2III,OQ144225,10173,99.97051887,2018,Nicaragua: Leon,Nicaragua,OQ144225,2018
540,OQ144226.1|2018-07-25,2III_D.1.2,2III_D,2III,OQ144226,10173,99.97051887,2018,Nicaragua: Leon,Nicaragua,OQ144226,2018
541,OQ144227.1|2018-07-26,2III_D.1.2,2III_D,2III,OQ144227,10173,99.97051887,2018,Nicaragua: Leon,Nicaragua,OQ144227,2018
542,OQ144228.1|2018-08-01,2III_D.1.2,2III_D,2III,OQ144228,10173,99.97051887,2018,Nicaragua: Leon,Nicaragua,OQ144228,2018
543,OQ144229.1|2018-08-13,2III_D.1.2,2III_D,2III,OQ144229,10173,99.97051887,2018,Nicaragua: Leon,Nicaragua,OQ144229,2018
544,OQ144230.1|2018-08-15,2III_D.1.2,2III_D,2III,OQ144230,10173,99.97051887,2018,Nicaragua: Leon,Nicaragua,OQ144230,2018
545,OQ144231.1|2018-08-16,2III_D.1.2,2III_D,2III,OQ144231,10173,99.97051887,2018,Nicaragua: Leon,Nicaragua,OQ144231,2018
546,OQ144232.1|2018-08-16,2III_D.1.2,2III_D,2III,OQ144232,10173,99.97051887,2018,Nicaragua: Leon,Nicaragua,OQ144232,2018
547,OQ144233.1|2018-08-21,2III_D.1.2,2III_D,2III,OQ144233,10173,99.97051887,2018,Nicaragua: Leon,Nicaragua,OQ144233,2018
548,OQ144234.1|2018-08-23,2III_D.1.2,2III_D,2III,OQ144234,10173,99.97051887,2018,Nicaragua: Leon,Nicaragua,OQ144234,2018
549,OQ144235.1|2018-08-27,2III_D.1.2,2III_D,2III,OQ144235,10173,99.97051887,2018,Nicaragua: Leon,Nicaragua,OQ144235,2018
550,OQ144236.1|2018-08-28,2III_D.1.2,2III_D,2III,OQ144236,10173,99.97051887,2018,Nicaragua: Leon,Nicaragua,OQ144236,2018
551,OQ144237.1|2018-08-28,2III_D.1.2,2III_D,2III,OQ144237,10173,99.97051887,2018,Nicaragua: Leon,Nicaragua,OQ144237,2018
552,OQ144238.1|2018-08-28,2III_D.1.2,2III_D,2III,OQ144238,10173,99.97051887,2018,Nicaragua: Leon,Nicaragua,OQ144238,2018
553,OQ144239.1|2018-08-29,2III_D.1.2,2III_D,2III,OQ144239,10173,99.97051887,2018,Nicaragua: Leon,Nicaragua,OQ144239,2018
554,OQ144240.1|2018-08-30,2III_D.1.2,2III_D,2III,OQ144240,10173,99.97051887,2018,Nicaragua: Leon,Nicaragua,OQ144240,2018
555,OQ144241.1|2018-09-03,2III_D.1.2,2III_D,2III,OQ144241,10173,99.97051887,2018,Nicaragua: Leon,Nicaragua,OQ144241,2018
556,OQ144242.1|2018-09-05,2III_D.1.2,2III_D,2III,OQ144242,10173,99.97051887,2018,Nicaragua: Leon,Nicaragua,OQ144242,2018
557,OQ144243.1|2018-09-10,2III_D.1.2,2III_D,2III,OQ144243,10173,99.97051887,2018,Nicaragua: Leon,Nicaragua,OQ144243,2018
558,OQ144244.1|2018-09-18,2III_D.1.2,2III_D,2III,OQ144244,10173,99.97051887,2018,Nicaragua: Leon,Nicaragua,OQ144244,2018
559,OQ144245.1|2018-09-20,2III_D.1.2,2III_D,2III,OQ144245,10173,99.97051887,2018,Nicaragua: Leon,Nicaragua,OQ144245,2018
560,OQ144246.1|2018-09-26,2III_D.1.2,2III_D,2III,OQ144246,10173,99.97051887,2018,Nicaragua: Leon,Nicaragua,OQ144246,2018
561,OQ144247.1|2018-09-26,2III_D.1.2,2III_D,2III,OQ144247,10173,99.97051887,2018,Nicaragua: Leon,Nicaragua,OQ144247,2018
562,OQ144248.1|2018-09-26,2III_D.1.2,2III_D,2III,OQ144248,10173,99.97051887,2018,Nicaragua: Leon,Nicaragua,OQ144248,2018
563,OQ144249.1|2018-09-27,2III_D.1.2,2III_D,2III,OQ144249,10173,99.97051887,2018,Nicaragua: Leon,Nicaragua,OQ144249,2018
564,OQ144250.1|2018-10-01,2III_D.1.2,2III_D,2III,OQ144250,10173,99.97051887,2018,Nicaragua: Leon,Nicaragua,OQ144250,2018
565,OQ144251.1|2018-10-03,2III_D.1.2,2III_D,2III,OQ144251,10173,99.97051887,2018,Nicaragua: Leon,Nicaragua,OQ144251,2018
566,OQ144252.1|2018-10-09,2III_D.1.2,2III_D,2III,OQ144252,10173,99.97051887,2018,Nicaragua: Leon,Nicaragua,OQ144252,2018
567,OQ144253.1|2018-10-23,2III_D.1.2,2III_D,2III,OQ144253,10173,99.97051887,2018,Nicaragua: Leon,Nicaragua,OQ144253,2018
568,OQ121331.1|2019-04-15,2III_C.1.1,2III_C,2III,OQ121331,10179,100.0294811,2019,Brazil,Brazil,OQ121331,2019
569,OQ103524.1|2019-06-15,2III_C.1.1,2III_C,2III,OQ103524,10582,103.9897799,2019,Brazil,Brazil,OQ103524,2019
570,OQ103525.1|2019-06-10,2III_C.1.1,2III_C,2III,OQ103525,10532,103.4984277,2019,Brazil,Brazil,OQ103525,2019
571,OQ103526.1|2019-02-15,2III_C.1.1,2III_C,2III,OQ103526,10582,103.9897799,2019,Brazil,Brazil,OQ103526,2019
572,OQ101603.1|2019-07-04,2III_C.1.1,2III_C,2III,OQ101603,10725,105.3950472,2019,Brazil,Brazil,OQ101603,2019
573,OQ101604.1|2019-02-20,2III_C.1.1,2III_C,2III,OQ101604,10596,104.1273585,2019,Brazil,Brazil,OQ101604,2019
574,OQ101605.1|2019-06-07,2III_C.1.1,2III_C,2III,OQ101605,10583,103.9996069,2019,Brazil,Brazil,OQ101605,2019
575,OQ101606.1|2019-07-08,2III_C.1.1,2III_C,2III,OQ101606,10591,104.0782233,2019,Brazil,Brazil,OQ101606,2019
576,OP999336.1|2020-09,2II_F.1.1.1,2II_F,2II,OP999336,10694,105.0904088,2020,Cambodia,Cambodia,OP999336,2020
579,OQ028215.1|2019-08-14,2V_A.1.1,2V_A,2V,OQ028215,10173,99.97051887,2019,Viet Nam,Viet Nam,OQ028215,2019
580,OQ028216.1|2022-05-25,2II_F.1.1,2II_F,2II,OQ028216,10173,99.97051887,2022,Viet Nam,Viet Nam,OQ028216,2022
581,OQ028217.1|2019-06-07,2II_F.1.1,2II_F,2II,OQ028217,10173,99.97051887,2019,Viet Nam,Viet Nam,OQ028217,2019
582,OQ028218.1|2019-10-14,2V_A.1.1,2V_A,2V,OQ028218,10173,99.97051887,2019,Viet Nam,Viet Nam,OQ028218,2019
583,OQ028219.1|2020-01-15,2V_A.1.1,2V_A,2V,OQ028219,10173,99.97051887,2020,Viet Nam,Viet Nam,OQ028219,2020
584,OQ028220.1|2019-08-14,2II_F.1.1,2II_F,2II,OQ028220,10173,99.97051887,2019,Viet Nam,Viet Nam,OQ028220,2019
585,OQ028222.1|2019-06-25,2V_A.1.1,2V_A,2V,OQ028222,10173,99.97051887,2019,Viet Nam,Viet Nam,OQ028222,2019
586,OQ028223.1|2019-12-16,2V_A.1.1,2V_A,2V,OQ028223,10173,99.97051887,2019,Viet Nam,Viet Nam,OQ028223,2019
587,OQ028224.1|2019-09-09,2V_A.1.1,2V_A,2V,OQ028224,10173,99.97051887,2019,Viet Nam,Viet Nam,OQ028224,2019
588,OQ028225.1|2020-09-23,2II_F.1.1,2II_F,2II,OQ028225,10173,99.97051887,2020,Viet Nam,Viet Nam,OQ028225,2020
589,OQ028226.1|2019-08-01,2V_A.1.1,2V_A,2V,OQ028226,10173,99.97051887,2019,Viet Nam,Viet Nam,OQ028226,2019
590,OQ028227.1|2019-07-31,2II_F.1.1,2II_F,2II,OQ028227,10173,99.97051887,2019,Viet Nam,Viet Nam,OQ028227,2019
591,OQ028228.1|2019-06-26,2V_A.1.1,2V_A,2V,OQ028228,10173,99.97051887,2019,Viet Nam,Viet Nam,OQ028228,2019
592,OQ028229.1|2017-08-03,2V_A,2V_A,2V,OQ028229,10173,99.97051887,2017,Viet Nam,Viet Nam,OQ028229,2017
593,OQ028230.1|2020-09-07,2II_F.2.1,2II_F,2II,OQ028230,10173,99.97051887,2020,Viet Nam,Viet Nam,OQ028230,2020
594,OQ028231.1|2018-01-17,2V_A.1.1,2V_A,2V,OQ028231,10173,99.97051887,2018,Viet Nam,Viet Nam,OQ028231,2018
595,OQ028232.1|2020-03-02,2II_F.2.1,2II_F,2II,OQ028232,10173,99.97051887,2020,Viet Nam,Viet Nam,OQ028232,2020
596,OP984834.1|2022-11-20,2II_F.1.3,2II_F,2II,OP984834,10628,104.4418239,2022,Viet Nam,Viet Nam,OP984834,2022
597,OP941832.1|2022-10-11,2II_F.1.1.2,2II_F,2II,OP941832,10654,104.697327,2022,"Brazil: Amazonas, Atalaia do Norte",Brazil,OP941832,2022
598,OP941833.1|2022-11-03,2II_F.1.1.2,2II_F,2II,OP941833,10706,105.2083333,2022,"Brazil: Amazonas, Atalaia do Norte",Brazil,OP941833,2022
599,OP941834.1|2022-11-02,2II_F.1.1.2,2II_F,2II,OP941834,10698,105.129717,2022,"Brazil: Amazonas, Tabatinga",Brazil,OP941834,2022
600,OP941835.1|2022-11-04,2II_F.1.1.2,2II_F,2II,OP941835,10706,105.2083333,2022,"Brazil: Amazonas, Atalaia do Norte",Brazil,OP941835,2022
601,OP941836.1|2022-11-01,2II_F.1.1.2,2II_F,2II,OP941836,10676,104.913522,2022,"Brazil: Amazonas, Atalaia do Norte",Brazil,OP941836,2022
602,OP941838.1|2022-10-19,2II_F.1.1.2,2II_F,2II,OP941838,10676,104.913522,2022,"Brazil: Amazonas, Benjamin Constant",Brazil,OP941838,2022
603,OP941839.1|2022-10-24,2II_F.1.1.2,2II_F,2II,OP941839,10662,104.7759434,2022,"Brazil: Amazonas, Benjamin Constant",Brazil,OP941839,2022
604,OP941840.1|2022-10-24,2II_F.1.1.2,2II_F,2II,OP941840,10698,105.129717,2022,"Brazil: Amazonas, Benjamin Constant",Brazil,OP941840,2022
605,OP941841.1|2022-11-03,2II_F.1.1.2,2II_F,2II,OP941841,10706,105.2083333,2022,"Brazil: Amazonas, Atalaia do Norte",Brazil,OP941841,2022
606,OP941842.1|2022-10-18,2II_F.1.1.2,2II_F,2II,OP941842,10709,105.2378145,2022,"Brazil: Amazonas, Benjamin Constant",Brazil,OP941842,2022
607,OP941843.1|2022-10-18,2II_F.1.1.2,2II_F,2II,OP941843,10711,105.2574686,2022,"Brazil: Amazonas, Benjamin Constant",Brazil,OP941843,2022
608,OP941844.1|2022-11-06,2II_F.1.1.2,2II_F,2II,OP941844,10600,104.1666667,2022,"Brazil: Amazonas, Sao Paulo de Olivenca",Brazil,OP941844,2022
609,OP921000.1|2022-07-29,2II_F.1.1,2II_F,2II,OP921000,10595,104.1175314,2022,India,India,OP921000,2022
610,OP921001.1|2022-07-27,2II_F.1.1,2II_F,2II,OP921001,10674,104.8938679,2022,India,India,OP921001,2022
611,OP898559.1|2022-10,2II_F.1.1,2II_F,2II,OP898559,10497,103.1544811,2022,Pakistan,Pakistan,OP898559,2022
612,ON123815.1|2019-04-13,2III_C,2III_C,2III,ON123815,9200,90.40880503,2019,Brazil,Brazil,ON123815,2019
613,ON123816.1|2019-02-22,2III_C,2III_C,2III,ON123816,9200,90.40880503,2019,Brazil,Brazil,ON123816,2019
614,ON123817.1|2019-05-02,2III_C.1.1,2III_C,2III,ON123817,9200,90.40880503,2019,Brazil,Brazil,ON123817,2019
615,ON123818.1|2019-05-28,2III_C.1.1,2III_C,2III,ON123818,9200,90.40880503,2019,Brazil,Brazil,ON123818,2019
616,ON123819.1|2019-05-07,2III_C.1.1,2III_C,2III,ON123819,9200,90.40880503,2019,Brazil,Brazil,ON123819,2019
617,ON123820.1|2019-05-08,2III_C.1.1,2III_C,2III,ON123820,9200,90.40880503,2019,Brazil,Brazil,ON123820,2019
618,ON123821.1|2019-04-27,2III_C.1.1,2III_C,2III,ON123821,9200,90.40880503,2019,Brazil,Brazil,ON123821,2019
619,ON123822.1|2019-05-07,2III_C.1.1,2III_C,2III,ON123822,9200,90.40880503,2019,Brazil,Brazil,ON123822,2019
620,ON123823.1|2019-05-09,2III_C.1.1,2III_C,2III,ON123823,9200,90.40880503,2019,Brazil,Brazil,ON123823,2019
621,ON123824.1|2019-05-03,2III_C.1.1,2III_C,2III,ON123824,9200,90.40880503,2019,Brazil,Brazil,ON123824,2019
622,ON123825.1|2019-05-04,2III_C.1.1,2III_C,2III,ON123825,9200,90.40880503,2019,Brazil,Brazil,ON123825,2019
623,ON123826.1|2019-02-26,2III_C.1.1,2III_C,2III,ON123826,9200,90.40880503,2019,Brazil,Brazil,ON123826,2019
624,ON123827.1|2019-04-22,2III_C.1.1,2III_C,2III,ON123827,9200,90.40880503,2019,Brazil,Brazil,ON123827,2019
625,ON123828.1|2019-02-21,2III_C.1.1,2III_C,2III,ON123828,9200,90.40880503,2019,Brazil,Brazil,ON123828,2019
626,ON123829.1|2019-05-03,2III_C.1.1,2III_C,2III,ON123829,9200,90.40880503,2019,Brazil,Brazil,ON123829,2019
627,ON123830.1|2019-05-03,2III_C.1.1,2III_C,2III,ON123830,9200,90.40880503,2019,Brazil,Brazil,ON123830,2019
628,ON123831.1|2019-02-16,2III_C.1.1,2III_C,2III,ON123831,9200,90.40880503,2019,Brazil,Brazil,ON123831,2019
629,ON123832.1|2019-02-15,2III_C.1.1,2III_C,2III,ON123832,9200,90.40880503,2019,Brazil,Brazil,ON123832,2019
630,ON123833.1|2019-02-20,2III_C.1.1,2III_C,2III,ON123833,9200,90.40880503,2019,Brazil,Brazil,ON123833,2019
631,ON123834.1|2019-05-20,2III_C.1.1,2III_C,2III,ON123834,9200,90.40880503,2019,Brazil,Brazil,ON123834,2019
632,ON123835.1|2019-04-26,2III_C.1.1,2III_C,2III,ON123835,9200,90.40880503,2019,Brazil,Brazil,ON123835,2019
633,ON123836.1|2019-05-09,2III_C.1.1,2III_C,2III,ON123836,9142,89.83883648,2019,Brazil,Brazil,ON123836,2019
634,OP895917.1|2021-12,2II_F.1.1,2II_F,2II,OP895917,10611,104.2747642,2021,Maldives,Maldives,OP895917,2021
635,OP895918.1|2019-04,2II_F.1.1,2II_F,2II,OP895918,10611,104.2747642,2019,Cambodia,Cambodia,OP895918,2019
636,OP895919.1|2018-11,2II_F.1.1,2II_F,2II,OP895919,10618,104.3435535,2018,Malaysia,Malaysia,OP895919,2018
637,OP811977.1|2022-04-27,2II_F.1.1,2II_F,2II,OP811977,10497,103.1544811,2022,Pakistan,Pakistan,OP811977,2022
638,OP811978.1|2022-04-27,2II_F.1.1,2II_F,2II,OP811978,10497,103.1544811,2022,Pakistan,Pakistan,OP811978,2022
639,OP811979.1|2022-04-28,2II_F.1.1,2II_F,2II,OP811979,10497,103.1544811,2022,Pakistan,Pakistan,OP811979,2022
640,OP811980.1|2022-04-28,2II_F.1.1,2II_F,2II,OP811980,10497,103.1544811,2022,Pakistan,Pakistan,OP811980,2022
641,OP811981.1|2022-10-18,2II_F.1.1,2II_F,2II,OP811981,10497,103.1544811,2022,Pakistan,Pakistan,OP811981,2022
642,OP811982.1|2022-09-13,2II_F.1.1,2II_F,2II,OP811982,10497,103.1544811,2022,Pakistan,Pakistan,OP811982,2022
643,OP811983.1|2022-09-28,2II_F.1.1,2II_F,2II,OP811983,10497,103.1544811,2022,Pakistan,Pakistan,OP811983,2022
644,OP811984.1|2022-09-30,2II_F.1.1,2II_F,2II,OP811984,10497,103.1544811,2022,Pakistan,Pakistan,OP811984,2022
645,OP809581.1|2021,2II_A.1.1,2II_A,2II,OP809581,10619,104.3533805,2021,India,India,OP809581,2021
646,OP809582.1|2021,2II_F.1.1,2II_F,2II,OP809582,10593,104.0978774,2021,India,India,OP809582,2021
647,OP684143.1|2017-09-12,2II_F.1.1,2II_F,2II,OP684143,10176,100,2017,China,China,OP684143,2017
648,OP684144.1|2017-09-18,2II_F.1.1,2II_F,2II,OP684144,10176,100,2017,China,China,OP684144,2017
649,OP684145.1|2017-09-20,2II_F.1.1,2II_F,2II,OP684145,10176,100,2017,China,China,OP684145,2017
650,OP684146.1|2017-09-23,2II_F.1.1,2II_F,2II,OP684146,10176,100,2017,China,China,OP684146,2017
651,OP684147.1|2017-09-19,2II_F.1.1,2II_F,2II,OP684147,10176,100,2017,China,China,OP684147,2017
652,OP684148.1|2017-09-21,2II_F.1.1,2II_F,2II,OP684148,10176,100,2017,China,China,OP684148,2017
653,OP684149.1|2017-09-26,2II_F.1.1,2II_F,2II,OP684149,10176,100,2017,China,China,OP684149,2017
654,OP684150.1|2017-09-27,2II_F.1.1,2II_F,2II,OP684150,10176,100,2017,China,China,OP684150,2017
655,OP684151.1|2017-09-26,2II_F.1.1,2II_F,2II,OP684151,10176,100,2017,China,China,OP684151,2017
656,OP684152.1|2017-07-02,2II_F.1.1,2II_F,2II,OP684152,10176,100,2017,China,China,OP684152,2017
657,OP684153.1|2017-08-29,2II_F.1.1,2II_F,2II,OP684153,10176,100,2017,China,China,OP684153,2017
658,OP684154.1|2017-08-28,2II_A.1.1.1,2II_A,2II,OP684154,10176,100,2017,China,China,OP684154,2017
659,OP684155.1|2017-08-28,2II_F.1.1,2II_F,2II,OP684155,10176,100,2017,China,China,OP684155,2017
660,OP684156.1|2017-08-22,2II_F.1.1,2II_F,2II,OP684156,10176,100,2017,China,China,OP684156,2017
661,OP684157.1|2017-08-30,2II_F.1.1,2II_F,2II,OP684157,10176,100,2017,China,China,OP684157,2017
662,OP684158.1|2017-08-29,2II_F.1.1,2II_F,2II,OP684158,10176,100,2017,China,China,OP684158,2017
663,OP684159.1|2017-08-31,2II_F.1.1,2II_F,2II,OP684159,10176,100,2017,China,China,OP684159,2017
664,OP684160.1|2017-08-30,2II_A.1.1.1,2II_A,2II,OP684160,10176,100,2017,China,China,OP684160,2017
665,OP684161.1|2017-08-31,2II_A.1.1.1,2II_A,2II,OP684161,10176,100,2017,China,China,OP684161,2017
666,OP684162.1|2017-08-31,2II_A.1.1.1,2II_A,2II,OP684162,10176,100,2017,China,China,OP684162,2017
667,OP684163.1|2017-08-29,2II_F.1.1,2II_F,2II,OP684163,10176,100,2017,China,China,OP684163,2017
668,OP684164.1|2017-08-29,2II_F.1.1,2II_F,2II,OP684164,10176,100,2017,China,China,OP684164,2017
669,OP684165.1|2017-09-01,2II_F.1.1,2II_F,2II,OP684165,10176,100,2017,China,China,OP684165,2017
670,OP684166.1|2017-09-02,2II_A.1.1.1,2II_A,2II,OP684166,10176,100,2017,China,China,OP684166,2017
671,OP684167.1|2017-09-02,2II_F.1.1,2II_F,2II,OP684167,10176,100,2017,China,China,OP684167,2017
672,OP684168.1|2017-09-03,2II_F.1.1,2II_F,2II,OP684168,10176,100,2017,China,China,OP684168,2017
673,OP684169.1|2017-09-03,2II_A.1.1.1,2II_A,2II,OP684169,10176,100,2017,China,China,OP684169,2017
674,OP684170.1|2017-09-05,2II_F.1.1,2II_F,2II,OP684170,10176,100,2017,China,China,OP684170,2017
675,OP684171.1|2017-08-24,2II_F.1.1,2II_F,2II,OP684171,10176,100,2017,China,China,OP684171,2017
676,OP684172.1|2017-09-06,2II_F.1.1,2II_F,2II,OP684172,10176,100,2017,China,China,OP684172,2017
677,OP684173.1|2017-09-05,2II_F.1.1,2II_F,2II,OP684173,10176,100,2017,China,China,OP684173,2017
678,OP684174.1|2017-09-05,2II_F.1.1,2II_F,2II,OP684174,10176,100,2017,China,China,OP684174,2017
679,OP684175.1|2017-09-05,2II_F.1.1,2II_F,2II,OP684175,10176,100,2017,China,China,OP684175,2017
680,OP684176.1|2017-09-05,2II_F.1.1,2II_F,2II,OP684176,10176,100,2017,China,China,OP684176,2017
681,OP684177.1|2017-09-07,2II_F.1.1,2II_F,2II,OP684177,10176,100,2017,China,China,OP684177,2017
682,OP684178.1|2017-09-11,2II_F.1.1,2II_F,2II,OP684178,10176,100,2017,China,China,OP684178,2017
683,OP684179.1|2017-09-12,2II_F.1.1,2II_F,2II,OP684179,10176,100,2017,China,China,OP684179,2017
684,OP684180.1|2018-07-02,2II_F.1.1,2II_F,2II,OP684180,10658,104.7366352,2018,China,China,OP684180,2018
685,OP684181.1|2018-07-03,2II_F.1.1,2II_F,2II,OP684181,10658,104.7366352,2018,China,China,OP684181,2018
686,OP684182.1|2018-08-01,2II_F.1.1,2II_F,2II,OP684182,10679,104.9430031,2018,China,China,OP684182,2018
687,OP684183.1|2018-05-27,2II_F.1.1,2II_F,2II,OP684183,10658,104.7366352,2018,China,China,OP684183,2018
688,OP684184.1|2018-09-03,2V_A.1.1,2V_A,2V,OP684184,10658,104.7366352,2018,China,China,OP684184,2018
689,OP684185.1|2018-09-04,2V_A.1.1,2V_A,2V,OP684185,10658,104.7366352,2018,China,China,OP684185,2018
690,OP684186.1|2018-05-28,2II_F.1.1,2II_F,2II,OP684186,10658,104.7366352,2018,China,China,OP684186,2018
691,OP684187.1|2018-09-07,2II_F.1.1,2II_F,2II,OP684187,10658,104.7366352,2018,China,China,OP684187,2018
692,OP684188.1|2018-09-20,2V_A.1.2,2V_A,2V,OP684188,10658,104.7366352,2018,China,China,OP684188,2018
693,OP684189.1|2018-09-30,2V_A.1.1,2V_A,2V,OP684189,10658,104.7366352,2018,China,China,OP684189,2018
694,OP684190.1|2018-11-04,2V_A.1.1,2V_A,2V,OP684190,10659,104.7464623,2018,China,China,OP684190,2018
695,OP684191.1|2018-11-22,2V_A.1.2,2V_A,2V,OP684191,10679,104.9430031,2018,China,China,OP684191,2018
696,OP684192.1|2018-12-05,2V_A.1.1,2V_A,2V,OP684192,10679,104.9430031,2018,China,China,OP684192,2018
697,OP684193.1|2018-12-22,2V_A.1.1,2V_A,2V,OP684193,10659,104.7464623,2018,China,China,OP684193,2018
698,OP684194.1|2018-06-16,2II_F.1.1,2II_F,2II,OP684194,10659,104.7464623,2018,China,China,OP684194,2018
699,OP684195.1|2018-06-20,2II_F.1.1,2II_F,2II,OP684195,10659,104.7464623,2018,China,China,OP684195,2018
700,OP684196.1|2019-01-05,2II_F.1.1,2II_F,2II,OP684196,10659,104.7464623,2019,China,China,OP684196,2019
701,OP684197.1|2019-01-16,2V_A.1.1,2V_A,2V,OP684197,10659,104.7464623,2019,China,China,OP684197,2019
702,OP684198.1|2019-01-20,2II_E.2,2II_E,2II,OP684198,10659,104.7464623,2019,China,China,OP684198,2019
703,OP684199.1|2019-07-31,2II_F.1.1,2II_F,2II,OP684199,10659,104.7464623,2019,China,China,OP684199,2019
704,OP684200.1|2019-08-08,2II_F.1.1,2II_F,2II,OP684200,10659,104.7464623,2019,China,China,OP684200,2019
705,OP684201.1|2019-08-16,2II_F.1.1,2II_F,2II,OP684201,10659,104.7464623,2019,China,China,OP684201,2019
706,OP684202.1|2019-09-07,2V_A.1.1,2V_A,2V,OP684202,10658,104.7366352,2019,China,China,OP684202,2019
707,OP684203.1|2019-09-05,2V_A.1.1,2V_A,2V,OP684203,10659,104.7464623,2019,China,China,OP684203,2019
708,OP684204.1|2019-09-17,2II_F.1.1,2II_F,2II,OP684204,10658,104.7366352,2019,China,China,OP684204,2019
709,OP684205.1|2019-09-28,2II_F.1.1,2II_F,2II,OP684205,10658,104.7366352,2019,China,China,OP684205,2019
710,OP684206.1|2019-10-03,2II_F.1.1,2II_F,2II,OP684206,10658,104.7366352,2019,China,China,OP684206,2019
711,OP684207.1|2019-10-13,2II_A.1.1.1,2II_A,2II,OP684207,10659,104.7464623,2019,China,China,OP684207,2019
712,OP684208.1|2019-10-06,2II_F.1.1,2II_F,2II,OP684208,10657,104.7268082,2019,China,China,OP684208,2019
713,OP684209.1|2019-10-12,2II_F.1.1,2II_F,2II,OP684209,10658,104.7366352,2019,China,China,OP684209,2019
714,OP684210.1|2019-10-15,2II_F.1.1,2II_F,2II,OP684210,10658,104.7366352,2019,China,China,OP684210,2019
715,OP684211.1|2019-10-19,2II_A.1.1.1,2II_A,2II,OP684211,10658,104.7366352,2019,China,China,OP684211,2019
716,OP684212.1|2019-10-24,2V_A.2,2V_A,2V,OP684212,10658,104.7366352,2019,China,China,OP684212,2019
717,OP684213.1|2019-11-14,2II_F.1.1,2II_F,2II,OP684213,10658,104.7366352,2019,China,China,OP684213,2019
718,OP684214.1|2019-11-30,2II_F.1.1,2II_F,2II,OP684214,10658,104.7366352,2019,China,China,OP684214,2019
719,OP684215.1|2019-11-29,2V_A.1.1,2V_A,2V,OP684215,10658,104.7366352,2019,China,China,OP684215,2019
720,OP684216.1|2019-03-11,2II_F.1.1,2II_F,2II,OP684216,10659,104.7464623,2019,China,China,OP684216,2019
721,OP410989.1|2007-07,2II_E.1,2II_E,2II,OP410989,10723,105.3753931,2007,Singapore,Singapore,OP410989,2007
722,OP410990.1|2019-10,2II_F.1.1,2II_F,2II,OP410990,10723,105.3753931,2019,Singapore,Singapore,OP410990,2019
723,OP410991.1|2017-10,2II_A.1.1.1,2II_A,2II,OP410991,10718,105.3262579,2017,Singapore,Singapore,OP410991,2017
724,OP410992.1|2016-10,2II_D.3,2II_D,2II,OP410992,10723,105.3753931,2016,Singapore,Singapore,OP410992,2016
725,OP389112.1|2022-07-25,2II_F.1.1,2II_F,2II,OP389112,10586,104.0290881,2022,China,China,OP389112,2022
726,OP310805.1|2019,2II_A.1.1.1,2II_A,2II,OP310805,10708,105.2279874,2019,India,India,OP310805,2019
727,OP310806.1|2018,2II_A.2.1,2II_A,2II,OP310806,10713,105.2771226,2018,India,India,OP310806,2018
728,OP310807.1|2019,2II_A.2.1,2II_A,2II,OP310807,10556,103.7342767,2019,India,India,OP310807,2019
729,OP310808.1|2019,2II_A.1.1,2II_A,2II,OP310808,10598,104.1470126,2019,India,India,OP310808,2019
730,ON634700.1|2021-04-06,2III_C.1.1,2III_C,2III,ON634700,10386,102.0636792,2021,"Brazil: Sao Paulo, Sorocaba",Brazil,ON634700,2021
731,ON634701.1|2021-05-28,2III_C.1.1,2III_C,2III,ON634701,10384,102.0440252,2021,"Brazil: Sao Paulo, Itanhaem",Brazil,ON634701,2021
732,ON634702.1|2020-01-02,2III_C.1.1,2III_C,2III,ON634702,10386,102.0636792,2020,"Brazil: Sao Paulo, Hortolandia",Brazil,ON634702,2020
733,ON634703.1|2020-01-18,2III_C.1.1,2III_C,2III,ON634703,10386,102.0636792,2020,"Brazil: Sao Paulo, Mogi das Cruzes",Brazil,ON634703,2020
734,ON634704.1|2020-01-21,2III_C.1.1,2III_C,2III,ON634704,10384,102.0440252,2020,"Brazil: Sao Paulo, Santa Cruz das Palmeiras",Brazil,ON634704,2020
735,ON634705.1|2020-01-15,2III_C.1.1,2III_C,2III,ON634705,10386,102.0636792,2020,"Brazil: Sao Paulo, Pindamonhangaba",Brazil,ON634705,2020
736,ON634706.1|2020-01-21,2III_C.1.1,2III_C,2III,ON634706,10386,102.0636792,2020,"Brazil: Sao Paulo, Cunha",Brazil,ON634706,2020
737,ON634707.1|2020-01-14,2III_C.1.1,2III_C,2III,ON634707,10386,102.0636792,2020,"Brazil: Sao Paulo, Ourinhos",Brazil,ON634707,2020
738,ON634708.1|2020-01-28,2III_C.1.1,2III_C,2III,ON634708,10384,102.0440252,2020,"Brazil: Sao Paulo, Oswaldo Cruz",Brazil,ON634708,2020
739,ON634709.1|2020-02-10,2III_C.1.1,2III_C,2III,ON634709,10384,102.0440252,2020,"Brazil: Sao Paulo, Bastos",Brazil,ON634709,2020
740,ON634710.1|2020-02-08,2III_C.1.1,2III_C,2III,ON634710,10386,102.0636792,2020,"Brazil: Sao Paulo, Mogi Mirim",Brazil,ON634710,2020
741,ON634711.1|2020-02-17,2III_C.1.1,2III_C,2III,ON634711,10386,102.0636792,2020,"Brazil: Sao Paulo, Guarija",Brazil,ON634711,2020
742,ON634712.1|2020-02-14,2III_C.1.1,2III_C,2III,ON634712,10386,102.0636792,2020,"Brazil: Sao Paulo, Conchal",Brazil,ON634712,2020
743,ON634713.1|2020-02-27,2III_C.1.1,2III_C,2III,ON634713,10386,102.0636792,2020,"Brazil: Sao Paulo, Sao Paulo",Brazil,ON634713,2020
744,ON634714.1|2020-03-19,2III_C.1.1,2III_C,2III,ON634714,10386,102.0636792,2020,"Brazil: Sao Paulo, Porto Feliz",Brazil,ON634714,2020
745,ON634715.1|2020-03-16,2III_C.1.1,2III_C,2III,ON634715,10386,102.0636792,2020,"Brazil: Sao Paulo, Mogi Guacu",Brazil,ON634715,2020
746,ON634716.1|2020-02-04,2III_C.1.1,2III_C,2III,ON634716,10386,102.0636792,2020,"Brazil: Sao Paulo, Lorena",Brazil,ON634716,2020
747,ON634717.1|2021-01-14,2III_C.1.1,2III_C,2III,ON634717,10384,102.0440252,2021,"Brazil: Sao Paulo, Santos",Brazil,ON634717,2021
748,ON634718.1|2021-01-21,2III_C.1.1,2III_C,2III,ON634718,10386,102.0636792,2021,"Brazil: Sao Paulo, Birigui",Brazil,ON634718,2021
749,ON634719.1|2021-02-04,2III_C.1.1,2III_C,2III,ON634719,10386,102.0636792,2021,"Brazil: Sao Paulo, Barueri",Brazil,ON634719,2021
750,ON634720.1|2021-02-22,2III_C.1.1,2III_C,2III,ON634720,10386,102.0636792,2021,"Brazil: Sao Paulo, Cubatao",Brazil,ON634720,2021
751,ON634721.1|2021-02-10,2III_C.1.1,2III_C,2III,ON634721,10384,102.0440252,2021,"Brazil: Sao Paulo, Sao Vicente",Brazil,ON634721,2021
752,ON634722.1|2021-02-20,2III_C.1.1,2III_C,2III,ON634722,10386,102.0636792,2021,"Brazil: Sao Paulo, Castilho",Brazil,ON634722,2021
753,ON634723.1|2021-03-18,2III_C.1.1,2III_C,2III,ON634723,10386,102.0636792,2021,"Brazil: Sao Paulo, Ubatuba",Brazil,ON634723,2021
754,ON634724.1|2021-03-18,2III_C.1.1,2III_C,2III,ON634724,10386,102.0636792,2021,"Brazil: Sao Paulo, Ubatuba",Brazil,ON634724,2021
755,ON634725.1|2021-03-02,2III_C.1.1,2III_C,2III,ON634725,10384,102.0440252,2021,"Brazil: Sao Paulo, Andradina",Brazil,ON634725,2021
756,ON634726.1|2021-03-25,2III_C.1.1,2III_C,2III,ON634726,10384,102.0440252,2021,"Brazil: Sao Paulo, Tiete",Brazil,ON634726,2021
757,ON634727.1|2021-04-02,2III_C.1.1,2III_C,2III,ON634727,10386,102.0636792,2021,"Brazil: Sao Paulo, Ilhabela",Brazil,ON634727,2021
758,ON634728.1|2021-04-06,2III_C.1.1,2III_C,2III,ON634728,10386,102.0636792,2021,"Brazil: Sao Paulo, Pirajui",Brazil,ON634728,2021
759,ON634729.1|2021-04-09,2III_C.1.1,2III_C,2III,ON634729,10384,102.0440252,2021,"Brazil: Sao Paulo, Piracicaba",Brazil,ON634729,2021
760,ON634730.1|2021-04-07,2III_C.1.1,2III_C,2III,ON634730,10386,102.0636792,2021,"Brazil: Sao Paulo, Bertioga",Brazil,ON634730,2021
761,ON634731.1|2021-03-25,2III_C.1.1,2III_C,2III,ON634731,10386,102.0636792,2021,"Brazil: Sao Paulo, Arci-Iris",Brazil,ON634731,2021
762,ON634732.1|2021-04-13,2III_C.1.1,2III_C,2III,ON634732,10386,102.0636792,2021,"Brazil: Sao Paulo, Tupa",Brazil,ON634732,2021
763,ON634733.1|2021-04-19,2III_C.1.1,2III_C,2III,ON634733,10386,102.0636792,2021,"Brazil: Sao Paulo, Itabera",Brazil,ON634733,2021
764,ON634734.1|2021-05-06,2III_C.1.1,2III_C,2III,ON634734,10386,102.0636792,2021,"Brazil: Sao Paulo, Itu",Brazil,ON634734,2021
765,ON634735.1|2021-04-25,2III_C.1.1,2III_C,2III,ON634735,10386,102.0636792,2021,"Brazil: Sao Paulo, Piracicaba",Brazil,ON634735,2021
766,ON634736.1|2021-04-30,2III_C.1.1,2III_C,2III,ON634736,10386,102.0636792,2021,"Brazil: Sao Paulo, Rubiacea",Brazil,ON634736,2021
767,ON634737.1|2021-05-04,2III_C.1.1,2III_C,2III,ON634737,10384,102.0440252,2021,"Brazil: Sao Paulo, Mirandopolis",Brazil,ON634737,2021
768,ON634738.1|2020-04-03,2III_C.1.1,2III_C,2III,ON634738,10386,102.0636792,2020,"Brazil: Sao Paulo, Sao Pedro do Turvo",Brazil,ON634738,2020
769,ON634739.1|2021-05-07,2III_C.1.1,2III_C,2III,ON634739,10386,102.0636792,2021,"Brazil: Sao Paulo, Praia Grande",Brazil,ON634739,2021
770,ON634740.1|2022-03-28,2III_C.1.1,2III_C,2III,ON634740,10420,102.3977987,2022,"Brazil: Sao Paulo, Diadema",Brazil,ON634740,2022
771,ON634741.1|2022-04-25,2III_C.1.1,2III_C,2III,ON634741,10422,102.4174528,2022,"Brazil: Sao Paulo, Carapicuiba",Brazil,ON634741,2022
772,ON634742.1|2022-02-05,2II_F.1.1.2,2II_F,2II,ON634742,10425,102.446934,2022,"Brazil: Sao Paulo, Piracicaba",Brazil,ON634742,2022
773,ON634743.1|2022-03-15,2II_F.1.1.2,2II_F,2II,ON634743,10428,102.4764151,2022,"Brazil: Sao Paulo, Sao Jose dos Campos",Brazil,ON634743,2022
774,ON634744.1|2022-03-11,2III_C.1.1,2III_C,2III,ON634744,10422,102.4174528,2022,"Brazil: Sao Paulo, Piracicaba",Brazil,ON634744,2022
775,ON634745.1|2022-03-14,2II_F.1.1.2,2II_F,2II,ON634745,10588,104.0487421,2022,"Brazil: Sao Paulo, Piracicaba",Brazil,ON634745,2022
776,ON634746.1|2022-03-25,2III_C.1.1,2III_C,2III,ON634746,10425,102.446934,2022,"Brazil: Sao Paulo, Dracena",Brazil,ON634746,2022
777,ON634747.1|2022-04-11,2III_C.1.1,2III_C,2III,ON634747,10380,102.004717,2022,"Brazil: Sao Paulo, Tremembe",Brazil,ON634747,2022
778,ON634748.1|2022-04-13,2III_C.1.1,2III_C,2III,ON634748,10498,103.1643082,2022,"Brazil: Sao Paulo, Dracena",Brazil,ON634748,2022
779,ON634749.1|2022-04-05,2III_C.1.1,2III_C,2III,ON634749,10380,102.004717,2022,"Brazil: Sao Paulo, Sao Sebastiao",Brazil,ON634749,2022
780,ON634750.1|2022-03-24,2II_F.1.1.2,2II_F,2II,ON634750,10424,102.4371069,2022,"Brazil: Sao Paulo, Santa Rosa do Viterbo",Brazil,ON634750,2022
781,ON634751.1|2022-04-14,2III_C.1.1,2III_C,2III,ON634751,10423,102.4272799,2022,"Brazil: Sao Paulo, Monte Castela",Brazil,ON634751,2022
782,ON634752.1|2022-03-17,2III_C.1.1,2III_C,2III,ON634752,10418,102.3781447,2022,"Brazil: Sao Paulo, Tremembe",Brazil,ON634752,2022
783,ON634753.1|2022-03-21,2III_C.1.1,2III_C,2III,ON634753,10421,102.4076258,2022,"Brazil: Sao Paulo, Sao Jose dos Campos",Brazil,ON634753,2022
784,ON634754.1|2022-03-26,2III_C.1.1,2III_C,2III,ON634754,10432,102.5157233,2022,"Brazil: Sao Paulo, Taubate",Brazil,ON634754,2022
785,ON634755.1|2022-03-06,2II_F.1.1.2,2II_F,2II,ON634755,10418,102.3781447,2022,"Brazil: Sao Paulo, Piracicaba",Brazil,ON634755,2022
786,ON634756.1|2022-01-30,2II_F.1.1.2,2II_F,2II,ON634756,10421,102.4076258,2022,"Brazil: Sao Paulo, Piracicaba",Brazil,ON634756,2022
787,OL321176.1|2016,2II_E.2,2II_E,2II,OL321176,10523,103.4099843,2016,Papua New Guinea: NCD,Papua New Guinea,OL321176,2016
788,OL321177.1|2016,2II_E.2,2II_E,2II,OL321177,10454,102.7319182,2016,Papua New Guinea: NCD,Papua New Guinea,OL321177,2016
789,OL321178.1|2016-03-07,2II_E.2,2II_E,2II,OL321178,10317,101.3856132,2016,Papua New Guinea: Daru,Papua New Guinea,OL321178,2016
790,OL321182.1|2016-03-05,2II_E.2,2II_E,2II,OL321182,10635,104.5106132,2016,"Papua New Guinea: NCD, Hohola",Papua New Guinea,OL321182,2016
791,OL321183.1|2016-03-12,2II_E.2,2II_E,2II,OL321183,10515,103.3313679,2016,"Papua New Guinea: NCD, June Valley",Papua New Guinea,OL321183,2016
792,OL321184.1|2016-05-10,2II_E.2,2II_E,2II,OL321184,10472,102.908805,2016,Papua New Guinea: NCD,Papua New Guinea,OL321184,2016
793,OL321185.1|2016,2II_E.2,2II_E,2II,OL321185,10431,102.5058962,2016,Papua New Guinea: NCD,Papua New Guinea,OL321185,2016
794,OL321186.1|2016-04-12,2II_E.2,2II_E,2II,OL321186,10165,99.89190252,2016,"Papua New Guinea: NCD, Hohola",Papua New Guinea,OL321186,2016
795,ON231304.1|2018-10-26,2II_B,2II_B,2II,ON231304,10176,100,2018,Senegal,Senegal,ON231304,2018
796,ON231306.1|2018-10-28,2II_B,2II_B,2II,ON231306,10176,100,2018,Senegal,Senegal,ON231306,2018
797,ON231307.1|2018-10-28,2II_B,2II_B,2II,ON231307,10176,100,2018,Senegal,Senegal,ON231307,2018
798,ON231308.1|2018-10-28,2II_B,2II_B,2II,ON231308,10176,100,2018,Senegal,Senegal,ON231308,2018
799,ON231309.1|2018-10-28,2II_B,2II_B,2II,ON231309,10176,100,2018,Senegal,Senegal,ON231309,2018
800,ON231310.1|2018-10-31,2II_B,2II_B,2II,ON231310,10176,100,2018,Senegal,Senegal,ON231310,2018
801,ON231311.1|2018-11-09,2II_B,2II_B,2II,ON231311,10176,100,2018,Senegal,Senegal,ON231311,2018
802,ON231312.1|2018-11-08,2II_B,2II_B,2II,ON231312,10176,100,2018,Senegal,Senegal,ON231312,2018
803,ON231313.1|2018-11-09,2II_B,2II_B,2II,ON231313,10176,100,2018,Senegal,Senegal,ON231313,2018
804,ON907579.1|2017-08-07,2II_D.2,2II_D,2II,ON907579,10558,103.7539308,2017,China,China,ON907579,2017
805,ON907580.1|2019-06-15,2II_B,2II_B,2II,ON907580,10570,103.8718553,2019,Niger,Niger,ON907580,2019
806,ON907581.1|2019-07-02,2II_C.1,2II_C,2II,ON907581,10582,103.9897799,2019,Philippines,Philippines,ON907581,2019
807,ON908221.1|2019-07-02,2II_C.1,2II_C,2II,ON908221,10478,102.9677673,2019,Philippines,Philippines,ON908221,2019
808,ON908222.1|2018-05-17,2II_C.1,2II_C,2II,ON908222,10635,104.5106132,2018,China,China,ON908222,2018
809,ON908223.1|2019-06-15,2II_B,2II_B,2II,ON908223,10542,103.5966981,2019,Niger,Niger,ON908223,2019
810,ON908224.1|2019-07-08,2II_F.1.1,2II_F,2II,ON908224,10528,103.4591195,2019,Cambodia,Cambodia,ON908224,2019
811,ON908225.1|2019-08-04,2II_F.1.1,2II_F,2II,ON908225,10561,103.7834119,2019,China,China,ON908225,2019
812,ON908226.1|2018-08-28,2II_D.2,2II_D,2II,ON908226,10588,104.0487421,2018,China,China,ON908226,2018
813,ON908227.1|2019-08-16,2II_F.1.1,2II_F,2II,ON908227,10671,104.8643868,2019,China,China,ON908227,2019
814,ON908228.1|2017-08-07,2II_D.2,2II_D,2II,ON908228,10588,104.0487421,2017,China,China,ON908228,2017
815,ON908229.1|2019-09-16,2II_F.2.1,2II_F,2II,ON908229,10563,103.803066,2019,China,China,ON908229,2019
816,ON908230.1|2019-05-31,2V_A.1.2,2V_A,2V,ON908230,10586,104.0290881,2019,Cambodia,Cambodia,ON908230,2019
817,ON908244.1|2019-06-20,2II_F.1.1,2II_F,2II,ON908244,10672,104.8742138,2019,China,China,ON908244,2019
818,ON885253.1|2019-07-02,2II_C.1,2II_C,2II,ON885253,10582,103.9897799,2019,Philippines,Philippines,ON885253,2019
819,ON885286.1|2019-06-15,2II_B,2II_B,2II,ON885286,10570,103.8718553,2019,Niger,Niger,ON885286,2019
820,ON887284.1|2019-07-08,2II_F.1.1,2II_F,2II,ON887284,10572,103.8915094,2019,Cambodia,Cambodia,ON887284,2019
821,ON887640.1|2018-08-28,2II_D.2,2II_D,2II,ON887640,10558,103.7539308,2018,China: Guangzhou,China,ON887640,2018
822,ON888666.1|2019-08-16,2II_F.1.1,2II_F,2II,ON888666,10604,104.2059748,2019,China: Guangzhou,China,ON888666,2019
823,ON890351.1|2017-08-07,2II_D.2,2II_D,2II,ON890351,10558,103.7539308,2017,China: Guangzhou,China,ON890351,2017
824,ON890422.1|2019-09-16,2II_F.2.1,2II_F,2II,ON890422,10565,103.8227201,2019,China: Guangzhou,China,ON890422,2019
825,ON890479.1|2019-05-31,2V_A.1.2,2V_A,2V,ON890479,10573,103.9013365,2019,Cambodia,Cambodia,ON890479,2019
826,ON875316.1|2018-05-17,2II_C.1,2II_C,2II,ON875316,10564,103.8128931,2018,China: Guangzhou,China,ON875316,2018
827,ON853797.1|2018-07-13,2V_A.1,2V_A,2V,ON853797,10686,105.0117925,2018,Cambodia,Cambodia,ON853797,2018
828,ON799267.1|2018,2II_A.1.1.1,2II_A,2II,ON799267,10511,103.2920597,2018,India,India,ON799267,2018
829,ON714337.1|2015-01-29,2III_D.2,2III_D,2III,ON714337,10687,105.0216195,2015,Venezuela: Aragua,Venezuela,ON714337,2015
830,ON510268.1|2021-04-09,2III_D.2,2III_D,2III,ON510268,10672,104.8742138,2021,Colombia,Colombia,ON510268,2021
831,ON510270.1|2021-05-10,2III_D.2,2III_D,2III,ON510270,10672,104.8742138,2021,Colombia,Colombia,ON510270,2021
832,OM744143.1|2021-11-29,2II_F.1.1.2,2II_F,2II,OM744143,9289,91.28341195,2021,"Brazil: Aparecida de Goiania, Goias",Brazil,OM744143,2021
833,ON398847.1|1980,2V,2V,2V,ON398847,10723,105.3753931,1980,Thailand,Thailand,ON398847,1980
834,MW720945.1|2019-09,2II_F.1.1,2II_F,2II,MW720945,10681,104.9626572,2019,China,China,MW720945,2019
835,MW720946.1|2019-09,2II_F.1.1,2II_F,2II,MW720946,10698,105.129717,2019,China,China,MW720946,2019
836,MW720947.1|2019-09,2II_F.1.1,2II_F,2II,MW720947,10684,104.9921384,2019,China,China,MW720947,2019
837,MW720948.1|2019-09,2II_F.1.1,2II_F,2II,MW720948,10690,105.0511006,2019,China,China,MW720948,2019
838,MW720949.1|2019-09,2II_F.1.1,2II_F,2II,MW720949,10681,104.9626572,2019,China,China,MW720949,2019
839,MW720950.1|2019-09,2II_F.1.1,2II_F,2II,MW720950,10681,104.9626572,2019,China,China,MW720950,2019
840,MW720951.1|2019-09,2II_F.1.1,2II_F,2II,MW720951,10682,104.9724843,2019,China,China,MW720951,2019
841,MW720952.1|2019-09,2II_F.1.1,2II_F,2II,MW720952,10682,104.9724843,2019,China,China,MW720952,2019
842,MW720953.1|2019-09,2II_F.1.1,2II_F,2II,MW720953,10716,105.3066038,2019,China,China,MW720953,2019
843,MW720954.1|2019-09,2II_F.1.1,2II_F,2II,MW720954,10683,104.9823113,2019,China,China,MW720954,2019
844,MW720955.1|2019-09,2II_F.1.1,2II_F,2II,MW720955,10680,104.9528302,2019,China,China,MW720955,2019
845,MW720956.1|2019-09,2II_F.1.1,2II_F,2II,MW720956,10682,104.9724843,2019,China,China,MW720956,2019
846,MW720957.1|2019-09,2II_F.1.1,2II_F,2II,MW720957,10715,105.2967767,2019,China,China,MW720957,2019
847,MW721459.1|2018-10,2II_D.2,2II_D,2II,MW721459,10722,105.365566,2018,China,China,MW721459,2018
848,MW721460.1|2018-10,2II_F.1.1,2II_F,2II,MW721460,10699,105.139544,2018,China,China,MW721460,2018
849,MW721461.1|2018-10,2II_F.1.1,2II_F,2II,MW721461,10692,105.0707547,2018,China,China,MW721461,2018
850,MW721462.1|2014-10,2II_D.1.1,2II_D,2II,MW721462,10716,105.3066038,2014,China,China,MW721462,2014
851,MW721463.1|2014-10,2II_D.1.1,2II_D,2II,MW721463,10692,105.0707547,2014,China,China,MW721463,2014
852,MW721464.1|2014-10,2II_D.1.1,2II_D,2II,MW721464,10716,105.3066038,2014,China,China,MW721464,2014
853,MW721465.1|2014-10,2II_D.1.1,2II_D,2II,MW721465,10717,105.3164308,2014,China,China,MW721465,2014
854,MW721466.1|2014-10,2II_D.1.1,2II_D,2II,MW721466,10706,105.2083333,2014,China,China,MW721466,2014
855,MW721467.1|2014-10,2II_D.1.1,2II_D,2II,MW721467,10703,105.1788522,2014,China,China,MW721467,2014
856,MW721468.1|2014-10,2II_D.1.1,2II_D,2II,MW721468,10720,105.3459119,2014,China,China,MW721468,2014
857,MW721469.1|2017-10,2II_F.1.1,2II_F,2II,MW721469,10695,105.1002358,2017,China,China,MW721469,2017
858,MW721470.1|2017-10,2II_F.1.1,2II_F,2II,MW721470,10716,105.3066038,2017,China,China,MW721470,2017
859,MW721471.1|2014-10,2II_F.1.1,2II_F,2II,MW721471,10720,105.3459119,2014,China,China,MW721471,2014
860,MW721472.1|2014-10,2II_F.1.2,2II_F,2II,MW721472,10722,105.365566,2014,China,China,MW721472,2014
861,MW721473.1|2014-10,2II_D.1.1,2II_D,2II,MW721473,10713,105.2771226,2014,China,China,MW721473,2014
862,MW721474.1|2010-10,2II_D.2,2II_D,2II,MW721474,10714,105.2869497,2010,China,China,MW721474,2010
863,MW721475.1|2010-10,2II_D.2,2II_D,2II,MW721475,10703,105.1788522,2010,China,China,MW721475,2010
864,ON123638.1|2021-03-01,2II_F.1.1.2,2II_F,2II,ON123638,10671,104.8643868,2021,Peru,Peru,ON123638,2021
865,ON123639.1|2021-03-04,2II_F.1.1.2,2II_F,2II,ON123639,10671,104.8643868,2021,Peru,Peru,ON123639,2021
866,ON123640.1|2021-03-08,2II_F.1.1.2,2II_F,2II,ON123640,10671,104.8643868,2021,Peru,Peru,ON123640,2021
867,ON123641.1|2021-03-24,2II_F.1.1.2,2II_F,2II,ON123641,10671,104.8643868,2021,Peru,Peru,ON123641,2021
868,ON123642.1|2021-04-08,2II_F.1.1.2,2II_F,2II,ON123642,10671,104.8643868,2021,Peru,Peru,ON123642,2021
869,ON123643.1|2021-04-12,2II_F.1.1.2,2II_F,2II,ON123643,10671,104.8643868,2021,Peru,Peru,ON123643,2021
870,ON123644.1|2021-07-21,2II_F.1.1.2,2II_F,2II,ON123644,10671,104.8643868,2021,Peru,Peru,ON123644,2021
871,ON123645.1|2021-06-18,2III_C,2III_C,2III,ON123645,10671,104.8643868,2021,Peru,Peru,ON123645,2021
872,ON123649.1|2020,2II_A.2.1,2II_A,2II,ON123649,10598,104.1470126,2020,India,India,ON123649,2020
873,ON123651.1|2020,2II_A.1.1.1,2II_A,2II,ON123651,10723,105.3753931,2020,India,India,ON123651,2020
874,ON123652.1|2020,2II_A.1.1,2II_A,2II,ON123652,10256,100.7861635,2020,India,India,ON123652,2020
875,ON123663.1|2018,2II_A.1.1.1,2II_A,2II,ON123663,10546,103.6360063,2018,India,India,ON123663,2018
876,ON109598.1|2021,2II_A.1.1.1,2II_A,2II,ON109598,10511,103.2920597,2021,India,India,ON109598,2021
877,ON046268.1|2003-01-24,2V_A,2V_A,2V,ON046268,10507,103.2527516,2003,Thailand,Thailand,ON046268,2003
878,ON046269.1|2003-08-24,2V_A,2V_A,2V,ON046269,10507,103.2527516,2003,Thailand,Thailand,ON046269,2003
879,ON046270.1|2004-10-16,2V_E,2V_E,2V,ON046270,10507,103.2527516,2004,Thailand,Thailand,ON046270,2004
880,ON046271.1|2004-11-20,2V_A,2V_A,2V,ON046271,10507,103.2527516,2004,Thailand,Thailand,ON046271,2004
881,ON046272.1|2009-12-10,2V_A.4,2V_A,2V,ON046272,10507,103.2527516,2009,Thailand,Thailand,ON046272,2009
882,ON046273.1|2010-09-06,2V_A,2V_A,2V,ON046273,10507,103.2527516,2010,Thailand,Thailand,ON046273,2010
883,ON046274.1|2010-09-17,2V_A,2V_A,2V,ON046274,10507,103.2527516,2010,Thailand,Thailand,ON046274,2010
884,ON046275.1|2011-07-12,2V_A.1,2V_A,2V,ON046275,10507,103.2527516,2011,Thailand,Thailand,ON046275,2011
885,ON046276.1|2011-08-09,2V_A,2V_A,2V,ON046276,10507,103.2527516,2011,Thailand,Thailand,ON046276,2011
886,ON046277.1|2011-10-11,2V_A,2V_A,2V,ON046277,10507,103.2527516,2011,Thailand,Thailand,ON046277,2011
887,ON046278.1|2012-11-02,2V_A.1,2V_A,2V,ON046278,10507,103.2527516,2012,Thailand,Thailand,ON046278,2012
888,ON005157.1|2011-07-15,2V_A,2V_A,2V,ON005157,10543,103.6065252,2011,Thailand,Thailand,ON005157,2011
889,OM978278.1|2020-02-05,2II_F.1.1,2II_F,2II,OM978278,8465,83.18592767,2020,Sri Lanka,Sri Lanka,OM978278,2020
890,OK469345.1|1985,2V,2V,2V,OK469345,10680,104.9528302,1985,Myanmar,Myanmar,OK469345,1985
891,OK469346.1|1981,2III,2III,2III,OK469346,10680,104.9528302,1981,Jamaica,Jamaica,OK469346,1981
892,OK469347.1|1988,2IV,2IV,2IV,OK469347,10680,104.9528302,1988,Palau,Palau,OK469347,1988
893,OK469348.1|1976,2V,2V,2V,OK469348,10558,103.7539308,1976,Myanmar,Myanmar,OK469348,1976
894,OK469349.1|1972,2I,2I,2I,OK469349,10591,104.0782233,1972,Samoa,Samoa,OK469349,1972
895,OK469350.1|1990,2V,2V,2V,OK469350,10676,104.913522,1990,Thailand,Thailand,OK469350,1990
896,OK469351.1|1995,2V,2V,2V,OK469351,10676,104.913522,1995,Myanmar,Myanmar,OK469351,1995
897,OK469352.1|1993,2II,2II,2II,OK469352,10678,104.9331761,1993,Singapore,Singapore,OK469352,1993
898,OM791800.1|2019-09-26,2II_F.1.1.2,2II_F,2II,OM791800,10273,100.9532233,2019,Peru,Peru,OM791800,2019
899,OM791801.1|2019-09-28,2II_F.1.1.2,2II_F,2II,OM791801,10273,100.9532233,2019,Peru,Peru,OM791801,2019
900,OM791802.1|2018-12-31,2III_C,2III_C,2III,OM791802,10371,101.9162736,2018,Peru,Peru,OM791802,2018
901,OM730078.1|2021-11-16,2II_F.1.1,2II_F,2II,OM730078,10692,105.0707547,2021,India,India,OM730078,2021
902,OM698821.1|2021-11-16,2II_A.1.1,2II_A,2II,OM698821,10719,105.3360849,2021,India,India,OM698821,2021
903,OM700180.1|2021-11-16,2II_F.1.1,2II_F,2II,OM700180,10685,105.0019654,2021,India,India,OM700180,2021
904,OM700181.1|2021-11-16,2II_A.1.1.1,2II_A,2II,OM700181,10690,105.0511006,2021,India,India,OM700181,2021
905,OM680963.1|2021-11-16,2II_F.1.1,2II_F,2II,OM680963,10721,105.355739,2021,India,India,OM680963,2021
906,OM681318.1|2021-11-16,2II_A,2II_A,2II,OM681318,10722,105.365566,2021,India,India,OM681318,2021
907,OM639979.1|2021-10-19,2II_F.1.1,2II_F,2II,OM639979,10677,104.9233491,2021,India,India,OM639979,2021
908,OM639980.1|2021-11-16,2II_F.1.1,2II_F,2II,OM639980,10706,105.2083333,2021,India,India,OM639980,2021
909,OM639981.1|2021-09-02,2II_F.1.1,2II_F,2II,OM639981,10707,105.2181604,2021,India,India,OM639981,2021
910,OM639982.1|2021-09-14,2II_F.1.1,2II_F,2II,OM639982,10723,105.3753931,2021,India,India,OM639982,2021
911,OM639983.1|2021-11-16,2II_A,2II_A,2II,OM639983,10709,105.2378145,2021,India,India,OM639983,2021
912,OM639984.1|2021-11-16,2II_F.1.1,2II_F,2II,OM639984,10687,105.0216195,2021,India,India,OM639984,2021
913,OM639985.1|2021-11-16,2II_A.1.1.1,2II_A,2II,OM639985,10712,105.2672956,2021,India,India,OM639985,2021
914,OM639986.1|2021-11-16,2II_A,2II_A,2II,OM639986,10720,105.3459119,2021,India,India,OM639986,2021
915,OM639987.1|2021-11-16,2II_A.2.1,2II_A,2II,OM639987,10711,105.2574686,2021,India,India,OM639987,2021
916,OM639988.1|2021-11-16,2II_A.2.1,2II_A,2II,OM639988,10710,105.2476415,2021,India,India,OM639988,2021
917,OM639989.1|2021-11-16,2II_A.2.1,2II_A,2II,OM639989,10713,105.2771226,2021,India,India,OM639989,2021
918,OM639990.1|2021-11-16,2II_A.1.1,2II_A,2II,OM639990,10708,105.2279874,2021,India,India,OM639990,2021
919,OM639991.1|2021-11-16,2II_A.1.1,2II_A,2II,OM639991,10721,105.355739,2021,India,India,OM639991,2021
920,OM639992.1|2021-11-16,2II_F.1.1,2II_F,2II,OM639992,10716,105.3066038,2021,India,India,OM639992,2021
921,OM639993.1|2021-11-16,2II_F.1.1,2II_F,2II,OM639993,10670,104.8545597,2021,India,India,OM639993,2021
922,OM648092.1|2021-10-20,2II_A,2II_A,2II,OM648092,10697,105.1198899,2021,India,India,OM648092,2021
923,OM505021.1|2021-06-30,2III_D.1.2,2III_D,2III,OM505021,10679,104.9430031,2021,Mexico: Michoacan,Mexico,OM505021,2021
924,OM505022.1|2021-09-21,2III_D.1.2,2III_D,2III,OM505022,10679,104.9430031,2021,Mexico: Coahuila,Mexico,OM505022,2021
925,OM349569.1|2019-09-25,2II_F.2.1,2II_F,2II,OM349569,9848,96.77672956,2019,China: Guangzhou,China,OM349569,2019
926,OM368351.1|2019-09-16,2II_F.2.1,2II_F,2II,OM368351,10624,104.4025157,2019,China: Guangzhou,China,OM368351,2019
927,OM368352.1|2018-05-17,2II_C.1,2II_C,2II,OM368352,10654,104.697327,2018,China: Guangzhou,China,OM368352,2018
928,OM317565.1|2020-06-24,2II_B,2II_B,2II,OM317565,10630,104.461478,2020,Cameroon: Africa,Cameroon,OM317565,2020
929,OM317566.1|2020-08-02,2II_B,2II_B,2II,OM317566,10380,102.004717,2020,Cameroon: Africa,Cameroon,OM317566,2020
930,OK605758.1|1998,2III_B,2III_B,2III,OK605758,10723,105.3753931,1998,Colombia,Colombia,OK605758,1998
931,OK605759.1|1994,2V_B,2V_B,2V,OK605759,10724,105.3852201,1994,Thailand,Thailand,OK605759,1994
932,OK605760.1|1988,2IV,2IV,2IV,OK605760,10722,105.365566,1988,Philippines,Philippines,OK605760,1988
933,OK605761.1|2000,2III_B,2III_B,2III,OK605761,10723,105.3753931,2000,Brazil,Brazil,OK605761,2000
934,MZ453006.1|2019,2II_F.1.1,2II_F,2II,MZ453006,10176,100,2019,China,China,MZ453006,2019
935,MZ453008.1|2019,2II_F.1.1,2II_F,2II,MZ453008,10176,100,2019,China,China,MZ453008,2019
936,MZ453009.1|2019,2II_F.1.1,2II_F,2II,MZ453009,10176,100,2019,China,China,MZ453009,2019
937,MZ453010.1|2019,2II_F.1.1,2II_F,2II,MZ453010,10176,100,2019,China,China,MZ453010,2019
938,MZ453011.1|2019,2II_F.1.1,2II_F,2II,MZ453011,10176,100,2019,China,China,MZ453011,2019
939,LC666718.1|2017,2II_B,2II_B,2II,LC666718,10724,105.3852201,2017,Ghana: Accra,Ghana,LC666718,2017
940,LC666719.1|2017,2II_B,2II_B,2II,LC666719,10724,105.3852201,2017,Ghana: Accra,Ghana,LC666719,2017
941,MZ857208.1|2013,2II_D.1.2,2II_D,2II,MZ857208,10173,99.97051887,2013,Kenya,Kenya,MZ857208,2013
942,MZ857209.1|2013,2II_A.2.2,2II_A,2II,MZ857209,10173,99.97051887,2013,Kenya,Kenya,MZ857209,2013
943,MZ857210.1|2014,2II_D.1.2,2II_D,2II,MZ857210,10173,99.97051887,2014,Tanzania,Tanzania,MZ857210,2014
944,MZ857211.1|2014,2II_D.1.2,2II_D,2II,MZ857211,10173,99.97051887,2014,Mozambique,Mozambique,MZ857211,2014
945,MZ857212.1|2014,2II_D.1.2,2II_D,2II,MZ857212,10173,99.97051887,2014,Tanzania,Tanzania,MZ857212,2014
946,MZ857213.1|2014-06,2II_D.1.2,2II_D,2II,MZ857213,10173,99.97051887,2014,Tanzania,Tanzania,MZ857213,2014
947,MZ857214.1|2014,2II_D.1.2,2II_D,2II,MZ857214,10173,99.97051887,2014,Tanzania,Tanzania,MZ857214,2014
948,MZ857215.1|2015,2II_D.1.2,2II_D,2II,MZ857215,10173,99.97051887,2015,Somalia,Somalia,MZ857215,2015
949,MZ857218.1|2017,2II_A.1.1,2II_A,2II,MZ857218,10173,99.97051887,2017,Eritrea,Eritrea,MZ857218,2017
950,MZ857219.1|1996,2II_A.1,2II_A,2II,MZ857219,10173,99.97051887,1996,Somalia,Somalia,MZ857219,1996
951,MZ857220.1|2017,2II_B,2II_B,2II,MZ857220,10173,99.97051887,2017,Burkina Faso,Burkina Faso,MZ857220,2017
952,MZ857221.1|2017,2II_A.1.1,2II_A,2II,MZ857221,10173,99.97051887,2017,Uganda,Uganda,MZ857221,2017
953,MZ857222.1|2007,2II_A.1.1,2II_A,2II,MZ857222,10173,99.97051887,2007,Djibouti,Djibouti,MZ857222,2007
954,OL469512.1|2017-04-30,2II_B,2II_B,2II,OL469512,10176,100,2017,Cote d'Ivoire,Cote d'Ivoire,OL469512,2017
955,OL469513.1|2017-05-04,2II_B,2II_B,2II,OL469513,10176,100,2017,Cote d'Ivoire,Cote d'Ivoire,OL469513,2017
956,OL435143.1|2020-08,2II_F.1.1,2II_F,2II,OL435143,10464,102.8301887,2020,Cambodia,Cambodia,OL435143,2020
957,OL414717.1|2019-07,2II_F.1.1,2II_F,2II,OL414717,10689,105.0412736,2019,Cambodia,Cambodia,OL414717,2019
958,OL414718.1|2019-07,2II_F.1.1,2II_F,2II,OL414718,10572,103.8915094,2019,Cambodia,Cambodia,OL414718,2019
959,OL414719.1|2019-07,2V_A.1.2,2V_A,2V,OL414719,10572,103.8915094,2019,Cambodia,Cambodia,OL414719,2019
960,OL414720.1|2019-07,2V_A.1.2,2V_A,2V,OL414720,10573,103.9013365,2019,Cambodia,Cambodia,OL414720,2019
961,OL414721.1|2019-07,2V_A.1.2,2V_A,2V,OL414721,10573,103.9013365,2019,Cambodia,Cambodia,OL414721,2019
962,OL414722.1|2019-08,2II_F.1.1,2II_F,2II,OL414722,10572,103.8915094,2019,Cambodia,Cambodia,OL414722,2019
963,OL414723.1|2019-08,2II_F.1.1,2II_F,2II,OL414723,10572,103.8915094,2019,Cambodia,Cambodia,OL414723,2019
964,OL414724.1|2019-08,2II_F.1.1,2II_F,2II,OL414724,10572,103.8915094,2019,Cambodia,Cambodia,OL414724,2019
965,OL414725.1|2019-08,2II_F.1.1,2II_F,2II,OL414725,10671,104.8643868,2019,Cambodia,Cambodia,OL414725,2019
966,OL414726.1|2019-08,2II_F.1.1,2II_F,2II,OL414726,10572,103.8915094,2019,Cambodia,Cambodia,OL414726,2019
967,OL414727.1|2019-08,2II_F.1.1,2II_F,2II,OL414727,10572,103.8915094,2019,Cambodia,Cambodia,OL414727,2019
968,OL414728.1|2019-07,2V_A.1,2V_A,2V,OL414728,10713,105.2771226,2019,Cambodia,Cambodia,OL414728,2019
969,OL414729.1|2019-07,2V_A.1,2V_A,2V,OL414729,10636,104.5204403,2019,Cambodia,Cambodia,OL414729,2019
970,OL414730.1|2019-07,2II_F.1.1,2II_F,2II,OL414730,10687,105.0216195,2019,Cambodia,Cambodia,OL414730,2019
972,OL414732.1|2020-08,2II_F.1.1.1,2II_F,2II,OL414732,10642,104.5794025,2020,Cambodia,Cambodia,OL414732,2020
973,OL414733.1|2020-08,2II_F.1.1.1,2II_F,2II,OL414733,10695,105.1002358,2020,Cambodia,Cambodia,OL414733,2020
974,OL414734.1|2020-06,2V_A.1.2,2V_A,2V,OL414734,10568,103.8522013,2020,Cambodia,Cambodia,OL414734,2020
975,OL414735.1|2020-06,2V_A.1.2,2V_A,2V,OL414735,10620,104.3632075,2020,Cambodia,Cambodia,OL414735,2020
976,OL414736.1|2020-06,2II_F.1.1,2II_F,2II,OL414736,10600,104.1666667,2020,Cambodia,Cambodia,OL414736,2020
977,OL414737.1|2019-06,2II_F.1.1,2II_F,2II,OL414737,10572,103.8915094,2019,Cambodia,Cambodia,OL414737,2019
978,OL414738.1|2019-06,2II_F.1.1,2II_F,2II,OL414738,10572,103.8915094,2019,Cambodia,Cambodia,OL414738,2019
979,OL414739.1|2019-07,2II_F.1.1,2II_F,2II,OL414739,10572,103.8915094,2019,Cambodia,Cambodia,OL414739,2019
980,OL414740.1|2019-06,2II_F.1.1,2II_F,2II,OL414740,10572,103.8915094,2019,Cambodia,Cambodia,OL414740,2019
981,OL414741.1|2019-07,2II_F.1.1,2II_F,2II,OL414741,10572,103.8915094,2019,Cambodia,Cambodia,OL414741,2019
982,OL414742.1|2019-06,2II_F.1.1,2II_F,2II,OL414742,10572,103.8915094,2019,Cambodia,Cambodia,OL414742,2019
983,OL414743.1|2019-05,2V_A.1.2,2V_A,2V,OL414743,10573,103.9013365,2019,Cambodia,Cambodia,OL414743,2019
984,OL414744.1|2019-07,2V_A.1.2,2V_A,2V,OL414744,10573,103.9013365,2019,Cambodia,Cambodia,OL414744,2019
985,OL414745.1|2019-08,2II_F.1.1,2II_F,2II,OL414745,10572,103.8915094,2019,Cambodia,Cambodia,OL414745,2019
986,OL414746.1|2020-06,2II_F.1.1,2II_F,2II,OL414746,10569,103.8620283,2020,Cambodia,Cambodia,OL414746,2020
987,OL414747.1|2019-08,2II_F.1.1,2II_F,2II,OL414747,10572,103.8915094,2019,Cambodia,Cambodia,OL414747,2019
988,OL414749.1|2020-06,2II_F.1.1.1,2II_F,2II,OL414749,10608,104.245283,2020,Cambodia,Cambodia,OL414749,2020
989,OL414750.1|2020-07,2II_F.1.1.1,2II_F,2II,OL414750,10693,105.0805818,2020,Cambodia,Cambodia,OL414750,2020
990,OL414751.1|2020-07,2II_F.1.1.1,2II_F,2II,OL414751,10713,105.2771226,2020,Cambodia,Cambodia,OL414751,2020
991,OL414752.1|2020-07,2II_F.1.1.1,2II_F,2II,OL414752,10714,105.2869497,2020,Cambodia,Cambodia,OL414752,2020
992,OL414753.1|2020-08,2II_F.1.1.1,2II_F,2II,OL414753,10693,105.0805818,2020,Cambodia,Cambodia,OL414753,2020
993,OL414754.1|2020-08,2II_F.1.1.1,2II_F,2II,OL414754,10691,105.0609277,2020,Cambodia,Cambodia,OL414754,2020
994,OL414755.1|2020-08,2II_F.1.1.1,2II_F,2II,OL414755,10100,99.25314465,2020,Cambodia,Cambodia,OL414755,2020
995,OL414756.1|2020-08,2II_F.1.1.1,2II_F,2II,OL414756,10696,105.1100629,2020,Cambodia,Cambodia,OL414756,2020
996,OL414757.1|2020-09,2II_F.1.1.1,2II_F,2II,OL414757,10711,105.2574686,2020,Cambodia,Cambodia,OL414757,2020
997,OL414758.1|2020-09,2II_F.1.1.1,2II_F,2II,OL414758,10623,104.3926887,2020,Cambodia,Cambodia,OL414758,2020
998,OL414759.1|2019-06,2II_F.1.1,2II_F,2II,OL414759,10695,105.1002358,2019,Cambodia,Cambodia,OL414759,2019
999,OL414760.1|2019-08,2II_F.1.1,2II_F,2II,OL414760,10674,104.8938679,2019,Cambodia,Cambodia,OL414760,2019
1000,OL414761.1|2019-08,2V_A.1.2,2V_A,2V,OL414761,10675,104.903695,2019,Cambodia,Cambodia,OL414761,2019
1001,OL414762.1|2019-07,2II_F.1.1,2II_F,2II,OL414762,10569,103.8620283,2019,Cambodia,Cambodia,OL414762,2019
1002,OL414763.1|2019-08,2II_F.1.1,2II_F,2II,OL414763,10695,105.1002358,2019,Cambodia,Cambodia,OL414763,2019
1003,OL414764.1|2020-08,2II_F.1.1.1,2II_F,2II,OL414764,10638,104.5400943,2020,Cambodia,Cambodia,OL414764,2020
1004,OL414765.1|2020-08,2II_F.1.1.1,2II_F,2II,OL414765,10322,101.4347484,2020,Cambodia,Cambodia,OL414765,2020
1005,OL420733.1|2019-07,2II_F.1.1,2II_F,2II,OL420733,10703,105.1788522,2019,Cambodia,Cambodia,OL420733,2019
1006,OL412740.1|2019-07,2II_F.1.1,2II_F,2II,OL412740,10697,105.1198899,2019,Cambodia,Cambodia,OL412740,2019
1007,OK559627.1|2019-09-26,2II_F.1.1,2II_F,2II,OK559627,10714,105.2869497,2019,China,China,OK559627,2019
1008,MN577545.1|2017-06,2II_F.1.1,2II_F,2II,MN577545,10176,100,2017,Sri Lanka,Sri Lanka,MN577545,2017
1009,MN577546.1|2017-08,2II_F.1.1,2II_F,2II,MN577546,10176,100,2017,Sri Lanka,Sri Lanka,MN577546,2017
1010,MN577547.1|2017-06,2II_F.1.1,2II_F,2II,MN577547,10176,100,2017,Sri Lanka,Sri Lanka,MN577547,2017
1011,MN577548.1|2017-07,2II_F.1.1,2II_F,2II,MN577548,10176,100,2017,Sri Lanka,Sri Lanka,MN577548,2017
1012,MN577549.1|2017-08,2II_F.1.1,2II_F,2II,MN577549,10176,100,2017,Sri Lanka,Sri Lanka,MN577549,2017
1013,MZ636801.1|2019-11-19,2V_A.2,2V_A,2V,MZ636801,10711,105.2574686,2019,Thailand: Bangkok,Thailand,MZ636801,2019
1014,MZ636802.1|2019-11-24,2II_F.1.1,2II_F,2II,MZ636802,10711,105.2574686,2019,Thailand: Bangkok,Thailand,MZ636802,2019
1015,MZ636803.1|2019-11-28,2II_F.1.1,2II_F,2II,MZ636803,10711,105.2574686,2019,Thailand: Bangkok,Thailand,MZ636803,2019
1016,MZ636804.1|2019-11-30,2II_F.1.1,2II_F,2II,MZ636804,10711,105.2574686,2019,Thailand: Bangkok,Thailand,MZ636804,2019
1017,MZ636805.1|2019-12-30,2II_F.1.1,2II_F,2II,MZ636805,10711,105.2574686,2019,Thailand: Bangkok,Thailand,MZ636805,2019
1018,MZ312931.1|2017-10-09,2II_A.1.1.1,2II_A,2II,MZ312931,10591,104.0782233,2017,India,India,MZ312931,2017
1019,MT754366.1|2019-10-24,2V_A.2,2V_A,2V,MT754366,10648,104.6383648,2019,"China: Xi Shuang Ban Na,Yunnan",China,MT754366,2019
1020,MT754367.1|2019-10-24,2II_F.1.1,2II_F,2II,MT754367,10648,104.6383648,2019,"China: Xi Shuang Ban Na,Yunnan",China,MT754367,2019
1021,MT754368.1|2019-10-24,2II_F.1.1,2II_F,2II,MT754368,10648,104.6383648,2019,"China: Xi Shuang Ban Na,Yunnan",China,MT754368,2019
1022,MT754369.1|2019-10-24,2II_F.1.1,2II_F,2II,MT754369,10648,104.6383648,2019,"China: Xi Shuang Ban Na,Yunnan",China,MT754369,2019
1023,MT754370.1|2019-10-24,2II_F.1.1,2II_F,2II,MT754370,10648,104.6383648,2019,"China: Xi Shuang Ban Na,Yunnan",China,MT754370,2019
1024,MT754371.1|2019-10-24,2II_F.1.1,2II_F,2II,MT754371,10648,104.6383648,2019,"China: Xi Shuang Ban Na,Yunnan",China,MT754371,2019
1025,MT754372.1|2019-10-24,2V_A.2,2V_A,2V,MT754372,10648,104.6383648,2019,"China: Xi Shuang Ban Na,Yunnan",China,MT754372,2019
1026,MW730814.1|2017-07,2II_F.2.1,2II_F,2II,MW730814,10581,103.9799528,2017,Nepal,Nepal,MW730814,2017
1027,MW730815.1|2017-07,2II_F.2.1,2II_F,2II,MW730815,10584,104.009434,2017,Nepal,Nepal,MW730815,2017
1028,MW730816.1|2017-07,2II_F.2.1,2II_F,2II,MW730816,10580,103.9701258,2017,Nepal,Nepal,MW730816,2017
1029,MW730817.1|2017-07,2II_F.2.1,2II_F,2II,MW730817,10580,103.9701258,2017,Nepal,Nepal,MW730817,2017
1030,MW730818.1|2017-07,2II_F.2.1,2II_F,2II,MW730818,10584,104.009434,2017,Nepal,Nepal,MW730818,2017
1031,MW730819.1|2017-07,2II_F.2.1,2II_F,2II,MW730819,10584,104.009434,2017,Nepal,Nepal,MW730819,2017
1032,MW730820.1|2017-07,2II_F.2.1,2II_F,2II,MW730820,10584,104.009434,2017,Nepal,Nepal,MW730820,2017
1033,MW730821.1|2017-07,2II_F.2.1,2II_F,2II,MW730821,10584,104.009434,2017,Nepal,Nepal,MW730821,2017
1034,MW730822.1|2017-07,2II_F.2.1,2II_F,2II,MW730822,10584,104.009434,2017,Nepal,Nepal,MW730822,2017
1035,MW730823.1|2017-07,2II_F.2.1,2II_F,2II,MW730823,10584,104.009434,2017,Nepal,Nepal,MW730823,2017
1036,MW730824.1|2017-07,2II_F.2.1,2II_F,2II,MW730824,10584,104.009434,2017,Nepal,Nepal,MW730824,2017
1037,MW730825.1|2017-07,2II_F.2.1,2II_F,2II,MW730825,10584,104.009434,2017,Nepal,Nepal,MW730825,2017
1038,MW730826.1|2017-07,2II_F.2.1,2II_F,2II,MW730826,10584,104.009434,2017,Nepal,Nepal,MW730826,2017
1039,MW730827.1|2017-07,2II_F.2.1,2II_F,2II,MW730827,10584,104.009434,2017,Nepal,Nepal,MW730827,2017
1040,MW730828.1|2017-07,2II_F.2.1,2II_F,2II,MW730828,10584,104.009434,2017,Nepal,Nepal,MW730828,2017
1041,MW730829.1|2017-07,2II_F.2.1,2II_F,2II,MW730829,10584,104.009434,2017,Nepal,Nepal,MW730829,2017
1042,MW730830.1|2017-07,2II_F.2.1,2II_F,2II,MW730830,10584,104.009434,2017,Nepal,Nepal,MW730830,2017
1043,MW730831.1|2017-07,2II_F.2.1,2II_F,2II,MW730831,10584,104.009434,2017,Nepal,Nepal,MW730831,2017
1044,MW730832.1|2017-07,2II_F.2.1,2II_F,2II,MW730832,10583,103.9996069,2017,Nepal,Nepal,MW730832,2017
1045,MW730833.1|2017-07,2II_F,2II_F,2II,MW730833,10583,103.9996069,2017,Nepal,Nepal,MW730833,2017
1046,MW730834.1|2017-07,2II_A.2.1,2II_A,2II,MW730834,10580,103.9701258,2017,Nepal,Nepal,MW730834,2017
1047,MW730835.1|2017-07,2II_A.2.1,2II_A,2II,MW730835,10584,104.009434,2017,Nepal,Nepal,MW730835,2017
1048,MW730836.1|2017-07,2II_A.2.1,2II_A,2II,MW730836,10580,103.9701258,2017,Nepal,Nepal,MW730836,2017
1049,MW730837.1|2017-07,2II_A.2.1,2II_A,2II,MW730837,10584,104.009434,2017,Nepal,Nepal,MW730837,2017
1050,MW730838.1|2017-07,2II_A.2.1,2II_A,2II,MW730838,10584,104.009434,2017,Nepal,Nepal,MW730838,2017
1051,MW730839.1|2017-07,2II_F.2.1,2II_F,2II,MW730839,10584,104.009434,2017,Nepal,Nepal,MW730839,2017
1052,MZ945531.1|2020-11-01,2III_D.1.2,2III_D,2III,MZ945531,10224,100.4716981,2020,USA: Texas,USA,MZ945531,2020
1053,MZ945532.1|2020-10-28,2III_D.1.2,2III_D,2III,MZ945532,10225,100.4815252,2020,USA: Texas,USA,MZ945532,2020
1054,MZ945533.1|2020-10-28,2III_D.1.2,2III_D,2III,MZ945533,10225,100.4815252,2020,USA: Texas,USA,MZ945533,2020
1055,MZ945534.1|2020-10-13,2III_D.1.2,2III_D,2III,MZ945534,10225,100.4815252,2020,USA: Texas,USA,MZ945534,2020
1056,MZ945535.1|2020-10-08,2III_D.1.2,2III_D,2III,MZ945535,10241,100.6387579,2020,USA: Texas,USA,MZ945535,2020
1057,MZ773408.1|2019-09,2III_D.2,2III_D,2III,MZ773408,10694,105.0904088,2019,Colombia,Colombia,MZ773408,2019
1058,MW788981.1|2018-09,2V_A.2,2V_A,2V,MW788981,10570,103.8718553,2018,Myanmar: Yangon,Myanmar,MW788981,2018
1059,MW788982.1|2018-08,2V_A.2,2V_A,2V,MW788982,10548,103.6556604,2018,Myanmar: Yangon,Myanmar,MW788982,2018
1060,MW788983.1|2019-09,2V_A.2,2V_A,2V,MW788983,10594,104.1077044,2019,Myanmar: Yangon,Myanmar,MW788983,2019
1061,MW788984.1|2019-06,2V_A.2,2V_A,2V,MW788984,10594,104.1077044,2019,Myanmar: Yangon,Myanmar,MW788984,2019
1062,MW788985.1|2019-09,2V_A.2,2V_A,2V,MW788985,10594,104.1077044,2019,Myanmar: Yangon,Myanmar,MW788985,2019
1063,MW788986.1|2019-01,2V_A.2,2V_A,2V,MW788986,10516,103.341195,2019,Myanmar: Yangon,Myanmar,MW788986,2019
1064,MW788987.1|2019-06,2V_A.2,2V_A,2V,MW788987,10596,104.1273585,2019,Myanmar: Yangon,Myanmar,MW788987,2019
1065,MW512341.1|2004,2II_F,2II_F,2II,MW512341,10723,105.3753931,2004,Singapore,Singapore,MW512341,2004
1066,MW512342.1|2007,2II_E.1,2II_E,2II,MW512342,10176,100,2007,Singapore,Singapore,MW512342,2007
1067,MW512343.1|2007,2II_E.1,2II_E,2II,MW512343,10176,100,2007,Singapore,Singapore,MW512343,2007
1068,MW512344.1|2007,2II_E.1,2II_E,2II,MW512344,10176,100,2007,Singapore,Singapore,MW512344,2007
1069,MW512345.1|2007,2II_E.1,2II_E,2II,MW512345,10176,100,2007,Singapore,Singapore,MW512345,2007
1070,MW512346.1|2007,2II_E.1,2II_E,2II,MW512346,10176,100,2007,Singapore,Singapore,MW512346,2007
1071,MW512347.1|2007,2II_E.1,2II_E,2II,MW512347,10176,100,2007,Singapore,Singapore,MW512347,2007
1072,MW512348.1|2007,2II_E.1,2II_E,2II,MW512348,10176,100,2007,Singapore,Singapore,MW512348,2007
1073,MW512349.1|2007,2II_E.1,2II_E,2II,MW512349,10176,100,2007,Singapore,Singapore,MW512349,2007
1074,MW512350.1|2008,2II_E.1,2II_E,2II,MW512350,10176,100,2008,Singapore,Singapore,MW512350,2008
1075,MW512351.1|2008,2II_E.1,2II_E,2II,MW512351,10176,100,2008,Singapore,Singapore,MW512351,2008
1076,MW512352.1|2008,2II_E.1,2II_E,2II,MW512352,10176,100,2008,Singapore,Singapore,MW512352,2008
1077,MW512353.1|2008,2II_E.1,2II_E,2II,MW512353,10176,100,2008,Singapore,Singapore,MW512353,2008
1078,MW512354.1|2009,2II_E.1,2II_E,2II,MW512354,10176,100,2009,Singapore,Singapore,MW512354,2009
1079,MW512355.1|2009,2II_E.1,2II_E,2II,MW512355,10176,100,2009,Singapore,Singapore,MW512355,2009
1080,MW512356.1|2009,2II_E.1,2II_E,2II,MW512356,10176,100,2009,Singapore,Singapore,MW512356,2009
1081,MW512357.1|2010,2II_E.1,2II_E,2II,MW512357,10176,100,2010,Singapore,Singapore,MW512357,2010
1082,MW512358.1|2010,2II_E.1,2II_E,2II,MW512358,10176,100,2010,Singapore,Singapore,MW512358,2010
1083,MW512359.1|2010,2II_E.1,2II_E,2II,MW512359,10176,100,2010,Singapore,Singapore,MW512359,2010
1084,MW512360.1|2010,2II_E.1,2II_E,2II,MW512360,10176,100,2010,Singapore,Singapore,MW512360,2010
1085,MW512361.1|2010,2II_E.1,2II_E,2II,MW512361,10176,100,2010,Singapore,Singapore,MW512361,2010
1086,MW512362.1|2011,2II_A.1,2II_A,2II,MW512362,10723,105.3753931,2011,Singapore,Singapore,MW512362,2011
1087,MW512363.1|2011,2II_E.1,2II_E,2II,MW512363,10723,105.3753931,2011,Singapore,Singapore,MW512363,2011
1088,MW512364.1|2011,2II_D,2II_D,2II,MW512364,10723,105.3753931,2011,Singapore,Singapore,MW512364,2011
1089,MW512365.1|2011,2II_F.1.2,2II_F,2II,MW512365,10723,105.3753931,2011,Singapore,Singapore,MW512365,2011
1090,MW512366.1|2011,2II_F.1.2,2II_F,2II,MW512366,10723,105.3753931,2011,Singapore,Singapore,MW512366,2011
1091,MW512367.1|2011,2II_F,2II_F,2II,MW512367,10723,105.3753931,2011,Singapore,Singapore,MW512367,2011
1092,MW512368.1|2011,2II_F,2II_F,2II,MW512368,10723,105.3753931,2011,Singapore,Singapore,MW512368,2011
1093,MW512369.1|2011,2II_F.2.1,2II_F,2II,MW512369,10723,105.3753931,2011,Singapore,Singapore,MW512369,2011
1094,MW512370.1|2012,2II_A.1.1.1,2II_A,2II,MW512370,10723,105.3753931,2012,Singapore,Singapore,MW512370,2012
1095,MW512371.1|2012,2II_A.1.1.1,2II_A,2II,MW512371,10723,105.3753931,2012,Singapore,Singapore,MW512371,2012
1096,MW512372.1|2012,2II_A.2.1,2II_A,2II,MW512372,10723,105.3753931,2012,Singapore,Singapore,MW512372,2012
1097,MW512373.1|2012,2II_E.1,2II_E,2II,MW512373,10723,105.3753931,2012,Singapore,Singapore,MW512373,2012
1098,MW512374.1|2012,2II_E.1,2II_E,2II,MW512374,10723,105.3753931,2012,Singapore,Singapore,MW512374,2012
1099,MW512375.1|2012,2II_D.3,2II_D,2II,MW512375,10723,105.3753931,2012,Singapore,Singapore,MW512375,2012
1100,MW512376.1|2012,2II_D,2II_D,2II,MW512376,10723,105.3753931,2012,Singapore,Singapore,MW512376,2012
1101,MW512377.1|2012,2II_F.2,2II_F,2II,MW512377,10723,105.3753931,2012,Singapore,Singapore,MW512377,2012
1102,MW512378.1|2012,2II_F.2.1,2II_F,2II,MW512378,10723,105.3753931,2012,Singapore,Singapore,MW512378,2012
1103,MW512379.1|2012,2II_F.2.2,2II_F,2II,MW512379,10723,105.3753931,2012,Singapore,Singapore,MW512379,2012
1104,MW512380.1|2012,2II_C.1,2II_C,2II,MW512380,10723,105.3753931,2012,Singapore,Singapore,MW512380,2012
1105,MW512381.1|2013,2II_E.1,2II_E,2II,MW512381,10723,105.3753931,2013,Singapore,Singapore,MW512381,2013
1106,MW512382.1|2013,2II_E.1,2II_E,2II,MW512382,10723,105.3753931,2013,Singapore,Singapore,MW512382,2013
1107,MW512383.1|2013,2II_E.1,2II_E,2II,MW512383,10723,105.3753931,2013,Singapore,Singapore,MW512383,2013
1108,MW512384.1|2013,2II_D.3,2II_D,2II,MW512384,10723,105.3753931,2013,Singapore,Singapore,MW512384,2013
1109,MW512385.1|2013,2II_D.3,2II_D,2II,MW512385,10723,105.3753931,2013,Singapore,Singapore,MW512385,2013
1110,MW512386.1|2013,2II_D.2,2II_D,2II,MW512386,10723,105.3753931,2013,Singapore,Singapore,MW512386,2013
1111,MW512387.1|2013,2II_F.1.1,2II_F,2II,MW512387,10238,100.6092767,2013,Singapore,Singapore,MW512387,2013
1112,MW512388.1|2013,2II_F.1.1,2II_F,2II,MW512388,10723,105.3753931,2013,Singapore,Singapore,MW512388,2013
1113,MW512389.1|2013,2II_F.1.1,2II_F,2II,MW512389,10723,105.3753931,2013,Singapore,Singapore,MW512389,2013
1114,MW512390.1|2013,2II_F.1.1,2II_F,2II,MW512390,10723,105.3753931,2013,Singapore,Singapore,MW512390,2013
1115,MW512391.1|2013,2II_A.1,2II_A,2II,MW512391,10723,105.3753931,2013,Singapore,Singapore,MW512391,2013
1116,MW512392.1|2013,2II_F.1.1,2II_F,2II,MW512392,10723,105.3753931,2013,Singapore,Singapore,MW512392,2013
1117,MW512393.1|2013,2II_F.1.1,2II_F,2II,MW512393,10723,105.3753931,2013,Singapore,Singapore,MW512393,2013
1118,MW512394.1|2013,2II_F.1.1,2II_F,2II,MW512394,10254,100.7665094,2013,Singapore,Singapore,MW512394,2013
1119,MW512395.1|2013,2II_F.1.1,2II_F,2II,MW512395,10723,105.3753931,2013,Singapore,Singapore,MW512395,2013
1120,MW512396.1|2013,2II_F.1.1,2II_F,2II,MW512396,10723,105.3753931,2013,Singapore,Singapore,MW512396,2013
1121,MW512397.1|2013,2II_F.1.1,2II_F,2II,MW512397,10285,101.0711478,2013,Singapore,Singapore,MW512397,2013
1122,MW512398.1|2013,2II_F.1.1,2II_F,2II,MW512398,10723,105.3753931,2013,Singapore,Singapore,MW512398,2013
1123,MW512399.1|2013,2II_F.1.1,2II_F,2II,MW512399,10723,105.3753931,2013,Singapore,Singapore,MW512399,2013
1124,MW512400.1|2013,2II_F.1.2,2II_F,2II,MW512400,10723,105.3753931,2013,Singapore,Singapore,MW512400,2013
1125,MW512401.1|2013,2II_F.1.2,2II_F,2II,MW512401,10723,105.3753931,2013,Singapore,Singapore,MW512401,2013
1126,MW512402.1|2013,2II_F.1.2,2II_F,2II,MW512402,10723,105.3753931,2013,Singapore,Singapore,MW512402,2013
1127,MW512403.1|2013,2II_F.1.2,2II_F,2II,MW512403,10723,105.3753931,2013,Singapore,Singapore,MW512403,2013
1128,MW512404.1|2013,2II_F.2.2,2II_F,2II,MW512404,10723,105.3753931,2013,Singapore,Singapore,MW512404,2013
1129,MW512405.1|2013,2II_F.2.2,2II_F,2II,MW512405,10723,105.3753931,2013,Singapore,Singapore,MW512405,2013
1130,MW512406.1|2013,2II_F.2.2,2II_F,2II,MW512406,10723,105.3753931,2013,Singapore,Singapore,MW512406,2013
1131,MW512407.1|2013,2II_F.2.2,2II_F,2II,MW512407,10723,105.3753931,2013,Singapore,Singapore,MW512407,2013
1132,MW512408.1|2013,2II_C,2II_C,2II,MW512408,10723,105.3753931,2013,Singapore,Singapore,MW512408,2013
1133,MW512409.1|2013,2II_C,2II_C,2II,MW512409,10723,105.3753931,2013,Singapore,Singapore,MW512409,2013
1134,MW512410.1|2014,2II_A.1,2II_A,2II,MW512410,10723,105.3753931,2014,Singapore,Singapore,MW512410,2014
1135,MW512411.1|2014,2II_A.1.1.2,2II_A,2II,MW512411,10723,105.3753931,2014,Singapore,Singapore,MW512411,2014
1136,MW512412.1|2014,2II_A.1.1.2,2II_A,2II,MW512412,10723,105.3753931,2014,Singapore,Singapore,MW512412,2014
1137,MW512413.1|2014,2II_A.1.1.1,2II_A,2II,MW512413,10723,105.3753931,2014,Singapore,Singapore,MW512413,2014
1138,MW512414.1|2014,2II_E,2II_E,2II,MW512414,10723,105.3753931,2014,Singapore,Singapore,MW512414,2014
1139,MW512415.1|2014,2II_D.1,2II_D,2II,MW512415,10723,105.3753931,2014,Singapore,Singapore,MW512415,2014
1140,MW512416.1|2014,2II_F.1.1,2II_F,2II,MW512416,10695,105.1002358,2014,Singapore,Singapore,MW512416,2014
1141,MW512417.1|2014,2II_F.1.1,2II_F,2II,MW512417,10723,105.3753931,2014,Singapore,Singapore,MW512417,2014
1142,MW512418.1|2014,2II_F.1.1,2II_F,2II,MW512418,10723,105.3753931,2014,Singapore,Singapore,MW512418,2014
1143,MW512419.1|2014,2II_F.1.1,2II_F,2II,MW512419,10612,104.2845912,2014,Singapore,Singapore,MW512419,2014
1144,MW512420.1|2014,2II_F.1.1,2II_F,2II,MW512420,10723,105.3753931,2014,Singapore,Singapore,MW512420,2014
1145,MW512421.1|2014,2II_F.1.1,2II_F,2II,MW512421,10723,105.3753931,2014,Singapore,Singapore,MW512421,2014
1146,MW512422.1|2014,2II_F.1.1,2II_F,2II,MW512422,10723,105.3753931,2014,Singapore,Singapore,MW512422,2014
1147,MW512423.1|2014,2II_F.1.1,2II_F,2II,MW512423,10723,105.3753931,2014,Singapore,Singapore,MW512423,2014
1148,MW512424.1|2014,2II_F.1.1,2II_F,2II,MW512424,10685,105.0019654,2014,Singapore,Singapore,MW512424,2014
1149,MW512425.1|2014,2II_F.1.1,2II_F,2II,MW512425,10723,105.3753931,2014,Singapore,Singapore,MW512425,2014
1150,MW512426.1|2014,2II_F.1.1,2II_F,2II,MW512426,10723,105.3753931,2014,Singapore,Singapore,MW512426,2014
1151,MW512427.1|2014,2II_F.1.2,2II_F,2II,MW512427,10723,105.3753931,2014,Singapore,Singapore,MW512427,2014
1152,MW512428.1|2014,2II_F.2.1,2II_F,2II,MW512428,10723,105.3753931,2014,Singapore,Singapore,MW512428,2014
1153,MW512429.1|2014,2II_F.2.1,2II_F,2II,MW512429,10723,105.3753931,2014,Singapore,Singapore,MW512429,2014
1154,MW512430.1|2014,2II_F.2.1,2II_F,2II,MW512430,10723,105.3753931,2014,Singapore,Singapore,MW512430,2014
1155,MW512431.1|2014,2II_C,2II_C,2II,MW512431,10723,105.3753931,2014,Singapore,Singapore,MW512431,2014
1156,MW512432.1|2014,2II_C.1,2II_C,2II,MW512432,10723,105.3753931,2014,Singapore,Singapore,MW512432,2014
1157,MW512433.1|2014,2II_C.1,2II_C,2II,MW512433,10723,105.3753931,2014,Singapore,Singapore,MW512433,2014
1158,MW512434.1|2014,2II_C.1,2II_C,2II,MW512434,10723,105.3753931,2014,Singapore,Singapore,MW512434,2014
1159,MW512435.1|2015,2II_F.1.1,2II_F,2II,MW512435,10723,105.3753931,2015,Singapore,Singapore,MW512435,2015
1160,MW512436.1|2015,2II_F.1.1,2II_F,2II,MW512436,10723,105.3753931,2015,Singapore,Singapore,MW512436,2015
1161,MW512437.1|2015,2II_F.1.1,2II_F,2II,MW512437,10723,105.3753931,2015,Singapore,Singapore,MW512437,2015
1162,MW512438.1|2015,2II_F.1.1,2II_F,2II,MW512438,10723,105.3753931,2015,Singapore,Singapore,MW512438,2015
1163,MW512439.1|2015,2II_F.1.1,2II_F,2II,MW512439,10723,105.3753931,2015,Singapore,Singapore,MW512439,2015
1164,MW512440.1|2015,2II_F.1.1,2II_F,2II,MW512440,10723,105.3753931,2015,Singapore,Singapore,MW512440,2015
1165,MW512441.1|2015,2II_F.1.1,2II_F,2II,MW512441,10723,105.3753931,2015,Singapore,Singapore,MW512441,2015
1166,MW512442.1|2015,2II_F.1.1,2II_F,2II,MW512442,10586,104.0290881,2015,Singapore,Singapore,MW512442,2015
1167,MW512443.1|2015,2II_F.1.1,2II_F,2II,MW512443,10723,105.3753931,2015,Singapore,Singapore,MW512443,2015
1168,MW512444.1|2015,2II_F.1.1,2II_F,2II,MW512444,10723,105.3753931,2015,Singapore,Singapore,MW512444,2015
1169,MW512445.1|2015,2II_F.1.1,2II_F,2II,MW512445,10723,105.3753931,2015,Singapore,Singapore,MW512445,2015
1170,MW512446.1|2015,2II_F.1.1,2II_F,2II,MW512446,10723,105.3753931,2015,Singapore,Singapore,MW512446,2015
1171,MW512447.1|2015,2II_F.1,2II_F,2II,MW512447,10723,105.3753931,2015,Singapore,Singapore,MW512447,2015
1172,MW512448.1|2015,2II_F.2.1,2II_F,2II,MW512448,10723,105.3753931,2015,Singapore,Singapore,MW512448,2015
1173,MW512449.1|2016,2II_A.2.1,2II_A,2II,MW512449,10723,105.3753931,2016,Singapore,Singapore,MW512449,2016
1174,MW512450.1|2016,2II_D.3,2II_D,2II,MW512450,10723,105.3753931,2016,Singapore,Singapore,MW512450,2016
1175,MW512451.1|2016,2II_F.1.1,2II_F,2II,MW512451,10723,105.3753931,2016,Singapore,Singapore,MW512451,2016
1176,MW512452.1|2016,2II_F.1.1,2II_F,2II,MW512452,10650,104.6580189,2016,Singapore,Singapore,MW512452,2016
1177,MW512453.1|2016,2II_F.1.1,2II_F,2II,MW512453,10693,105.0805818,2016,Singapore,Singapore,MW512453,2016
1178,MW512454.1|2016,2II_F.1.1,2II_F,2II,MW512454,10723,105.3753931,2016,Singapore,Singapore,MW512454,2016
1179,MW512455.1|2016,2II_F.1.1,2II_F,2II,MW512455,10691,105.0609277,2016,Singapore,Singapore,MW512455,2016
1180,MW512456.1|2016,2II_F.1.1,2II_F,2II,MW512456,10723,105.3753931,2016,Singapore,Singapore,MW512456,2016
1181,MW512457.1|2016,2II_F.1.1,2II_F,2II,MW512457,10723,105.3753931,2016,Singapore,Singapore,MW512457,2016
1182,MW512458.1|2016,2II_F.1.1,2II_F,2II,MW512458,10723,105.3753931,2016,Singapore,Singapore,MW512458,2016
1183,MW512459.1|2016,2II_F.1.1,2II_F,2II,MW512459,10691,105.0609277,2016,Singapore,Singapore,MW512459,2016
1184,MW512460.1|2016,2II_F.1.1,2II_F,2II,MW512460,10712,105.2672956,2016,Singapore,Singapore,MW512460,2016
1185,MW512461.1|2016,2II_F.1.1,2II_F,2II,MW512461,10723,105.3753931,2016,Singapore,Singapore,MW512461,2016
1186,MW512462.1|2016,2II_F.1.1,2II_F,2II,MW512462,10723,105.3753931,2016,Singapore,Singapore,MW512462,2016
1187,MW512463.1|2016,2II_F.1.3,2II_F,2II,MW512463,10697,105.1198899,2016,Singapore,Singapore,MW512463,2016
1188,MW512464.1|2016,2II_F.2.1,2II_F,2II,MW512464,10707,105.2181604,2016,Singapore,Singapore,MW512464,2016
1189,MW512465.1|2016,2II_F.2.1,2II_F,2II,MW512465,10723,105.3753931,2016,Singapore,Singapore,MW512465,2016
1190,MW512466.1|2016,2II_F.2.1,2II_F,2II,MW512466,10693,105.0805818,2016,Singapore,Singapore,MW512466,2016
1191,MW512467.1|2016,2II_C,2II_C,2II,MW512467,10723,105.3753931,2016,Singapore,Singapore,MW512467,2016
1192,MW512468.1|2017,2II_A.1.1.1,2II_A,2II,MW512468,10723,105.3753931,2017,Singapore,Singapore,MW512468,2017
1193,MW512469.1|2017,2II_A.1.1.1,2II_A,2II,MW512469,10718,105.3262579,2017,Singapore,Singapore,MW512469,2017
1194,MW512470.1|2017,2II_A,2II_A,2II,MW512470,10718,105.3262579,2017,Singapore,Singapore,MW512470,2017
1195,MW512471.1|2017,2II_F.1.1,2II_F,2II,MW512471,10723,105.3753931,2017,Singapore,Singapore,MW512471,2017
1196,MW512472.1|2017,2II_F.1.1,2II_F,2II,MW512472,10723,105.3753931,2017,Singapore,Singapore,MW512472,2017
1197,MW512473.1|2017,2II_F.1.1,2II_F,2II,MW512473,10723,105.3753931,2017,Singapore,Singapore,MW512473,2017
1198,MW512474.1|2017,2II_F.1.1,2II_F,2II,MW512474,10723,105.3753931,2017,Singapore,Singapore,MW512474,2017
1199,MW512475.1|2017,2II_F.1.1,2II_F,2II,MW512475,10723,105.3753931,2017,Singapore,Singapore,MW512475,2017
1200,MW512476.1|2017,2II_F.1.1,2II_F,2II,MW512476,10723,105.3753931,2017,Singapore,Singapore,MW512476,2017
1201,MW512477.1|2017,2II_F.1.1,2II_F,2II,MW512477,10723,105.3753931,2017,Singapore,Singapore,MW512477,2017
1202,MW512478.1|2017,2II_F.1.1,2II_F,2II,MW512478,10681,104.9626572,2017,Singapore,Singapore,MW512478,2017
1203,MW512479.1|2018,2II_D.3,2II_D,2II,MW512479,10723,105.3753931,2018,Singapore,Singapore,MW512479,2018
1204,MW512480.1|2018,2II_D,2II_D,2II,MW512480,10723,105.3753931,2018,Singapore,Singapore,MW512480,2018
1205,MW512481.1|2018,2II_F.1.1,2II_F,2II,MW512481,10723,105.3753931,2018,Singapore,Singapore,MW512481,2018
1206,MW512482.1|2018,2II_F.1.1,2II_F,2II,MW512482,10713,105.2771226,2018,Singapore,Singapore,MW512482,2018
1207,MW512483.1|2018,2II_F.1.1,2II_F,2II,MW512483,10723,105.3753931,2018,Singapore,Singapore,MW512483,2018
1208,MW512484.1|2018,2II_F.1.1,2II_F,2II,MW512484,10686,105.0117925,2018,Singapore,Singapore,MW512484,2018
1209,MW512485.1|2018,2II_F.1.1,2II_F,2II,MW512485,10723,105.3753931,2018,Singapore,Singapore,MW512485,2018
1210,MW512486.1|2018,2II_F.1.1,2II_F,2II,MW512486,10721,105.355739,2018,Singapore,Singapore,MW512486,2018
1211,MW512487.1|2018,2II_F.1.1,2II_F,2II,MW512487,10721,105.355739,2018,Singapore,Singapore,MW512487,2018
1212,MW512488.1|2018,2II_F.1.1,2II_F,2II,MW512488,10721,105.355739,2018,Singapore,Singapore,MW512488,2018
1213,MW512489.1|2018,2II_C.1,2II_C,2II,MW512489,10723,105.3753931,2018,Singapore,Singapore,MW512489,2018
1214,MW512490.1|2019,2II_A.2.1,2II_A,2II,MW512490,10723,105.3753931,2019,Singapore,Singapore,MW512490,2019
1215,MW512491.1|2019,2II_F.1.1,2II_F,2II,MW512491,10723,105.3753931,2019,Singapore,Singapore,MW512491,2019
1216,MW512492.1|2019,2II_F.1.1,2II_F,2II,MW512492,10723,105.3753931,2019,Singapore,Singapore,MW512492,2019
1217,MW512493.1|2019,2II_F.1.1,2II_F,2II,MW512493,10723,105.3753931,2019,Singapore,Singapore,MW512493,2019
1218,MW512494.1|2019,2II_F.1.1,2II_F,2II,MW512494,10723,105.3753931,2019,Singapore,Singapore,MW512494,2019
1219,MW512495.1|2019,2II_F.1.1,2II_F,2II,MW512495,10690,105.0511006,2019,Singapore,Singapore,MW512495,2019
1220,MW512496.1|2019,2II_F.1.1,2II_F,2II,MW512496,10721,105.355739,2019,Singapore,Singapore,MW512496,2019
1221,MW512497.1|2019,2II_F.1.1,2II_F,2II,MW512497,10721,105.355739,2019,Singapore,Singapore,MW512497,2019
1222,MW512498.1|2019,2II_F.1.1,2II_F,2II,MW512498,10721,105.355739,2019,Singapore,Singapore,MW512498,2019
1223,MW191698.1|2016-07,2II_A.1.1.1,2II_A,2II,MW191698,10585,104.019261,2016,India,India,MW191698,2016
1224,MW191699.1|2016-07,2II_A.1.1.1,2II_A,2II,MW191699,10585,104.019261,2016,India,India,MW191699,2016
1225,MW191700.1|2017-07,2II_A.1.1.1,2II_A,2II,MW191700,10585,104.019261,2017,India,India,MW191700,2017
1226,MW191701.1|2017-07,2II_A.1.1.1,2II_A,2II,MW191701,10585,104.019261,2017,India,India,MW191701,2017
1227,MN982899.1|2019-05,2II_F.2.1,2II_F,2II,MN982899,10720,105.3459119,2019,Australia: Rockhampton,Australia,MN982899,2019
1228,MZ008454.1|2016,2III_D.1.2,2III_D,2III,MZ008454,10633,104.4909591,2016,Nicaragua,Nicaragua,MZ008454,2016
1229,MZ008455.1|2016,2III_D.1.2,2III_D,2III,MZ008455,10633,104.4909591,2016,Nicaragua,Nicaragua,MZ008455,2016
1230,MZ008456.1|2016,2III_D.1.2,2III_D,2III,MZ008456,10638,104.5400943,2016,Nicaragua,Nicaragua,MZ008456,2016
1231,MZ008457.1|2015,2III_D.1.2,2III_D,2III,MZ008457,10659,104.7464623,2015,Nicaragua,Nicaragua,MZ008457,2015
1232,MZ008458.1|2015,2III_D.1.2,2III_D,2III,MZ008458,10590,104.0683962,2015,Nicaragua,Nicaragua,MZ008458,2015
1233,MZ008459.1|2013,2III_D.1.2,2III_D,2III,MZ008459,10631,104.471305,2013,Nicaragua,Nicaragua,MZ008459,2013
1234,MZ008460.1|2013,2III_D.1.2,2III_D,2III,MZ008460,10632,104.4811321,2013,Nicaragua,Nicaragua,MZ008460,2013
1235,MZ008461.1|2013,2III_D.1.2,2III_D,2III,MZ008461,10576,103.9308176,2013,Nicaragua,Nicaragua,MZ008461,2013
1236,MZ008462.1|2015,2III_D.1.2,2III_D,2III,MZ008462,10664,104.7955975,2015,Nicaragua,Nicaragua,MZ008462,2015
1237,MZ008463.1|2013,2III_D.1.2,2III_D,2III,MZ008463,10725,105.3950472,2013,Nicaragua,Nicaragua,MZ008463,2013
1238,MZ008464.1|2014,2III_D.1.2,2III_D,2III,MZ008464,10472,102.908805,2014,Nicaragua,Nicaragua,MZ008464,2014
1239,MZ008465.1|2015,2III_D.1.2,2III_D,2III,MZ008465,10588,104.0487421,2015,Nicaragua,Nicaragua,MZ008465,2015
1240,MZ008466.1|2013,2III_D.1.2,2III_D,2III,MZ008466,10517,103.351022,2013,Nicaragua,Nicaragua,MZ008466,2013
1241,MZ008467.1|2015,2III_D.1.2,2III_D,2III,MZ008467,10724,105.3852201,2015,Nicaragua,Nicaragua,MZ008467,2015
1242,MW945433.1|1944,unassigned,unassigned,unassigned,MW945433,10175,99.99017296,1944,Papua New Guinea,Papua New Guinea,MW945433,1944
1243,MW945434.1|2003,2III_A.1,2III_A,2III,MW945434,10176,100,2003,Viet Nam,Viet Nam,MW945434,2003
1244,MW945435.1|2006,2II_D,2II_D,2II,MW945435,10176,100,2006,Viet Nam,Viet Nam,MW945435,2006
1245,MW946255.1|2005,2V_E,2V_E,2V,MW946255,10175,99.99017296,2005,Thailand,Thailand,MW946255,2005
1246,MW946256.1|1995,2V,2V,2V,MW946256,10175,99.99017296,1995,Thailand,Thailand,MW946256,1995
1247,MW946257.1|1997,2V_B,2V_B,2V,MW946257,10175,99.99017296,1997,Thailand,Thailand,MW946257,1997
1248,MW946258.1|1996,2V,2V,2V,MW946258,10175,99.99017296,1996,Thailand,Thailand,MW946258,1996
1249,MW946259.1|2005,2V_A.3,2V_A,2V,MW946259,10175,99.99017296,2005,Thailand,Thailand,MW946259,2005
1250,MW946260.1|1994,2V,2V,2V,MW946260,10175,99.99017296,1994,Thailand,Thailand,MW946260,1994
1251,MW946261.1|1999,2V_A,2V_A,2V,MW946261,10175,99.99017296,1999,Thailand,Thailand,MW946261,1999
1252,MW946262.1|2002,2V_A,2V_A,2V,MW946262,10175,99.99017296,2002,Thailand,Thailand,MW946262,2002
1253,MW946263.1|1994,2V_C,2V_C,2V,MW946263,10175,99.99017296,1994,Thailand,Thailand,MW946263,1994
1254,MW946264.1|1994,2V,2V,2V,MW946264,10175,99.99017296,1994,Thailand,Thailand,MW946264,1994
1255,MW946265.1|2011,2V_A.1,2V_A,2V,MW946265,10175,99.99017296,2011,Thailand,Thailand,MW946265,2011
1256,MW946266.1|2012,2V_A.1,2V_A,2V,MW946266,10175,99.99017296,2012,Thailand,Thailand,MW946266,2012
1257,MW946267.1|2000,2V_A,2V_A,2V,MW946267,10175,99.99017296,2000,Thailand,Thailand,MW946267,2000
1258,MW946268.1|2006,2V_A,2V_A,2V,MW946268,10175,99.99017296,2006,Thailand,Thailand,MW946268,2006
1259,MW946269.1|2005,2III_D.1.3,2III_D,2III,MW946269,10176,100,2005,Nicaragua,Nicaragua,MW946269,2005
1260,MW946270.1|2006,2V_A,2V_A,2V,MW946270,10175,99.99017296,2006,Thailand,Thailand,MW946270,2006
1261,MW946271.1|2003,2V_A,2V_A,2V,MW946271,10175,99.99017296,2003,Thailand,Thailand,MW946271,2003
1262,MW946272.1|2007,2V_A,2V_A,2V,MW946272,10175,99.99017296,2007,Thailand,Thailand,MW946272,2007
1263,MW946273.1|2003,2V_A,2V_A,2V,MW946273,10175,99.99017296,2003,Thailand,Thailand,MW946273,2003
1264,MW946274.1|1994,2V_B,2V_B,2V,MW946274,10175,99.99017296,1994,Thailand,Thailand,MW946274,1994
1265,MW946275.1|2004,2V_A,2V_A,2V,MW946275,10175,99.99017296,2004,Thailand,Thailand,MW946275,2004
1266,MW946276.1|1999,2V_D,2V_D,2V,MW946276,10175,99.99017296,1999,Thailand,Thailand,MW946276,1999
1267,MW946277.1|1999,2V_C,2V_C,2V,MW946277,10175,99.99017296,1999,Thailand,Thailand,MW946277,1999
1268,MW946278.1|1997,2V_A,2V_A,2V,MW946278,10175,99.99017296,1997,Thailand,Thailand,MW946278,1997
1269,MW946279.1|2001,2V_C,2V_C,2V,MW946279,10175,99.99017296,2001,Thailand,Thailand,MW946279,2001
1270,MW946280.1|2004,2V_A,2V_A,2V,MW946280,10175,99.99017296,2004,Thailand,Thailand,MW946280,2004
1271,MW946281.1|2003,2V_A,2V_A,2V,MW946281,10175,99.99017296,2003,Thailand,Thailand,MW946281,2003
1272,MW946282.1|1996,2V_B,2V_B,2V,MW946282,10175,99.99017296,1996,Thailand,Thailand,MW946282,1996
1273,MW946283.1|1999,2V_A,2V_A,2V,MW946283,10175,99.99017296,1999,Thailand,Thailand,MW946283,1999
1274,MW946284.1|1995,2V_D,2V_D,2V,MW946284,10175,99.99017296,1995,Thailand,Thailand,MW946284,1995
1275,MW946285.1|2006,2V_A,2V_A,2V,MW946285,10175,99.99017296,2006,Thailand,Thailand,MW946285,2006
1276,MW946286.1|2012,2V_A.1,2V_A,2V,MW946286,10174,99.98034591,2012,Thailand,Thailand,MW946286,2012
1277,MW946287.1|1995,2V,2V,2V,MW946287,10175,99.99017296,1995,Thailand,Thailand,MW946287,1995
1278,MW946288.1|2000,2V_A,2V_A,2V,MW946288,10175,99.99017296,2000,Thailand,Thailand,MW946288,2000
1279,MW946289.1|2002,2V_A,2V_A,2V,MW946289,10175,99.99017296,2002,Thailand,Thailand,MW946289,2002
1280,MW946290.1|1997,2V_D,2V_D,2V,MW946290,10175,99.99017296,1997,Thailand,Thailand,MW946290,1997
1281,MW946291.1|2006,2V_A,2V_A,2V,MW946291,10175,99.99017296,2006,Thailand,Thailand,MW946291,2006
1282,MW946292.1|2006,2V_A,2V_A,2V,MW946292,10175,99.99017296,2006,Thailand,Thailand,MW946292,2006
1283,MW946293.1|2001,2V_A,2V_A,2V,MW946293,10175,99.99017296,2001,Thailand,Thailand,MW946293,2001
1284,MW946294.1|2000,2V_A,2V_A,2V,MW946294,10175,99.99017296,2000,Thailand,Thailand,MW946294,2000
1285,MW946295.1|1996,2V_B,2V_B,2V,MW946295,10175,99.99017296,1996,Thailand,Thailand,MW946295,1996
1286,MW946296.1|2000,2V_A,2V_A,2V,MW946296,10175,99.99017296,2000,Thailand,Thailand,MW946296,2000
1287,MW946297.1|2005,2V_A,2V_A,2V,MW946297,10175,99.99017296,2005,Thailand,Thailand,MW946297,2005
1288,MW946298.1|1996,2V_D,2V_D,2V,MW946298,10175,99.99017296,1996,Thailand,Thailand,MW946298,1996
1289,MW946299.1|2002,2V_A,2V_A,2V,MW946299,10175,99.99017296,2002,Thailand,Thailand,MW946299,2002
1290,MW946300.1|2011,2V_A.1,2V_A,2V,MW946300,10175,99.99017296,2011,Thailand,Thailand,MW946300,2011
1291,MW946301.1|2000,2V_A,2V_A,2V,MW946301,10175,99.99017296,2000,Thailand,Thailand,MW946301,2000
1292,MW946302.1|2007,2V_A,2V_A,2V,MW946302,10175,99.99017296,2007,Thailand,Thailand,MW946302,2007
1293,MW946303.1|2000,2V_A,2V_A,2V,MW946303,10175,99.99017296,2000,Thailand,Thailand,MW946303,2000
1294,MW946304.1|2012,2V_A.1,2V_A,2V,MW946304,10175,99.99017296,2012,Thailand,Thailand,MW946304,2012
1295,MW946305.1|2007,2V_A.3,2V_A,2V,MW946305,10175,99.99017296,2007,Thailand,Thailand,MW946305,2007
1296,MW946306.1|1999,2V_D,2V_D,2V,MW946306,10175,99.99017296,1999,Thailand,Thailand,MW946306,1999
1297,MW946307.1|2000,2V_A,2V_A,2V,MW946307,10175,99.99017296,2000,Thailand,Thailand,MW946307,2000
1298,MW946308.1|1998,2V_D,2V_D,2V,MW946308,10175,99.99017296,1998,Thailand,Thailand,MW946308,1998
1299,MW946309.1|2004,2V_E,2V_E,2V,MW946309,10175,99.99017296,2004,Thailand,Thailand,MW946309,2004
1300,MW946310.1|1998,2V_D,2V_D,2V,MW946310,10175,99.99017296,1998,Thailand,Thailand,MW946310,1998
1301,MW946311.1|2004,2V_A,2V_A,2V,MW946311,10175,99.99017296,2004,Thailand,Thailand,MW946311,2004
1302,MW946312.1|2000,2V_A,2V_A,2V,MW946312,10175,99.99017296,2000,Thailand,Thailand,MW946312,2000
1303,MW946313.1|2006,2V,2V,2V,MW946313,10175,99.99017296,2006,Thailand,Thailand,MW946313,2006
1304,MW946314.1|2013,2V_A.1,2V_A,2V,MW946314,10175,99.99017296,2013,Thailand,Thailand,MW946314,2013
1305,MW946315.1|1997,2V_C,2V_C,2V,MW946315,10175,99.99017296,1997,Thailand,Thailand,MW946315,1997
1306,MW946316.1|2006,2V_A,2V_A,2V,MW946316,10175,99.99017296,2006,Thailand,Thailand,MW946316,2006
1307,MW946317.1|1997,2V_D,2V_D,2V,MW946317,10175,99.99017296,1997,Thailand,Thailand,MW946317,1997
1308,MW946318.1|2006,2V_A,2V_A,2V,MW946318,10175,99.99017296,2006,Thailand,Thailand,MW946318,2006
1309,MW946319.1|2007,2V_A,2V_A,2V,MW946319,10175,99.99017296,2007,Thailand,Thailand,MW946319,2007
1310,MW946320.1|2006,2V_A,2V_A,2V,MW946320,10175,99.99017296,2006,Thailand,Thailand,MW946320,2006
1311,MW946321.1|2006,2V_A,2V_A,2V,MW946321,10175,99.99017296,2006,Thailand,Thailand,MW946321,2006
1312,MW946322.1|2007,2V_A,2V_A,2V,MW946322,10175,99.99017296,2007,Thailand,Thailand,MW946322,2007
1313,MW946323.1|2013,2V_A,2V_A,2V,MW946323,10175,99.99017296,2013,Thailand,Thailand,MW946323,2013
1314,MW946324.1|2005,2V_A,2V_A,2V,MW946324,10175,99.99017296,2005,Thailand,Thailand,MW946324,2005
1315,MW946325.1|1999,2V_D,2V_D,2V,MW946325,10175,99.99017296,1999,Thailand,Thailand,MW946325,1999
1316,MW946326.1|2012,2V_A,2V_A,2V,MW946326,10175,99.99017296,2012,Thailand,Thailand,MW946326,2012
1317,MW946327.1|1995,2V_B,2V_B,2V,MW946327,10175,99.99017296,1995,Thailand,Thailand,MW946327,1995
1318,MW946328.1|1994,2V,2V,2V,MW946328,10175,99.99017296,1994,Thailand,Thailand,MW946328,1994
1319,MW946329.1|2004,2V_A,2V_A,2V,MW946329,10175,99.99017296,2004,Thailand,Thailand,MW946329,2004
1320,MW946330.1|2002,2V_A,2V_A,2V,MW946330,10175,99.99017296,2002,Thailand,Thailand,MW946330,2002
1321,MW946331.1|1997,2V_D,2V_D,2V,MW946331,10175,99.99017296,1997,Thailand,Thailand,MW946331,1997
1322,MW946332.1|1999,2V_D,2V_D,2V,MW946332,10175,99.99017296,1999,Thailand,Thailand,MW946332,1999
1323,MW946333.1|1998,2V_D,2V_D,2V,MW946333,10175,99.99017296,1998,Thailand,Thailand,MW946333,1998
1324,MW946334.1|2012,2V_A,2V_A,2V,MW946334,10175,99.99017296,2012,Thailand,Thailand,MW946334,2012
1325,MW946335.1|2002,2V_A,2V_A,2V,MW946335,10175,99.99017296,2002,Thailand,Thailand,MW946335,2002
1326,MW946336.1|2007,2V_A,2V_A,2V,MW946336,10175,99.99017296,2007,Thailand,Thailand,MW946336,2007
1327,MW946337.1|1999,2V_C,2V_C,2V,MW946337,10175,99.99017296,1999,Thailand,Thailand,MW946337,1999
1328,MW946338.1|1996,2V,2V,2V,MW946338,10175,99.99017296,1996,Thailand,Thailand,MW946338,1996
1329,MW946339.1|2013,2V_A.1,2V_A,2V,MW946339,10175,99.99017296,2013,Thailand,Thailand,MW946339,2013
1330,MW946340.1|2005,2V_A,2V_A,2V,MW946340,10175,99.99017296,2005,Thailand,Thailand,MW946340,2005
1331,MW946341.1|2000,2V_D,2V_D,2V,MW946341,10175,99.99017296,2000,Thailand,Thailand,MW946341,2000
1332,MW946342.1|2005,2V_A,2V_A,2V,MW946342,10175,99.99017296,2005,Thailand,Thailand,MW946342,2005
1333,MW946343.1|1995,2V,2V,2V,MW946343,10175,99.99017296,1995,Thailand,Thailand,MW946343,1995
1334,MW946344.1|1997,2V_D,2V_D,2V,MW946344,10175,99.99017296,1997,Thailand,Thailand,MW946344,1997
1335,MW946346.1|1994,2V,2V,2V,MW946346,10175,99.99017296,1994,Thailand,Thailand,MW946346,1994
1336,MW946347.1|2003,2V_A,2V_A,2V,MW946347,10175,99.99017296,2003,Thailand,Thailand,MW946347,2003
1337,MW946348.1|1999,2V_D,2V_D,2V,MW946348,10175,99.99017296,1999,Thailand,Thailand,MW946348,1999
1338,MW946349.1|2003,2V_A,2V_A,2V,MW946349,10175,99.99017296,2003,Thailand,Thailand,MW946349,2003
1339,MW946350.1|1997,2V_D,2V_D,2V,MW946350,10175,99.99017296,1997,Thailand,Thailand,MW946350,1997
1340,MW946351.1|2013,2V_A,2V_A,2V,MW946351,10173,99.97051887,2013,Thailand,Thailand,MW946351,2013
1341,MW946352.1|2007,2V_A,2V_A,2V,MW946352,10175,99.99017296,2007,Thailand,Thailand,MW946352,2007
1342,MW946353.1|2004,2V_E,2V_E,2V,MW946353,10175,99.99017296,2004,Thailand,Thailand,MW946353,2004
1343,MW946354.1|2004,2V_A,2V_A,2V,MW946354,10175,99.99017296,2004,Thailand,Thailand,MW946354,2004
1344,MW946355.1|2007,2V_A,2V_A,2V,MW946355,10175,99.99017296,2007,Thailand,Thailand,MW946355,2007
1345,MW946356.1|1994,2V,2V,2V,MW946356,10175,99.99017296,1994,Thailand,Thailand,MW946356,1994
1346,MW946357.1|1997,2V,2V,2V,MW946357,10175,99.99017296,1997,Thailand,Thailand,MW946357,1997
1347,MW946358.1|2003,2V_A,2V_A,2V,MW946358,10175,99.99017296,2003,Thailand,Thailand,MW946358,2003
1348,MW946359.1|2014,2V_A,2V_A,2V,MW946359,10175,99.99017296,2014,Thailand,Thailand,MW946359,2014
1349,MW946360.1|2003,2V_A,2V_A,2V,MW946360,10175,99.99017296,2003,Thailand,Thailand,MW946360,2003
1350,MW946361.1|1996,2V_D,2V_D,2V,MW946361,10175,99.99017296,1996,Thailand,Thailand,MW946361,1996
1351,MW946362.1|2000,2V_A,2V_A,2V,MW946362,10175,99.99017296,2000,Thailand,Thailand,MW946362,2000
1352,MW946363.1|1995,2V,2V,2V,MW946363,10175,99.99017296,1995,Thailand,Thailand,MW946363,1995
1353,MW946364.1|1996,2V_A,2V_A,2V,MW946364,10175,99.99017296,1996,Thailand,Thailand,MW946364,1996
1354,MW946365.1|1995,2V_A,2V_A,2V,MW946365,10175,99.99017296,1995,Thailand,Thailand,MW946365,1995
1355,MW946366.1|2010,2V_A.1,2V_A,2V,MW946366,10175,99.99017296,2010,Thailand,Thailand,MW946366,2010
1356,MW946367.1|2010,2V_A.4,2V_A,2V,MW946367,10175,99.99017296,2010,Thailand,Thailand,MW946367,2010
1357,MW946368.1|1999,2V_A,2V_A,2V,MW946368,10175,99.99017296,1999,Thailand,Thailand,MW946368,1999
1358,MW946369.1|1994,2V_C,2V_C,2V,MW946369,10175,99.99017296,1994,Thailand,Thailand,MW946369,1994
1359,MW946370.1|2006,2V_A,2V_A,2V,MW946370,10175,99.99017296,2006,Thailand,Thailand,MW946370,2006
1360,MW946371.1|2004,2V_A,2V_A,2V,MW946371,10175,99.99017296,2004,Thailand,Thailand,MW946371,2004
1361,MW946372.1|1995,2V_D,2V_D,2V,MW946372,10175,99.99017296,1995,Thailand,Thailand,MW946372,1995
1362,MW946373.1|2001,2V_A,2V_A,2V,MW946373,10175,99.99017296,2001,Thailand,Thailand,MW946373,2001
1363,MW946374.1|2012,2V_A.1,2V_A,2V,MW946374,10175,99.99017296,2012,Thailand,Thailand,MW946374,2012
1364,MW946375.1|2012,2V_A.1,2V_A,2V,MW946375,10175,99.99017296,2012,Thailand,Thailand,MW946375,2012
1365,MW946376.1|2011,2V_A,2V_A,2V,MW946376,10175,99.99017296,2011,Thailand,Thailand,MW946376,2011
1366,MW946377.1|2010,2V_A,2V_A,2V,MW946377,10175,99.99017296,2010,Thailand,Thailand,MW946377,2010
1367,MW946378.1|2004,2V_A,2V_A,2V,MW946378,10175,99.99017296,2004,Thailand,Thailand,MW946378,2004
1368,MW946379.1|2002,2V_A,2V_A,2V,MW946379,10175,99.99017296,2002,Thailand,Thailand,MW946379,2002
1369,MW946380.1|2004,2V_A,2V_A,2V,MW946380,10175,99.99017296,2004,Thailand,Thailand,MW946380,2004
1370,MW946381.1|2004,2V_A,2V_A,2V,MW946381,10175,99.99017296,2004,Thailand,Thailand,MW946381,2004
1371,MW946382.1|2011,2V_A.1,2V_A,2V,MW946382,10175,99.99017296,2011,Thailand,Thailand,MW946382,2011
1372,MW946383.1|1995,2V,2V,2V,MW946383,10175,99.99017296,1995,Thailand,Thailand,MW946383,1995
1373,MW946384.1|1997,2V,2V,2V,MW946384,10175,99.99017296,1997,Thailand,Thailand,MW946384,1997
1374,MW946385.1|2002,2V_A,2V_A,2V,MW946385,10175,99.99017296,2002,Thailand,Thailand,MW946385,2002
1375,MW946386.1|2011,2V_A,2V_A,2V,MW946386,10175,99.99017296,2011,Thailand,Thailand,MW946386,2011
1376,MW946387.1|1994,2V_C,2V_C,2V,MW946387,10175,99.99017296,1994,Thailand,Thailand,MW946387,1994
1377,MW946388.1|2003,2V_A,2V_A,2V,MW946388,10175,99.99017296,2003,Thailand,Thailand,MW946388,2003
1378,MW946389.1|2003,2V_A,2V_A,2V,MW946389,10175,99.99017296,2003,Thailand,Thailand,MW946389,2003
1379,MW946390.1|1995,2V_D,2V_D,2V,MW946390,10175,99.99017296,1995,Thailand,Thailand,MW946390,1995
1380,MW946391.1|2003,2V_A,2V_A,2V,MW946391,10175,99.99017296,2003,Thailand,Thailand,MW946391,2003
1381,MW946392.1|2005,2V_A,2V_A,2V,MW946392,10175,99.99017296,2005,Thailand,Thailand,MW946392,2005
1382,MW946393.1|1994,2V_A,2V_A,2V,MW946393,10175,99.99017296,1994,Thailand,Thailand,MW946393,1994
1383,MW946394.1|1994,2V,2V,2V,MW946394,10175,99.99017296,1994,Thailand,Thailand,MW946394,1994
1384,MW946395.1|2003,2V_A,2V_A,2V,MW946395,10175,99.99017296,2003,Thailand,Thailand,MW946395,2003
1385,MW946396.1|2004,2V_A,2V_A,2V,MW946396,10175,99.99017296,2004,Thailand,Thailand,MW946396,2004
1386,MW946397.1|2011,2V_A,2V_A,2V,MW946397,10175,99.99017296,2011,Thailand,Thailand,MW946397,2011
1387,MW946398.1|2003,2V_A,2V_A,2V,MW946398,10175,99.99017296,2003,Thailand,Thailand,MW946398,2003
1388,MW946399.1|1997,2V_D,2V_D,2V,MW946399,10175,99.99017296,1997,Thailand,Thailand,MW946399,1997
1389,MW946400.1|2012,2V_A.1,2V_A,2V,MW946400,10175,99.99017296,2012,Thailand,Thailand,MW946400,2012
1390,MW946401.1|2000,2V_A,2V_A,2V,MW946401,10175,99.99017296,2000,Thailand,Thailand,MW946401,2000
1391,MW946402.1|1996,2V,2V,2V,MW946402,10175,99.99017296,1996,Thailand,Thailand,MW946402,1996
1392,MW946403.1|2001,2V_A,2V_A,2V,MW946403,10175,99.99017296,2001,Thailand,Thailand,MW946403,2001
1393,MW946404.1|2006,2V_A,2V_A,2V,MW946404,10175,99.99017296,2006,Thailand,Thailand,MW946404,2006
1394,MW946405.1|2013,2V_A.1,2V_A,2V,MW946405,10175,99.99017296,2013,Thailand,Thailand,MW946405,2013
1395,MW946406.1|2007,2V_A.3,2V_A,2V,MW946406,10175,99.99017296,2007,Thailand,Thailand,MW946406,2007
1396,MW946407.1|2002,2V_A,2V_A,2V,MW946407,10175,99.99017296,2002,Thailand,Thailand,MW946407,2002
1397,MW946408.1|1995,2V,2V,2V,MW946408,10175,99.99017296,1995,Thailand,Thailand,MW946408,1995
1398,MW946409.1|1999,2V_C,2V_C,2V,MW946409,10175,99.99017296,1999,Thailand,Thailand,MW946409,1999
1399,MW946410.1|1998,2V_D,2V_D,2V,MW946410,10175,99.99017296,1998,Thailand,Thailand,MW946410,1998
1400,MW946411.1|1996,2V_A,2V_A,2V,MW946411,10175,99.99017296,1996,Thailand,Thailand,MW946411,1996
1401,MW946412.1|1994,2V,2V,2V,MW946412,10175,99.99017296,1994,Thailand,Thailand,MW946412,1994
1402,MW946413.1|2005,2V_A,2V_A,2V,MW946413,10175,99.99017296,2005,Thailand,Thailand,MW946413,2005
1403,MW946414.1|2003,2V_A,2V_A,2V,MW946414,10175,99.99017296,2003,Thailand,Thailand,MW946414,2003
1404,MW946415.1|2012,2V_A.1,2V_A,2V,MW946415,10175,99.99017296,2012,Thailand,Thailand,MW946415,2012
1405,MW946416.1|2003,2V_A,2V_A,2V,MW946416,10175,99.99017296,2003,Thailand,Thailand,MW946416,2003
1406,MW946417.1|1997,2V,2V,2V,MW946417,10175,99.99017296,1997,Thailand,Thailand,MW946417,1997
1407,MW946418.1|2002,2V_A,2V_A,2V,MW946418,10175,99.99017296,2002,Thailand,Thailand,MW946418,2002
1408,MW946419.1|1996,2V_D,2V_D,2V,MW946419,10175,99.99017296,1996,Thailand,Thailand,MW946419,1996
1409,MW946420.1|1996,2V_A,2V_A,2V,MW946420,10175,99.99017296,1996,Thailand,Thailand,MW946420,1996
1410,MW946421.1|2001,2V_A,2V_A,2V,MW946421,10175,99.99017296,2001,Thailand,Thailand,MW946421,2001
1411,MW946422.1|1994,2V,2V,2V,MW946422,10175,99.99017296,1994,Thailand,Thailand,MW946422,1994
1412,MW946423.1|2001,2V_A,2V_A,2V,MW946423,10175,99.99017296,2001,Thailand,Thailand,MW946423,2001
1413,MW946424.1|2007,2V_A.4,2V_A,2V,MW946424,10175,99.99017296,2007,Thailand,Thailand,MW946424,2007
1414,MW946425.1|1994,2V,2V,2V,MW946425,10175,99.99017296,1994,Thailand,Thailand,MW946425,1994
1415,MW946426.1|2000,2V_A,2V_A,2V,MW946426,10175,99.99017296,2000,Thailand,Thailand,MW946426,2000
1416,MW946427.1|2001,2V_A,2V_A,2V,MW946427,10175,99.99017296,2001,Thailand,Thailand,MW946427,2001
1417,MW946428.1|2001,2V_C,2V_C,2V,MW946428,10175,99.99017296,2001,Thailand,Thailand,MW946428,2001
1418,MW946429.1|2001,2V_A,2V_A,2V,MW946429,10175,99.99017296,2001,Thailand,Thailand,MW946429,2001
1419,MW946430.1|2005,2V_A,2V_A,2V,MW946430,10175,99.99017296,2005,Thailand,Thailand,MW946430,2005
1420,MW946431.1|2012,2V_A.1,2V_A,2V,MW946431,10175,99.99017296,2012,Thailand,Thailand,MW946431,2012
1421,MW946432.1|1998,2V_C,2V_C,2V,MW946432,10175,99.99017296,1998,Thailand,Thailand,MW946432,1998
1422,MW946433.1|2007,2II_A.1.2,2II_A,2II,MW946433,10175,99.99017296,2007,Thailand,Thailand,MW946433,2007
1423,MW946434.1|2000,2V_D,2V_D,2V,MW946434,10175,99.99017296,2000,Thailand,Thailand,MW946434,2000
1424,MW946435.1|2012,2V_A.1,2V_A,2V,MW946435,10175,99.99017296,2012,Thailand,Thailand,MW946435,2012
1425,MW946436.1|2000,2V_C,2V_C,2V,MW946436,10175,99.99017296,2000,Thailand,Thailand,MW946436,2000
1426,MW946437.1|2011,2V_A.1,2V_A,2V,MW946437,10175,99.99017296,2011,Thailand,Thailand,MW946437,2011
1427,MW946438.1|2001,2V_A,2V_A,2V,MW946438,10175,99.99017296,2001,Thailand,Thailand,MW946438,2001
1428,MW946439.1|1997,2V,2V,2V,MW946439,10175,99.99017296,1997,Thailand,Thailand,MW946439,1997
1429,MW946440.1|1998,2V_D,2V_D,2V,MW946440,10175,99.99017296,1998,Thailand,Thailand,MW946440,1998
1430,MW946441.1|2003,2V_A,2V_A,2V,MW946441,10175,99.99017296,2003,Thailand,Thailand,MW946441,2003
1431,MW946442.1|2010,2V_A.1,2V_A,2V,MW946442,10175,99.99017296,2010,Thailand,Thailand,MW946442,2010
1432,MW946443.1|1998,2V_A,2V_A,2V,MW946443,10175,99.99017296,1998,Thailand,Thailand,MW946443,1998
1433,MW946444.1|2000,2III_B,2III_B,2III,MW946444,10176,100,2000,Guyana,Guyana,MW946444,2000
1434,MW946445.1|1999,2V_A,2V_A,2V,MW946445,10175,99.99017296,1999,Thailand,Thailand,MW946445,1999
1435,MW946446.1|1996,2V_B,2V_B,2V,MW946446,10175,99.99017296,1996,Thailand,Thailand,MW946446,1996
1436,MW946447.1|2000,2V_A,2V_A,2V,MW946447,10175,99.99017296,2000,Thailand,Thailand,MW946447,2000
1437,MW946448.1|2005,2V_A,2V_A,2V,MW946448,10175,99.99017296,2005,Thailand,Thailand,MW946448,2005
1438,MW946449.1|2014,2V_E,2V_E,2V,MW946449,10175,99.99017296,2014,Thailand,Thailand,MW946449,2014
1439,MW946450.1|1994,2V,2V,2V,MW946450,10175,99.99017296,1994,Thailand,Thailand,MW946450,1994
1440,MW946451.1|2000,2V_A,2V_A,2V,MW946451,10175,99.99017296,2000,Thailand,Thailand,MW946451,2000
1441,MW946452.1|1998,2V_C,2V_C,2V,MW946452,10175,99.99017296,1998,Thailand,Thailand,MW946452,1998
1442,MW946453.1|2001,2V_A,2V_A,2V,MW946453,10175,99.99017296,2001,Thailand,Thailand,MW946453,2001
1443,MW946454.1|1996,2V_B,2V_B,2V,MW946454,10175,99.99017296,1996,Thailand,Thailand,MW946454,1996
1444,MW946455.1|1997,2V_A,2V_A,2V,MW946455,10175,99.99017296,1997,Thailand,Thailand,MW946455,1997
1445,MW946456.1|2001,2V_C,2V_C,2V,MW946456,10175,99.99017296,2001,Thailand,Thailand,MW946456,2001
1446,MW946457.1|1999,2V_C,2V_C,2V,MW946457,10175,99.99017296,1999,Thailand,Thailand,MW946457,1999
1447,MW946458.1|2011,2V_A,2V_A,2V,MW946458,10175,99.99017296,2011,Thailand,Thailand,MW946458,2011
1448,MW946459.1|2007,2V_A,2V_A,2V,MW946459,10175,99.99017296,2007,Thailand,Thailand,MW946459,2007
1449,MW946460.1|1997,2V_B,2V_B,2V,MW946460,10175,99.99017296,1997,Thailand,Thailand,MW946460,1997
1450,MW946461.1|1988,2III_A,2III_A,2III,MW946461,10175,99.99017296,1988,Thailand,Thailand,MW946461,1988
1451,MW946462.1|2006,2V_A,2V_A,2V,MW946462,10175,99.99017296,2006,Thailand,Thailand,MW946462,2006
1452,MW946463.1|1996,2V_B,2V_B,2V,MW946463,10175,99.99017296,1996,Thailand,Thailand,MW946463,1996
1453,MW946464.1|1997,2V_A,2V_A,2V,MW946464,10175,99.99017296,1997,Thailand,Thailand,MW946464,1997
1454,MW946465.1|1998,2V_A,2V_A,2V,MW946465,10175,99.99017296,1998,Thailand,Thailand,MW946465,1998
1455,MW946466.1|2003,2V_A,2V_A,2V,MW946466,10175,99.99017296,2003,Thailand,Thailand,MW946466,2003
1456,MW946467.1|1997,2V_C,2V_C,2V,MW946467,10175,99.99017296,1997,Thailand,Thailand,MW946467,1997
1457,MW946468.1|2003,2V_A,2V_A,2V,MW946468,10175,99.99017296,2003,Thailand,Thailand,MW946468,2003
1458,MW946469.1|1994,2V,2V,2V,MW946469,10175,99.99017296,1994,Thailand,Thailand,MW946469,1994
1459,MW946470.1|2000,2V_A,2V_A,2V,MW946470,10175,99.99017296,2000,Thailand,Thailand,MW946470,2000
1460,MW946471.1|2012,2V_A.1,2V_A,2V,MW946471,10175,99.99017296,2012,Thailand,Thailand,MW946471,2012
1461,MW946472.1|2003,2V_A,2V_A,2V,MW946472,10175,99.99017296,2003,Thailand,Thailand,MW946472,2003
1462,MW946473.1|1999,2V_B,2V_B,2V,MW946473,10175,99.99017296,1999,Thailand,Thailand,MW946473,1999
1463,MW946474.1|1994,2V_B,2V_B,2V,MW946474,10175,99.99017296,1994,Thailand,Thailand,MW946474,1994
1464,MW946475.1|1974,2I,2I,2I,MW946475,10176,100,1974,Tonga,Tonga,MW946475,1974
1465,MW946476.1|1998,2V,2V,2V,MW946476,10175,99.99017296,1998,Thailand,Thailand,MW946476,1998
1466,MW946477.1|1997,2V_A,2V_A,2V,MW946477,10175,99.99017296,1997,Thailand,Thailand,MW946477,1997
1467,MW946478.1|1974,2II_A,2II_A,2II,MW946478,10176,100,1974,India,India,MW946478,1974
1468,MW946479.1|2012,2V_A,2V_A,2V,MW946479,10175,99.99017296,2012,Thailand,Thailand,MW946479,2012
1469,MW946480.1|1996,2V,2V,2V,MW946480,10175,99.99017296,1996,Thailand,Thailand,MW946480,1996
1470,MW946481.1|2001,2V_A,2V_A,2V,MW946481,10175,99.99017296,2001,Thailand,Thailand,MW946481,2001
1471,MW946482.1|1996,2V,2V,2V,MW946482,10175,99.99017296,1996,Thailand,Thailand,MW946482,1996
1472,MW946483.1|2001,2V_D,2V_D,2V,MW946483,10175,99.99017296,2001,Thailand,Thailand,MW946483,2001
1473,MW946484.1|1996,2V_D,2V_D,2V,MW946484,10175,99.99017296,1996,Thailand,Thailand,MW946484,1996
1474,MW946485.1|1995,2V_B,2V_B,2V,MW946485,10175,99.99017296,1995,Thailand,Thailand,MW946485,1995
1475,MW946486.1|2010,2V_A,2V_A,2V,MW946486,10175,99.99017296,2010,Thailand,Thailand,MW946486,2010
1476,MW946487.1|1998,2V_D,2V_D,2V,MW946487,10175,99.99017296,1998,Thailand,Thailand,MW946487,1998
1477,MW946488.1|2002,2V_D,2V_D,2V,MW946488,10175,99.99017296,2002,Thailand,Thailand,MW946488,2002
1478,MW946489.1|2001,2V_A,2V_A,2V,MW946489,10175,99.99017296,2001,Thailand,Thailand,MW946489,2001
1479,MW946490.1|1996,2V_A,2V_A,2V,MW946490,10175,99.99017296,1996,Thailand,Thailand,MW946490,1996
1480,MW946491.1|2011,2V_A.1,2V_A,2V,MW946491,10175,99.99017296,2011,Thailand,Thailand,MW946491,2011
1481,MW946492.1|2002,2V_D,2V_D,2V,MW946492,10175,99.99017296,2002,Thailand,Thailand,MW946492,2002
1482,MW946493.1|2007,2V_A,2V_A,2V,MW946493,10175,99.99017296,2007,Thailand,Thailand,MW946493,2007
1483,MW946494.1|2003,2V_A,2V_A,2V,MW946494,10175,99.99017296,2003,Thailand,Thailand,MW946494,2003
1484,MW946495.1|2006,2III_D.1.1,2III_D,2III,MW946495,10176,100,2006,Nicaragua,Nicaragua,MW946495,2006
1485,MW946496.1|2007,2V_A.1,2V_A,2V,MW946496,10175,99.99017296,2007,Thailand,Thailand,MW946496,2007
1486,MW946497.1|1996,2V,2V,2V,MW946497,10175,99.99017296,1996,Thailand,Thailand,MW946497,1996
1487,MW946498.1|2001,2V_A,2V_A,2V,MW946498,10175,99.99017296,2001,Thailand,Thailand,MW946498,2001
1488,MW946499.1|1995,2V_A,2V_A,2V,MW946499,10175,99.99017296,1995,Thailand,Thailand,MW946499,1995
1489,MW946500.1|2002,2V_A,2V_A,2V,MW946500,10175,99.99017296,2002,Thailand,Thailand,MW946500,2002
1490,MW946501.1|1999,2V_A,2V_A,2V,MW946501,10175,99.99017296,1999,Thailand,Thailand,MW946501,1999
1491,MW946502.1|2000,2V_A,2V_A,2V,MW946502,10175,99.99017296,2000,Thailand,Thailand,MW946502,2000
1492,MW946503.1|1999,2V_A,2V_A,2V,MW946503,10175,99.99017296,1999,Thailand,Thailand,MW946503,1999
1493,MW946504.1|1998,2V_A,2V_A,2V,MW946504,10175,99.99017296,1998,Thailand,Thailand,MW946504,1998
1494,MW946505.1|1995,2V_B,2V_B,2V,MW946505,10175,99.99017296,1995,Thailand,Thailand,MW946505,1995
1495,MW946506.1|2004,2V_A,2V_A,2V,MW946506,10175,99.99017296,2004,Thailand,Thailand,MW946506,2004
1496,MW946507.1|1998,2V_D,2V_D,2V,MW946507,10175,99.99017296,1998,Thailand,Thailand,MW946507,1998
1497,MW946508.1|1998,2V_D,2V_D,2V,MW946508,10175,99.99017296,1998,Thailand,Thailand,MW946508,1998
1498,MW946509.1|1998,2V_C,2V_C,2V,MW946509,10175,99.99017296,1998,Thailand,Thailand,MW946509,1998
1499,MW946510.1|2011,2V_A.3,2V_A,2V,MW946510,10175,99.99017296,2011,Thailand,Thailand,MW946510,2011
0,MW946511.1|1995,2V,2V,2V,MW946511,10175,99.99017296,1995,Thailand,Thailand,MW946511,1995
1,MW946512.1|1995,2V_A,2V_A,2V,MW946512,10175,99.99017296,1995,Thailand,Thailand,MW946512,1995
2,MW946513.1|1997,2V_A,2V_A,2V,MW946513,10175,99.99017296,1997,Thailand,Thailand,MW946513,1997
3,MW946514.1|1999,2V_A,2V_A,2V,MW946514,10175,99.99017296,1999,Thailand,Thailand,MW946514,1999
4,MW946515.1|1994,2V_B,2V_B,2V,MW946515,10175,99.99017296,1994,Thailand,Thailand,MW946515,1994
5,MW946516.1|2000,2V_A,2V_A,2V,MW946516,10175,99.99017296,2000,Thailand,Thailand,MW946516,2000
6,MW946517.1|2005,2V_E,2V_E,2V,MW946517,10175,99.99017296,2005,Thailand,Thailand,MW946517,2005
7,MW946518.1|2011,2V_A,2V_A,2V,MW946518,10175,99.99017296,2011,Thailand,Thailand,MW946518,2011
8,MW946519.1|2010,2V_A.1,2V_A,2V,MW946519,10175,99.99017296,2010,Thailand,Thailand,MW946519,2010
9,MW946520.1|2001,2V_D,2V_D,2V,MW946520,10175,99.99017296,2001,Thailand,Thailand,MW946520,2001
10,MW946521.1|2003,2V_A,2V_A,2V,MW946521,10175,99.99017296,2003,Thailand,Thailand,MW946521,2003
11,MW946522.1|1997,2V_D,2V_D,2V,MW946522,10175,99.99017296,1997,Thailand,Thailand,MW946522,1997
12,MW946523.1|2000,2V_D,2V_D,2V,MW946523,10175,99.99017296,2000,Thailand,Thailand,MW946523,2000
13,MW946524.1|2002,2V_A,2V_A,2V,MW946524,10175,99.99017296,2002,Thailand,Thailand,MW946524,2002
14,MW946525.1|2010,2V_A,2V_A,2V,MW946525,10175,99.99017296,2010,Thailand,Thailand,MW946525,2010
15,MW946526.1|1994,2V,2V,2V,MW946526,10175,99.99017296,1994,Thailand,Thailand,MW946526,1994
16,MW946527.1|2006,2V_A,2V_A,2V,MW946527,10175,99.99017296,2006,Thailand,Thailand,MW946527,2006
17,MW946528.1|2002,2V_A,2V_A,2V,MW946528,10175,99.99017296,2002,Thailand,Thailand,MW946528,2002
18,MW946529.1|2002,2V_C,2V_C,2V,MW946529,10175,99.99017296,2002,Thailand,Thailand,MW946529,2002
19,MW946530.1|1999,2V_C,2V_C,2V,MW946530,10175,99.99017296,1999,Thailand,Thailand,MW946530,1999
20,MW946531.1|2010,2V_A,2V_A,2V,MW946531,10175,99.99017296,2010,Thailand,Thailand,MW946531,2010
21,MW946532.1|1999,2V_D,2V_D,2V,MW946532,10175,99.99017296,1999,Thailand,Thailand,MW946532,1999
22,MW946533.1|2007,2V_A,2V_A,2V,MW946533,10175,99.99017296,2007,Thailand,Thailand,MW946533,2007
23,MW946534.1|2003,2V_A,2V_A,2V,MW946534,10175,99.99017296,2003,Thailand,Thailand,MW946534,2003
24,MW946535.1|2002,2V_A,2V_A,2V,MW946535,10175,99.99017296,2002,Thailand,Thailand,MW946535,2002
25,MW946536.1|1996,2V_B,2V_B,2V,MW946536,10175,99.99017296,1996,Thailand,Thailand,MW946536,1996
26,MW946537.1|1999,2V_C,2V_C,2V,MW946537,10175,99.99017296,1999,Thailand,Thailand,MW946537,1999
27,MW946538.1|2001,2V_A,2V_A,2V,MW946538,10175,99.99017296,2001,Thailand,Thailand,MW946538,2001
28,MW946539.1|1994,2V,2V,2V,MW946539,10175,99.99017296,1994,Thailand,Thailand,MW946539,1994
29,MW946540.1|1998,2V_A,2V_A,2V,MW946540,10175,99.99017296,1998,Thailand,Thailand,MW946540,1998
30,MW946541.1|2002,2V_A,2V_A,2V,MW946541,10175,99.99017296,2002,Thailand,Thailand,MW946541,2002
31,MW946542.1|2002,2V_A,2V_A,2V,MW946542,10175,99.99017296,2002,Thailand,Thailand,MW946542,2002
32,MW946543.1|1996,2V_A,2V_A,2V,MW946543,10175,99.99017296,1996,Thailand,Thailand,MW946543,1996
33,MW946544.1|2012,2V_A.1,2V_A,2V,MW946544,10175,99.99017296,2012,Thailand,Thailand,MW946544,2012
34,MW946545.1|2010,2V_A.4,2V_A,2V,MW946545,10175,99.99017296,2010,Thailand,Thailand,MW946545,2010
35,MW946546.1|1998,2V_A,2V_A,2V,MW946546,10175,99.99017296,1998,Thailand,Thailand,MW946546,1998
36,MW946547.1|2001,2V_A,2V_A,2V,MW946547,10175,99.99017296,2001,Thailand,Thailand,MW946547,2001
37,MW946548.1|1999,2V_C,2V_C,2V,MW946548,10175,99.99017296,1999,Thailand,Thailand,MW946548,1999
38,MW946549.1|1996,2V_A,2V_A,2V,MW946549,10175,99.99017296,1996,Thailand,Thailand,MW946549,1996
39,MW946550.1|2012,2V_A.1,2V_A,2V,MW946550,10175,99.99017296,2012,Thailand,Thailand,MW946550,2012
40,MW946551.1|1997,2V_B,2V_B,2V,MW946551,10175,99.99017296,1997,Thailand,Thailand,MW946551,1997
41,MW946552.1|2006,2V_A,2V_A,2V,MW946552,10175,99.99017296,2006,Thailand,Thailand,MW946552,2006
42,MW946553.1|1996,2V_B,2V_B,2V,MW946553,10175,99.99017296,1996,Thailand,Thailand,MW946553,1996
43,MW946554.1|2011,2V_A.3,2V_A,2V,MW946554,10175,99.99017296,2011,Thailand,Thailand,MW946554,2011
44,MW946555.1|2012,2V_A,2V_A,2V,MW946555,10175,99.99017296,2012,Thailand,Thailand,MW946555,2012
45,MW946556.1|1995,2V_C,2V_C,2V,MW946556,10175,99.99017296,1995,Thailand,Thailand,MW946556,1995
46,MW946557.1|2010,2V_A.1,2V_A,2V,MW946557,10175,99.99017296,2010,Thailand,Thailand,MW946557,2010
47,MW946558.1|2003,2V_A,2V_A,2V,MW946558,10175,99.99017296,2003,Thailand,Thailand,MW946558,2003
48,MW946559.1|2006,2V_A,2V_A,2V,MW946559,10175,99.99017296,2006,Thailand,Thailand,MW946559,2006
49,MW946560.1|1998,2V_D,2V_D,2V,MW946560,10175,99.99017296,1998,Thailand,Thailand,MW946560,1998
50,MW946561.1|2001,2V_A,2V_A,2V,MW946561,10175,99.99017296,2001,Thailand,Thailand,MW946561,2001
51,MW946562.1|1995,2V_D,2V_D,2V,MW946562,10175,99.99017296,1995,Thailand,Thailand,MW946562,1995
52,MW946563.1|2003,2V_A,2V_A,2V,MW946563,10175,99.99017296,2003,Thailand,Thailand,MW946563,2003
53,MW946565.1|1999,2V_A,2V_A,2V,MW946565,10175,99.99017296,1999,Thailand,Thailand,MW946565,1999
54,MW946566.1|2013,2V_A.1,2V_A,2V,MW946566,10175,99.99017296,2013,Thailand,Thailand,MW946566,2013
55,MW946567.1|2011,2V_A,2V_A,2V,MW946567,10175,99.99017296,2011,Thailand,Thailand,MW946567,2011
56,MW946568.1|2010,2V_A,2V_A,2V,MW946568,10175,99.99017296,2010,Thailand,Thailand,MW946568,2010
57,MW946569.1|2004,2V_A,2V_A,2V,MW946569,10175,99.99017296,2004,Thailand,Thailand,MW946569,2004
58,MW946570.1|1997,2V_A,2V_A,2V,MW946570,10175,99.99017296,1997,Thailand,Thailand,MW946570,1997
59,MW946571.1|1996,2V,2V,2V,MW946571,10175,99.99017296,1996,Thailand,Thailand,MW946571,1996
60,MW946572.1|1995,2V_C,2V_C,2V,MW946572,10175,99.99017296,1995,Thailand,Thailand,MW946572,1995
61,MW946573.1|2013,2V_A,2V_A,2V,MW946573,10175,99.99017296,2013,Thailand,Thailand,MW946573,2013
62,MW946574.1|2001,2V_A,2V_A,2V,MW946574,10175,99.99017296,2001,Thailand,Thailand,MW946574,2001
63,MW946575.1|1996,2I,2I,2I,MW946575,10176,100,1996,Peru,Peru,MW946575,1996
64,MW946576.1|2013,2V_A,2V_A,2V,MW946576,10175,99.99017296,2013,Thailand,Thailand,MW946576,2013
65,MW946577.1|2012,2V_A,2V_A,2V,MW946577,10175,99.99017296,2012,Thailand,Thailand,MW946577,2012
66,MW946578.1|2001,2V_A,2V_A,2V,MW946578,10175,99.99017296,2001,Thailand,Thailand,MW946578,2001
67,MW946579.1|1999,2V_C,2V_C,2V,MW946579,10175,99.99017296,1999,Thailand,Thailand,MW946579,1999
68,MW946580.1|2004,2V_A.3,2V_A,2V,MW946580,10175,99.99017296,2004,Thailand,Thailand,MW946580,2004
69,MW946581.1|1998,2V_A,2V_A,2V,MW946581,10175,99.99017296,1998,Thailand,Thailand,MW946581,1998
70,MW946582.1|2000,2V_C,2V_C,2V,MW946582,10175,99.99017296,2000,Thailand,Thailand,MW946582,2000
71,MW946583.1|2004,2III_C,2III_C,2III,MW946583,10176,100,2004,Brazil,Brazil,MW946583,2004
72,MW946584.1|2007,2II_E.1,2II_E,2II,MW946584,10175,99.99017296,2007,Thailand,Thailand,MW946584,2007
73,MW946585.1|2011,2V_A,2V_A,2V,MW946585,10175,99.99017296,2011,Thailand,Thailand,MW946585,2011
74,MW946586.1|1996,2V_A,2V_A,2V,MW946586,10175,99.99017296,1996,Thailand,Thailand,MW946586,1996
75,MW946587.1|2005,2V_A,2V_A,2V,MW946587,10175,99.99017296,2005,Thailand,Thailand,MW946587,2005
76,MW946588.1|2002,2V_A,2V_A,2V,MW946588,10175,99.99017296,2002,Thailand,Thailand,MW946588,2002
77,MW946589.1|2013,2V_A.1,2V_A,2V,MW946589,10175,99.99017296,2013,Thailand,Thailand,MW946589,2013
78,MW946590.1|1997,2V_C,2V_C,2V,MW946590,10175,99.99017296,1997,Thailand,Thailand,MW946590,1997
79,MW946591.1|1995,2V_B,2V_B,2V,MW946591,10175,99.99017296,1995,Thailand,Thailand,MW946591,1995
80,MW946592.1|1997,2V_B,2V_B,2V,MW946592,10175,99.99017296,1997,Thailand,Thailand,MW946592,1997
81,MW946593.1|1995,2V_B,2V_B,2V,MW946593,10175,99.99017296,1995,Thailand,Thailand,MW946593,1995
82,MW946594.1|2001,2V_A,2V_A,2V,MW946594,10175,99.99017296,2001,Thailand,Thailand,MW946594,2001
83,MW946595.1|2005,2V_E,2V_E,2V,MW946595,10175,99.99017296,2005,Thailand,Thailand,MW946595,2005
84,MW946596.1|1999,2V_A,2V_A,2V,MW946596,10175,99.99017296,1999,Thailand,Thailand,MW946596,1999
85,MW946597.1|2007,2V_A,2V_A,2V,MW946597,10175,99.99017296,2007,Thailand,Thailand,MW946597,2007
86,MW946598.1|1997,2V_A,2V_A,2V,MW946598,10175,99.99017296,1997,Thailand,Thailand,MW946598,1997
87,MW946599.1|1999,2V_A,2V_A,2V,MW946599,10175,99.99017296,1999,Thailand,Thailand,MW946599,1999
88,MW946600.1|2002,2V_A,2V_A,2V,MW946600,10175,99.99017296,2002,Thailand,Thailand,MW946600,2002
89,MW946601.1|2011,2V_A,2V_A,2V,MW946601,10175,99.99017296,2011,Thailand,Thailand,MW946601,2011
90,MW946602.1|2011,2V_A.4,2V_A,2V,MW946602,10175,99.99017296,2011,Thailand,Thailand,MW946602,2011
91,MW946603.1|2005,2V_A,2V_A,2V,MW946603,10175,99.99017296,2005,Thailand,Thailand,MW946603,2005
92,MW946604.1|1998,2V_A,2V_A,2V,MW946604,10175,99.99017296,1998,Thailand,Thailand,MW946604,1998
93,MW881533.1|2021-02-02,2II_C.1,2II_C,2II,MW881533,10602,104.1863208,2021,China: Guangzhou,China,MW881533,2021
94,MW186239.1|2019-10,2II_F.1.1,2II_F,2II,MW186239,10723,105.3753931,2019,Singapore,Singapore,MW186239,2019
95,MW186240.1|2019-10,2II_F.1.1,2II_F,2II,MW186240,10723,105.3753931,2019,Singapore,Singapore,MW186240,2019
96,MW577809.1|2019-04-28,2III_C.1.1,2III_C,2III,MW577809,10699,105.139544,2019,Brazil,Brazil,MW577809,2019
97,MW577810.1|2019-05-08,2III_C.1.1,2III_C,2III,MW577810,10701,105.1591981,2019,Brazil,Brazil,MW577810,2019
98,MW577811.1|2019-05-02,2III_C.1.1,2III_C,2III,MW577811,10722,105.365566,2019,Brazil,Brazil,MW577811,2019
99,MW577812.1|2019-05-02,2III_C.1.1,2III_C,2III,MW577812,10707,105.2181604,2019,Brazil,Brazil,MW577812,2019
100,MW577813.1|2019-04-04,2III_C.1.1,2III_C,2III,MW577813,10725,105.3950472,2019,Brazil,Brazil,MW577813,2019
101,MW577814.1|2019-04-04,2III_C.1.1,2III_C,2III,MW577814,10716,105.3066038,2019,Brazil,Brazil,MW577814,2019
102,MW577815.1|2019-04-26,2III_C.1.1,2III_C,2III,MW577815,10725,105.3950472,2019,Brazil,Brazil,MW577815,2019
103,MW577816.1|2019-04-26,2III_C.1.1,2III_C,2III,MW577816,10724,105.3852201,2019,Brazil,Brazil,MW577816,2019
104,MW577817.1|2019-04-26,2III_C.1.1,2III_C,2III,MW577817,10725,105.3950472,2019,Brazil,Brazil,MW577817,2019
105,MW577818.1|2019-05-08,2III_C.1.1,2III_C,2III,MW577818,10724,105.3852201,2019,Brazil,Brazil,MW577818,2019
106,MW577819.1|2019-04-09,2III_C.1.1,2III_C,2III,MW577819,10724,105.3852201,2019,Brazil,Brazil,MW577819,2019
107,MW577820.1|2019-01-29,2III_C.1.1,2III_C,2III,MW577820,10722,105.365566,2019,Brazil,Brazil,MW577820,2019
108,MW577821.1|2019-02-22,2III_C.1.1,2III_C,2III,MW577821,10724,105.3852201,2019,Brazil,Brazil,MW577821,2019
109,MW577822.1|2019-03-11,2III_C.1.1,2III_C,2III,MW577822,10725,105.3950472,2019,Brazil,Brazil,MW577822,2019
110,MW577823.1|2019-05-20,2III_C.1.1,2III_C,2III,MW577823,10724,105.3852201,2019,Brazil,Brazil,MW577823,2019
111,MW577824.1|2019-05-20,2III_C.1.1,2III_C,2III,MW577824,10724,105.3852201,2019,Brazil,Brazil,MW577824,2019
112,MW577825.1|2019-05-22,2III_C.1.1,2III_C,2III,MW577825,10724,105.3852201,2019,Brazil,Brazil,MW577825,2019
113,MW577826.1|2019-06-03,2III_C.1.1,2III_C,2III,MW577826,10723,105.3753931,2019,Brazil,Brazil,MW577826,2019
114,MW577827.1|2019-04-25,2III_C.1.1,2III_C,2III,MW577827,10710,105.2476415,2019,Brazil,Brazil,MW577827,2019
115,MW577828.1|2019-05-03,2III_C.1.1,2III_C,2III,MW577828,10721,105.355739,2019,Brazil,Brazil,MW577828,2019
116,MW577829.1|2019-04-02,2III_C.1.1,2III_C,2III,MW577829,10721,105.355739,2019,Brazil,Brazil,MW577829,2019
117,MW577830.1|2019-04-15,2III_C.1.1,2III_C,2III,MW577830,10724,105.3852201,2019,Brazil,Brazil,MW577830,2019
118,MW577831.1|2010-03-09,2III_C,2III_C,2III,MW577831,10725,105.3950472,2010,Brazil,Brazil,MW577831,2010
119,MW577832.1|2010-03-09,2III_C,2III_C,2III,MW577832,10723,105.3753931,2010,Brazil,Brazil,MW577832,2010
120,MW577833.1|2011-01-26,2III_C,2III_C,2III,MW577833,10723,105.3753931,2011,Brazil,Brazil,MW577833,2011
121,MW577834.1|2011-02-16,2III_C,2III_C,2III,MW577834,10723,105.3753931,2011,Brazil,Brazil,MW577834,2011
122,MW577835.1|2010-01-30,2III_C,2III_C,2III,MW577835,10719,105.3360849,2010,Brazil,Brazil,MW577835,2010
123,MW577836.1|2019-03-19,2III_C.1.1,2III_C,2III,MW577836,10681,104.9626572,2019,Brazil,Brazil,MW577836,2019
124,MW577837.1|2009-09-16,2III_C,2III_C,2III,MW577837,10677,104.9233491,2009,Brazil,Brazil,MW577837,2009
125,MW577838.1|2011-02-16,2III_C,2III_C,2III,MW577838,10719,105.3360849,2011,Brazil,Brazil,MW577838,2011
126,MW577839.1|2019-05-08,2III_C.1.1,2III_C,2III,MW577839,10715,105.2967767,2019,Brazil,Brazil,MW577839,2019
127,MW577840.1|2011-04-07,2III_C,2III_C,2III,MW577840,10684,104.9921384,2011,Brazil,Brazil,MW577840,2011
128,MW577841.1|2010-03-18,2III_C,2III_C,2III,MW577841,10683,104.9823113,2010,Brazil,Brazil,MW577841,2010
129,MW577842.1|2010-03-24,2III_C,2III_C,2III,MW577842,10701,105.1591981,2010,Brazil,Brazil,MW577842,2010
130,MW577843.1|2008-04-23,2III_C,2III_C,2III,MW577843,10662,104.7759434,2008,Brazil,Brazil,MW577843,2008
131,MW577844.1|2008-04-23,2III_C,2III_C,2III,MW577844,10689,105.0412736,2008,Brazil,Brazil,MW577844,2008
132,MW577845.1|2008-12-05,2III_C,2III_C,2III,MW577845,10689,105.0412736,2008,Brazil,Brazil,MW577845,2008
133,MW577846.1|2008-04-23,2III_C,2III_C,2III,MW577846,10711,105.2574686,2008,Brazil,Brazil,MW577846,2008
134,MW577847.1|2008-02-08,2III_C,2III_C,2III,MW577847,10673,104.8840409,2008,Brazil,Brazil,MW577847,2008
135,MW577848.1|2010-04-04,2III_C,2III_C,2III,MW577848,10720,105.3459119,2010,Brazil,Brazil,MW577848,2010
136,MW577849.1|2008-03-16,2III_C,2III_C,2III,MW577849,10723,105.3753931,2008,Brazil,Brazil,MW577849,2008
137,MW577850.1|2010-03-12,2III_C,2III_C,2III,MW577850,10719,105.3360849,2010,Brazil,Brazil,MW577850,2010
138,MW577851.1|2010-01-18,2III_C,2III_C,2III,MW577851,10663,104.7857704,2010,Brazil,Brazil,MW577851,2010
139,MW577852.1|2010-03-02,2III_C,2III_C,2III,MW577852,10701,105.1591981,2010,Brazil,Brazil,MW577852,2010
140,MW577853.1|2009-03-17,2III_C,2III_C,2III,MW577853,10659,104.7464623,2009,Brazil,Brazil,MW577853,2009
141,MW577854.1|2008-02-07,2III_C,2III_C,2III,MW577854,10697,105.1198899,2008,Brazil,Brazil,MW577854,2008
142,MW577855.1|2010-03-22,2III_C,2III_C,2III,MW577855,10664,104.7955975,2010,Brazil,Brazil,MW577855,2010
143,MT929585.1|2019-02-18,2III_C.1.1,2III_C,2III,MT929585,10041,98.67334906,2019,Brazil: Nova Xavantina,Brazil,MT929585,2019
144,MT929586.1|2019-03-02,2III_C.1.1,2III_C,2III,MT929586,10023,98.49646226,2019,Brazil: Cuiaba,Brazil,MT929586,2019
145,MT929587.1|2019-01-21,2III_C.1.1,2III_C,2III,MT929587,10032,98.58490566,2019,Brazil: Campo Grande,Brazil,MT929587,2019
146,MT929588.1|2019-03-22,2III_C.1.1,2III_C,2III,MT929588,10033,98.5947327,2019,Brazil: Campo Grande,Brazil,MT929588,2019
147,MT929589.1|2019-03-22,2III_C.1.1,2III_C,2III,MT929589,10032,98.58490566,2019,Brazil: Campo Grande,Brazil,MT929589,2019
148,MT929590.1|2019-02-26,2III_C.1.1,2III_C,2III,MT929590,9254,90.93946541,2019,Brazil: Jaraguari,Brazil,MT929590,2019
149,MT929591.1|2019-02-20,2III_C.1.1,2III_C,2III,MT929591,10030,98.56525157,2019,Brazil: Camapua,Brazil,MT929591,2019
150,MT929592.1|2019-03-07,2III_C.1.1,2III_C,2III,MT929592,9258,90.97877358,2019,Brazil: Jaraguari,Brazil,MT929592,2019
151,MT929593.1|2018-12-14,2III_C.1.1,2III_C,2III,MT929593,10028,98.54559748,2018,Brazil: Campo Grande,Brazil,MT929593,2018
152,MT929594.1|2018-10-04,2III_C.1.1,2III_C,2III,MT929594,9257,90.96894654,2018,Brazil: Campo Grande,Brazil,MT929594,2018
153,MT929595.1|2018-11-14,2III_C.1.1,2III_C,2III,MT929595,10029,98.55542453,2018,Brazil: Campo Grande,Brazil,MT929595,2018
154,MT929596.1|2018-11-26,2III_C.1.1,2III_C,2III,MT929596,10030,98.56525157,2018,Brazil: Campo Grande,Brazil,MT929596,2018
155,MT929597.1|2018-12-13,2III_C.1.1,2III_C,2III,MT929597,9262,91.01808176,2018,Brazil: Campo Grande,Brazil,MT929597,2018
156,MT929598.1|2019-01-26,2III_C.1.1,2III_C,2III,MT929598,10031,98.57507862,2019,Brazil: Campo Grande,Brazil,MT929598,2019
157,MT929599.1|2019-01-24,2III_C.1.1,2III_C,2III,MT929599,10035,98.61438679,2019,Brazil: Campo Grande,Brazil,MT929599,2019
158,MT929600.1|2019-03-22,2III_C.1.1,2III_C,2III,MT929600,9257,90.96894654,2019,Brazil: Corumba,Brazil,MT929600,2019
159,MT929601.1|2019-03-07,2III_C.1.1,2III_C,2III,MT929601,10029,98.55542453,2019,Brazil: Dois Irmaos do Buriti,Brazil,MT929601,2019
160,MT929602.1|2019-03-13,2III_C.1.1,2III_C,2III,MT929602,9257,90.96894654,2019,Brazil: Douradina,Brazil,MT929602,2019
161,MT929603.1|2019-03-14,2III_C.1.1,2III_C,2III,MT929603,10030,98.56525157,2019,Brazil: Nioaque,Brazil,MT929603,2019
162,MT929604.1|2019-03-17,2III_C.1.1,2III_C,2III,MT929604,9252,90.91981132,2019,Brazil: Mundo Novo,Brazil,MT929604,2019
163,MT929605.1|2019-01-31,2III_C.1.1,2III_C,2III,MT929605,10031,98.57507862,2019,Brazil: Campo Grande,Brazil,MT929605,2019
164,MT929606.1|2019-03-19,2III_C.1.1,2III_C,2III,MT929606,10030,98.56525157,2019,Brazil: Aparecida do Taboado,Brazil,MT929606,2019
165,MT929607.1|2019-01-25,2III_C.1.1,2III_C,2III,MT929607,10041,98.67334906,2019,Brazil: Campo Grande,Brazil,MT929607,2019
166,MT929608.1|2019-01-23,2III_C.1.1,2III_C,2III,MT929608,10025,98.51611635,2019,Brazil: Campo Grande,Brazil,MT929608,2019
167,MT929609.1|2019-01-26,2III_C.1.1,2III_C,2III,MT929609,10025,98.51611635,2019,Brazil: Campo Grande,Brazil,MT929609,2019
168,MT929610.1|2019-02-02,2III_C.1.1,2III_C,2III,MT929610,10025,98.51611635,2019,Brazil: Campo Grande,Brazil,MT929610,2019
169,MT929611.1|2019-01-31,2III_C.1.1,2III_C,2III,MT929611,10025,98.51611635,2019,Brazil: Campo Grande,Brazil,MT929611,2019
170,MT929612.1|2019-01-31,2III_C.1.1,2III_C,2III,MT929612,10025,98.51611635,2019,Brazil: Campo Grande,Brazil,MT929612,2019
171,MT929613.1|2019-01-25,2III_C.1.1,2III_C,2III,MT929613,10025,98.51611635,2019,Brazil: Campo Grande,Brazil,MT929613,2019
172,MT929614.1|2019-01-23,2III_C.1.1,2III_C,2III,MT929614,10025,98.51611635,2019,Brazil: Campo Grande,Brazil,MT929614,2019
173,MT929615.1|2019-01-21,2III_C.1.1,2III_C,2III,MT929615,10025,98.51611635,2019,Brazil: Campo Grande,Brazil,MT929615,2019
174,MT929616.1|2019-01-20,2III_C.1.1,2III_C,2III,MT929616,10025,98.51611635,2019,Brazil: Campo Grande,Brazil,MT929616,2019
175,MT929617.1|2019-03-06,2III_C.1.1,2III_C,2III,MT929617,10028,98.54559748,2019,Brazil: Campo Grande,Brazil,MT929617,2019
176,MT929618.1|2019-03-17,2III_C.1.1,2III_C,2III,MT929618,10028,98.54559748,2019,Brazil: Chapadao Do Sul,Brazil,MT929618,2019
177,MT929619.1|2019-01-27,2III_C.1.1,2III_C,2III,MT929619,10028,98.54559748,2019,Brazil: Campo Grande,Brazil,MT929619,2019
178,MT929620.1|2019-01-26,2III_C.1.1,2III_C,2III,MT929620,10028,98.54559748,2019,Brazil: Campo Grande,Brazil,MT929620,2019
179,MT929621.1|2019-01-23,2III_C.1.1,2III_C,2III,MT929621,10028,98.54559748,2019,Brazil: Campo Grande,Brazil,MT929621,2019
180,MT929622.1|2019-01-27,2III_C.1.1,2III_C,2III,MT929622,10028,98.54559748,2019,Brazil: Campo Grande,Brazil,MT929622,2019
181,MT929623.1|2019-01-24,2III_C.1.1,2III_C,2III,MT929623,10028,98.54559748,2019,Brazil: Campo Grande,Brazil,MT929623,2019
182,MT929624.1|2019-01-31,2III_C.1.1,2III_C,2III,MT929624,9250,90.90015723,2019,Brazil: Campo Grande,Brazil,MT929624,2019
183,MT929625.1|2019-03-26,2III_C.1.1,2III_C,2III,MT929625,10028,98.54559748,2019,Brazil: Maracaju,Brazil,MT929625,2019
184,MT929626.1|2019-01-26,2III_C.1.1,2III_C,2III,MT929626,10028,98.54559748,2019,Brazil: Campo Grande,Brazil,MT929626,2019
185,MT929627.1|2019-03-04,2III_C.1.1,2III_C,2III,MT929627,10028,98.54559748,2019,Brazil: Campo Grande,Brazil,MT929627,2019
186,MT929628.1|2019-03-26,2III_C.1.1,2III_C,2III,MT929628,10046,98.72248428,2019,Brazil: Corumba,Brazil,MT929628,2019
187,MT929629.1|2019-04-11,2III_C.1.1,2III_C,2III,MT929629,10028,98.54559748,2019,Brazil: Campo Grande,Brazil,MT929629,2019
188,MT929630.1|2019-01-15,2III_C.1.1,2III_C,2III,MT929630,10028,98.54559748,2019,Brazil: Campo Grande,Brazil,MT929630,2019
189,MT929631.1|2019-01-31,2III_C.1.1,2III_C,2III,MT929631,10028,98.54559748,2019,Brazil: Campo Grande,Brazil,MT929631,2019
190,MT929632.1|2019-01-19,2III_C.1.1,2III_C,2III,MT929632,10028,98.54559748,2019,Brazil: Campo Grande,Brazil,MT929632,2019
191,MT929633.1|2019-01-26,2III_C.1.1,2III_C,2III,MT929633,10028,98.54559748,2019,Brazil: Campo Grande,Brazil,MT929633,2019
192,MT929634.1|2019-03-18,2III_C.1.1,2III_C,2III,MT929634,10028,98.54559748,2019,Brazil: Pedro Gomes,Brazil,MT929634,2019
193,MT929635.1|2019-03-15,2III_C.1.1,2III_C,2III,MT929635,10028,98.54559748,2019,Brazil: Nioaque,Brazil,MT929635,2019
194,MT929636.1|2019-03-19,2III_C.1.1,2III_C,2III,MT929636,10028,98.54559748,2019,Brazil: Chapadao Do Sul,Brazil,MT929636,2019
195,MT929637.1|2019-03-18,2III_C.1.1,2III_C,2III,MT929637,10028,98.54559748,2019,Brazil: Nioaque,Brazil,MT929637,2019
196,MT929638.1|2019-03-15,2III_C.1.1,2III_C,2III,MT929638,10028,98.54559748,2019,Brazil: Dois Irmaos do Buriti,Brazil,MT929638,2019
197,MT929639.1|2019-03-20,2III_C.1.1,2III_C,2III,MT929639,9250,90.90015723,2019,Brazil: Ivinhema,Brazil,MT929639,2019
198,MT929640.1|2019-03-13,2III_C.1.1,2III_C,2III,MT929640,10028,98.54559748,2019,Brazil: Maracaju,Brazil,MT929640,2019
199,MT929641.1|2019-02-11,2III_C.1.1,2III_C,2III,MT929641,10028,98.54559748,2019,Brazil: Agua Clara,Brazil,MT929641,2019
200,MT929642.1|2019-03-15,2III_C.1.1,2III_C,2III,MT929642,10028,98.54559748,2019,Brazil: Nioaque,Brazil,MT929642,2019
201,MT929643.1|2019-04-26,2III_C.1.1,2III_C,2III,MT929643,10028,98.54559748,2019,Brazil: Campo Grande,Brazil,MT929643,2019
202,MT929644.1|2019-03-19,2III_C.1.1,2III_C,2III,MT929644,10028,98.54559748,2019,Brazil: Itaquirai,Brazil,MT929644,2019
203,MT929645.1|2019-01-10,2III_C.1.1,2III_C,2III,MT929645,10028,98.54559748,2019,Brazil: Campo Grande,Brazil,MT929645,2019
204,MT929646.1|2019-04-25,2III_C.1.1,2III_C,2III,MT929646,10025,98.51611635,2019,Brazil: Goiania,Brazil,MT929646,2019
205,MT929647.1|2019-04-29,2III_C.1.1,2III_C,2III,MT929647,10025,98.51611635,2019,Brazil: Goiania,Brazil,MT929647,2019
206,MT929648.1|2019-02-07,2III_C.1.1,2III_C,2III,MT929648,10046,98.72248428,2019,Brazil: Betim,Brazil,MT929648,2019
207,MT929649.1|2019-03-18,2III_C.1.1,2III_C,2III,MT929649,10028,98.54559748,2019,Brazil: Uberaba,Brazil,MT929649,2019
208,MT929650.1|2019-03-27,2III_C.1.1,2III_C,2III,MT929650,10028,98.54559748,2019,Brazil: Uberlandia,Brazil,MT929650,2019
209,MT929651.1|2019-01-14,2III_C.1.1,2III_C,2III,MT929651,10027,98.53577044,2019,Brazil: Uberaba,Brazil,MT929651,2019
210,MT929652.1|2019-04-10,2III_C.1.1,2III_C,2III,MT929652,10028,98.54559748,2019,Brazil: Jaboticatubas,Brazil,MT929652,2019
211,MT929653.1|2019-01-31,2III_C.1.1,2III_C,2III,MT929653,10028,98.54559748,2019,Brazil: Unai,Brazil,MT929653,2019
212,MT929654.1|2019-01-31,2III_C.1.1,2III_C,2III,MT929654,10028,98.54559748,2019,Brazil: Unai,Brazil,MT929654,2019
213,MT929655.1|2019-05-09,2III_C.1.1,2III_C,2III,MT929655,10028,98.54559748,2019,Brazil: Ribeirao das Neves,Brazil,MT929655,2019
214,MT929656.1|2019-02-19,2III_C.1.1,2III_C,2III,MT929656,10028,98.54559748,2019,Brazil: Uberaba,Brazil,MT929656,2019
215,MT929657.1|2019-02-01,2III_C.1.1,2III_C,2III,MT929657,10028,98.54559748,2019,Brazil: Patrocinio,Brazil,MT929657,2019
216,MT929658.1|2019-05-25,2III_C.1.1,2III_C,2III,MT929658,10028,98.54559748,2019,Brazil: Ribeirao das Neves,Brazil,MT929658,2019
217,MT929659.1|2019-05-23,2III_C.1.1,2III_C,2III,MT929659,9996,98.23113208,2019,Brazil: Patos de Minas,Brazil,MT929659,2019
218,MT929660.1|2019-02-12,2III_C.1.1,2III_C,2III,MT929660,10028,98.54559748,2019,Brazil: Arinos,Brazil,MT929660,2019
219,MT929661.1|2019-02-18,2III_C.1.1,2III_C,2III,MT929661,10028,98.54559748,2019,Brazil: Prata,Brazil,MT929661,2019
220,MT929662.1|2019-02-18,2III_C.1.1,2III_C,2III,MT929662,10028,98.54559748,2019,Brazil: Prata,Brazil,MT929662,2019
221,MT929663.1|2019-02-05,2III_C.1.1,2III_C,2III,MT929663,10028,98.54559748,2019,Brazil: Capinopolis,Brazil,MT929663,2019
222,MT929664.1|2019-02-14,2III_C.1.1,2III_C,2III,MT929664,10028,98.54559748,2019,Brazil: Ipiacu,Brazil,MT929664,2019
223,MT929665.1|2019-02-24,2III_C.1.1,2III_C,2III,MT929665,9250,90.90015723,2019,Brazil: Curvelo,Brazil,MT929665,2019
224,MT929666.1|2019-02-26,2III_C.1.1,2III_C,2III,MT929666,10028,98.54559748,2019,Brazil: Uberaba,Brazil,MT929666,2019
225,MT929667.1|2019-02-27,2III_C.1.1,2III_C,2III,MT929667,10028,98.54559748,2019,Brazil: Uberaba,Brazil,MT929667,2019
226,MT929668.1|2019-02-22,2III_C.1.1,2III_C,2III,MT929668,10028,98.54559748,2019,Brazil: Januaria,Brazil,MT929668,2019
227,MT929669.1|2019-03-19,2III_C.1.1,2III_C,2III,MT929669,10028,98.54559748,2019,Brazil: Uberlandia,Brazil,MT929669,2019
228,MT929670.1|2019-03-19,2III_C.1.1,2III_C,2III,MT929670,10028,98.54559748,2019,Brazil: Uberlandia,Brazil,MT929670,2019
229,MT929671.1|2019-03-28,2III_C.1.1,2III_C,2III,MT929671,8505,83.57900943,2019,Brazil: Ibia,Brazil,MT929671,2019
230,MT929672.1|2019-03-25,2III_C.1.1,2III_C,2III,MT929672,10028,98.54559748,2019,Brazil: Uberaba,Brazil,MT929672,2019
231,MT929673.1|2019-03-21,2III_C.1.1,2III_C,2III,MT929673,10028,98.54559748,2019,Brazil: Uberaba,Brazil,MT929673,2019
232,MT929674.1|2019-04-01,2III_C.1.1,2III_C,2III,MT929674,9249,90.89033019,2019,Brazil: Belo Horizonte,Brazil,MT929674,2019
233,MT929675.1|2019-03-29,2III_C.1.1,2III_C,2III,MT929675,10028,98.54559748,2019,Brazil: Patrocinio,Brazil,MT929675,2019
234,MT929676.1|2019-04-02,2III_C.1.1,2III_C,2III,MT929676,10028,98.54559748,2019,Brazil: Buritis,Brazil,MT929676,2019
235,MT929677.1|2019-04-01,2III_C.1.1,2III_C,2III,MT929677,10028,98.54559748,2019,Brazil: Natalandia,Brazil,MT929677,2019
236,MT929678.1|2019-03-08,2III_C.1.1,2III_C,2III,MT929678,9248,90.88050314,2019,Brazil: Passos,Brazil,MT929678,2019
237,MT929679.1|2019-04-12,2III_C.1.1,2III_C,2III,MT929679,10028,98.54559748,2019,Brazil: Uberaba,Brazil,MT929679,2019
238,MT929680.1|2019-04-12,2III_C.1.1,2III_C,2III,MT929680,10028,98.54559748,2019,Brazil: Araguari,Brazil,MT929680,2019
239,MT929681.1|2019-04-12,2III_C.1.1,2III_C,2III,MT929681,10028,98.54559748,2019,Brazil: Ituiutaba,Brazil,MT929681,2019
240,MT929682.1|2019-04-24,2III_C.1.1,2III_C,2III,MT929682,10026,98.5259434,2019,Brazil: Campos Gerais,Brazil,MT929682,2019
241,MT929683.1|2019-05-07,2III_C.1.1,2III_C,2III,MT929683,9249,90.89033019,2019,Brazil: Contagem,Brazil,MT929683,2019
242,MT929684.1|2019-05-07,2III_C.1.1,2III_C,2III,MT929684,10028,98.54559748,2019,Brazil: Ituiutaba,Brazil,MT929684,2019
243,MT929685.1|2019-06-07,2III_C.1.1,2III_C,2III,MT929685,10028,98.54559748,2019,Brazil: Montes Claros,Brazil,MT929685,2019
244,MT929686.1|2019-04-06,2III_C.1.1,2III_C,2III,MT929686,10028,98.54559748,2019,Brazil: Belo Horizonte,Brazil,MT929686,2019
245,MT929687.1|2019-04-17,2III_C.1.1,2III_C,2III,MT929687,9249,90.89033019,2019,Brazil: Belo Horizonte,Brazil,MT929687,2019
246,MT929688.1|2019-04-25,2III_C.1.1,2III_C,2III,MT929688,10028,98.54559748,2019,Brazil: Barreiras,Brazil,MT929688,2019
247,MT929689.1|2019-04-29,2III_C.1.1,2III_C,2III,MT929689,10028,98.54559748,2019,Brazil: Barreiras,Brazil,MT929689,2019
248,MT929690.1|2019-06-07,2III_C.1.1,2III_C,2III,MT929690,10028,98.54559748,2019,Brazil: Feira de Santana,Brazil,MT929690,2019
249,MT929691.1|2019-01-16,2III_C.1.1,2III_C,2III,MT929691,10028,98.54559748,2019,Brazil: Irece,Brazil,MT929691,2019
250,MT929692.1|2019-04-11,2III_C.1.1,2III_C,2III,MT929692,10028,98.54559748,2019,Brazil: Barreiras,Brazil,MT929692,2019
251,MT929693.1|2019-01-17,2III_C.1.1,2III_C,2III,MT929693,10028,98.54559748,2019,Brazil: Luziania,Brazil,MT929693,2019
252,MT929694.1|2019-01-17,2III_C.1.1,2III_C,2III,MT929694,10046,98.72248428,2019,Brazil: Caldas Novas,Brazil,MT929694,2019
253,MT929695.1|2019-01-18,2III_C.1.1,2III_C,2III,MT929695,10028,98.54559748,2019,Brazil: Firminopolis,Brazil,MT929695,2019
254,MT929696.1|2019-01-24,2III_C.1.1,2III_C,2III,MT929696,10028,98.54559748,2019,Brazil: Caldas Novas,Brazil,MT929696,2019
255,MT929697.1|2019-01-28,2III_C.1.1,2III_C,2III,MT929697,10028,98.54559748,2019,Brazil: Caldas Novas,Brazil,MT929697,2019
256,MT929698.1|2019-02-01,2III_C.1.1,2III_C,2III,MT929698,10028,98.54559748,2019,Brazil: Goiania,Brazil,MT929698,2019
257,MT929699.1|2019-01-31,2III_C.1.1,2III_C,2III,MT929699,10020,98.46698113,2019,Brazil: Sao Luis de Montes Belos,Brazil,MT929699,2019
258,MT929700.1|2019-02-04,2III_C.1.1,2III_C,2III,MT929700,10028,98.54559748,2019,Brazil: Caldas Novas,Brazil,MT929700,2019
259,MT929701.1|2019-02-07,2III_C.1.1,2III_C,2III,MT929701,10028,98.54559748,2019,Brazil: Goiania,Brazil,MT929701,2019
260,MT929702.1|2019-02-11,2III_C.1.1,2III_C,2III,MT929702,10028,98.54559748,2019,Brazil: Firminopolis,Brazil,MT929702,2019
261,MT929703.1|2019-02-11,2III_C.1.1,2III_C,2III,MT929703,10028,98.54559748,2019,Brazil: Turvania,Brazil,MT929703,2019
262,MT929704.1|2019-02-11,2III_C.1.1,2III_C,2III,MT929704,10028,98.54559748,2019,Brazil: Rio Verde,Brazil,MT929704,2019
263,MT929705.1|2019-02-21,2III_C.1.1,2III_C,2III,MT929705,10028,98.54559748,2019,Brazil: Goiania,Brazil,MT929705,2019
264,MT929706.1|2019-02-22,2III_C.1.1,2III_C,2III,MT929706,10028,98.54559748,2019,Brazil: Corumba,Brazil,MT929706,2019
265,MT929707.1|2019-02-18,2III_C.1.1,2III_C,2III,MT929707,10028,98.54559748,2019,Brazil: Rio Verde,Brazil,MT929707,2019
266,MT929708.1|2019-03-01,2III_C.1.1,2III_C,2III,MT929708,10028,98.54559748,2019,Brazil: Goiania,Brazil,MT929708,2019
267,MT929709.1|2019-03-12,2III_C.1.1,2III_C,2III,MT929709,10028,98.54559748,2019,Brazil: Caldas Novas,Brazil,MT929709,2019
268,MT929710.1|2019-03-18,2III_C.1.1,2III_C,2III,MT929710,10028,98.54559748,2019,Brazil: Parauna,Brazil,MT929710,2019
269,MT929711.1|2019-03-26,2III_C.1.1,2III_C,2III,MT929711,10028,98.54559748,2019,Brazil: Goiatuba,Brazil,MT929711,2019
270,MT929712.1|2019-04-04,2III_C.1.1,2III_C,2III,MT929712,10028,98.54559748,2019,Brazil: Goiania,Brazil,MT929712,2019
271,MT929713.1|2019-03-27,2III_C.1.1,2III_C,2III,MT929713,10028,98.54559748,2019,Brazil: Israelandia,Brazil,MT929713,2019
272,MT929714.1|2019-03-27,2III_C.1.1,2III_C,2III,MT929714,10028,98.54559748,2019,Brazil: Israelandia,Brazil,MT929714,2019
273,MT929715.1|2016-01-29,2III_C.1.1,2III_C,2III,MT929715,10046,98.72248428,2016,Brazil: Uberaba,Brazil,MT929715,2016
274,MT929716.1|2016-03-14,2III_C.1.1,2III_C,2III,MT929716,10028,98.54559748,2016,Brazil: Uberaba,Brazil,MT929716,2016
275,MT929717.1|2016-03-14,2III_C.1.1,2III_C,2III,MT929717,10028,98.54559748,2016,Brazil: Uberaba,Brazil,MT929717,2016
276,MT929718.1|2018-04-22,2III_C.1.1,2III_C,2III,MT929718,10028,98.54559748,2018,Brazil: Uberaba,Brazil,MT929718,2018
277,MT929719.1|2018-04-04,2III_C.1.1,2III_C,2III,MT929719,10028,98.54559748,2018,Brazil: Capinopolis,Brazil,MT929719,2018
278,MT929720.1|2018-04-04,2III_C.1.1,2III_C,2III,MT929720,10028,98.54559748,2018,Brazil: Capinopolis,Brazil,MT929720,2018
279,MT929721.1|2018-03-02,2III_C.1.1,2III_C,2III,MT929721,10028,98.54559748,2018,Brazil: Ituiutaba,Brazil,MT929721,2018
280,MT929722.1|2019-05-14,2III_C.1.1,2III_C,2III,MT929722,10028,98.54559748,2019,Brazil: Barreiras,Brazil,MT929722,2019
281,MT929723.1|2019-06-19,2III_C.1.1,2III_C,2III,MT929723,10028,98.54559748,2019,Brazil: Juazeiro,Brazil,MT929723,2019
282,MT929724.1|2019-06-11,2III_C.1.1,2III_C,2III,MT929724,9249,90.89033019,2019,Brazil: Presidente Dutra,Brazil,MT929724,2019
283,MT929725.1|2019-06-06,2III_C.1.1,2III_C,2III,MT929725,10028,98.54559748,2019,Brazil: Feira de Santana,Brazil,MT929725,2019
284,MT929726.1|2019-07-12,2III_C.1.1,2III_C,2III,MT929726,9984,98.11320755,2019,Brazil: Salvador,Brazil,MT929726,2019
285,MT929727.1|2019-06-04,2III_C.1.1,2III_C,2III,MT929727,9250,90.90015723,2019,Brazil: Salvador,Brazil,MT929727,2019
286,MT929728.1|2019-04-30,2III_C.1.1,2III_C,2III,MT929728,10028,98.54559748,2019,Brazil: Barreiras,Brazil,MT929728,2019
287,MT929729.1|2019-04-24,2III_C.1.1,2III_C,2III,MT929729,10028,98.54559748,2019,Brazil: Barreiras,Brazil,MT929729,2019
288,MT929730.1|2019-04-08,2III_C.1.1,2III_C,2III,MT929730,10028,98.54559748,2019,Brazil: Barreiras,Brazil,MT929730,2019
289,MT929731.1|2019-05-16,2III_C.1.1,2III_C,2III,MT929731,10028,98.54559748,2019,Brazil: Barreiras,Brazil,MT929731,2019
290,MT929732.1|2019-05-27,2III_C.1.1,2III_C,2III,MT929732,10028,98.54559748,2019,Brazil: Barreiras,Brazil,MT929732,2019
291,MT929733.1|2019-05-14,2III_C.1.1,2III_C,2III,MT929733,10027,98.53577044,2019,Brazil: Barreiras,Brazil,MT929733,2019
292,MT929734.1|2019-05-21,2III_C.1.1,2III_C,2III,MT929734,10025,98.51611635,2019,Brazil: Barreiras,Brazil,MT929734,2019
293,MT929735.1|2019-05-20,2III_C.1.1,2III_C,2III,MT929735,10028,98.54559748,2019,Brazil: Barreiras,Brazil,MT929735,2019
294,MT929736.1|2019-05-14,2III_C.1.1,2III_C,2III,MT929736,9250,90.90015723,2019,Brazil: Barreiras,Brazil,MT929736,2019
295,MT929737.1|2017-02-20,2III_C.1.1,2III_C,2III,MT929737,10028,98.54559748,2017,Brazil: Goiania,Brazil,MT929737,2017
296,MT929738.1|2018-11-06,2III_C.1.1,2III_C,2III,MT929738,9250,90.90015723,2018,Brazil: Rio Verde,Brazil,MT929738,2018
297,MT929739.1|2019-02-06,2III_C.1.1,2III_C,2III,MT929739,10021,98.47680818,2019,Brazil: Turvania,Brazil,MT929739,2019
298,MT929740.1|2019-02-23,2III_C.1.1,2III_C,2III,MT929740,10028,98.54559748,2019,Brazil: Anapolis,Brazil,MT929740,2019
299,MT929741.1|2019-05-10,2III_C.1.1,2III_C,2III,MT929741,10028,98.54559748,2019,Brazil: Goiania,Brazil,MT929741,2019
300,MT929742.1|2019-06-17,2III_C.1.1,2III_C,2III,MT929742,10028,98.54559748,2019,Brazil: Goianira,Brazil,MT929742,2019
301,MT929743.1|2019-05-09,2III_C,2III_C,2III,MT929743,10028,98.54559748,2019,Brazil: Custodia,Brazil,MT929743,2019
302,MT929744.1|2008-02-28,2III_C,2III_C,2III,MT929744,10009,98.35888365,2008,Brazil: Goiania,Brazil,MT929744,2008
303,MT929745.1|2008-03-04,2III_C,2III_C,2III,MT929745,10025,98.51611635,2008,Brazil: Aparecida de Goiania,Brazil,MT929745,2008
304,MT929746.1|2008-03-11,2III_C.1.1,2III_C,2III,MT929746,9250,90.90015723,2008,Brazil: Aparecida de Goiania,Brazil,MT929746,2008
305,MT929747.1|2019-05-31,2III_C.1.1,2III_C,2III,MT929747,9250,90.90015723,2019,Brazil: Santa Maria da Boa Vista,Brazil,MT929747,2019
306,MT929748.1|2019-05-14,2III_C.1.1,2III_C,2III,MT929748,10028,98.54559748,2019,Brazil: Valparaiso de Goias,Brazil,MT929748,2019
307,MT929749.1|2019-08-23,2III_C.1.1,2III_C,2III,MT929749,9250,90.90015723,2019,Brazil: Brasilia,Brazil,MT929749,2019
308,MT929750.1|2019-06-27,2III_C.1.1,2III_C,2III,MT929750,10026,98.5259434,2019,Brazil: Jaboatao dos Guararapes,Brazil,MT929750,2019
309,MT929751.1|2016-01-25,2III_C,2III_C,2III,MT929751,10026,98.5259434,2016,Brazil: Ribeirao Preto,Brazil,MT929751,2016
310,MT929752.1|2016-02-19,2III_C,2III_C,2III,MT929752,8487,83.40212264,2016,Brazil: Ribeirao Preto,Brazil,MT929752,2016
311,MT929753.1|2016-03-01,2III_C,2III_C,2III,MT929753,10028,98.54559748,2016,Brazil: Ribeirao Preto,Brazil,MT929753,2016
312,MT929754.1|2019-01-14,2III_C.1.1,2III_C,2III,MT929754,10028,98.54559748,2019,Brazil: Vassouras,Brazil,MT929754,2019
313,MK473384.1|2016-05-04,2II_A.2.2,2II_A,2II,MK473384,10173,99.97051887,2016,Kenya,Kenya,MK473384,2016
314,MK473385.1|2016-05-10,2II_A.2.2,2II_A,2II,MK473385,10173,99.97051887,2016,Kenya,Kenya,MK473385,2016
315,MK473386.1|2016-05-04,2II_A.2.2,2II_A,2II,MK473386,10173,99.97051887,2016,Kenya,Kenya,MK473386,2016
316,MW481670.1|2019-02-15,2II_A.2.1,2II_A,2II,MW481670,9980,98.07389937,2019,Angola: Cunene (Ondjiva),Angola,MW481670,2019
317,MW481671.1|2018-07-09,2II_A.2.1,2II_A,2II,MW481671,9980,98.07389937,2018,Angola: Luanda (Zango),Angola,MW481671,2018
318,MW481672.1|2018-05-13,2II_A.2.1,2II_A,2II,MW481672,9980,98.07389937,2018,Angola: Luanda (Luanda),Angola,MW481672,2018
319,MW481673.1|2018-04-22,2II_A.2.1,2II_A,2II,MW481673,9980,98.07389937,2018,Angola: Luanda (Luanda),Angola,MW481673,2018
320,MW481674.1|2018-04-16,2II_A.2.1,2II_A,2II,MW481674,9980,98.07389937,2018,Angola: Luanda (Luanda),Angola,MW481674,2018
321,MW481675.1|2018-03-12,2II_A.2.1,2II_A,2II,MW481675,9980,98.07389937,2018,"Angola: Luanda (Viana, Viana)",Angola,MW481675,2018
322,MW481676.1|2018-04-04,2II_A.2.1,2II_A,2II,MW481676,9980,98.07389937,2018,"Angola: Luanda (Bairro D17, Kilamba Kiaxi)",Angola,MW481676,2018
323,MW481677.1|2018-03-31,2II_A.2.1,2II_A,2II,MW481677,9980,98.07389937,2018,"Angola: Luanda (Nova Vida, Belas)",Angola,MW481677,2018
324,MW481678.1|2018-03-31,2II_A.2.1,2II_A,2II,MW481678,9980,98.07389937,2018,"Angola: Luanda (Rangel, Rangel)",Angola,MW481678,2018
325,MW481679.1|2018-04-07,2II_A.2.1,2II_A,2II,MW481679,9980,98.07389937,2018,Angola: Luanda (Capolo),Angola,MW481679,2018
326,MW481680.1|2018-05-07,2II_A.2.1,2II_A,2II,MW481680,9980,98.07389937,2018,Angola: Luanda (Luanda),Angola,MW481680,2018
327,MW481681.1|2018-04-24,2II_A.2.1,2II_A,2II,MW481681,9980,98.07389937,2018,Angola: Luanda (Luanda),Angola,MW481681,2018
328,MW481682.1|2018-04-24,2II_A.2.1,2II_A,2II,MW481682,9980,98.07389937,2018,Angola: Luanda (Luanda),Angola,MW481682,2018
329,MW481683.1|2018-04-23,2II_A.2.1,2II_A,2II,MW481683,9980,98.07389937,2018,Angola: Luanda (Luanda),Angola,MW481683,2018
330,MW481684.1|2018-03-31,2II_A.2.1,2II_A,2II,MW481684,9980,98.07389937,2018,"Angola: Luanda (Patriota, Benfica)",Angola,MW481684,2018
331,MW481685.1|2018-04-07,2II_A.2.1,2II_A,2II,MW481685,9980,98.07389937,2018,"Angola: Luanda (Viana,Viana)",Angola,MW481685,2018
332,MW481686.1|2018-04-17,2II_A.2.1,2II_A,2II,MW481686,9980,98.07389937,2018,"Angola: Luanda (Camama, Belas)",Angola,MW481686,2018
333,MW481687.1|2018-05-14,2II_A.2.1,2II_A,2II,MW481687,9980,98.07389937,2018,Angola: Luanda (Samba),Angola,MW481687,2018
334,MW481688.1|2018-04-17,2II_A.2.1,2II_A,2II,MW481688,9980,98.07389937,2018,"Angola: Luanda (Camama, Belas)",Angola,MW481688,2018
335,MW481689.1|2018-05-15,2II_A.2.1,2II_A,2II,MW481689,9980,98.07389937,2018,Angola: Luanda (Samba),Angola,MW481689,2018
336,MW481690.1|2018-03-31,2II_A.2.1,2II_A,2II,MW481690,9980,98.07389937,2018,"Angola: Luanda (Bela Vista, Benfica)",Angola,MW481690,2018
337,MW481691.1|2018-05-13,2II_A.2.1,2II_A,2II,MW481691,9980,98.07389937,2018,Angola: Luanda (Luanda),Angola,MW481691,2018
338,MW481692.1|2018-06-01,2II_A.2.1,2II_A,2II,MW481692,9980,98.07389937,2018,Angola: Luanda (Luanda),Angola,MW481692,2018
339,MW481693.1|2018-05-20,2II_A.2.1,2II_A,2II,MW481693,9980,98.07389937,2018,Angola: Luanda (Luanda),Angola,MW481693,2018
340,MW481694.1|2018-05-17,2II_A.2.1,2II_A,2II,MW481694,9980,98.07389937,2018,"Angola: Luanda (Viana, Viana)",Angola,MW481694,2018
341,MK783189.1|2017-05-20,2II_F.1.1,2II_F,2II,MK783189,10677,104.9233491,2017,China,China,MK783189,2017
342,MK783190.1|2018,2II_F.1.1,2II_F,2II,MK783190,10674,104.8938679,2018,China,China,MK783190,2018
343,MK783191.1|2018,2II_F.1.1,2II_F,2II,MK783191,10678,104.9331761,2018,China,China,MK783191,2018
344,MK783192.1|2018,2II_F.1.1,2II_F,2II,MK783192,10683,104.9823113,2018,China,China,MK783192,2018
345,MK783193.1|2018,2II_F.1.1,2II_F,2II,MK783193,10678,104.9331761,2018,China,China,MK783193,2018
346,MK783194.1|2018,2II_F.1.1,2II_F,2II,MK783194,10679,104.9430031,2018,China,China,MK783194,2018
347,MK783195.1|2018,2II_F.1.1,2II_F,2II,MK783195,10678,104.9331761,2018,China,China,MK783195,2018
348,MK783196.1|2018,2II_F.1.1,2II_F,2II,MK783196,10679,104.9430031,2018,China,China,MK783196,2018
349,MK783197.1|2018,2II_F.1.1,2II_F,2II,MK783197,10683,104.9823113,2018,China,China,MK783197,2018
350,MK783198.1|2018,2II_F.1.1,2II_F,2II,MK783198,10638,104.5400943,2018,China,China,MK783198,2018
351,MK783199.1|2018,2II_F.1.1,2II_F,2II,MK783199,10678,104.9331761,2018,China,China,MK783199,2018
352,MK783200.1|2017,2II_F.1.1,2II_F,2II,MK783200,10683,104.9823113,2017,China,China,MK783200,2017
353,MK783201.1|2018,2II_F.1.1,2II_F,2II,MK783201,10683,104.9823113,2018,China,China,MK783201,2018
354,MK783202.1|2018,2II_F.1.1,2II_F,2II,MK783202,10637,104.5302673,2018,China,China,MK783202,2018
355,MK783203.1|2018,2II_F.1.1,2II_F,2II,MK783203,10683,104.9823113,2018,China,China,MK783203,2018
356,MK783204.1|2018,2II_D.2,2II_D,2II,MK783204,10678,104.9331761,2018,China,China,MK783204,2018
357,MK783205.1|2018,2II_C.1,2II_C,2II,MK783205,10683,104.9823113,2018,China,China,MK783205,2018
358,MK783206.1|2018,2II_A.2.1,2II_A,2II,MK783206,10694,105.0904088,2018,China,China,MK783206,2018
359,MK783207.1|2018,2II_A.2.1,2II_A,2II,MK783207,10680,104.9528302,2018,China,China,MK783207,2018
360,MK783208.1|2018,2II_A.2.1,2II_A,2II,MK783208,10726,105.4048742,2018,China,China,MK783208,2018
361,MK783209.1|2018,2II_A.2.1,2II_A,2II,MK783209,10658,104.7366352,2018,China,China,MK783209,2018
362,MK783210.1|2018,2II_A.2.1,2II_A,2II,MK783210,10686,105.0117925,2018,China,China,MK783210,2018
363,MT832053.1|2014,2II_C.1,2II_C,2II,MT832053,10176,100,2014,Philippines,Philippines,MT832053,2014
364,MT832054.1|2014,2II_C.1,2II_C,2II,MT832054,10176,100,2014,Philippines,Philippines,MT832054,2014
365,MT832055.1|2013,2II_C.1,2II_C,2II,MT832055,10176,100,2013,Philippines,Philippines,MT832055,2013
366,MT832056.1|2013,2II_C.1,2II_C,2II,MT832056,10176,100,2013,Philippines,Philippines,MT832056,2013
367,MT832057.1|2015,2II_C.1,2II_C,2II,MT832057,10176,100,2015,Philippines,Philippines,MT832057,2015
368,MT832058.1|2015,2II_C.1,2II_C,2II,MT832058,10176,100,2015,Philippines,Philippines,MT832058,2015
369,MT832059.1|2014,2II_C.1,2II_C,2II,MT832059,10176,100,2014,Philippines,Philippines,MT832059,2014
370,MT832060.1|2014,2II_C.1,2II_C,2II,MT832060,10176,100,2014,Philippines,Philippines,MT832060,2014
371,MT832061.1|2013,2II_C.1,2II_C,2II,MT832061,10176,100,2013,Philippines,Philippines,MT832061,2013
372,MT832062.1|2013,2II_C.1,2II_C,2II,MT832062,10072,98.97798742,2013,Philippines,Philippines,MT832062,2013
373,MT832063.1|2013,2II_C.1,2II_C,2II,MT832063,10176,100,2013,Philippines,Philippines,MT832063,2013
374,MT832064.1|2013,2II_C.1,2II_C,2II,MT832064,10072,98.97798742,2013,Philippines,Philippines,MT832064,2013
375,MT832065.1|2014,2II_C.1,2II_C,2II,MT832065,10176,100,2014,Philippines,Philippines,MT832065,2014
376,MT832066.1|2014,2II_C.1,2II_C,2II,MT832066,10081,99.06643082,2014,Philippines,Philippines,MT832066,2014
377,MT832067.1|2013,2II_C.1,2II_C,2II,MT832067,10176,100,2013,Philippines,Philippines,MT832067,2013
378,MT832068.1|2013,2II_C.1,2II_C,2II,MT832068,10072,98.97798742,2013,Philippines,Philippines,MT832068,2013
379,MT832069.1|2013,2II_C.1,2II_C,2II,MT832069,10176,100,2013,Philippines,Philippines,MT832069,2013
380,MT832070.1|2013,2II_C.1,2II_C,2II,MT832070,10072,98.97798742,2013,Philippines,Philippines,MT832070,2013
381,MT832071.1|2013,2II_C.1,2II_C,2II,MT832071,10176,100,2013,Philippines,Philippines,MT832071,2013
382,MT832072.1|2013,2II_C.1,2II_C,2II,MT832072,10176,100,2013,Philippines,Philippines,MT832072,2013
383,MT832073.1|2013,2II_C.1,2II_C,2II,MT832073,10176,100,2013,Philippines,Philippines,MT832073,2013
384,MT832074.1|2013,2II_C.1,2II_C,2II,MT832074,10176,100,2013,Philippines,Philippines,MT832074,2013
385,MT832075.1|2013,2II_C.1,2II_C,2II,MT832075,10176,100,2013,Philippines,Philippines,MT832075,2013
386,MT832076.1|2013,2II_C.1,2II_C,2II,MT832076,10176,100,2013,Philippines,Philippines,MT832076,2013
387,MT832077.1|2013,2II_C.1,2II_C,2II,MT832077,10176,100,2013,Philippines,Philippines,MT832077,2013
388,MT832078.1|2013,2II_C.1,2II_C,2II,MT832078,10176,100,2013,Philippines,Philippines,MT832078,2013
389,MT832079.1|2013,2II_C.1,2II_C,2II,MT832079,10176,100,2013,Philippines,Philippines,MT832079,2013
390,MT832080.1|2013,2II_C.1,2II_C,2II,MT832080,10176,100,2013,Philippines,Philippines,MT832080,2013
391,MW387614.1|2009-01,2II_A.1.1.1,2II_A,2II,MW387614,10486,103.0463836,2009,China: Yunnan,China,MW387614,2009
392,MW345921.1|2020-10-18,2II_F.1.1,2II_F,2II,MW345921,10549,103.6654874,2020,China: Guangzhou,China,MW345921,2020
393,MW295816.1|2020-08-07,2II_F.1.1,2II_F,2II,MW295816,10608,104.245283,2020,China: Guangzhou,China,MW295816,2020
394,MW295818.1|2020-10-09,2II_F.1.1,2II_F,2II,MW295818,10566,103.8325472,2020,China: Guangzhou,China,MW295818,2020
395,MW288024.1|2018-10,2II_B,2II_B,2II,MW288024,10659,104.7464623,2018,Senegal,Senegal,MW288024,2018
396,MW288029.1|2018-10,2II_B,2II_B,2II,MW288029,10640,104.5597484,2018,Senegal,Senegal,MW288029,2018
397,MW288030.1|2018-10,2II_B,2II_B,2II,MW288030,10641,104.5695755,2018,Senegal,Senegal,MW288030,2018
398,MW288034.1|2018-11,2II_B,2II_B,2II,MW288034,10551,103.6851415,2018,Senegal,Senegal,MW288034,2018
399,MW208040.1|2018-02-19,2III_C.1.1,2III_C,2III,MW208040,9874,97.0322327,2018,"Brazil: Sao Paulo, Ribeirao Preto",Brazil,MW208040,2018
400,MW208041.1|2018-04-17,2III_C.1.1,2III_C,2III,MW208041,9985,98.12303459,2018,"Brazil: Sao Paulo, Ribeirao Preto",Brazil,MW208041,2018
401,MW208045.1|2019-01-19,2III_C.1.1,2III_C,2III,MW208045,9910,97.38600629,2019,"Brazil: Sao Paulo, Ribeirao Preto",Brazil,MW208045,2019
402,MW208046.1|2019-01-28,2III_C.1.1,2III_C,2III,MW208046,9979,98.06407233,2019,"Brazil: Sao Paulo, Ribeirao Preto",Brazil,MW208046,2019
403,MW208047.1|2019-01-29,2III_C.1.1,2III_C,2III,MW208047,9989,98.16234277,2019,"Brazil: Sao Paulo, Ribeirao Preto",Brazil,MW208047,2019
404,MW208048.1|2019-01-25,2III_C.1.1,2III_C,2III,MW208048,9974,98.01493711,2019,"Brazil: Sao Paulo, Ribeirao Preto",Brazil,MW208048,2019
405,MW208049.1|2019-03-12,2III_C.1.1,2III_C,2III,MW208049,9955,97.82822327,2019,"Brazil: Sao Paulo, Ribeirao Preto",Brazil,MW208049,2019
406,MW208050.1|2019-04-09,2III_C.1.1,2III_C,2III,MW208050,10176,100,2019,"Brazil: Sao Paulo, Ribeirao Preto",Brazil,MW208050,2019
407,MW208051.1|2019-04-18,2III_C.1.1,2III_C,2III,MW208051,10176,100,2019,"Brazil: Sao Paulo, Ribeirao Preto",Brazil,MW208051,2019
408,MW208052.1|2019-04-16,2III_C.1.1,2III_C,2III,MW208052,9856,96.85534591,2019,"Brazil: Sao Paulo, Ribeirao Preto",Brazil,MW208052,2019
409,MW208053.1|2019-09-05,2III_C.1.1,2III_C,2III,MW208053,9972,97.99528302,2019,"Brazil: Sao Paulo, Ribeirao Preto",Brazil,MW208053,2019
410,MW208054.1|2019-09-05,2III_C.1.1,2III_C,2III,MW208054,9844,96.73742138,2019,"Brazil: Sao Paulo, Ribeirao Preto",Brazil,MW208054,2019
411,MW208055.1|2019-05-21,2III_C.1.1,2III_C,2III,MW208055,10176,100,2019,"Brazil: Sao Paulo, Ribeirao Preto",Brazil,MW208055,2019
412,MW208057.1|2019-06-12,2III_C.1.1,2III_C,2III,MW208057,9986,98.13286164,2019,"Brazil: Sao Paulo, Ribeirao Preto",Brazil,MW208057,2019
413,MW208058.1|2019-06-19,2III_C.1.1,2III_C,2III,MW208058,10167,99.9115566,2019,"Brazil: Sao Paulo, Ribeirao Preto",Brazil,MW208058,2019
414,MW208059.1|2019-07-11,2III_C.1.1,2III_C,2III,MW208059,10176,100,2019,"Brazil: Sao Paulo, Ribeirao Preto",Brazil,MW208059,2019
415,MW208060.1|2019-07-18,2III_C.1.1,2III_C,2III,MW208060,10168,99.92138365,2019,"Brazil: Sao Paulo, Ribeirao Preto",Brazil,MW208060,2019
416,MW208061.1|2010-03-26,2III_C,2III_C,2III,MW208061,9772,96.02987421,2010,"Brazil: Sao Paulo, Ribeirao Preto",Brazil,MW208061,2010
417,MW208062.1|2019-04-05,2III_C.1.1,2III_C,2III,MW208062,9974,98.01493711,2019,"Brazil: Sao Paulo, Ribeirao Preto",Brazil,MW208062,2019
418,MW208063.1|2019-04-11,2III_C.1.1,2III_C,2III,MW208063,10164,99.88207547,2019,"Brazil: Sao Paulo, Monte Aprazivel",Brazil,MW208063,2019
419,MW208064.1|2010-03-27,2III_C,2III_C,2III,MW208064,9971,97.98545597,2010,"Brazil: Sao Paulo, Ribeirao Preto",Brazil,MW208064,2010
420,MW208065.1|2010-04-22,2III_C,2III_C,2III,MW208065,10169,99.93121069,2010,"Brazil: Sao Paulo, Ribeirao Preto",Brazil,MW208065,2010
421,MW208066.1|2010-04-23,2III_C,2III_C,2III,MW208066,9986,98.13286164,2010,"Brazil: Sao Paulo, Ribeirao Preto",Brazil,MW208066,2010
422,MN448697.1|2010-08-26,2V_A,2V_A,2V,MN448697,10464,102.8301887,2010,Thailand,Thailand,MN448697,2010
423,MN448698.1|2012-08-28,2V_A.1.3,2V_A,2V,MN448698,10464,102.8301887,2012,Thailand,Thailand,MN448698,2012
424,MN448699.1|2012-11-13,2V_A.1.3,2V_A,2V,MN448699,10464,102.8301887,2012,Thailand,Thailand,MN448699,2012
425,MN448700.1|2012-11-20,2V_A.1.3,2V_A,2V,MN448700,10464,102.8301887,2012,Thailand,Thailand,MN448700,2012
426,MN448701.1|2012-10-01,2V_A.1.3,2V_A,2V,MN448701,10464,102.8301887,2012,Thailand,Thailand,MN448701,2012
427,MN448702.1|2012-09-24,2V_A.1.3,2V_A,2V,MN448702,10464,102.8301887,2012,Thailand,Thailand,MN448702,2012
428,MN448703.1|2012-09-26,2V_A.1.3,2V_A,2V,MN448703,10464,102.8301887,2012,Thailand,Thailand,MN448703,2012
429,MN448704.1|2012-10-01,2V_A.1.3,2V_A,2V,MN448704,10464,102.8301887,2012,Thailand,Thailand,MN448704,2012
430,MN448705.1|2012-10-10,2V_A.1.3,2V_A,2V,MN448705,10464,102.8301887,2012,Thailand,Thailand,MN448705,2012
431,MN448706.1|2012-11-01,2V_A.1.3,2V_A,2V,MN448706,10464,102.8301887,2012,Thailand,Thailand,MN448706,2012
432,MN448707.1|2012-11-29,2V_A.1.3,2V_A,2V,MN448707,10464,102.8301887,2012,Thailand,Thailand,MN448707,2012
433,MN448708.1|2012-07-16,2V_A.1.3,2V_A,2V,MN448708,10464,102.8301887,2012,Thailand,Thailand,MN448708,2012
434,MN448709.1|2012-07-04,2V_A.1.3,2V_A,2V,MN448709,10464,102.8301887,2012,Thailand,Thailand,MN448709,2012
435,MN448710.1|2012-07-09,2V_A.1.3,2V_A,2V,MN448710,10464,102.8301887,2012,Thailand,Thailand,MN448710,2012
436,MN448711.1|2012-07-02,2V_A.1.3,2V_A,2V,MN448711,10464,102.8301887,2012,Thailand,Thailand,MN448711,2012
437,MN448712.1|2012-07-23,2V_A.1.3,2V_A,2V,MN448712,10464,102.8301887,2012,Thailand,Thailand,MN448712,2012
438,MN448713.1|2012-09-27,2V_A.1.3,2V_A,2V,MN448713,10464,102.8301887,2012,Thailand,Thailand,MN448713,2012
439,MN448714.1|2012-07-10,2V_A.1.3,2V_A,2V,MN448714,10464,102.8301887,2012,Thailand,Thailand,MN448714,2012
440,MN448715.1|2012-07-24,2V_A.1.3,2V_A,2V,MN448715,10464,102.8301887,2012,Thailand,Thailand,MN448715,2012
441,MN448716.1|2012-07-17,2V_A.1.3,2V_A,2V,MN448716,10464,102.8301887,2012,Thailand,Thailand,MN448716,2012
442,MN448717.1|2012-07-19,2V_A.1.3,2V_A,2V,MN448717,10464,102.8301887,2012,Thailand,Thailand,MN448717,2012
443,MN448718.1|2012-10-02,2V_A.1.3,2V_A,2V,MN448718,10464,102.8301887,2012,Thailand,Thailand,MN448718,2012
444,MN448719.1|2012-11-12,2V_A.1.3,2V_A,2V,MN448719,10464,102.8301887,2012,Thailand,Thailand,MN448719,2012
445,MN448720.1|2012-06-28,2V_A.1.3,2V_A,2V,MN448720,10464,102.8301887,2012,Thailand,Thailand,MN448720,2012
446,MN448721.1|2012-05-02,2V_A.1.3,2V_A,2V,MN448721,10464,102.8301887,2012,Thailand,Thailand,MN448721,2012
447,MN448722.1|2012-04-18,2V_A.1.3,2V_A,2V,MN448722,10464,102.8301887,2012,Thailand,Thailand,MN448722,2012
448,MN448723.1|2012-07-10,2V_A.1.3,2V_A,2V,MN448723,10464,102.8301887,2012,Thailand,Thailand,MN448723,2012
449,MN448724.1|2012-04-20,2V_A.1.3,2V_A,2V,MN448724,10464,102.8301887,2012,Thailand,Thailand,MN448724,2012
450,MN448725.1|2011-09-26,2V_A.1.3,2V_A,2V,MN448725,10464,102.8301887,2011,Thailand,Thailand,MN448725,2011
451,MN448726.1|2012-07-09,2V_A.1.3,2V_A,2V,MN448726,10464,102.8301887,2012,Thailand,Thailand,MN448726,2012
452,MN448727.1|2012-10-11,2V_A.1.3,2V_A,2V,MN448727,10464,102.8301887,2012,Thailand,Thailand,MN448727,2012
453,MN448728.1|2012-10-02,2V_A.1.3,2V_A,2V,MN448728,10464,102.8301887,2012,Thailand,Thailand,MN448728,2012
454,MN448729.1|2012-05-15,2V_A.1.3,2V_A,2V,MN448729,10464,102.8301887,2012,Thailand,Thailand,MN448729,2012
455,MN448730.1|2012-04-23,2V_A.1.3,2V_A,2V,MN448730,10464,102.8301887,2012,Thailand,Thailand,MN448730,2012
456,MN448731.1|2012-07-02,2V_A.1.3,2V_A,2V,MN448731,10464,102.8301887,2012,Thailand,Thailand,MN448731,2012
457,MN448732.1|2012-08-29,2V_A.1.3,2V_A,2V,MN448732,10464,102.8301887,2012,Thailand,Thailand,MN448732,2012
458,MN448733.1|2012-06-29,2V_A.1.3,2V_A,2V,MN448733,10464,102.8301887,2012,Thailand,Thailand,MN448733,2012
459,MN448734.1|2012-04-20,2V_A.1.3,2V_A,2V,MN448734,10464,102.8301887,2012,Thailand,Thailand,MN448734,2012
460,MN448735.1|2012-10-01,2V_A.1.3,2V_A,2V,MN448735,10464,102.8301887,2012,Thailand,Thailand,MN448735,2012
461,MN448736.1|2012-10-11,2V_A.1.3,2V_A,2V,MN448736,10464,102.8301887,2012,Thailand,Thailand,MN448736,2012
462,MN448737.1|2012-03-19,2V_A.1.3,2V_A,2V,MN448737,10464,102.8301887,2012,Thailand,Thailand,MN448737,2012
463,MN448738.1|2012-05-01,2V_A.1.3,2V_A,2V,MN448738,10464,102.8301887,2012,Thailand,Thailand,MN448738,2012
464,MN448739.1|2012-04-30,2V_A.1.3,2V_A,2V,MN448739,10464,102.8301887,2012,Thailand,Thailand,MN448739,2012
465,MN448740.1|2012-06-21,2V_A.1.3,2V_A,2V,MN448740,10464,102.8301887,2012,Thailand,Thailand,MN448740,2012
466,MN448741.1|2012-09-04,2V_A,2V_A,2V,MN448741,10464,102.8301887,2012,Thailand,Thailand,MN448741,2012
467,MN448742.1|2012-10-02,2V_A.1.3,2V_A,2V,MN448742,10464,102.8301887,2012,Thailand,Thailand,MN448742,2012
468,MN448743.1|2012-07-06,2V_A.1.3,2V_A,2V,MN448743,10464,102.8301887,2012,Thailand,Thailand,MN448743,2012
469,MN448744.1|2012-06-29,2V_A.1.3,2V_A,2V,MN448744,10464,102.8301887,2012,Thailand,Thailand,MN448744,2012
470,MN448745.1|2012-06-29,2V_A.1.3,2V_A,2V,MN448745,10464,102.8301887,2012,Thailand,Thailand,MN448745,2012
471,MN448746.1|2012-09-11,2V_A,2V_A,2V,MN448746,10464,102.8301887,2012,Thailand,Thailand,MN448746,2012
472,MN448747.1|2012-08-14,2V_A,2V_A,2V,MN448747,10464,102.8301887,2012,Thailand,Thailand,MN448747,2012
473,MN448748.1|2012-09-11,2V_A,2V_A,2V,MN448748,10464,102.8301887,2012,Thailand,Thailand,MN448748,2012
474,MN448749.1|2012-04-20,2V_A.1.3,2V_A,2V,MN448749,10464,102.8301887,2012,Thailand,Thailand,MN448749,2012
475,MN448750.1|2012-08-15,2V_A,2V_A,2V,MN448750,10464,102.8301887,2012,Thailand,Thailand,MN448750,2012
476,MN448751.1|2012-07-17,2V_A,2V_A,2V,MN448751,10464,102.8301887,2012,Thailand,Thailand,MN448751,2012
477,MN448752.1|2012-06-13,2V_A,2V_A,2V,MN448752,10464,102.8301887,2012,Thailand,Thailand,MN448752,2012
478,MN448753.1|2012-09-28,2V_A,2V_A,2V,MN448753,10464,102.8301887,2012,Thailand,Thailand,MN448753,2012
479,MN448754.1|2012-07-18,2V_A,2V_A,2V,MN448754,10464,102.8301887,2012,Thailand,Thailand,MN448754,2012
480,MN448755.1|2012-06-11,2V_A,2V_A,2V,MN448755,10464,102.8301887,2012,Thailand,Thailand,MN448755,2012
481,MN448756.1|2012-07-17,2V_A,2V_A,2V,MN448756,10464,102.8301887,2012,Thailand,Thailand,MN448756,2012
482,MN448757.1|2012-08-23,2V_A,2V_A,2V,MN448757,10464,102.8301887,2012,Thailand,Thailand,MN448757,2012
483,MN448758.1|2012-07-16,2V_A,2V_A,2V,MN448758,10464,102.8301887,2012,Thailand,Thailand,MN448758,2012
484,MN448759.1|2012-07-09,2V_A,2V_A,2V,MN448759,10464,102.8301887,2012,Thailand,Thailand,MN448759,2012
485,MN448760.1|2012-10-04,2V_A,2V_A,2V,MN448760,10464,102.8301887,2012,Thailand,Thailand,MN448760,2012
486,MN448761.1|2012-10-09,2V_A.1,2V_A,2V,MN448761,10464,102.8301887,2012,Thailand,Thailand,MN448761,2012
487,MN448762.1|2012-11-28,2V_A.1,2V_A,2V,MN448762,10464,102.8301887,2012,Thailand,Thailand,MN448762,2012
488,MN448763.1|2012-10-16,2V_A.1,2V_A,2V,MN448763,10464,102.8301887,2012,Thailand,Thailand,MN448763,2012
489,MN448764.1|2012-08-29,2V_A.1,2V_A,2V,MN448764,10464,102.8301887,2012,Thailand,Thailand,MN448764,2012
490,MN448765.1|2012-07-25,2V_A.1,2V_A,2V,MN448765,10464,102.8301887,2012,Thailand,Thailand,MN448765,2012
491,MN448766.1|2012-07-24,2V_A.1,2V_A,2V,MN448766,10464,102.8301887,2012,Thailand,Thailand,MN448766,2012
492,MN448767.1|2011-05-02,2V_A.1,2V_A,2V,MN448767,10464,102.8301887,2011,Thailand,Thailand,MN448767,2011
493,MN448768.1|2012-07-25,2V_A,2V_A,2V,MN448768,10464,102.8301887,2012,Thailand,Thailand,MN448768,2012
494,MN448769.1|2012-08-14,2V_A,2V_A,2V,MN448769,10464,102.8301887,2012,Thailand,Thailand,MN448769,2012
495,MN448770.1|2011-05-11,2V_A.1,2V_A,2V,MN448770,10464,102.8301887,2011,Thailand,Thailand,MN448770,2011
496,MN448771.1|2012-09-17,2V_A.1,2V_A,2V,MN448771,10464,102.8301887,2012,Thailand,Thailand,MN448771,2012
497,MN448772.1|2012-08-30,2V_A.1,2V_A,2V,MN448772,10464,102.8301887,2012,Thailand,Thailand,MN448772,2012
498,MN448773.1|2012-10-11,2V_A.1,2V_A,2V,MN448773,10464,102.8301887,2012,Thailand,Thailand,MN448773,2012
499,MN448774.1|2012-10-11,2V_A.1,2V_A,2V,MN448774,10464,102.8301887,2012,Thailand,Thailand,MN448774,2012
500,MN448775.1|2012-08-06,2V_A,2V_A,2V,MN448775,10464,102.8301887,2012,Thailand,Thailand,MN448775,2012
501,MN448776.1|2012-09-10,2V_A,2V_A,2V,MN448776,10464,102.8301887,2012,Thailand,Thailand,MN448776,2012
502,MN448777.1|2012-07-18,2V_A,2V_A,2V,MN448777,10464,102.8301887,2012,Thailand,Thailand,MN448777,2012
503,MN448778.1|2011-08-22,2V_A.1,2V_A,2V,MN448778,10464,102.8301887,2011,Thailand,Thailand,MN448778,2011
504,MN448779.1|2010-07-12,2V_A.1,2V_A,2V,MN448779,10464,102.8301887,2010,Thailand,Thailand,MN448779,2010
505,MN448780.1|2011-08-10,2V_A.1,2V_A,2V,MN448780,10464,102.8301887,2011,Thailand,Thailand,MN448780,2011
506,MN448781.1|2011-08-30,2V_A.1,2V_A,2V,MN448781,10464,102.8301887,2011,Thailand,Thailand,MN448781,2011
507,MN448782.1|2010-06-11,2V_A.1,2V_A,2V,MN448782,10464,102.8301887,2010,Thailand,Thailand,MN448782,2010
508,MN448783.1|2011-05-02,2V_A.1,2V_A,2V,MN448783,10464,102.8301887,2011,Thailand,Thailand,MN448783,2011
509,MN448784.1|2011-01-06,2V_A.1,2V_A,2V,MN448784,10464,102.8301887,2011,Thailand,Thailand,MN448784,2011
510,MN448785.1|2012-05-21,2V_A.1,2V_A,2V,MN448785,10464,102.8301887,2012,Thailand,Thailand,MN448785,2012
511,MN448786.1|2011-05-12,2V_A.1,2V_A,2V,MN448786,10464,102.8301887,2011,Thailand,Thailand,MN448786,2011
512,MN448787.1|2011-07-21,2V_A.1,2V_A,2V,MN448787,10464,102.8301887,2011,Thailand,Thailand,MN448787,2011
513,MN448788.1|2010-09-20,2V_A.1,2V_A,2V,MN448788,10464,102.8301887,2010,Thailand,Thailand,MN448788,2010
514,MN448789.1|2011-03-29,2V_A.1,2V_A,2V,MN448789,10464,102.8301887,2011,Thailand,Thailand,MN448789,2011
515,MN448790.1|2011-05-30,2V_A.1,2V_A,2V,MN448790,10464,102.8301887,2011,Thailand,Thailand,MN448790,2011
516,MN448791.1|2011-05-24,2V_A.1,2V_A,2V,MN448791,10464,102.8301887,2011,Thailand,Thailand,MN448791,2011
517,MN448792.1|2012-07-04,2V_A,2V_A,2V,MN448792,10464,102.8301887,2012,Thailand,Thailand,MN448792,2012
518,MN448793.1|2011-09-06,2V_A.1,2V_A,2V,MN448793,10464,102.8301887,2011,Thailand,Thailand,MN448793,2011
519,MN448794.1|2011-09-05,2V_A.1,2V_A,2V,MN448794,10464,102.8301887,2011,Thailand,Thailand,MN448794,2011
520,MN448795.1|2011-08-02,2V_A.1,2V_A,2V,MN448795,10464,102.8301887,2011,Thailand,Thailand,MN448795,2011
521,MN448796.1|2010-12-13,2V_A.1,2V_A,2V,MN448796,10464,102.8301887,2010,Thailand,Thailand,MN448796,2010
522,MN448797.1|2012-08-30,2V_A.1,2V_A,2V,MN448797,10464,102.8301887,2012,Thailand,Thailand,MN448797,2012
523,MN448798.1|2011-09-13,2V_A.1,2V_A,2V,MN448798,10464,102.8301887,2011,Thailand,Thailand,MN448798,2011
524,MN448799.1|2011-05-24,2V_A.1,2V_A,2V,MN448799,10464,102.8301887,2011,Thailand,Thailand,MN448799,2011
525,MN448800.1|2011-04-01,2V_A.1,2V_A,2V,MN448800,10464,102.8301887,2011,Thailand,Thailand,MN448800,2011
526,MN448801.1|2011-04-01,2V_A.1,2V_A,2V,MN448801,10464,102.8301887,2011,Thailand,Thailand,MN448801,2011
527,MN448803.1|2011-05-12,2V_A.1,2V_A,2V,MN448803,10464,102.8301887,2011,Thailand,Thailand,MN448803,2011
528,MN448804.1|2010-07-07,2V_A.1,2V_A,2V,MN448804,10464,102.8301887,2010,Thailand,Thailand,MN448804,2010
529,MN448805.1|2010-09-06,2V_A.1,2V_A,2V,MN448805,10464,102.8301887,2010,Thailand,Thailand,MN448805,2010
530,MN448806.1|2010-08-16,2V_A.1,2V_A,2V,MN448806,10464,102.8301887,2010,Thailand,Thailand,MN448806,2010
531,MN448807.1|2011-08-22,2V_A.1,2V_A,2V,MN448807,10464,102.8301887,2011,Thailand,Thailand,MN448807,2011
532,MN448808.1|2011-05-03,2V_A.1,2V_A,2V,MN448808,10464,102.8301887,2011,Thailand,Thailand,MN448808,2011
533,MN448809.1|2011-07-07,2V_A.1,2V_A,2V,MN448809,10464,102.8301887,2011,Thailand,Thailand,MN448809,2011
534,MN448810.1|2010-08-09,2V_A.1,2V_A,2V,MN448810,10464,102.8301887,2010,Thailand,Thailand,MN448810,2010
535,MN448811.1|2010-08-05,2V_A.1,2V_A,2V,MN448811,10464,102.8301887,2010,Thailand,Thailand,MN448811,2010
536,MN448812.1|2011-05-11,2V_A.1,2V_A,2V,MN448812,10464,102.8301887,2011,Thailand,Thailand,MN448812,2011
537,MN448813.1|2011-05-03,2V_A.1,2V_A,2V,MN448813,10464,102.8301887,2011,Thailand,Thailand,MN448813,2011
538,MN448814.1|2011-09-12,2V_A.1,2V_A,2V,MN448814,10464,102.8301887,2011,Thailand,Thailand,MN448814,2011
539,MN448815.1|2011-05-09,2V_A.1,2V_A,2V,MN448815,10464,102.8301887,2011,Thailand,Thailand,MN448815,2011
540,MN448816.1|2012-09-03,2V_A,2V_A,2V,MN448816,10464,102.8301887,2012,Thailand,Thailand,MN448816,2012
541,MN448817.1|2012-08-23,2V_A,2V_A,2V,MN448817,10464,102.8301887,2012,Thailand,Thailand,MN448817,2012
542,MN448818.1|2011-05-12,2V_A.1,2V_A,2V,MN448818,10464,102.8301887,2011,Thailand,Thailand,MN448818,2011
543,MN448819.1|2011-05-03,2V_A.1,2V_A,2V,MN448819,10464,102.8301887,2011,Thailand,Thailand,MN448819,2011
544,MN448820.1|2011-05-02,2V_A.1,2V_A,2V,MN448820,10464,102.8301887,2011,Thailand,Thailand,MN448820,2011
545,MN448821.1|2012-06-07,2V_A,2V_A,2V,MN448821,10464,102.8301887,2012,Thailand,Thailand,MN448821,2012
546,MN448822.1|2011-06-03,2V_A.1,2V_A,2V,MN448822,10464,102.8301887,2011,Thailand,Thailand,MN448822,2011
547,MN448823.1|2011-06-01,2V_A.1,2V_A,2V,MN448823,10464,102.8301887,2011,Thailand,Thailand,MN448823,2011
548,MN448824.1|2011-01-25,2V_A,2V_A,2V,MN448824,10464,102.8301887,2011,Thailand,Thailand,MN448824,2011
549,MN448825.1|2012-08-07,2V_A,2V_A,2V,MN448825,10464,102.8301887,2012,Thailand,Thailand,MN448825,2012
550,MN448826.1|2011-05-03,2V_A.1,2V_A,2V,MN448826,10464,102.8301887,2011,Thailand,Thailand,MN448826,2011
551,MN448827.1|2011-05-06,2V_A.1,2V_A,2V,MN448827,10464,102.8301887,2011,Thailand,Thailand,MN448827,2011
552,MN448828.1|2011-05-11,2V_A.1,2V_A,2V,MN448828,10464,102.8301887,2011,Thailand,Thailand,MN448828,2011
553,MN448829.1|2012-10-29,2V_A.1,2V_A,2V,MN448829,10464,102.8301887,2012,Thailand,Thailand,MN448829,2012
554,MN448830.1|2012-10-01,2V_A.1,2V_A,2V,MN448830,10464,102.8301887,2012,Thailand,Thailand,MN448830,2012
555,MN448831.1|2011-05-25,2V_A.1,2V_A,2V,MN448831,10464,102.8301887,2011,Thailand,Thailand,MN448831,2011
556,MN448832.1|2010-06-28,2V_A.1,2V_A,2V,MN448832,10464,102.8301887,2010,Thailand,Thailand,MN448832,2010
557,MN448833.1|2011-09-13,2V_A.1,2V_A,2V,MN448833,10464,102.8301887,2011,Thailand,Thailand,MN448833,2011
558,MN448834.1|2012-11-26,2V_A,2V_A,2V,MN448834,10464,102.8301887,2012,Thailand,Thailand,MN448834,2012
559,MN448835.1|2012-08-08,2V_A,2V_A,2V,MN448835,10464,102.8301887,2012,Thailand,Thailand,MN448835,2012
560,MN448836.1|2012-09-04,2V_A.1,2V_A,2V,MN448836,10464,102.8301887,2012,Thailand,Thailand,MN448836,2012
561,MN448837.1|2012-06-11,2V_A,2V_A,2V,MN448837,10464,102.8301887,2012,Thailand,Thailand,MN448837,2012
562,MN448838.1|2010-09-07,2V_A,2V_A,2V,MN448838,10464,102.8301887,2010,Thailand,Thailand,MN448838,2010
563,MN448839.1|2012-09-11,2V_A,2V_A,2V,MN448839,10464,102.8301887,2012,Thailand,Thailand,MN448839,2012
564,MN448840.1|2011-03-31,2V_A.1,2V_A,2V,MN448840,10464,102.8301887,2011,Thailand,Thailand,MN448840,2011
565,MN448841.1|2010-12-15,2V_A.1,2V_A,2V,MN448841,10464,102.8301887,2010,Thailand,Thailand,MN448841,2010
566,MN448843.1|2012-04-02,2V_A,2V_A,2V,MN448843,10464,102.8301887,2012,Thailand,Thailand,MN448843,2012
567,MN448844.1|2012-06-11,2V_A,2V_A,2V,MN448844,10464,102.8301887,2012,Thailand,Thailand,MN448844,2012
568,MN448845.1|2011-07-25,2V_A,2V_A,2V,MN448845,10464,102.8301887,2011,Thailand,Thailand,MN448845,2011
569,MN448846.1|2012-08-23,2V_A,2V_A,2V,MN448846,10464,102.8301887,2012,Thailand,Thailand,MN448846,2012
570,MN448847.1|2012-07-16,2V_A,2V_A,2V,MN448847,10464,102.8301887,2012,Thailand,Thailand,MN448847,2012
571,MN448848.1|2012-08-21,2V_A.1,2V_A,2V,MN448848,10464,102.8301887,2012,Thailand,Thailand,MN448848,2012
572,MN448849.1|2012-08-08,2V_A.1,2V_A,2V,MN448849,10464,102.8301887,2012,Thailand,Thailand,MN448849,2012
573,MN448850.1|2011-09-23,2V_A.4,2V_A,2V,MN448850,10464,102.8301887,2011,Thailand,Thailand,MN448850,2011
574,MN448851.1|2011-09-23,2V_A.4,2V_A,2V,MN448851,10464,102.8301887,2011,Thailand,Thailand,MN448851,2011
575,MN448852.1|2012-08-21,2V_A.1,2V_A,2V,MN448852,10464,102.8301887,2012,Thailand,Thailand,MN448852,2012
576,MN448853.1|2012-08-21,2V_A.1,2V_A,2V,MN448853,10464,102.8301887,2012,Thailand,Thailand,MN448853,2012
577,MN448854.1|2012-10-11,2V_A,2V_A,2V,MN448854,10464,102.8301887,2012,Thailand,Thailand,MN448854,2012
578,MN448855.1|2011-08-01,2V_A.1,2V_A,2V,MN448855,10464,102.8301887,2011,Thailand,Thailand,MN448855,2011
579,MN448856.1|2011-07-14,2V_A.3,2V_A,2V,MN448856,10464,102.8301887,2011,Thailand,Thailand,MN448856,2011
580,MN448857.1|2011-08-29,2V_A.4,2V_A,2V,MN448857,10464,102.8301887,2011,Thailand,Thailand,MN448857,2011
581,MN448858.1|2011-05-23,2V_A.1,2V_A,2V,MN448858,10464,102.8301887,2011,Thailand,Thailand,MN448858,2011
582,MN448859.1|2011-06-22,2V_A.1,2V_A,2V,MN448859,10464,102.8301887,2011,Thailand,Thailand,MN448859,2011
583,MN448860.1|2011-07-27,2V_A,2V_A,2V,MN448860,10464,102.8301887,2011,Thailand,Thailand,MN448860,2011
584,MN448861.1|2010-09-10,2V_A,2V_A,2V,MN448861,10464,102.8301887,2010,Thailand,Thailand,MN448861,2010
585,MN448862.1|2012-09-26,2V_A.1,2V_A,2V,MN448862,10464,102.8301887,2012,Thailand,Thailand,MN448862,2012
586,MN448863.1|2012-11-20,2V_A.1,2V_A,2V,MN448863,10464,102.8301887,2012,Thailand,Thailand,MN448863,2012
587,MN448864.1|2012-04-02,2V_A,2V_A,2V,MN448864,10464,102.8301887,2012,Thailand,Thailand,MN448864,2012
588,MN448865.1|2010-09-15,2V_A.4,2V_A,2V,MN448865,10464,102.8301887,2010,Thailand,Thailand,MN448865,2010
589,MN448866.1|2011-06-13,2V_A.3,2V_A,2V,MN448866,10464,102.8301887,2011,Thailand,Thailand,MN448866,2011
590,MN448867.1|2010-08-25,2V_A,2V_A,2V,MN448867,10464,102.8301887,2010,Thailand,Thailand,MN448867,2010
591,MN448868.1|2010-08-31,2V_A.3,2V_A,2V,MN448868,10464,102.8301887,2010,Thailand,Thailand,MN448868,2010
592,MN448869.1|2010-09-14,2V_A,2V_A,2V,MN448869,10464,102.8301887,2010,Thailand,Thailand,MN448869,2010
593,MN448870.1|2010-09-15,2V_A.3,2V_A,2V,MN448870,10464,102.8301887,2010,Thailand,Thailand,MN448870,2010
594,MN448871.1|2010-07-21,2V_A,2V_A,2V,MN448871,10464,102.8301887,2010,Thailand,Thailand,MN448871,2010
595,MN448872.1|2010-08-16,2V_A,2V_A,2V,MN448872,10464,102.8301887,2010,Thailand,Thailand,MN448872,2010
596,MN448873.1|2010-08-24,2V_A,2V_A,2V,MN448873,10464,102.8301887,2010,Thailand,Thailand,MN448873,2010
597,MN448874.1|2011-09-20,2V_A.4,2V_A,2V,MN448874,10464,102.8301887,2011,Thailand,Thailand,MN448874,2011
598,MN448875.1|2012-01-16,2V_A,2V_A,2V,MN448875,10464,102.8301887,2012,Thailand,Thailand,MN448875,2012
599,MN448876.1|2012-05-24,2V_A,2V_A,2V,MN448876,10464,102.8301887,2012,Thailand,Thailand,MN448876,2012
600,MN448877.1|2009-11-11,2V_A,2V_A,2V,MN448877,10464,102.8301887,2009,Thailand,Thailand,MN448877,2009
601,MN448878.1|2011-09-21,2V_A.1,2V_A,2V,MN448878,10464,102.8301887,2011,Thailand,Thailand,MN448878,2011
602,MN448879.1|2010-08-18,2V_A.3,2V_A,2V,MN448879,10464,102.8301887,2010,Thailand,Thailand,MN448879,2010
603,MN448880.1|2010-07-19,2V_A.1,2V_A,2V,MN448880,10464,102.8301887,2010,Thailand,Thailand,MN448880,2010
604,MN448881.1|2011-06-23,2V_A,2V_A,2V,MN448881,10464,102.8301887,2011,Thailand,Thailand,MN448881,2011
605,MN448882.1|2010-08-20,2V_A,2V_A,2V,MN448882,10464,102.8301887,2010,Thailand,Thailand,MN448882,2010
606,MN448883.1|2011-09-23,2V_A.4,2V_A,2V,MN448883,10464,102.8301887,2011,Thailand,Thailand,MN448883,2011
607,MN448884.1|2011-04-27,2V_A,2V_A,2V,MN448884,10464,102.8301887,2011,Thailand,Thailand,MN448884,2011
608,MN448885.1|2011-08-16,2V_A.1,2V_A,2V,MN448885,10464,102.8301887,2011,Thailand,Thailand,MN448885,2011
609,MN448886.1|2011-07-05,2V_A.4,2V_A,2V,MN448886,10464,102.8301887,2011,Thailand,Thailand,MN448886,2011
610,MN448887.1|2011-07-11,2V_A.3,2V_A,2V,MN448887,10464,102.8301887,2011,Thailand,Thailand,MN448887,2011
611,MN448888.1|2011-11-15,2V_A,2V_A,2V,MN448888,10464,102.8301887,2011,Thailand,Thailand,MN448888,2011
612,MN448889.1|2011-04-28,2V_A,2V_A,2V,MN448889,10464,102.8301887,2011,Thailand,Thailand,MN448889,2011
613,MN448890.1|2011-07-29,2V_A,2V_A,2V,MN448890,10464,102.8301887,2011,Thailand,Thailand,MN448890,2011
614,MN448891.1|2010-10-04,2V_A,2V_A,2V,MN448891,10464,102.8301887,2010,Thailand,Thailand,MN448891,2010
615,MN448892.1|2010-09-13,2V_A,2V_A,2V,MN448892,10464,102.8301887,2010,Thailand,Thailand,MN448892,2010
616,MN448893.1|2011-07-26,2V_A.1,2V_A,2V,MN448893,10464,102.8301887,2011,Thailand,Thailand,MN448893,2011
617,MN448894.1|2011-07-08,2V_A.4,2V_A,2V,MN448894,10464,102.8301887,2011,Thailand,Thailand,MN448894,2011
618,MN448895.1|2010-07-01,2V_A.3,2V_A,2V,MN448895,10464,102.8301887,2010,Thailand,Thailand,MN448895,2010
619,MN448896.1|2010-06-23,2V_A,2V_A,2V,MN448896,10464,102.8301887,2010,Thailand,Thailand,MN448896,2010
620,MN448897.1|2010-04-07,2V_A.3,2V_A,2V,MN448897,10464,102.8301887,2010,Thailand,Thailand,MN448897,2010
621,MN448898.1|2010-09-15,2V_A.4,2V_A,2V,MN448898,10464,102.8301887,2010,Thailand,Thailand,MN448898,2010
622,MN448899.1|2010-04-09,2V_A.3,2V_A,2V,MN448899,10464,102.8301887,2010,Thailand,Thailand,MN448899,2010
623,MN448900.1|2011-09-19,2V_A,2V_A,2V,MN448900,10464,102.8301887,2011,Thailand,Thailand,MN448900,2011
624,MN448901.1|2011-09-19,2V_A,2V_A,2V,MN448901,10464,102.8301887,2011,Thailand,Thailand,MN448901,2011
625,MN448902.1|2011-07-25,2V_A.1,2V_A,2V,MN448902,10464,102.8301887,2011,Thailand,Thailand,MN448902,2011
626,MN448903.1|2011-09-07,2V_A,2V_A,2V,MN448903,10464,102.8301887,2011,Thailand,Thailand,MN448903,2011
627,MN448904.1|2010-09-15,2V_A.4,2V_A,2V,MN448904,10464,102.8301887,2010,Thailand,Thailand,MN448904,2010
628,MN448905.1|2009-11-30,2V_A,2V_A,2V,MN448905,10464,102.8301887,2009,Thailand,Thailand,MN448905,2009
629,MN448906.1|2011-05-12,2V_A,2V_A,2V,MN448906,10464,102.8301887,2011,Thailand,Thailand,MN448906,2011
630,MN448907.1|2009-11-03,2V_A,2V_A,2V,MN448907,10464,102.8301887,2009,Thailand,Thailand,MN448907,2009
631,MN448908.1|2010-08-17,2V_A,2V_A,2V,MN448908,10464,102.8301887,2010,Thailand,Thailand,MN448908,2010
632,MN448909.1|2011-08-18,2V_A.1,2V_A,2V,MN448909,10464,102.8301887,2011,Thailand,Thailand,MN448909,2011
633,MN448910.1|2011-05-23,2V_A,2V_A,2V,MN448910,10464,102.8301887,2011,Thailand,Thailand,MN448910,2011
634,MN448911.1|2011-05-12,2V_A,2V_A,2V,MN448911,10464,102.8301887,2011,Thailand,Thailand,MN448911,2011
635,MN448912.1|2011-05-25,2V_A,2V_A,2V,MN448912,10464,102.8301887,2011,Thailand,Thailand,MN448912,2011
636,MN448913.1|2010-09-15,2V_A,2V_A,2V,MN448913,10464,102.8301887,2010,Thailand,Thailand,MN448913,2010
637,MN448914.1|2011-01-31,2V_A.3,2V_A,2V,MN448914,10464,102.8301887,2011,Thailand,Thailand,MN448914,2011
638,MN448915.1|2010-09-16,2V_A,2V_A,2V,MN448915,10464,102.8301887,2010,Thailand,Thailand,MN448915,2010
639,MN448916.1|2011-05-03,2V_A.1,2V_A,2V,MN448916,10464,102.8301887,2011,Thailand,Thailand,MN448916,2011
640,MN448917.1|2011-09-19,2V_A.1,2V_A,2V,MN448917,10464,102.8301887,2011,Thailand,Thailand,MN448917,2011
641,MN448918.1|2011-09-21,2V_A.1,2V_A,2V,MN448918,10464,102.8301887,2011,Thailand,Thailand,MN448918,2011
642,MN448919.1|2011-04-28,2V_A,2V_A,2V,MN448919,10464,102.8301887,2011,Thailand,Thailand,MN448919,2011
643,MN448920.1|2011,2V_A.3,2V_A,2V,MN448920,10464,102.8301887,2011,Thailand,Thailand,MN448920,2011
644,MN448921.1|2010-10-05,2V_A.1,2V_A,2V,MN448921,10464,102.8301887,2010,Thailand,Thailand,MN448921,2010
645,MN448922.1|2011-11-08,2V_A,2V_A,2V,MN448922,10464,102.8301887,2011,Thailand,Thailand,MN448922,2011
646,MN448923.1|2010-09-15,2V_A.4,2V_A,2V,MN448923,10464,102.8301887,2010,Thailand,Thailand,MN448923,2010
647,MN448924.1|2010-10-07,2V_A,2V_A,2V,MN448924,10464,102.8301887,2010,Thailand,Thailand,MN448924,2010
648,MN448925.1|2010-10-05,2V_A,2V_A,2V,MN448925,10464,102.8301887,2010,Thailand,Thailand,MN448925,2010
649,MN448926.1|2011,2V_A.1,2V_A,2V,MN448926,10464,102.8301887,2011,Thailand,Thailand,MN448926,2011
650,MN448927.1|2011,2V_A.1,2V_A,2V,MN448927,10464,102.8301887,2011,Thailand,Thailand,MN448927,2011
651,MN448928.1|2011,2V_A.1,2V_A,2V,MN448928,10464,102.8301887,2011,Thailand,Thailand,MN448928,2011
652,MN448929.1|2011,2V_A.3,2V_A,2V,MN448929,10464,102.8301887,2011,Thailand,Thailand,MN448929,2011
653,MN462632.1|2015-10-04,2III_D.3,2III_D,2III,MN462632,10173,99.97051887,2015,Ecuador,Ecuador,MN462632,2015
654,MN462633.1|2015-04-28,2III_D.3,2III_D,2III,MN462633,10173,99.97051887,2015,Ecuador,Ecuador,MN462633,2015
655,MN462634.1|2015-07-05,2III_D.3,2III_D,2III,MN462634,10173,99.97051887,2015,Ecuador,Ecuador,MN462634,2015
656,MN462635.1|2015-05-19,2III_D.3,2III_D,2III,MN462635,10173,99.97051887,2015,Ecuador,Ecuador,MN462635,2015
657,MN462636.1|2015-05-27,2III_D.3,2III_D,2III,MN462636,10173,99.97051887,2015,Ecuador,Ecuador,MN462636,2015
658,MN462637.1|2015-06-23,2III_D.3,2III_D,2III,MN462637,10065,98.90919811,2015,Ecuador,Ecuador,MN462637,2015
659,MN560056.1|2019-04-25,2III_C.1.1,2III_C,2III,MN560056,10708,105.2279874,2019,"Brazil: Sao Paulo, Sao Paulo",Brazil,MN560056,2019
660,MN566109.1|2017-04-01,2II_C.1,2II_C,2II,MN566109,10702,105.1690252,2017,New Caledonia,New Caledonia,MN566109,2017
661,MN566110.1|2017-06-18,2II_C.1,2II_C,2II,MN566110,10704,105.1886792,2017,New Caledonia,New Caledonia,MN566110,2017
662,MN566111.1|2018-04-09,2II_C.1,2II_C,2II,MN566111,10722,105.365566,2018,New Caledonia,New Caledonia,MN566111,2018
663,MN566112.1|2018-04-23,2II_C.1,2II_C,2II,MN566112,10722,105.365566,2018,New Caledonia,New Caledonia,MN566112,2018
664,MT982731.1|2016-11-02,2II_B,2II_B,2II,MT982731,10647,104.6285377,2016,Burkina Faso,Burkina Faso,MT982731,2016
665,MN253134.1|2017-10-30,2II_A.1.1.1,2II_A,2II,MN253134,10242,100.6485849,2017,India,India,MN253134,2017
666,MT980927.1|2017-11-30,2II_B,2II_B,2II,MT980927,10668,104.8349057,2017,Mauritania,Mauritania,MT980927,2017
667,MT981011.1|2018-10-15,2II_B,2II_B,2II,MT981011,10669,104.8447327,2018,Senegal,Senegal,MT981011,2018
668,MT981085.1|2018-12-13,2II_B,2II_B,2II,MT981085,10668,104.8349057,2018,Mauritania,Mauritania,MT981085,2018
669,MT981148.1|2019-01-04,2II_B,2II_B,2II,MT981148,10668,104.8349057,2019,Senegal,Senegal,MT981148,2019
670,MT982126.1|2019-08-10,2II_B,2II_B,2II,MT982126,10666,104.8152516,2019,Burkina Faso,Burkina Faso,MT982126,2019
671,MT982148.1|2019-09-08,2II_B,2II_B,2II,MT982148,10665,104.8054245,2019,Burkina Faso,Burkina Faso,MT982148,2019
672,MT982169.1|2017-06-06,2II_B,2II_B,2II,MT982169,10668,104.8349057,2017,Cote d'Ivoire,Cote d'Ivoire,MT982169,2017
673,MN294937.1|2016-02-02,2II_A.1.1.1,2II_A,2II,MN294937,10723,105.3753931,2016,"Saudi Arabia: Al-Sharafyia, Jeddah",Saudi Arabia,MN294937,2016
674,MT921570.1|2013,2II_E.2,2II_E,2II,MT921570,10713,105.2771226,2013,Australia: Queensland,Australia,MT921570,2013
675,MT921571.1|2015,2II_E.2,2II_E,2II,MT921571,10723,105.3753931,2015,Australia: Queensland,Australia,MT921571,2015
676,MT921572.1|2000,2II,2II,2II,MT921572,10720,105.3459119,2000,Australia: Queensland,Australia,MT921572,2000
677,MT921573.1|2004,2II_E,2II_E,2II,MT921573,10618,104.3435535,2004,Australia: Queensland,Australia,MT921573,2004
678,MT899084.1|2019-10-10,2III_D.1.2,2III_D,2III,MT899084,10272,100.9433962,2019,Mexico: Jalisco,Mexico,MT899084,2019
679,MT899085.1|2019-09-13,2III_D.1.2,2III_D,2III,MT899085,10272,100.9433962,2019,Mexico: Campeche,Mexico,MT899085,2019
680,MT897896.1|2018-08-16,2III_D.1.2,2III_D,2III,MT897896,10190,100.1375786,2018,Mexico,Mexico,MT897896,2018
681,MN952966.1|2015-11,2II_F.2.1,2II_F,2II,MN952966,10173,99.97051887,2015,China,China,MN952966,2015
682,MN952967.1|2015-11,2II_F.2.1,2II_F,2II,MN952967,10173,99.97051887,2015,China,China,MN952967,2015
683,MN577551.1|2013-04,2II_A.2.2,2II_A,2II,MN577551,9996,98.23113208,2013,Kenya: Mombasa,Kenya,MN577551,2013
684,MN577552.1|2014-02,2II_A.2.2,2II_A,2II,MN577552,9996,98.23113208,2014,Kenya: Mombasa,Kenya,MN577552,2014
685,MN577553.1|2017-06,2II_A.2.2,2II_A,2II,MN577553,10266,100.884434,2017,Kenya: Mombasa,Kenya,MN577553,2017
686,MN577554.1|2017-06,2II_A.2.2,2II_A,2II,MN577554,10266,100.884434,2017,Kenya: Mombasa,Kenya,MN577554,2017
687,MN577555.1|2017-07,2II_A.2.2,2II_A,2II,MN577555,10247,100.6977201,2017,Kenya: Mombasa,Kenya,MN577555,2017
688,MN577556.1|2017-07,2II_A.2.2,2II_A,2II,MN577556,10290,101.120283,2017,Kenya: Mombasa,Kenya,MN577556,2017
689,MN577557.1|2017-07,2II_A.2.2,2II_A,2II,MN577557,10290,101.120283,2017,Kenya: Mombasa,Kenya,MN577557,2017
690,MN577558.1|2017-07,2II_A.2.2,2II_A,2II,MN577558,10469,102.8793239,2017,Kenya: Mombasa,Kenya,MN577558,2017
691,MN577559.1|2013-04,2II_A.2.2,2II_A,2II,MN577559,10702,105.1690252,2013,Kenya: Mombasa,Kenya,MN577559,2013
692,MN577560.1|2013-05,2II_A.2.2,2II_A,2II,MN577560,10715,105.2967767,2013,Kenya: Mombasa,Kenya,MN577560,2013
693,MN577561.1|2013-05,2II_A.2.2,2II_A,2II,MN577561,10715,105.2967767,2013,Kenya: Mombasa,Kenya,MN577561,2013
694,MN577562.1|2013-05,2II_B,2II_B,2II,MN577562,10716,105.3066038,2013,Kenya: Mombasa,Kenya,MN577562,2013
695,MN577563.1|2013-05,2II_A.2.2,2II_A,2II,MN577563,10280,101.0220126,2013,Kenya: Mombasa,Kenya,MN577563,2013
696,MN577564.1|2014-06,2II_B,2II_B,2II,MN577564,10276,100.9827044,2014,Kenya: Wajir,Kenya,MN577564,2014
697,MN577565.1|2014-01,2II_A.2.2,2II_A,2II,MN577565,9996,98.23113208,2014,Kenya: Lamu,Kenya,MN577565,2014
698,MT006136.1|2017-10-13,2II_F.1.1,2II_F,2II,MT006136,10128,99.52830189,2017,Sri Lanka,Sri Lanka,MT006136,2017
699,MT006137.1|2017-10-23,2II_F.1.1,2II_F,2II,MT006137,10128,99.52830189,2017,Sri Lanka,Sri Lanka,MT006137,2017
700,MT006138.1|2017-10-25,2II_F.1.1,2II_F,2II,MT006138,10128,99.52830189,2017,Sri Lanka,Sri Lanka,MT006138,2017
701,MT006139.1|2017-10-31,2II_F.1.1,2II_F,2II,MT006139,10173,99.97051887,2017,Sri Lanka,Sri Lanka,MT006139,2017
702,MT006140.1|2017-10-31,2II_F.1.1,2II_F,2II,MT006140,10173,99.97051887,2017,Sri Lanka,Sri Lanka,MT006140,2017
703,MT006141.1|2017-11-01,2II_F.1.1,2II_F,2II,MT006141,10128,99.52830189,2017,Sri Lanka,Sri Lanka,MT006141,2017
704,MT006142.1|2018-04-22,2II_F.1.1,2II_F,2II,MT006142,10173,99.97051887,2018,Sri Lanka,Sri Lanka,MT006142,2018
705,MT006143.1|2018-04-25,2II_F.1.1,2II_F,2II,MT006143,10117,99.4202044,2018,Sri Lanka,Sri Lanka,MT006143,2018
706,MT006144.1|2018-04-30,2II_F.1.1,2II_F,2II,MT006144,10128,99.52830189,2018,Sri Lanka,Sri Lanka,MT006144,2018
707,MT006145.1|2018-04-30,2II_F.1.1,2II_F,2II,MT006145,10173,99.97051887,2018,Sri Lanka,Sri Lanka,MT006145,2018
708,MT006146.1|2017-11-02,2II_F.1.1,2II_F,2II,MT006146,10128,99.52830189,2017,Sri Lanka,Sri Lanka,MT006146,2017
709,MT006148.1|2017-11-02,2II_F.1.1,2II_F,2II,MT006148,10128,99.52830189,2017,Sri Lanka,Sri Lanka,MT006148,2017
710,MT006149.1|2018-05-17,2II_F.1.1,2II_F,2II,MT006149,10173,99.97051887,2018,Sri Lanka,Sri Lanka,MT006149,2018
711,MT006150.1|2017-11-16,2II_F.1.1,2II_F,2II,MT006150,10128,99.52830189,2017,Sri Lanka,Sri Lanka,MT006150,2017
712,MT006153.1|2017-11-12,2II_F.1.1,2II_F,2II,MT006153,10128,99.52830189,2017,Sri Lanka,Sri Lanka,MT006153,2017
713,MT006155.1|2017-11-21,2II_F.1.1,2II_F,2II,MT006155,10128,99.52830189,2017,Sri Lanka,Sri Lanka,MT006155,2017
714,MT006157.1|2017-11-21,2II_F.1.1,2II_F,2II,MT006157,10128,99.52830189,2017,Sri Lanka,Sri Lanka,MT006157,2017
715,MT006159.1|2017-11-24,2II_F.1.1,2II_F,2II,MT006159,10173,99.97051887,2017,Sri Lanka,Sri Lanka,MT006159,2017
716,MT006160.1|2017-12-01,2II_F.1.1,2II_F,2II,MT006160,10128,99.52830189,2017,Sri Lanka,Sri Lanka,MT006160,2017
717,MT006161.1|2017-12-13,2II_F.1.1,2II_F,2II,MT006161,10128,99.52830189,2017,Sri Lanka,Sri Lanka,MT006161,2017
718,MT006162.1|2017-12-13,2II_F.1.1,2II_F,2II,MT006162,10128,99.52830189,2017,Sri Lanka,Sri Lanka,MT006162,2017
719,MT006163.1|2018-07-10,2II_F.1.1,2II_F,2II,MT006163,10128,99.52830189,2018,Sri Lanka,Sri Lanka,MT006163,2018
720,MT006164.1|2018-07-17,2II_F.1.1,2II_F,2II,MT006164,10128,99.52830189,2018,Sri Lanka,Sri Lanka,MT006164,2018
721,MT006165.1|2018-07-18,2II_F.1.1,2II_F,2II,MT006165,10128,99.52830189,2018,Sri Lanka,Sri Lanka,MT006165,2018
722,MT006167.1|2017-12-21,2II_F.1.1,2II_F,2II,MT006167,10125,99.49882075,2017,Sri Lanka,Sri Lanka,MT006167,2017
723,MT006168.1|2018-01-03,2II_F.1.1,2II_F,2II,MT006168,10128,99.52830189,2018,Sri Lanka,Sri Lanka,MT006168,2018
724,MT006170.1|2018-01-08,2II_F.1.1,2II_F,2II,MT006170,10128,99.52830189,2018,Sri Lanka,Sri Lanka,MT006170,2018
725,MT006171.1|2018-01-19,2II_F.1.1,2II_F,2II,MT006171,10128,99.52830189,2018,Sri Lanka,Sri Lanka,MT006171,2018
726,MT006172.1|2018-01-19,2II_F.1.1,2II_F,2II,MT006172,10125,99.49882075,2018,Sri Lanka,Sri Lanka,MT006172,2018
727,MT006173.1|2018-01-22,2II_F.1.1,2II_F,2II,MT006173,10173,99.97051887,2018,Sri Lanka,Sri Lanka,MT006173,2018
728,MT006174.1|2018-01-22,2II_F.1.1,2II_F,2II,MT006174,10173,99.97051887,2018,Sri Lanka,Sri Lanka,MT006174,2018
729,MT006175.1|2018-01-30,2II_F.1.1,2II_F,2II,MT006175,10173,99.97051887,2018,Sri Lanka,Sri Lanka,MT006175,2018
730,MT006176.1|2018-02-14,2II_F.1.1,2II_F,2II,MT006176,10128,99.52830189,2018,Sri Lanka,Sri Lanka,MT006176,2018
731,MT006177.1|2018-03-14,2II_F.1.1,2II_F,2II,MT006177,10128,99.52830189,2018,Sri Lanka,Sri Lanka,MT006177,2018
732,MT006178.1|2018-03-15,2II_F.1.1,2II_F,2II,MT006178,10125,99.49882075,2018,Sri Lanka,Sri Lanka,MT006178,2018
733,MT006179.1|2018-03-26,2II_F.1.1,2II_F,2II,MT006179,10128,99.52830189,2018,Sri Lanka,Sri Lanka,MT006179,2018
734,MT006180.1|2018-03-28,2II_F.1.1,2II_F,2II,MT006180,10173,99.97051887,2018,Sri Lanka,Sri Lanka,MT006180,2018
735,MT006181.1|2018-03-29,2II_F.1.1,2II_F,2II,MT006181,10128,99.52830189,2018,Sri Lanka,Sri Lanka,MT006181,2018
736,MT006184.1|2018-04-01,2II_F.1.1,2II_F,2II,MT006184,10125,99.49882075,2018,Sri Lanka,Sri Lanka,MT006184,2018
737,MT006185.1|2018-04-03,2II_F.1.1,2II_F,2II,MT006185,10173,99.97051887,2018,Sri Lanka,Sri Lanka,MT006185,2018
738,MT006186.1|2018-04-09,2II_F.1.1,2II_F,2II,MT006186,10128,99.52830189,2018,Sri Lanka,Sri Lanka,MT006186,2018
739,MT180479.1|2017-08,2II_F.1.1,2II_F,2II,MT180479,10723,105.3753931,2017,Sri Lanka: Kandy,Sri Lanka,MT180479,2017
740,MK858096.1|2014,2II_A.2.1,2II_A,2II,MK858096,10505,103.2330975,2014,India,India,MK858096,2014
741,MK858097.2|2013,2II_A.1.1.1,2II_A,2II,MK858097,10476,102.9481132,2013,India,India,MK858097,2013
742,MK858098.2|2016-08-31,2II_A.1.1.1,2II_A,2II,MK858098,10513,103.3117138,2016,India,India,MK858098,2016
743,MK858099.1|2016-08-26,2II_A.2.1,2II_A,2II,MK858099,10723,105.3753931,2016,India,India,MK858099,2016
744,MK858100.2|2016-08-10,2II_A.2.1,2II_A,2II,MK858100,10647,104.6285377,2016,India,India,MK858100,2016
745,MK858101.1|2016-08-10,2II_A.1.1.1,2II_A,2II,MK858101,10570,103.8718553,2016,India,India,MK858101,2016
746,MK858102.2|2016-10-13,2II_A.2.1,2II_A,2II,MK858102,10723,105.3753931,2016,India,India,MK858102,2016
747,MK858103.1|2016-10-13,2II_A.1.1.1,2II_A,2II,MK858103,10723,105.3753931,2016,India,India,MK858103,2016
748,MK858104.1|2016-10-05,2II_A.2.1,2II_A,2II,MK858104,10723,105.3753931,2016,India,India,MK858104,2016
749,MK858105.2|2016-10-05,2II_A.1.1.1,2II_A,2II,MK858105,10489,103.0758648,2016,India,India,MK858105,2016
750,MK858106.2|2016-10-20,2II_A.2.1,2II_A,2II,MK858106,10723,105.3753931,2016,India,India,MK858106,2016
751,MK858107.1|2016-10-19,2II_A.1.1.1,2II_A,2II,MK858107,10723,105.3753931,2016,India,India,MK858107,2016
752,MK858108.1|2016-10-05,2II_A.1.1.1,2II_A,2II,MK858108,10685,105.0019654,2016,India,India,MK858108,2016
753,MK858109.2|2016-09-11,2II_A.2.1,2II_A,2II,MK858109,10709,105.2378145,2016,India,India,MK858109,2016
754,MK858110.2|2016-09-08,2II_A.1.1.1,2II_A,2II,MK858110,10560,103.7735849,2016,India,India,MK858110,2016
755,MK858111.1|2016-09-08,2II_A.1.1.1,2II_A,2II,MK858111,10723,105.3753931,2016,India,India,MK858111,2016
756,MK858112.1|2017-10-05,2II_A.1.1.1,2II_A,2II,MK858112,10723,105.3753931,2017,India,India,MK858112,2017
757,MK858113.1|2017-09-19,2II_A.2.1,2II_A,2II,MK858113,10657,104.7268082,2017,India,India,MK858113,2017
758,MK858114.2|2017-09-10,2II_A.1.1.1,2II_A,2II,MK858114,10574,103.9111635,2017,India,India,MK858114,2017
759,MK858115.2|2017-09-08,2II_A.1.1.1,2II_A,2II,MK858115,10503,103.2134434,2017,India,India,MK858115,2017
760,MK858116.2|2017-09-06,2II_A.2.1,2II_A,2II,MK858116,10588,104.0487421,2017,India,India,MK858116,2017
761,LC436669.1|2017-10,2II_F.1.1.2,2II_F,2II,LC436669,10671,104.8643868,2017,Bangladesh,Bangladesh,LC436669,2017
762,LC436670.1|2017-10,2II_A.2.1,2II_A,2II,LC436670,10671,104.8643868,2017,Bangladesh,Bangladesh,LC436670,2017
763,LC436671.1|2017-10,2II_A.2.1,2II_A,2II,LC436671,10671,104.8643868,2017,Bangladesh,Bangladesh,LC436671,2017
764,LC436672.1|2017-10,2II_F.1.1.2,2II_F,2II,LC436672,10671,104.8643868,2017,Bangladesh,Bangladesh,LC436672,2017
765,LC436673.1|2017-11,2II_F.1.1.2,2II_F,2II,LC436673,10671,104.8643868,2017,Bangladesh,Bangladesh,LC436673,2017
766,LC436674.1|2017-11,2II_F.1.1.2,2II_F,2II,LC436674,10671,104.8643868,2017,Bangladesh,Bangladesh,LC436674,2017
767,LC436675.1|2017-12,2II_F.1.1.2,2II_F,2II,LC436675,10671,104.8643868,2017,Bangladesh,Bangladesh,LC436675,2017
768,MN959467.1|2019-01-17,2III_C,2III_C,2III,MN959467,9976,98.03459119,2019,Brazil,Brazil,MN959467,2019
769,MN959468.1|2019-01-18,2III_C.1.1,2III_C,2III,MN959468,9976,98.03459119,2019,Brazil,Brazil,MN959468,2019
770,MN959469.1|2019-01-13,2III_C.1.1,2III_C,2III,MN959469,9976,98.03459119,2019,Brazil,Brazil,MN959469,2019
771,MN959470.1|2019-04-08,2III_C.1.1,2III_C,2III,MN959470,9976,98.03459119,2019,Brazil,Brazil,MN959470,2019
772,MN959471.1|2019-04-28,2III_C.1.1,2III_C,2III,MN959471,9976,98.03459119,2019,Brazil,Brazil,MN959471,2019
773,MN959472.1|2019-04-29,2III_C.1.1,2III_C,2III,MN959472,9976,98.03459119,2019,Brazil,Brazil,MN959472,2019
774,MN959473.1|2019-04-15,2III_C.1.1,2III_C,2III,MN959473,9976,98.03459119,2019,Brazil,Brazil,MN959473,2019
775,MN959474.1|2019-02-05,2III_C.1.1,2III_C,2III,MN959474,9976,98.03459119,2019,Brazil,Brazil,MN959474,2019
776,MN959475.1|2019-02-06,2III_C.1.1,2III_C,2III,MN959475,9976,98.03459119,2019,Brazil,Brazil,MN959475,2019
777,MN959476.1|2019-02-06,2III_C.1.1,2III_C,2III,MN959476,9976,98.03459119,2019,Brazil,Brazil,MN959476,2019
778,MN959477.1|2019-02-15,2III_C.1.1,2III_C,2III,MN959477,9976,98.03459119,2019,Brazil,Brazil,MN959477,2019
779,MN959478.1|2019-02-08,2III_C.1.1,2III_C,2III,MN959478,9976,98.03459119,2019,Brazil,Brazil,MN959478,2019
780,MN959479.1|2019-02-08,2III_C.1.1,2III_C,2III,MN959479,9976,98.03459119,2019,Brazil,Brazil,MN959479,2019
781,MN959480.1|2019-02-16,2III_C.1.1,2III_C,2III,MN959480,9976,98.03459119,2019,Brazil,Brazil,MN959480,2019
782,MN959481.1|2019-02-21,2III_C.1.1,2III_C,2III,MN959481,9976,98.03459119,2019,Brazil,Brazil,MN959481,2019
783,MN959482.1|2019-02-07,2III_C.1.1,2III_C,2III,MN959482,9976,98.03459119,2019,Brazil,Brazil,MN959482,2019
784,MN959483.1|2019-02-06,2III_C.1.1,2III_C,2III,MN959483,9976,98.03459119,2019,Brazil,Brazil,MN959483,2019
785,MN959484.1|2017-06-07,2III_C,2III_C,2III,MN959484,9976,98.03459119,2017,Brazil,Brazil,MN959484,2017
786,MT261956.1|2017-10-16,2II_B,2II_B,2II,MT261956,10675,104.903695,2017,Burkina Faso: Ouagadougou,Burkina Faso,MT261956,2017
787,MT261957.1|2017-10-16,2II_B,2II_B,2II,MT261957,10692,105.0707547,2017,Burkina Faso: Ouagadougou,Burkina Faso,MT261957,2017
788,MT261958.1|2017-10-16,2II_B,2II_B,2II,MT261958,9391,92.28577044,2017,Burkina Faso: Ouagadougou,Burkina Faso,MT261958,2017
789,MT261959.1|2017-10-17,2II_B,2II_B,2II,MT261959,10651,104.6678459,2017,Burkina Faso: Ouagadougou,Burkina Faso,MT261959,2017
790,MT261960.1|2017-10-17,2II_B,2II_B,2II,MT261960,10666,104.8152516,2017,Burkina Faso: Ouagadougou,Burkina Faso,MT261960,2017
791,MT261961.1|2017-10-26,2II_B,2II_B,2II,MT261961,10697,105.1198899,2017,Burkina Faso: Ouagadougou,Burkina Faso,MT261961,2017
792,MT261962.1|2017-10-25,2II_B,2II_B,2II,MT261962,10676,104.913522,2017,Burkina Faso: Ouagadougou,Burkina Faso,MT261962,2017
793,MT261963.1|2017-10-25,2II_B,2II_B,2II,MT261963,10695,105.1002358,2017,Burkina Faso: Ouagadougou,Burkina Faso,MT261963,2017
794,MT261964.1|2017-10-24,2II_B,2II_B,2II,MT261964,10695,105.1002358,2017,Burkina Faso: Ouagadougou,Burkina Faso,MT261964,2017
795,MT261965.1|2017-10-23,2II_B,2II_B,2II,MT261965,10654,104.697327,2017,Burkina Faso: Ouagadougou,Burkina Faso,MT261965,2017
796,MT261966.1|2017-11-08,2II_B,2II_B,2II,MT261966,10697,105.1198899,2017,Burkina Faso: Ouagadougou,Burkina Faso,MT261966,2017
797,MT261967.1|2017-10-09,2II_B,2II_B,2II,MT261967,10701,105.1591981,2017,Burkina Faso: Ouagadougou,Burkina Faso,MT261967,2017
798,MT261968.1|2017-10-12,2II_B,2II_B,2II,MT261968,10665,104.8054245,2017,Burkina Faso: Ouagadougou,Burkina Faso,MT261968,2017
799,MT261969.1|2017-10-30,2II_B,2II_B,2II,MT261969,10694,105.0904088,2017,Burkina Faso: Ouagadougou,Burkina Faso,MT261969,2017
800,MT261970.1|2017-11-03,2II_B,2II_B,2II,MT261970,10677,104.9233491,2017,Burkina Faso: Ouagadougou,Burkina Faso,MT261970,2017
801,MT261971.1|2017-11-06,2II_B,2II_B,2II,MT261971,10681,104.9626572,2017,Burkina Faso: Ouagadougou,Burkina Faso,MT261971,2017
802,MH048671.1|2014-12,2II_F.1.2,2II_F,2II,MH048671,10845,106.5742925,2014,Malaysia,Malaysia,MH048671,2014
803,MH048672.1|2014-12,2II_F.1.2,2II_F,2II,MH048672,10785,105.9846698,2014,Malaysia,Malaysia,MH048672,2014
804,MH048673.1|2014-12,2II_D,2II_D,2II,MH048673,10761,105.7488208,2014,Malaysia,Malaysia,MH048673,2014
805,MH048675.1|2014-12,2II_D,2II_D,2II,MH048675,10664,104.7955975,2014,Malaysia,Malaysia,MH048675,2014
806,MN335244.1|2017-05-29,2II_A.2.2,2II_A,2II,MN335244,10173,99.97051887,2017,Kenya,Kenya,MN335244,2017
807,MN335245.1|2017-05-22,2II_A.2.2,2II_A,2II,MN335245,10173,99.97051887,2017,Kenya,Kenya,MN335245,2017
808,MN335246.1|2017-06-07,2II_A.2.2,2II_A,2II,MN335246,10165,99.89190252,2017,Kenya,Kenya,MN335246,2017
809,MN335247.1|2017-04-10,2II_A.2.2,2II_A,2II,MN335247,10173,99.97051887,2017,Kenya,Kenya,MN335247,2017
810,MK517773.1|2017-03-28,2III_C.1.1,2III_C,2III,MK517773,10646,104.6187107,2017,Brazil,Brazil,MK517773,2017
811,MN018337.1|2015-06-20,2II_F.1.1,2II_F,2II,MN018337,10724,105.3852201,2015,China: Guangdong Province,China,MN018337,2015
812,MN018338.1|2015-08-20,2II_F.1.1,2II_F,2II,MN018338,10724,105.3852201,2015,China: Guangdong Province,China,MN018338,2015
813,MN018339.1|2014-06-20,2II_A.1.1.1,2II_A,2II,MN018339,10724,105.3852201,2014,China: Guangdong Province,China,MN018339,2014
814,MN018340.1|2016-07-07,2II_F.1.1,2II_F,2II,MN018340,10724,105.3852201,2016,China: Guangdong Province,China,MN018340,2016
815,MN018341.1|2017-04-20,2II_F.1.1,2II_F,2II,MN018341,10724,105.3852201,2017,China: Guangdong Province,China,MN018341,2017
816,MN018342.1|2017-03-23,2II_F.1.1,2II_F,2II,MN018342,10724,105.3852201,2017,China: Guangdong Province,China,MN018342,2017
817,MN018343.1|2017-03-23,2II_F.1.1,2II_F,2II,MN018343,10724,105.3852201,2017,China: Guangdong Province,China,MN018343,2017
818,MN018344.1|2017-03-11,2II_F.1.1,2II_F,2II,MN018344,10724,105.3852201,2017,China: Guangdong Province,China,MN018344,2017
819,MN018345.1|2015-09-24,2V_A.2,2V_A,2V,MN018345,10724,105.3852201,2015,China: Guangdong Province,China,MN018345,2015
820,MN018346.1|2016-02-11,2II_F.1.1,2II_F,2II,MN018346,10724,105.3852201,2016,China: Guangdong Province,China,MN018346,2016
821,MN018347.1|2016-10-10,2II_F.1.1,2II_F,2II,MN018347,10724,105.3852201,2016,China: Guangdong Province,China,MN018347,2016
822,MN018348.1|2016-07-18,2II_F.1.1,2II_F,2II,MN018348,10724,105.3852201,2016,China: Guangdong Province,China,MN018348,2016
823,MN018349.1|2015-05-09,2II_D.3,2II_D,2II,MN018349,10724,105.3852201,2015,China: Guangdong Province,China,MN018349,2015
824,MN018350.1|2016-06-29,2II_C.1,2II_C,2II,MN018350,10724,105.3852201,2016,China: Guangdong Province,China,MN018350,2016
825,MN018351.1|2015-05-17,2II_E.2,2II_E,2II,MN018351,10724,105.3852201,2015,China: Guangdong Province,China,MN018351,2015
826,MN018352.1|2015-09-07,2II_D.3,2II_D,2II,MN018352,10724,105.3852201,2015,China: Guangdong Province,China,MN018352,2015
827,MN018353.1|2016-06-15,2II_F.2.1,2II_F,2II,MN018353,10724,105.3852201,2016,China: Guangdong Province,China,MN018353,2016
828,MN018354.1|2017-05-23,2II_F.1.1,2II_F,2II,MN018354,10724,105.3852201,2017,China: Guangdong Province,China,MN018354,2017
829,MN018355.1|2017-05-08,2II_F.1.1,2II_F,2II,MN018355,10724,105.3852201,2017,China: Guangdong Province,China,MN018355,2017
830,MN018356.1|2014-09-23,2II_F.1.2,2II_F,2II,MN018356,10724,105.3852201,2014,China: Guangdong Province,China,MN018356,2014
831,MN018357.1|2014-05-28,2II_F.2.1,2II_F,2II,MN018357,10724,105.3852201,2014,China: Guangdong Province,China,MN018357,2014
832,MN018358.1|2016-02-01,2II_A.1.1.1,2II_A,2II,MN018358,10724,105.3852201,2016,China: Guangdong Province,China,MN018358,2016
833,MN018359.1|2017-07-02,2II_F.1.1,2II_F,2II,MN018359,10724,105.3852201,2017,China: Guangdong Province,China,MN018359,2017
834,MN018360.1|2017-07-02,2II_F.1.1,2II_F,2II,MN018360,10724,105.3852201,2017,China: Guangdong Province,China,MN018360,2017
835,MN018361.1|2017-05-04,2II_F.1.1,2II_F,2II,MN018361,10724,105.3852201,2017,China: Guangdong Province,China,MN018361,2017
836,MN018362.1|2014-08-04,2V_A.1,2V_A,2V,MN018362,10724,105.3852201,2014,China: Guangdong Province,China,MN018362,2014
837,MN018363.1|2016-02-23,2II_E.2,2II_E,2II,MN018363,10724,105.3852201,2016,China: Guangdong Province,China,MN018363,2016
838,MN018364.1|2016-08-12,2II_C.1,2II_C,2II,MN018364,10724,105.3852201,2016,China: Guangdong Province,China,MN018364,2016
839,MN018365.1|2015-12-30,2II_F.1.1,2II_F,2II,MN018365,10724,105.3852201,2015,China: Guangdong Province,China,MN018365,2015
840,MN018366.1|2015-12-30,2V_A.1.1,2V_A,2V,MN018366,10724,105.3852201,2015,China: Guangdong Province,China,MN018366,2015
841,MN944002.1|2019-07-02,2II_C.1,2II_C,2II,MN944002,10587,104.0389151,2019,China: Guangzhou,China,MN944002,2019
842,MN923107.1|2019-06-15,2II_B,2II_B,2II,MN923107,10570,103.8718553,2019,China,China,MN923107,2019
843,MN923108.1|2019-06-20,2II_F.1.1,2II_F,2II,MN923108,10574,103.9111635,2019,China,China,MN923108,2019
844,MN923109.1|2019-07-08,2II_F.1.1,2II_F,2II,MN923109,10572,103.8915094,2019,China,China,MN923109,2019
845,MN923110.1|2019-08-04,2II_F.1.1,2II_F,2II,MN923110,10602,104.1863208,2019,China,China,MN923110,2019
846,MN923111.1|2019-08-24,2II_D,2II_D,2II,MN923111,10551,103.6851415,2019,China,China,MN923111,2019
847,MN923112.1|2019-08-26,2II_F.2.1,2II_F,2II,MN923112,10565,103.8227201,2019,China,China,MN923112,2019
848,MN923113.1|2019-10-14,2V_A.1.1,2V_A,2V,MN923113,10574,103.9111635,2019,China,China,MN923113,2019
849,MN923114.1|2019-11-18,2V_A.1.1,2V_A,2V,MN923114,10570,103.8718553,2019,China,China,MN923114,2019
850,MN923115.1|2019-05-31,2V_A.1.2,2V_A,2V,MN923115,10573,103.9013365,2019,China,China,MN923115,2019
851,MN923116.1|2019-06-30,2II_F.1.3,2II_F,2II,MN923116,10574,103.9111635,2019,China,China,MN923116,2019
852,MN923117.1|2019-08-16,2II_F.1.1,2II_F,2II,MN923117,10613,104.2944182,2019,China,China,MN923117,2019
853,MN923118.1|2019-08-14,2II_F.1.1,2II_F,2II,MN923118,10568,103.8522013,2019,China,China,MN923118,2019
854,MN923119.1|2019-08-21,2II_F.1.1,2II_F,2II,MN923119,10567,103.8423742,2019,China,China,MN923119,2019
855,MN923120.1|2019-10-02,2V_A.2,2V_A,2V,MN923120,10570,103.8718553,2019,China,China,MN923120,2019
856,MN923121.1|2019-10-10,2II_F.1.1,2II_F,2II,MN923121,10567,103.8423742,2019,China,China,MN923121,2019
857,MN923122.1|2019-09-01,2V_A.1.2,2V_A,2V,MN923122,10565,103.8227201,2019,China,China,MN923122,2019
858,MN720746.1|2014-08-25,2II_A.1.1.1,2II_A,2II,MN720746,10679,104.9430031,2014,France,France,MN720746,2014
859,MN589858.1|2007-08-27,2III_C,2III_C,2III,MN589858,10651,104.6678459,2007,Brazil,Brazil,MN589858,2007
860,MN589859.1|2007-11-22,2III_C,2III_C,2III,MN589859,10651,104.6678459,2007,Brazil,Brazil,MN589859,2007
861,MN589860.1|2007-12-20,2III_C,2III_C,2III,MN589860,10651,104.6678459,2007,Brazil,Brazil,MN589860,2007
862,MN589861.1|2008-03-17,2III_C,2III_C,2III,MN589861,10651,104.6678459,2008,Brazil,Brazil,MN589861,2008
863,MN589862.1|2008-03-13,2III_C,2III_C,2III,MN589862,10651,104.6678459,2008,Brazil,Brazil,MN589862,2008
864,MN589863.1|2008-04-30,2III_C,2III_C,2III,MN589863,10651,104.6678459,2008,Brazil,Brazil,MN589863,2008
865,MN589864.1|2008-03-17,2III_C,2III_C,2III,MN589864,10651,104.6678459,2008,Brazil,Brazil,MN589864,2008
866,MN589865.1|2008-04-07,2III_C,2III_C,2III,MN589865,10651,104.6678459,2008,Brazil,Brazil,MN589865,2008
867,MN589866.1|2009-12-23,2III_C,2III_C,2III,MN589866,10651,104.6678459,2009,Brazil,Brazil,MN589866,2009
868,MN589867.1|2010-04-29,2III_C,2III_C,2III,MN589867,10651,104.6678459,2010,Brazil,Brazil,MN589867,2010
869,MN589868.1|2010-03-09,2III_C,2III_C,2III,MN589868,10651,104.6678459,2010,Brazil,Brazil,MN589868,2010
870,MN589869.1|2010-03-09,2III_C,2III_C,2III,MN589869,10651,104.6678459,2010,Brazil,Brazil,MN589869,2010
871,MN589870.1|2010-07-01,2III_C,2III_C,2III,MN589870,10651,104.6678459,2010,Brazil,Brazil,MN589870,2010
872,MN589871.1|2010-03-09,2III_C,2III_C,2III,MN589871,10651,104.6678459,2010,Brazil,Brazil,MN589871,2010
873,MN589872.1|2011-02-16,2III_C,2III_C,2III,MN589872,10651,104.6678459,2011,Brazil,Brazil,MN589872,2011
874,MN589873.1|2011-05-18,2III_C,2III_C,2III,MN589873,10651,104.6678459,2011,Brazil,Brazil,MN589873,2011
875,MN589874.1|2011-04-12,2III_C,2III_C,2III,MN589874,10651,104.6678459,2011,Brazil,Brazil,MN589874,2011
876,MN589875.1|2011-04-12,2III_C,2III_C,2III,MN589875,10651,104.6678459,2011,Brazil,Brazil,MN589875,2011
877,MN589876.1|2011-04-20,2III_C,2III_C,2III,MN589876,10651,104.6678459,2011,Brazil,Brazil,MN589876,2011
878,MN589877.1|2011-05-04,2III_C,2III_C,2III,MN589877,10651,104.6678459,2011,Brazil,Brazil,MN589877,2011
879,MN589878.1|2011-05-04,2III_C,2III_C,2III,MN589878,10651,104.6678459,2011,Brazil,Brazil,MN589878,2011
880,MN589879.1|1999-04-09,2III_B,2III_B,2III,MN589879,10651,104.6678459,1999,Brazil,Brazil,MN589879,1999
881,MN589880.1|1999-04-09,2III_B,2III_B,2III,MN589880,10651,104.6678459,1999,Brazil,Brazil,MN589880,1999
882,MN589881.1|1999-01-12,2III_B,2III_B,2III,MN589881,10651,104.6678459,1999,Brazil,Brazil,MN589881,1999
883,MN589882.1|2000-05-03,2III_B,2III_B,2III,MN589882,10651,104.6678459,2000,Brazil,Brazil,MN589882,2000
884,MN589883.1|2001-04-02,2III_B,2III_B,2III,MN589883,10651,104.6678459,2001,Brazil,Brazil,MN589883,2001
885,MN589884.1|2001-05-30,2III_B,2III_B,2III,MN589884,10651,104.6678459,2001,Brazil,Brazil,MN589884,2001
886,JN819404.1|2008,2III_C,2III_C,2III,JN819404,10523,103.4099843,2008,Brazil: Sao Paulo,Brazil,JN819404,2008
887,MH891768.1|2016-10-26,2II_A.1.1.2,2II_A,2II,MH891768,10716,105.3066038,2016,"India: Sonapur, Assam",India,MH891768,2016
888,MH891770.1|2018-04-23,2II_A.2.1,2II_A,2II,MH891770,10446,102.6533019,2018,"India: Shimoga, Karnataka",India,MH891770,2018
889,MH891772.1|2017-10-12,2II_A.1.1.1,2II_A,2II,MH891772,10510,103.2822327,2017,"India: Sonapur, Assam",India,MH891772,2017
890,MF940236.1|2015,2II_A.1.1.1,2II_A,2II,MF940236,10716,105.3066038,2015,China,China,MF940236,2015
891,MF940237.1|2015,2II_A.1.1.1,2II_A,2II,MF940237,10716,105.3066038,2015,China,China,MF940237,2015
892,MF940238.1|2015,2II_A.1.1.1,2II_A,2II,MF940238,10716,105.3066038,2015,China,China,MF940238,2015
893,MF940239.1|2015,2II_A.1.1.1,2II_A,2II,MF940239,10716,105.3066038,2015,China,China,MF940239,2015
894,MF940240.1|2015,2II_A.1.1.1,2II_A,2II,MF940240,10716,105.3066038,2015,China,China,MF940240,2015
895,MF940241.1|2015,2II_A.1.1.1,2II_A,2II,MF940241,10716,105.3066038,2015,China,China,MF940241,2015
896,MF940242.1|2015,2II_A.1.1.1,2II_A,2II,MF940242,10716,105.3066038,2015,China,China,MF940242,2015
897,MF940243.1|2015,2II_A.1.1.1,2II_A,2II,MF940243,10716,105.3066038,2015,China,China,MF940243,2015
898,MF940244.1|2015,2II_A.1.1.1,2II_A,2II,MF940244,10716,105.3066038,2015,China,China,MF940244,2015
899,MF940245.1|2015,2II_A.1.1.1,2II_A,2II,MF940245,10716,105.3066038,2015,China,China,MF940245,2015
900,MF940246.1|2015,2II_A.1.1.1,2II_A,2II,MF940246,10716,105.3066038,2015,China,China,MF940246,2015
901,MF940247.1|2015,2II_A.1.1.1,2II_A,2II,MF940247,10716,105.3066038,2015,China,China,MF940247,2015
902,MF940248.1|2015,2II_A.1.1.1,2II_A,2II,MF940248,10716,105.3066038,2015,China,China,MF940248,2015
903,MF940249.1|2015,2II_A.1.1.1,2II_A,2II,MF940249,10716,105.3066038,2015,China,China,MF940249,2015
904,MF940250.1|2015,2II_A.1.1.1,2II_A,2II,MF940250,10716,105.3066038,2015,China,China,MF940250,2015
905,MF940251.1|2015,2II_A.1.1.1,2II_A,2II,MF940251,10716,105.3066038,2015,China,China,MF940251,2015
906,MF940252.1|2015,2II_A.1.1.1,2II_A,2II,MF940252,10716,105.3066038,2015,China,China,MF940252,2015
907,MF940253.1|2015,2II_A.1.1.1,2II_A,2II,MF940253,10716,105.3066038,2015,China,China,MF940253,2015
908,MN272404.1|2018-03,2II_A.1.1.1,2II_A,2II,MN272404,10724,105.3852201,2018,Reunion,Reunion,MN272404,2018
909,MN272405.1|2016-05-07,2II_A.1.1.1,2II_A,2II,MN272405,10724,105.3852201,2016,Seychelles,Seychelles,MN272405,2016
910,MN328061.1|2019-07-29,2II_F.1.1.2,2II_F,2II,MN328061,10699,105.139544,2019,Bangladesh,Bangladesh,MN328061,2019
911,MG592698.2|2016,2II_A.2.1,2II_A,2II,MG592698,10575,103.9209906,2016,India,India,MG592698,2016
912,MN239505.1|2019-02,2III_C.1.1,2III_C,2III,MN239505,10664,104.7955975,2019,Brazil,Brazil,MN239505,2019
913,MK411558.1|2016-02-20,2II_F.1.3,2II_F,2II,MK411558,10696,105.1100629,2016,Indonesia: Jambi,Indonesia,MK411558,2016
914,MK411559.1|2016-02-23,2II_F.1.3,2II_F,2II,MK411559,10676,104.913522,2016,Indonesia: Jambi,Indonesia,MK411559,2016
915,MH827525.1|2017,2II_F.2.1,2II_F,2II,MH827525,10724,105.3852201,2017,China,China,MH827525,2017
916,MH827526.1|2017,2II_E.2,2II_E,2II,MH827526,10724,105.3852201,2017,China,China,MH827526,2017
917,MH827527.1|2017,2II_D.3,2II_D,2II,MH827527,10724,105.3852201,2017,China,China,MH827527,2017
918,MH827528.1|2017,2II_F.1.1,2II_F,2II,MH827528,10724,105.3852201,2017,China,China,MH827528,2017
919,MH827529.1|2017,2II_A.1.1.1,2II_A,2II,MH827529,10724,105.3852201,2017,China,China,MH827529,2017
920,MH827530.1|2017,2II_F.1.2,2II_F,2II,MH827530,10724,105.3852201,2017,China,China,MH827530,2017
921,MH827531.1|2017,2V_A.1,2V_A,2V,MH827531,10724,105.3852201,2017,China,China,MH827531,2017
922,MH827532.1|2017,2V_A.2,2V_A,2V,MH827532,10724,105.3852201,2017,China,China,MH827532,2017
923,MH827533.1|2017,2II_F.1.1,2II_F,2II,MH827533,10724,105.3852201,2017,China,China,MH827533,2017
924,MH827534.1|2017,2II_D.3,2II_D,2II,MH827534,10724,105.3852201,2017,China,China,MH827534,2017
925,MH827535.1|2017,2II_A.1.1.1,2II_A,2II,MH827535,10724,105.3852201,2017,China,China,MH827535,2017
926,MH827536.1|2017,2II_F.1.1,2II_F,2II,MH827536,10724,105.3852201,2017,China,China,MH827536,2017
927,MH827537.1|2017,2II_F.1.1,2II_F,2II,MH827537,10724,105.3852201,2017,China,China,MH827537,2017
928,MH827538.1|2017,2V_A.1.1,2V_A,2V,MH827538,10724,105.3852201,2017,China,China,MH827538,2017
929,MH827539.1|2017,2II_F.2.1,2II_F,2II,MH827539,10724,105.3852201,2017,China,China,MH827539,2017
930,MH827540.1|2017,2II_F.1.1,2II_F,2II,MH827540,10724,105.3852201,2017,China,China,MH827540,2017
931,MH827541.1|2017,2II_F.1.1,2II_F,2II,MH827541,10724,105.3852201,2017,China,China,MH827541,2017
932,MH827542.1|2017,2II_C.1,2II_C,2II,MH827542,10724,105.3852201,2017,China,China,MH827542,2017
933,MH827543.1|2017,2II_F.1.1,2II_F,2II,MH827543,10724,105.3852201,2017,China,China,MH827543,2017
934,MH827544.1|2017,2II_E.2,2II_E,2II,MH827544,10724,105.3852201,2017,China,China,MH827544,2017
935,MH827545.1|2017,2II_C.1,2II_C,2II,MH827545,10724,105.3852201,2017,China,China,MH827545,2017
936,MH827546.1|2017,2II_F.1.1,2II_F,2II,MH827546,10724,105.3852201,2017,China,China,MH827546,2017
937,MH827547.1|2017,2II_F.1.1,2II_F,2II,MH827547,10724,105.3852201,2017,China,China,MH827547,2017
938,MH827548.1|2017,2II_F.1.1,2II_F,2II,MH827548,10724,105.3852201,2017,China,China,MH827548,2017
939,MH827549.1|2017,2II_F.1.1,2II_F,2II,MH827549,10724,105.3852201,2017,China,China,MH827549,2017
940,MH827550.1|2017,2II_F.1.1,2II_F,2II,MH827550,10724,105.3852201,2017,China,China,MH827550,2017
941,MH827551.1|2017,2II_F.1.1,2II_F,2II,MH827551,10724,105.3852201,2017,China,China,MH827551,2017
942,MH827552.1|2017,2II_F.1.1,2II_F,2II,MH827552,10724,105.3852201,2017,China,China,MH827552,2017
943,MH827553.1|2017,2II_F.1.1,2II_F,2II,MH827553,10724,105.3852201,2017,China,China,MH827553,2017
944,MH827554.1|2017,2II_F.1.1,2II_F,2II,MH827554,10724,105.3852201,2017,China,China,MH827554,2017
945,MK629884.1|2015,2II_F.1.1,2II_F,2II,MK629884,10522,103.4001572,2015,South Korea,South Korea,MK629884,2015
946,MK629885.1|2015,2II_A.2.1,2II_A,2II,MK629885,10431,102.5058962,2015,South Korea,South Korea,MK629885,2015
947,MK629886.1|2015,2II_A.1.1.1,2II_A,2II,MK629886,10540,103.577044,2015,South Korea,South Korea,MK629886,2015
948,MH781013.1|2012,2III_D.1,2III_D,2III,MH781013,10651,104.6678459,2012,Mexico,Mexico,MH781013,2012
949,MH781014.1|2012,2III_D.1,2III_D,2III,MH781014,10617,104.3337264,2012,Mexico,Mexico,MH781014,2012
950,MH781015.1|2012,2III_D.1,2III_D,2III,MH781015,10705,105.1985063,2012,Mexico,Mexico,MH781015,2012
951,MK543448.1|2018-09-23,2II_F.1.1,2II_F,2II,MK543448,10716,105.3066038,2018,China,China,MK543448,2018
952,MK543449.1|2018-09-26,2II_F.1.1,2II_F,2II,MK543449,10716,105.3066038,2018,China,China,MK543449,2018
953,MK543450.1|2018-09-27,2II_F.1.1,2II_F,2II,MK543450,10716,105.3066038,2018,China,China,MK543450,2018
954,MK543471.1|2018-09-23,2II_F.1.1,2II_F,2II,MK543471,10716,105.3066038,2018,China,China,MK543471,2018
955,MK543479.1|2018-09-23,2II_F.1.1,2II_F,2II,MK543479,10716,105.3066038,2018,China,China,MK543479,2018
956,MK564476.1|2017-08-08,2II_F.1.3,2II_F,2II,MK564476,10558,103.7539308,2017,China: Guangzhou,China,MK564476,2017
957,MK564477.1|2016-04-15,2II_D.3,2II_D,2II,MK564477,10558,103.7539308,2016,China: Guangzhou,China,MK564477,2016
958,MK564478.1|2016-04-22,2II_D.1,2II_D,2II,MK564478,10558,103.7539308,2016,China: Guangzhou,China,MK564478,2016
959,MK564479.1|2016-08-23,2II_F.1.1,2II_F,2II,MK564479,10558,103.7539308,2016,China: Guangzhou,China,MK564479,2016
960,MK564480.1|2016-08-26,2II_F.1.1,2II_F,2II,MK564480,10558,103.7539308,2016,China: Guangzhou,China,MK564480,2016
961,MK564481.1|2017-07-27,2II_F.1.1,2II_F,2II,MK564481,10558,103.7539308,2017,China: Guangzhou,China,MK564481,2017
962,MK564482.1|2017-08-07,2II_D.3,2II_D,2II,MK564482,10558,103.7539308,2017,China: Guangzhou,China,MK564482,2017
963,MK564483.1|2017-08-11,2II_F.1.1,2II_F,2II,MK564483,10558,103.7539308,2017,China: Guangzhou,China,MK564483,2017
964,MK564484.1|2018-07-23,2II_F.1.1,2II_F,2II,MK564484,10558,103.7539308,2018,China: Guangzhou,China,MK564484,2018
965,MK564485.1|2018-08-28,2II_F.1.1,2II_F,2II,MK564485,10558,103.7539308,2018,China: Guangzhou,China,MK564485,2018
966,MK564486.1|2018-08-28,2II_D.2,2II_D,2II,MK564486,10558,103.7539308,2018,China: Guangzhou,China,MK564486,2018
967,MK564487.1|2018-09-03,2II_D.2,2II_D,2II,MK564487,10558,103.7539308,2018,China: Guangzhou,China,MK564487,2018
968,MK564488.1|2018-03-09,2II_A.2.1,2II_A,2II,MK564488,10558,103.7539308,2018,China: Guangzhou,China,MK564488,2018
969,MK578531.1|2016-02-04,2II_A.1.1.1,2II_A,2II,MK578531,10176,100,2016,China: Guangzhou,China,MK578531,2016
970,MK578532.1|2016-04-01,2II_F,2II_F,2II,MK578532,10563,103.803066,2016,China: Guangzhou,China,MK578532,2016
971,MK578533.1|2018-08-16,2II_A.2.1,2II_A,2II,MK578533,10563,103.803066,2018,China: Guangzhou,China,MK578533,2018
972,MH460898.1|2018-01-18,2II_A.2.1,2II_A,2II,MH460898,9979,98.06407233,2018,Angola: Luanda,Angola,MH460898,2018
973,MK513444.1|2015-01,2II_F.1.1,2II_F,2II,MK513444,10723,105.3753931,2015,Singapore,Singapore,MK513444,2015
974,KY672945.1|2015-06-13,2V_A.2,2V_A,2V,KY672945,10723,105.3753931,2015,China: Yunnan,China,KY672945,2015
975,KY672946.1|2015-07-24,2V_A.2,2V_A,2V,KY672946,10723,105.3753931,2015,China: Yunnan,China,KY672946,2015
976,KY672947.1|2013-10-13,2V_A.2,2V_A,2V,KY672947,10723,105.3753931,2013,China: Yunnan,China,KY672947,2013
977,KY672948.1|2013-09-17,2V_A,2V_A,2V,KY672948,10723,105.3753931,2013,China: Yunnan,China,KY672948,2013
978,KY672949.1|2013-09-30,2V_A.2,2V_A,2V,KY672949,10723,105.3753931,2013,China: Yunnan,China,KY672949,2013
979,KY672950.1|2015-09-28,2II_A.1.1.1,2II_A,2II,KY672950,10723,105.3753931,2015,China: Yunnan,China,KY672950,2015
980,KY672951.1|2015-11-13,2II_A.1.1.1,2II_A,2II,KY672951,10680,104.9528302,2015,China: Yunnan,China,KY672951,2015
981,KY672952.1|2015-11-15,2II_A.1.1.1,2II_A,2II,KY672952,10668,104.8349057,2015,China: Yunnan,China,KY672952,2015
982,KY672953.1|2015-07-20,2II_A.1.1.1,2II_A,2II,KY672953,10665,104.8054245,2015,China: Yunnan,China,KY672953,2015
983,KY672954.1|2015-08-20,2II_A.1.1.1,2II_A,2II,KY672954,10665,104.8054245,2015,China: Yunnan,China,KY672954,2015
984,KY672955.1|2015-08-15,2V_A.2,2V_A,2V,KY672955,10723,105.3753931,2015,China: Yunnan,China,KY672955,2015
985,MH823208.1|2014,2II_F.1.3,2II_F,2II,MH823208,10723,105.3753931,2014,Indonesia,Indonesia,MH823208,2014
986,MK268692.1|1974,2V,2V,2V,MK268692,10721,105.355739,1974,Thailand: Bangkok,Thailand,MK268692,1974
987,MH888331.1|2014-08-15,2V_A,2V_A,2V,MH888331,10461,102.8007075,2014,Thailand,Thailand,MH888331,2014
988,MH010629.1|2017-11,2II_F.1.1,2II_F,2II,MH010629,10690,105.0511006,2017,China,China,MH010629,2017
989,MG721054.2|2016,2II_A.2.1,2II_A,2II,MG721054,10723,105.3753931,2016,India,India,MG721054,2016
990,MG721055.1|2016,2II_A.1.1.1,2II_A,2II,MG721055,10726,105.4048742,2016,India,India,MG721055,2016
991,MG721056.2|2016,2II_A,2II_A,2II,MG721056,10631,104.471305,2016,India,India,MG721056,2016
992,MG721057.2|2016,2II_A.1.1.1,2II_A,2II,MG721057,10523,103.4099843,2016,India,India,MG721057,2016
993,MG721058.2|2016,2II_A.1.1.1,2II_A,2II,MG721058,10637,104.5302673,2016,India,India,MG721058,2016
994,MG721062.2|2016,2II_A.1.1.1,2II_A,2II,MG721062,10469,102.8793239,2016,India,India,MG721062,2016
995,MH822939.2|2012-11-08,2II_A.1.1.2,2II_A,2II,MH822939,10628,104.4418239,2012,India,India,MH822939,2012
996,MH822940.2|2014,2II_A.1.1.2,2II_A,2II,MH822940,10620,104.3632075,2014,India,India,MH822940,2014
997,MH822941.2|2013-08-30,2II_A.1.1.2,2II_A,2II,MH822941,10601,104.1764937,2013,India,India,MH822941,2013
998,MH822942.2|2014-09-22,2II_A.1.1.1,2II_A,2II,MH822942,10667,104.8250786,2014,India,India,MH822942,2014
999,MH822943.2|2014-11-07,2II_A.1.1.1,2II_A,2II,MH822943,10580,103.9701258,2014,India,India,MH822943,2014
1000,MH822944.2|2012-10-08,2II_A.1.1.1,2II_A,2II,MH822944,10723,105.3753931,2012,India,India,MH822944,2012
1001,MH822945.2|2012-10-19,2II_A.1.1.1,2II_A,2II,MH822945,10589,104.0585692,2012,India,India,MH822945,2012
1002,MH822946.2|2012-10-19,2II_A.1.1.1,2II_A,2II,MH822946,10634,104.5007862,2012,India,India,MH822946,2012
1003,MH822947.2|2012-09-24,2II_A.1.1.1,2II_A,2II,MH822947,10709,105.2378145,2012,India,India,MH822947,2012
1004,MH822948.2|2012,2II_A.1.1.1,2II_A,2II,MH822948,10721,105.355739,2012,India,India,MH822948,2012
1005,MH822949.2|2014-10-28,2II_A.2.2,2II_A,2II,MH822949,10723,105.3753931,2014,India,India,MH822949,2014
1006,MH822950.2|2013-08-19,2II_A.2.1,2II_A,2II,MH822950,10580,103.9701258,2013,India,India,MH822950,2013
1007,MH822951.2|2013-09-04,2II_A.2.1,2II_A,2II,MH822951,10709,105.2378145,2013,India,India,MH822951,2013
1008,MH822952.2|2014-09-16,2II_A.2.1,2II_A,2II,MH822952,10642,104.5794025,2014,India,India,MH822952,2014
1009,MH822953.2|2015-09-09,2II_A.2.1,2II_A,2II,MH822953,10588,104.0487421,2015,India,India,MH822953,2015
1010,MH822954.2|2015-08-31,2II_A.2.1,2II_A,2II,MH822954,10631,104.471305,2015,India,India,MH822954,2015
1011,MH822955.2|2014-10-25,2II_A.2.1,2II_A,2II,MH822955,10723,105.3753931,2014,India,India,MH822955,2014
1012,MH822956.2|2013-09-09,2II_A.2.1,2II_A,2II,MH822956,10723,105.3753931,2013,India,India,MH822956,2013
1013,MG599592.1|2001,2II_C.2,2II_C,2II,MG599592,10176,100,2001,Taiwan,Taiwan,MG599592,2001
1014,MG599593.1|2001,2II_C.2,2II_C,2II,MG599593,10176,100,2001,Taiwan,Taiwan,MG599593,2001
1015,MG599594.1|2001,2II_C.2,2II_C,2II,MG599594,10176,100,2001,Taiwan,Taiwan,MG599594,2001
1016,MG599595.1|2001,2II_C.2,2II_C,2II,MG599595,10176,100,2001,Taiwan,Taiwan,MG599595,2001
1017,MG599596.1|2001,2II_C.2,2II_C,2II,MG599596,10176,100,2001,Taiwan,Taiwan,MG599596,2001
1018,MG599597.1|2001,2II_C.2,2II_C,2II,MG599597,10176,100,2001,Taiwan,Taiwan,MG599597,2001
1019,MG599598.1|2001,2II_C.2,2II_C,2II,MG599598,10176,100,2001,Taiwan,Taiwan,MG599598,2001
1020,MG599599.1|2001,2II_C.2,2II_C,2II,MG599599,10176,100,2001,Taiwan,Taiwan,MG599599,2001
1021,MG599600.1|2001,2II_C.2,2II_C,2II,MG599600,10176,100,2001,Taiwan,Taiwan,MG599600,2001
1022,MG599601.1|2001,2II_C.2,2II_C,2II,MG599601,10176,100,2001,Taiwan,Taiwan,MG599601,2001
1023,MG599602.1|2002,2II_C.2,2II_C,2II,MG599602,10176,100,2002,Taiwan,Taiwan,MG599602,2002
1024,MG599603.1|2002,2II_C.2,2II_C,2II,MG599603,10176,100,2002,Taiwan,Taiwan,MG599603,2002
1025,MG599604.1|2002,2II_C.2,2II_C,2II,MG599604,10176,100,2002,Taiwan,Taiwan,MG599604,2002
1026,MG599605.1|2002,2II_C.2,2II_C,2II,MG599605,10176,100,2002,Taiwan,Taiwan,MG599605,2002
1027,MG599606.1|2001,2II_C.2,2II_C,2II,MG599606,10176,100,2001,Taiwan,Taiwan,MG599606,2001
1028,MG599607.1|2002,2II_C.2,2II_C,2II,MG599607,10176,100,2002,Taiwan,Taiwan,MG599607,2002
1029,MG599608.1|2002,2II_C.2,2II_C,2II,MG599608,10176,100,2002,Taiwan,Taiwan,MG599608,2002
1030,MG599609.1|2002,2II_C.2,2II_C,2II,MG599609,10176,100,2002,Taiwan,Taiwan,MG599609,2002
1031,MG599610.1|2002,2II_C.2,2II_C,2II,MG599610,10176,100,2002,Taiwan,Taiwan,MG599610,2002
1032,MG599611.1|2002,2II_C.2,2II_C,2II,MG599611,10176,100,2002,Taiwan,Taiwan,MG599611,2002
1033,MG599612.1|2002,2II_C.2,2II_C,2II,MG599612,10176,100,2002,Taiwan,Taiwan,MG599612,2002
1034,MG599613.1|2002,2II_C.2,2II_C,2II,MG599613,10176,100,2002,Taiwan,Taiwan,MG599613,2002
1035,MG599614.1|2002,2II_C.2,2II_C,2II,MG599614,10176,100,2002,Taiwan,Taiwan,MG599614,2002
1036,MG599615.1|2002,2II_C.2,2II_C,2II,MG599615,10176,100,2002,Taiwan,Taiwan,MG599615,2002
1037,MG599616.1|2002,2II_C.2,2II_C,2II,MG599616,10176,100,2002,Taiwan,Taiwan,MG599616,2002
1038,MG599617.1|2002,2II_C.2,2II_C,2II,MG599617,10176,100,2002,Taiwan,Taiwan,MG599617,2002
1039,MG599618.1|2002,2II_C.2,2II_C,2II,MG599618,10176,100,2002,Taiwan,Taiwan,MG599618,2002
1040,MG599619.1|2002,2II_C.2,2II_C,2II,MG599619,10176,100,2002,Taiwan,Taiwan,MG599619,2002
1041,MG599620.1|2002,2II_C.2,2II_C,2II,MG599620,10176,100,2002,Taiwan,Taiwan,MG599620,2002
1042,MG599621.1|2002,2II_C.2,2II_C,2II,MG599621,10176,100,2002,Taiwan,Taiwan,MG599621,2002
1043,MG599622.1|2002,2II_C.2,2II_C,2II,MG599622,10176,100,2002,Taiwan,Taiwan,MG599622,2002
1044,MG599623.1|2002,2II_C.2,2II_C,2II,MG599623,10176,100,2002,Taiwan,Taiwan,MG599623,2002
1045,MG599624.1|2002,2II_C.2,2II_C,2II,MG599624,10176,100,2002,Taiwan,Taiwan,MG599624,2002
1046,MG599625.1|2002,2II_C.2,2II_C,2II,MG599625,10176,100,2002,Taiwan,Taiwan,MG599625,2002
1047,MG599626.1|2002,2II_C.2,2II_C,2II,MG599626,10176,100,2002,Taiwan,Taiwan,MG599626,2002
1048,MG599627.1|2002,2II_C.2,2II_C,2II,MG599627,10176,100,2002,Taiwan,Taiwan,MG599627,2002
1049,MG599628.1|2002,2II_C.2,2II_C,2II,MG599628,10176,100,2002,Taiwan,Taiwan,MG599628,2002
1050,MG599629.1|2002,2II_C.2,2II_C,2II,MG599629,10176,100,2002,Taiwan,Taiwan,MG599629,2002
1051,MG599630.1|2002,2II_C.2,2II_C,2II,MG599630,10176,100,2002,Taiwan,Taiwan,MG599630,2002
1052,MG599631.1|2002,2II_C.2,2II_C,2II,MG599631,10176,100,2002,Taiwan,Taiwan,MG599631,2002
1053,MG599632.1|2002,2II_C.2,2II_C,2II,MG599632,10176,100,2002,Taiwan,Taiwan,MG599632,2002
1054,MG599633.1|2002,2II_C.2,2II_C,2II,MG599633,10176,100,2002,Taiwan,Taiwan,MG599633,2002
1055,MG599634.1|2002,2II_C.2,2II_C,2II,MG599634,10176,100,2002,Taiwan,Taiwan,MG599634,2002
1056,MH985858.1|2016,2II_E.2,2II_E,2II,MH985858,10723,105.3753931,2016,Australia: Queensland,Australia,MH985858,2016
1057,MH985859.1|2017,2II_C.1,2II_C,2II,MH985859,10722,105.365566,2017,Australia: Queensland,Australia,MH985859,2017
1058,LC410184.1|2016-09,2V_A.2,2V_A,2V,LC410184,10671,104.8643868,2016,Thailand,Thailand,LC410184,2016
1059,LC410185.1|2016-11,2V_A.1.2,2V_A,2V,LC410185,10670,104.8545597,2016,Thailand,Thailand,LC410185,2016
1060,LC410186.1|2016-12,2V_A.2,2V_A,2V,LC410186,10671,104.8643868,2016,Thailand,Thailand,LC410186,2016
1061,LC410187.1|2017-01,2V_A.2,2V_A,2V,LC410187,10671,104.8643868,2017,Thailand,Thailand,LC410187,2017
1062,LC410188.1|2017-02,2V_A.2,2V_A,2V,LC410188,10671,104.8643868,2017,Thailand,Thailand,LC410188,2017
1063,LC410189.1|2016-10,2II_F.1.1,2II_F,2II,LC410189,10671,104.8643868,2016,Thailand,Thailand,LC410189,2016
1064,LC410190.1|2016-10,2II_F.1.1,2II_F,2II,LC410190,10671,104.8643868,2016,Thailand,Thailand,LC410190,2016
1065,LC410191.1|2017-02,2II_F.1.1,2II_F,2II,LC410191,10671,104.8643868,2017,Thailand,Thailand,LC410191,2017
1066,MH488959.1|2014,2II_F.1.1,2II_F,2II,MH488959,10068,98.93867925,2014,Malaysia: Johor Bahru,Malaysia,MH488959,2014
1067,MG560143.1|2014,2II_A,2II_A,2II,MG560143,10723,105.3753931,2014,India,India,MG560143,2014
1068,MG560144.1|2014,2II_A.2.1,2II_A,2II,MG560144,10670,104.8545597,2014,India,India,MG560144,2014
1069,MH456892.1|2014-10-17,2II_A.2.2,2II_A,2II,MH456892,10093,99.18435535,2014,Kenya,Kenya,MH456892,2014
1070,MH456893.1|2014-11-25,2II_A.2.2,2II_A,2II,MH456893,10173,99.97051887,2014,Kenya,Kenya,MH456893,2014
1071,MH456894.1|2014-06-20,2II_A.2.2,2II_A,2II,MH456894,8372,82.27201258,2014,Kenya,Kenya,MH456894,2014
1072,MH456895.1|2014-07-04,2II_A.2.2,2II_A,2II,MH456895,10173,99.97051887,2014,Kenya,Kenya,MH456895,2014
1073,MH456897.1|2014-07-09,2II_A.2.2,2II_A,2II,MH456897,10173,99.97051887,2014,Kenya,Kenya,MH456897,2014
1074,MH456898.1|2014-06-23,2II_A.2.2,2II_A,2II,MH456898,10173,99.97051887,2014,Kenya,Kenya,MH456898,2014
1075,MH456899.1|2014-06-11,2II_A.2.2,2II_A,2II,MH456899,7859,77.23073899,2014,Kenya,Kenya,MH456899,2014
1076,MH110564.1|2017-09,2II_F.1.1,2II_F,2II,MH110564,10176,100,2017,China: Hangzhou,China,MH110564,2017
1077,MH110565.1|2017-09,2II_F.1.1,2II_F,2II,MH110565,10176,100,2017,China: Hangzhou,China,MH110565,2017
1078,MH110566.1|2017-09,2II_F.1.1,2II_F,2II,MH110566,10176,100,2017,China: Hangzhou,China,MH110566,2017
1079,MH110567.1|2017-09,2II_F.1.1,2II_F,2II,MH110567,10176,100,2017,China: Hangzhou,China,MH110567,2017
1080,MH110568.1|2017-09,2II_F.1.1,2II_F,2II,MH110568,10176,100,2017,China: Hangzhou,China,MH110568,2017
1081,MH110569.1|2017-09,2II_F.1.1,2II_F,2II,MH110569,10176,100,2017,China: Hangzhou,China,MH110569,2017
1082,MH110570.1|2017-09,2II_F.1.1,2II_F,2II,MH110570,10176,100,2017,China: Hangzhou,China,MH110570,2017
1083,MH110571.1|2017-09,2II_F.1.1,2II_F,2II,MH110571,10176,100,2017,China: Hangzhou,China,MH110571,2017
1084,MH110572.1|2017-09,2II_F.1.1,2II_F,2II,MH110572,10176,100,2017,China: Hangzhou,China,MH110572,2017
1085,MH110573.1|2017-08,2II_F.1.1,2II_F,2II,MH110573,10176,100,2017,China: Hangzhou,China,MH110573,2017
1086,MH110574.1|2017-08,2II_F.1.1,2II_F,2II,MH110574,10176,100,2017,China: Hangzhou,China,MH110574,2017
1087,MH110575.1|2017-08,2II_A.1.1.1,2II_A,2II,MH110575,10176,100,2017,China: Hangzhou,China,MH110575,2017
1088,MH110576.1|2017-08,2II_F.1.1,2II_F,2II,MH110576,10176,100,2017,China: Hangzhou,China,MH110576,2017
1089,MH110577.1|2017-08,2II_F.1.1,2II_F,2II,MH110577,10176,100,2017,China: Hangzhou,China,MH110577,2017
1090,MH110578.1|2017-08,2II_F.1.1,2II_F,2II,MH110578,10176,100,2017,China: Hangzhou,China,MH110578,2017
1091,MH110579.1|2017-08,2II_F.1.1,2II_F,2II,MH110579,10176,100,2017,China: Hangzhou,China,MH110579,2017
1092,MH110580.1|2017-08,2II_F.1.1,2II_F,2II,MH110580,10176,100,2017,China: Hangzhou,China,MH110580,2017
1093,MH110581.1|2017-09,2II_F.1.1,2II_F,2II,MH110581,10176,100,2017,China: Hangzhou,China,MH110581,2017
1094,MH110582.1|2017-09,2II_F.1.1,2II_F,2II,MH110582,10176,100,2017,China: Hangzhou,China,MH110582,2017
1095,MH110583.1|2017-09,2II_A.1.1.1,2II_A,2II,MH110583,10176,100,2017,China: Hangzhou,China,MH110583,2017
1096,MH110584.1|2017-09,2II_A.1.1.1,2II_A,2II,MH110584,10176,100,2017,China: Hangzhou,China,MH110584,2017
1097,MH110585.1|2017-09,2II_A.1.1.1,2II_A,2II,MH110585,10176,100,2017,China: Hangzhou,China,MH110585,2017
1098,MH110586.1|2017-09,2II_F.1.1,2II_F,2II,MH110586,10176,100,2017,China: Hangzhou,China,MH110586,2017
1099,MH110587.1|2017-09,2II_F.1.1,2II_F,2II,MH110587,10176,100,2017,China: Hangzhou,China,MH110587,2017
1100,MH110588.1|2017-09,2II_F.1.1,2II_F,2II,MH110588,10176,100,2017,China: Hangzhou,China,MH110588,2017
1101,MH110589.1|2017-09,2II_A.1.1.1,2II_A,2II,MH110589,10176,100,2017,China: Hangzhou,China,MH110589,2017
1102,MH110590.1|2017-09,2II_F.1.1,2II_F,2II,MH110590,10176,100,2017,China: Hangzhou,China,MH110590,2017
1103,MH110591.1|2017-09,2II_F.1.1,2II_F,2II,MH110591,10176,100,2017,China: Hangzhou,China,MH110591,2017
1104,MH110592.1|2017-09,2II_A.1.1.1,2II_A,2II,MH110592,10176,100,2017,China: Hangzhou,China,MH110592,2017
1105,MH110593.1|2017-09,2II_F.1.1,2II_F,2II,MH110593,10176,100,2017,China: Hangzhou,China,MH110593,2017
1106,MH110594.1|2017-08,2II_F.1.1,2II_F,2II,MH110594,10176,100,2017,China: Hangzhou,China,MH110594,2017
1107,MH110595.1|2017-09,2II_F.1.1,2II_F,2II,MH110595,10176,100,2017,China: Hangzhou,China,MH110595,2017
1108,MH110596.1|2017-09,2II_F.1.1,2II_F,2II,MH110596,10176,100,2017,China: Hangzhou,China,MH110596,2017
1109,MH110597.1|2017-09,2II_F.1.1,2II_F,2II,MH110597,10176,100,2017,China: Hangzhou,China,MH110597,2017
1110,MH110598.1|2017-09,2II_F.1.1,2II_F,2II,MH110598,10176,100,2017,China: Hangzhou,China,MH110598,2017
1111,MH110599.1|2017-09,2II_F.1.1,2II_F,2II,MH110599,10176,100,2017,China: Hangzhou,China,MH110599,2017
1112,MH110600.1|2017-09,2II_F.1.1,2II_F,2II,MH110600,10176,100,2017,China: Hangzhou,China,MH110600,2017
1113,MH110601.1|2017-09,2II_F.1.1,2II_F,2II,MH110601,10176,100,2017,China: Hangzhou,China,MH110601,2017
1114,MH110602.1|2017-09,2II_F.1.1,2II_F,2II,MH110602,10176,100,2017,China: Hangzhou,China,MH110602,2017
1115,MH110603.1|2017-08,2II_F.1.1,2II_F,2II,MH110603,10176,100,2017,China: Hangzhou,China,MH110603,2017
1116,MH450295.1|2015-09-22,2III_D.2,2III_D,2III,MH450295,10691,105.0609277,2015,Venezuela: Carabobo,Venezuela,MH450295,2015
1117,MH450300.1|2015-10-15,2III_D.2,2III_D,2III,MH450300,10431,102.5058962,2015,Venezuela: Carabobo,Venezuela,MH450300,2015
1118,MH450302.1|2015-10-27,2III_D.2,2III_D,2III,MH450302,10691,105.0609277,2015,Venezuela: Carabobo,Venezuela,MH450302,2015
1119,MH450310.1|2010-08-31,2III_D.2,2III_D,2III,MH450310,10673,104.8840409,2010,Venezuela: Aragua,Venezuela,MH450310,2010
1120,MH069495.1|2015-12-14,2III_D.2,2III_D,2III,MH069495,10619,104.3533805,2015,Venezuela: Carabobo,Venezuela,MH069495,2015
1121,MH069496.1|2015-10-26,2III_D.2,2III_D,2III,MH069496,10694,105.0904088,2015,Venezuela: Carabobo,Venezuela,MH069496,2015
1122,MH069497.1|2015-10-17,2III_D.2,2III_D,2III,MH069497,10711,105.2574686,2015,Venezuela: Carabobo,Venezuela,MH069497,2015
1123,MH069498.1|2015-10-06,2III_D.2,2III_D,2III,MH069498,10704,105.1886792,2015,Venezuela: Carabobo,Venezuela,MH069498,2015
1124,MH069499.1|2015-09-22,2III_D.2,2III_D,2III,MH069499,10712,105.2672956,2015,Venezuela: Carabobo,Venezuela,MH069499,2015
1125,MF314189.1|2016,2II_F.1.1,2II_F,2II,MF314189,10594,104.1077044,2016,Singapore,Singapore,MF314189,2016
1126,MH215277.1|2016-04,2III_D.2,2III_D,2III,MH215277,10722,105.365566,2016,Venezuela,Venezuela,MH215277,2016
1127,MF156233.1|2015-09-18,2II_A.1.1.1,2II_A,2II,MF156233,10176,100,2015,China,China,MF156233,2015
1128,MF156234.1|2015-09-18,2II_A.1.1.1,2II_A,2II,MF156234,10176,100,2015,China,China,MF156234,2015
1129,MF156235.1|2015-09-26,2II_A.1.1.1,2II_A,2II,MF156235,10176,100,2015,China,China,MF156235,2015
1130,MF156236.1|2015-10-07,2II_A.1.1.1,2II_A,2II,MF156236,10176,100,2015,China,China,MF156236,2015
1131,MF156237.1|2015-10-18,2II_A.1.1.1,2II_A,2II,MF156237,10176,100,2015,China,China,MF156237,2015
1132,MF156238.1|2015-10-18,2II_A.1.1.1,2II_A,2II,MF156238,10176,100,2015,China,China,MF156238,2015
1133,MF156239.1|2015-10-18,2II_A.1.1.1,2II_A,2II,MF156239,10176,100,2015,China,China,MF156239,2015
1134,MF156240.1|2015-10-18,2II_A.1.1.1,2II_A,2II,MF156240,10176,100,2015,China,China,MF156240,2015
1135,MF156241.1|2015-10-18,2II_A.1.1.1,2II_A,2II,MF156241,10176,100,2015,China,China,MF156241,2015
1136,MF156242.1|2015-10-26,2II_A.1.1.1,2II_A,2II,MF156242,10176,100,2015,China,China,MF156242,2015
1137,MF156243.1|2015-10-28,2II_A.1.1.1,2II_A,2II,MF156243,10176,100,2015,China,China,MF156243,2015
1138,MF156244.1|2015-10-28,2II_A.1.1.1,2II_A,2II,MF156244,10176,100,2015,China,China,MF156244,2015
1139,MF156245.1|2015-10-28,2II_A.1.1.1,2II_A,2II,MF156245,10176,100,2015,China,China,MF156245,2015
1140,MF156246.1|2015-10-28,2II_A.1.1.1,2II_A,2II,MF156246,10176,100,2015,China,China,MF156246,2015
1141,MF156247.1|2015-10-28,2II_A.1.1.1,2II_A,2II,MF156247,10176,100,2015,China,China,MF156247,2015
1142,MF156248.1|2015-10-28,2II_A.1.1.1,2II_A,2II,MF156248,10176,100,2015,China,China,MF156248,2015
1143,MF004385.1|2014-09-06,2II_D.3,2II_D,2II,MF004385,10460,102.7908805,2014,France,France,MF004385,2014
1144,MF043956.1|2016,2II_D.2,2II_D,2II,MF043956,10723,105.3753931,2016,China,China,MF043956,2016
1145,MG779194.1|2017,2II_A.2.2,2II_A,2II,MG779194,10176,100,2017,Kenya,Kenya,MG779194,2017
1146,MG779195.1|2017,2II_A.2.2,2II_A,2II,MG779195,10176,100,2017,Kenya,Kenya,MG779195,2017
1147,MG779196.1|2017,2II_A.2.2,2II_A,2II,MG779196,10176,100,2017,Kenya,Kenya,MG779196,2017
1148,MG779197.1|2017,2II_A.2.2,2II_A,2II,MG779197,10176,100,2017,Kenya,Kenya,MG779197,2017
1149,MG779198.1|2017,2II_A.2.2,2II_A,2II,MG779198,10176,100,2017,Kenya,Kenya,MG779198,2017
1150,MG779199.1|2017,2II_A.2.2,2II_A,2II,MG779199,10176,100,2017,Kenya,Kenya,MG779199,2017
1151,MG779200.1|2017,2II_A.2.2,2II_A,2II,MG779200,10176,100,2017,Kenya,Kenya,MG779200,2017
1152,MG779201.1|2017,2II_A.2.2,2II_A,2II,MG779201,10176,100,2017,Kenya,Kenya,MG779201,2017
1153,MG779202.1|2017,2II_A.2.2,2II_A,2II,MG779202,10176,100,2017,Kenya,Kenya,MG779202,2017
1154,MG779203.1|2017,2II_A.2.2,2II_A,2II,MG779203,10176,100,2017,Kenya,Kenya,MG779203,2017
1155,KY794785.1|2010-05-11,2II_E.2,2II_E,2II,KY794785,10657,104.7268082,2010,Papua New Guinea: Lihir,Papua New Guinea,KY794785,2010
1156,KY849752.1|2008-09-07,2V_A,2V_A,2V,KY849752,10675,104.903695,2008,Laos: Luang Namtha,Laos,KY849752,2008
1157,KY849753.1|2009-04-06,2V_A,2V_A,2V,KY849753,10675,104.903695,2009,Laos: Luang Namtha,Laos,KY849753,2009
1158,KY849754.1|2009-06-23,2V_A,2V_A,2V,KY849754,10675,104.903695,2009,Laos: Luang Namtha,Laos,KY849754,2009
1159,KY849755.1|2010-06-29,2V_A,2V_A,2V,KY849755,10675,104.903695,2010,Laos: Salavan,Laos,KY849755,2010
1160,KY849756.1|2009-09-02,2V_A.3,2V_A,2V,KY849756,10675,104.903695,2009,Laos: Vientiane,Laos,KY849756,2009
1161,KY849757.1|2009-09-25,2V_A.3,2V_A,2V,KY849757,10675,104.903695,2009,Laos: Luang Namtha,Laos,KY849757,2009
1162,KY849758.1|2009-10-14,2V_A,2V_A,2V,KY849758,10675,104.903695,2009,Laos: Salavan,Laos,KY849758,2009
1163,KY849759.1|2008-12-06,2V_A,2V_A,2V,KY849759,10676,104.913522,2008,Laos: Luang Namtha,Laos,KY849759,2008
1164,KY849760.1|2009-11-09,2V_A,2V_A,2V,KY849760,10676,104.913522,2009,Laos: Luang Namtha,Laos,KY849760,2009
1165,KY849763.1|2010-09-30,2V_A,2V_A,2V,KY849763,10669,104.8447327,2010,Laos: Vientiane,Laos,KY849763,2010
1166,KY849764.1|2009-09-07,2V_A,2V_A,2V,KY849764,10674,104.8938679,2009,Laos: Vientiane,Laos,KY849764,2009
1167,KY849765.1|2009-11-06,2V_A.3,2V_A,2V,KY849765,10675,104.903695,2009,Laos: Vientiane,Laos,KY849765,2009
1168,KY849766.1|2010-04-29,2V_A,2V_A,2V,KY849766,10675,104.903695,2010,Laos: Vientiane,Laos,KY849766,2010
1169,KY849767.1|2010-07-26,2V_A,2V_A,2V,KY849767,10675,104.903695,2010,Laos: Vientiane,Laos,KY849767,2010
1170,KY849768.1|2010-08-13,2V_A.3,2V_A,2V,KY849768,10675,104.903695,2010,Laos: Vientiane,Laos,KY849768,2010
1171,KY670633.1|1995-09,2III_A.2,2III_A,2III,KY670633,10638,104.5400943,1995,Taiwan,Taiwan,KY670633,1995
1172,LC367234.1|2009-10-08,2II_A.2.1,2II_A,2II,LC367234,10723,105.3753931,2009,0,India,LC367234,2009
1173,KY474308.1|2014,2III_D.3,2III_D,2III,KY474308,10648,104.6383648,2014,Ecuador: Machala,Ecuador,KY474308,2014
1174,KY474309.1|2014,2III_D.3,2III_D,2III,KY474309,10648,104.6383648,2014,Ecuador: Machala,Ecuador,KY474309,2014
1175,KY474310.1|2014,2III_D.3,2III_D,2III,KY474310,10647,104.6285377,2014,Ecuador: Machala,Ecuador,KY474310,2014
1176,KY474311.1|2014,2III_D.3,2III_D,2III,KY474311,10647,104.6285377,2014,Ecuador: Machala,Ecuador,KY474311,2014
1177,KY474312.1|2014,2III_D.3,2III_D,2III,KY474312,10648,104.6383648,2014,Ecuador: Machala,Ecuador,KY474312,2014
1178,KY474313.1|2014,2III_D.3,2III_D,2III,KY474313,10648,104.6383648,2014,Ecuador: Machala,Ecuador,KY474313,2014
1179,KY474314.1|2014,2III_D.3,2III_D,2III,KY474314,10648,104.6383648,2014,Ecuador: Machala,Ecuador,KY474314,2014
1180,KY474315.1|2014,2III_D.3,2III_D,2III,KY474315,10648,104.6383648,2014,Ecuador: Machala,Ecuador,KY474315,2014
1181,KY474316.1|2014,2III_D.3,2III_D,2III,KY474316,10647,104.6285377,2014,Ecuador: Machala,Ecuador,KY474316,2014
1182,KY474317.1|2014,2III_D.3,2III_D,2III,KY474317,10647,104.6285377,2014,Ecuador: Machala,Ecuador,KY474317,2014
1183,KY474318.1|2014,2III_D.3,2III_D,2III,KY474318,10648,104.6383648,2014,Ecuador: Machala,Ecuador,KY474318,2014
1184,KY474319.1|2014,2III_D.3,2III_D,2III,KY474319,10648,104.6383648,2014,Ecuador: Machala,Ecuador,KY474319,2014
1185,KY474320.1|2014,2III_D.3,2III_D,2III,KY474320,10647,104.6285377,2014,Ecuador: Machala,Ecuador,KY474320,2014
1186,KY474321.1|2014,2III_D.3,2III_D,2III,KY474321,10647,104.6285377,2014,Ecuador: Machala,Ecuador,KY474321,2014
1187,KY474322.1|2014,2III_D.3,2III_D,2III,KY474322,10648,104.6383648,2014,Ecuador: Machala,Ecuador,KY474322,2014
1188,KY474323.1|2014,2III_D.3,2III_D,2III,KY474323,10648,104.6383648,2014,Ecuador: Machala,Ecuador,KY474323,2014
1189,KY474324.1|2014,2III_D.3,2III_D,2III,KY474324,10648,104.6383648,2014,Ecuador: Machala,Ecuador,KY474324,2014
1190,KY474325.1|2014,2III_D.3,2III_D,2III,KY474325,10648,104.6383648,2014,Ecuador: Machala,Ecuador,KY474325,2014
1191,KY474326.1|2014,2III_D.3,2III_D,2III,KY474326,10648,104.6383648,2014,Ecuador: Machala,Ecuador,KY474326,2014
1192,KY474327.1|2014,2III_D.3,2III_D,2III,KY474327,10648,104.6383648,2014,Ecuador: Machala,Ecuador,KY474327,2014
1193,KY474328.1|2014,2III_D.3,2III_D,2III,KY474328,10648,104.6383648,2014,Ecuador: Machala,Ecuador,KY474328,2014
1194,KY474329.1|2014,2III_D.3,2III_D,2III,KY474329,10648,104.6383648,2014,Ecuador: Machala,Ecuador,KY474329,2014
1195,KY474330.1|2014,2III_D.3,2III_D,2III,KY474330,10648,104.6383648,2014,Ecuador: Machala,Ecuador,KY474330,2014
1196,KY474331.1|2014,2III_D.3,2III_D,2III,KY474331,10648,104.6383648,2014,Ecuador: Machala,Ecuador,KY474331,2014
1197,KY474332.1|2014,2III_D.3,2III_D,2III,KY474332,10647,104.6285377,2014,Ecuador: Machala,Ecuador,KY474332,2014
1198,KY474333.1|2014,2III_D.3,2III_D,2III,KY474333,10648,104.6383648,2014,Ecuador: Machala,Ecuador,KY474333,2014
1199,KY474334.1|2014,2III_D.3,2III_D,2III,KY474334,10460,102.7908805,2014,Ecuador: Machala,Ecuador,KY474334,2014
1200,MG189962.1|2014-06,2II_D.1.2,2II_D,2II,MG189962,10665,104.8054245,2014,Tanzania,Tanzania,MG189962,2014
1201,KY977454.1|2011,2III_D.1.2,2III_D,2III,KY977454,10176,100,2011,Panama,Panama,KY977454,2011
1202,KY937185.1|2015,2II_A.1.1.1,2II_A,2II,KY937185,10742,105.5621069,2015,China: XiShuangbanna,China,KY937185,2015
1203,KY937186.1|2015,2II_A.1.1.1,2II_A,2II,KY937186,10742,105.5621069,2015,China: XiShuangbanna,China,KY937186,2015
1204,KY937187.1|2015,2II_A.1.1.1,2II_A,2II,KY937187,10742,105.5621069,2015,China: XiShuangbanna,China,KY937187,2015
1205,KY937188.1|2015,2II_A.1.1.1,2II_A,2II,KY937188,10741,105.5522799,2015,China: XiShuangbanna,China,KY937188,2015
1206,KY937189.1|2015,2II_A.1.1.1,2II_A,2II,KY937189,10734,105.4834906,2015,China: XiShuangbanna,China,KY937189,2015
1207,KY937190.1|2015,2II_A.1.1.1,2II_A,2II,KY937190,10741,105.5522799,2015,China: XiShuangbanna,China,KY937190,2015
1208,MF459663.3|2013-09-09,2V_A.2,2V_A,2V,MF459663,10724,105.3852201,2013,China,China,MF459663,2013
1209,KX452015.1|2014-01,2II_E,2II_E,2II,KX452015,10796,106.0927673,2014,Malaysia: Johor Bahru,Malaysia,KX452015,2014
1210,KX452016.1|2014-01,2II_F.1.1,2II_F,2II,KX452016,10575,103.9209906,2014,Malaysia: Johor Bahru,Malaysia,KX452016,2014
1211,KX452017.1|2014-01,2II_F.1.1,2II_F,2II,KX452017,10940,107.5078616,2014,Malaysia: Johor Bahru,Malaysia,KX452017,2014
1212,KX452018.1|2014-01,2II_F.1.1,2II_F,2II,KX452018,10807,106.2008648,2014,Malaysia: Johor Bahru,Malaysia,KX452018,2014
1213,KX452019.1|2014-01,2II_F.1.1,2II_F,2II,KX452019,10692,105.0707547,2014,Malaysia: Johor Bahru,Malaysia,KX452019,2014
1214,KX452020.1|2014-01,2II_F.1.1,2II_F,2II,KX452020,10660,104.7562893,2014,Malaysia: Johor Bahru,Malaysia,KX452020,2014
1215,KX452021.1|2014-01,2II_F.1.1,2II_F,2II,KX452021,10539,103.567217,2014,Malaysia: Johor Bahru,Malaysia,KX452021,2014
1216,KX452022.1|2014-01,2II_F.1.1,2II_F,2II,KX452022,10667,104.8250786,2014,Malaysia: Johor Bahru,Malaysia,KX452022,2014
1217,KX452023.1|2014-01,2II_F.1.1,2II_F,2II,KX452023,10738,105.5227987,2014,Malaysia: Johor Bahru,Malaysia,KX452023,2014
1218,KX452024.1|2014-01,2II_F.1.1,2II_F,2II,KX452024,10816,106.2893082,2014,Malaysia: Johor Bahru,Malaysia,KX452024,2014
1219,KX452025.1|2014-01,2II_F.1.1,2II_F,2II,KX452025,10785,105.9846698,2014,Malaysia: Johor Bahru,Malaysia,KX452025,2014
1220,KX452026.1|2014-01,2II_F.1.1,2II_F,2II,KX452026,10674,104.8938679,2014,Malaysia: Johor Bahru,Malaysia,KX452026,2014
1221,KX452027.1|2014-01,2II_F.1.1,2II_F,2II,KX452027,10720,105.3459119,2014,Malaysia: Johor Bahru,Malaysia,KX452027,2014
1222,KX452028.1|2014-01,2II_F.1.1,2II_F,2II,KX452028,10708,105.2279874,2014,Malaysia: Johor Bahru,Malaysia,KX452028,2014
1223,KX452029.1|2014-01,2II_F.1.1,2II_F,2II,KX452029,10627,104.4319969,2014,Malaysia: Johor Bahru,Malaysia,KX452029,2014
1224,KX452030.1|2014-01,2II_F.1.1,2II_F,2II,KX452030,10826,106.3875786,2014,Malaysia: Johor Bahru,Malaysia,KX452030,2014
1225,KX452031.1|2014-01,2II_F.1.1,2II_F,2II,KX452031,10746,105.6014151,2014,Malaysia: Johor Bahru,Malaysia,KX452031,2014
1226,KX452032.1|2014-01,2II_F.1.1,2II_F,2II,KX452032,10780,105.9355346,2014,Malaysia: Johor Bahru,Malaysia,KX452032,2014
1227,KX452033.1|2014-01,2II_F.1.1,2II_F,2II,KX452033,10627,104.4319969,2014,Malaysia: Johor Bahru,Malaysia,KX452033,2014
1228,KX452035.1|2014-01,2II_F.1.1,2II_F,2II,KX452035,10686,105.0117925,2014,Malaysia: Johor Bahru,Malaysia,KX452035,2014
1229,KX452036.1|2014-01,2II_F.1.1,2II_F,2II,KX452036,10532,103.4984277,2014,Malaysia: Johor Bahru,Malaysia,KX452036,2014
1230,KX452037.1|2014-01,2II_F.1.1,2II_F,2II,KX452037,10615,104.3140723,2014,Malaysia: Johor Bahru,Malaysia,KX452037,2014
1231,KX452038.1|2014-01,2II_F.1.1,2II_F,2II,KX452038,10497,103.1544811,2014,Malaysia: Johor Bahru,Malaysia,KX452038,2014
1232,KX452039.1|2014-01,2II_F.1.1,2II_F,2II,KX452039,10554,103.7146226,2014,Malaysia: Johor Bahru,Malaysia,KX452039,2014
1233,KX452040.1|2014-01,2II_F.1.1,2II_F,2II,KX452040,10665,104.8054245,2014,Malaysia: Johor Bahru,Malaysia,KX452040,2014
1234,KX452041.1|2014-01,2II_F.1.1,2II_F,2II,KX452041,10676,104.913522,2014,Malaysia: Johor Bahru,Malaysia,KX452041,2014
1235,KX452042.1|2014-01,2II_F.1.1,2II_F,2II,KX452042,10757,105.7095126,2014,Malaysia: Johor Bahru,Malaysia,KX452042,2014
1236,KX452043.1|2014-01,2II_F.1.1,2II_F,2II,KX452043,10741,105.5522799,2014,Malaysia: Johor Bahru,Malaysia,KX452043,2014
1237,KX452044.1|2014-01,2II_F.1.1,2II_F,2II,KX452044,10635,104.5106132,2014,Malaysia: Johor Bahru,Malaysia,KX452044,2014
1238,KX452045.1|2014-01,2II_F.1.1,2II_F,2II,KX452045,10661,104.7661164,2014,Malaysia: Johor Bahru,Malaysia,KX452045,2014
1239,KX452046.1|2014-01,2II_F.1.1,2II_F,2II,KX452046,10600,104.1666667,2014,Malaysia: Johor Bahru,Malaysia,KX452046,2014
1240,KX452047.1|2014-01,2II_F.1.1,2II_F,2II,KX452047,10513,103.3117138,2014,Malaysia: Johor Bahru,Malaysia,KX452047,2014
1241,KX452048.1|2014-01,2II_F.1.1,2II_F,2II,KX452048,10556,103.7342767,2014,Malaysia: Johor Bahru,Malaysia,KX452048,2014
1242,KX452049.1|2014-01,2II_F.1.1,2II_F,2II,KX452049,10708,105.2279874,2014,Malaysia: Johor Bahru,Malaysia,KX452049,2014
1243,KY427084.1|2010-09-01,2II_A.2.2,2II_A,2II,KY427084,10723,105.3753931,2010,"India: Thiruvananthapuram, Kerala",India,KY427084,2010
1244,KY427085.1|2011-01-03,2II_A.1.1.1,2II_A,2II,KY427085,10723,105.3753931,2011,"India: Thiruvananthapuram, Kerala",India,KY427085,2011
1245,KY921904.1|2014-03,2II_F.2.2,2II_F,2II,KY921904,10723,105.3753931,2014,Singapore,Singapore,KY921904,2014
1246,KY921905.1|2015-03,2II_F.1.1,2II_F,2II,KY921905,10723,105.3753931,2015,Singapore,Singapore,KY921905,2015
1247,KY586547.1|2003,2V_A,2V_A,2V,KY586547,10175,99.99017296,2003,Thailand,Thailand,KY586547,2003
1248,KY586548.1|2004,2V_A,2V_A,2V,KY586548,10175,99.99017296,2004,Thailand,Thailand,KY586548,2004
1249,KY586549.1|2003,2V_A,2V_A,2V,KY586549,10175,99.99017296,2003,Thailand,Thailand,KY586549,2003
1250,KY586550.1|2002,2V_A,2V_A,2V,KY586550,10175,99.99017296,2002,Thailand,Thailand,KY586550,2002
1251,KY586551.1|2002,2V_A,2V_A,2V,KY586551,10175,99.99017296,2002,Thailand,Thailand,KY586551,2002
1252,KY586552.1|2001,2V_A,2V_A,2V,KY586552,10176,100,2001,Thailand,Thailand,KY586552,2001
1253,KY586553.1|2002,2V_A,2V_A,2V,KY586553,10175,99.99017296,2002,Thailand,Thailand,KY586553,2002
1254,KY586554.1|2001,2V_A,2V_A,2V,KY586554,10175,99.99017296,2001,Thailand,Thailand,KY586554,2001
1255,KY586555.1|2002,2V_A,2V_A,2V,KY586555,10175,99.99017296,2002,Thailand,Thailand,KY586555,2002
1256,KY586556.1|2002,2V_A,2V_A,2V,KY586556,10175,99.99017296,2002,Thailand,Thailand,KY586556,2002
1257,KY586557.1|2004,2V_A,2V_A,2V,KY586557,10175,99.99017296,2004,Thailand,Thailand,KY586557,2004
1258,KY586558.1|2007,2V_A,2V_A,2V,KY586558,10175,99.99017296,2007,Thailand,Thailand,KY586558,2007
1259,KY586559.1|2009,2V_A,2V_A,2V,KY586559,10175,99.99017296,2009,Thailand,Thailand,KY586559,2009
1260,KY586560.1|2002,2V_A,2V_A,2V,KY586560,10176,100,2002,Thailand,Thailand,KY586560,2002
1261,KY586561.1|2004,2V_A,2V_A,2V,KY586561,10175,99.99017296,2004,Thailand,Thailand,KY586561,2004
1262,KY586562.1|2003,2V_A,2V_A,2V,KY586562,10175,99.99017296,2003,Thailand,Thailand,KY586562,2003
1263,KY586563.1|2006,2V_A,2V_A,2V,KY586563,10176,100,2006,Thailand,Thailand,KY586563,2006
1264,KY586564.1|2006,2V_A,2V_A,2V,KY586564,10176,100,2006,Thailand,Thailand,KY586564,2006
1265,KY586565.1|2006,2V_A,2V_A,2V,KY586565,10175,99.99017296,2006,Thailand,Thailand,KY586565,2006
1266,KY586566.1|2005,2V_A,2V_A,2V,KY586566,10175,99.99017296,2005,Thailand,Thailand,KY586566,2005
1267,KY586567.1|2006,2V_A,2V_A,2V,KY586567,10175,99.99017296,2006,Thailand,Thailand,KY586567,2006
1268,KY586568.1|2009,2V_A,2V_A,2V,KY586568,10175,99.99017296,2009,Thailand,Thailand,KY586568,2009
1269,KY586569.1|2008,2V_A,2V_A,2V,KY586569,10175,99.99017296,2008,Thailand,Thailand,KY586569,2008
1270,KY586570.1|2007,2V_A,2V_A,2V,KY586570,10175,99.99017296,2007,Thailand,Thailand,KY586570,2007
1271,KY586571.1|2006,2V_A,2V_A,2V,KY586571,10176,100,2006,Thailand,Thailand,KY586571,2006
1272,KY586572.1|2006,2V_A,2V_A,2V,KY586572,10176,100,2006,Thailand,Thailand,KY586572,2006
1273,KY586573.1|2002,2V_A,2V_A,2V,KY586573,10176,100,2002,Thailand,Thailand,KY586573,2002
1274,KY586574.1|2001,2V_A,2V_A,2V,KY586574,10176,100,2001,Thailand,Thailand,KY586574,2001
1275,KY586575.1|2006,2V_A,2V_A,2V,KY586575,10175,99.99017296,2006,Thailand,Thailand,KY586575,2006
1276,KY586576.1|2001,2V_A,2V_A,2V,KY586576,10176,100,2001,Thailand,Thailand,KY586576,2001
1277,KY586577.1|2002,2V_A,2V_A,2V,KY586577,10175,99.99017296,2002,Thailand,Thailand,KY586577,2002
1278,KY586578.1|2001,2V_A,2V_A,2V,KY586578,10176,100,2001,Thailand,Thailand,KY586578,2001
1279,KY586579.1|2001,2V_A,2V_A,2V,KY586579,10175,99.99017296,2001,Thailand,Thailand,KY586579,2001
1280,KY586580.1|2001,2V_A,2V_A,2V,KY586580,10175,99.99017296,2001,Thailand,Thailand,KY586580,2001
1281,KY586581.1|2004,2V_A,2V_A,2V,KY586581,10175,99.99017296,2004,Thailand,Thailand,KY586581,2004
1282,KY586582.1|2004,2V_A,2V_A,2V,KY586582,10175,99.99017296,2004,Thailand,Thailand,KY586582,2004
1283,KY586583.1|2004,2V_A,2V_A,2V,KY586583,10175,99.99017296,2004,Thailand,Thailand,KY586583,2004
1284,KY586584.1|2003,2V_A,2V_A,2V,KY586584,10175,99.99017296,2003,Thailand,Thailand,KY586584,2003
1285,KY586585.1|2007,2V_A.1,2V_A,2V,KY586585,10175,99.99017296,2007,Thailand,Thailand,KY586585,2007
1286,KY586586.1|2006,2V_A.1,2V_A,2V,KY586586,10175,99.99017296,2006,Thailand,Thailand,KY586586,2006
1287,KY586587.1|2008,2V_A,2V_A,2V,KY586587,10175,99.99017296,2008,Thailand,Thailand,KY586587,2008
1288,KY586588.1|2002,2V_A,2V_A,2V,KY586588,10175,99.99017296,2002,Thailand,Thailand,KY586588,2002
1289,KY586589.1|2004,2V_A,2V_A,2V,KY586589,10175,99.99017296,2004,Thailand,Thailand,KY586589,2004
1290,KY586590.1|2005,2V_A,2V_A,2V,KY586590,10175,99.99017296,2005,Thailand,Thailand,KY586590,2005
1291,KY586591.1|2002,2V_A,2V_A,2V,KY586591,10176,100,2002,Thailand,Thailand,KY586591,2002
1292,KY586592.1|2005,2V_A,2V_A,2V,KY586592,10175,99.99017296,2005,Thailand,Thailand,KY586592,2005
1293,KY586593.1|2002,2V_A,2V_A,2V,KY586593,10175,99.99017296,2002,Thailand,Thailand,KY586593,2002
1294,KY586594.1|2002,2V_A,2V_A,2V,KY586594,10175,99.99017296,2002,Thailand,Thailand,KY586594,2002
1295,KY586595.1|2004,2V_A.3,2V_A,2V,KY586595,10175,99.99017296,2004,Thailand,Thailand,KY586595,2004
1296,KY586596.1|2007,2V_A.3,2V_A,2V,KY586596,10175,99.99017296,2007,Thailand,Thailand,KY586596,2007
1297,KY586597.1|2009,2V_A.3,2V_A,2V,KY586597,10175,99.99017296,2009,Thailand,Thailand,KY586597,2009
1298,KY586598.1|2004,2V_A.3,2V_A,2V,KY586598,10176,100,2004,Thailand,Thailand,KY586598,2004
1299,KY586599.1|2004,2V_A.3,2V_A,2V,KY586599,10175,99.99017296,2004,Thailand,Thailand,KY586599,2004
1300,KY586600.1|2004,2V_A.3,2V_A,2V,KY586600,10175,99.99017296,2004,Thailand,Thailand,KY586600,2004
1301,KY586601.1|2004,2V_A.3,2V_A,2V,KY586601,10175,99.99017296,2004,Thailand,Thailand,KY586601,2004
1302,KY586602.1|2004,2V_A.3,2V_A,2V,KY586602,10175,99.99017296,2004,Thailand,Thailand,KY586602,2004
1303,KY586603.1|2002,2V_A,2V_A,2V,KY586603,10175,99.99017296,2002,Thailand,Thailand,KY586603,2002
1304,KY586604.1|2002,2V_A,2V_A,2V,KY586604,10176,100,2002,Thailand,Thailand,KY586604,2002
1305,KY586605.1|2004,2V_A,2V_A,2V,KY586605,10176,100,2004,Thailand,Thailand,KY586605,2004
1306,KY586606.1|2002,2V_A,2V_A,2V,KY586606,10176,100,2002,Thailand,Thailand,KY586606,2002
1307,KY586607.1|2001,2V_A,2V_A,2V,KY586607,10176,100,2001,Thailand,Thailand,KY586607,2001
1308,KY586608.1|2000,2V_A,2V_A,2V,KY586608,10175,99.99017296,2000,Thailand,Thailand,KY586608,2000
1309,KY586609.1|2000,2V_A,2V_A,2V,KY586609,10175,99.99017296,2000,Thailand,Thailand,KY586609,2000
1310,KY586610.1|2000,2V_A,2V_A,2V,KY586610,10176,100,2000,Thailand,Thailand,KY586610,2000
1311,KY586611.1|2002,2V_A,2V_A,2V,KY586611,10175,99.99017296,2002,Thailand,Thailand,KY586611,2002
1312,KY586612.1|2004,2V_A,2V_A,2V,KY586612,10175,99.99017296,2004,Thailand,Thailand,KY586612,2004
1313,KY586613.1|2004,2V_A,2V_A,2V,KY586613,10175,99.99017296,2004,Thailand,Thailand,KY586613,2004
1314,KY586614.1|2004,2V_A,2V_A,2V,KY586614,10175,99.99017296,2004,Thailand,Thailand,KY586614,2004
1315,KY586615.1|2003,2V_A,2V_A,2V,KY586615,10175,99.99017296,2003,Thailand,Thailand,KY586615,2003
1316,KY586616.1|2002,2V_A,2V_A,2V,KY586616,10175,99.99017296,2002,Thailand,Thailand,KY586616,2002
1317,KY586617.1|2000,2V_A,2V_A,2V,KY586617,10176,100,2000,Thailand,Thailand,KY586617,2000
1318,KY586618.1|2000,2V_A,2V_A,2V,KY586618,10176,100,2000,Thailand,Thailand,KY586618,2000
1319,KY586619.1|2000,2V_A,2V_A,2V,KY586619,10176,100,2000,Thailand,Thailand,KY586619,2000
1320,KY586620.1|2007,2V_A,2V_A,2V,KY586620,10175,99.99017296,2007,Thailand,Thailand,KY586620,2007
1321,KY586621.1|2006,2V_A,2V_A,2V,KY586621,10175,99.99017296,2006,Thailand,Thailand,KY586621,2006
1322,KY586622.1|2006,2V_A,2V_A,2V,KY586622,10175,99.99017296,2006,Thailand,Thailand,KY586622,2006
1323,KY586623.1|2006,2V_A,2V_A,2V,KY586623,10175,99.99017296,2006,Thailand,Thailand,KY586623,2006
1324,KY586624.1|2008,2V_A,2V_A,2V,KY586624,10175,99.99017296,2008,Thailand,Thailand,KY586624,2008
1325,KY586625.1|2010,2V_A,2V_A,2V,KY586625,10175,99.99017296,2010,Thailand,Thailand,KY586625,2010
1326,KY586626.1|2009,2V_A,2V_A,2V,KY586626,10175,99.99017296,2009,Thailand,Thailand,KY586626,2009
1327,KY586627.1|2009,2V_A,2V_A,2V,KY586627,10175,99.99017296,2009,Thailand,Thailand,KY586627,2009
1328,KY586628.1|2006,2V_A,2V_A,2V,KY586628,10175,99.99017296,2006,Thailand,Thailand,KY586628,2006
1329,KY586629.1|2006,2V_A,2V_A,2V,KY586629,10175,99.99017296,2006,Thailand,Thailand,KY586629,2006
1330,KY586630.1|2006,2V_A,2V_A,2V,KY586630,10175,99.99017296,2006,Thailand,Thailand,KY586630,2006
1331,KY586631.1|2002,2V_A,2V_A,2V,KY586631,10175,99.99017296,2002,Thailand,Thailand,KY586631,2002
1332,KY586632.1|2003,2V_A,2V_A,2V,KY586632,10175,99.99017296,2003,Thailand,Thailand,KY586632,2003
1333,KY586633.1|2006,2V_A,2V_A,2V,KY586633,10175,99.99017296,2006,Thailand,Thailand,KY586633,2006
1334,KY586634.1|2002,2V_A,2V_A,2V,KY586634,10176,100,2002,Thailand,Thailand,KY586634,2002
1335,KY586635.1|2001,2V_A,2V_A,2V,KY586635,10175,99.99017296,2001,Thailand,Thailand,KY586635,2001
1336,KY586636.1|2004,2V_A,2V_A,2V,KY586636,10175,99.99017296,2004,Thailand,Thailand,KY586636,2004
1337,KY586637.1|2001,2V_A,2V_A,2V,KY586637,10175,99.99017296,2001,Thailand,Thailand,KY586637,2001
1338,KY586638.1|2001,2V_A,2V_A,2V,KY586638,10175,99.99017296,2001,Thailand,Thailand,KY586638,2001
1339,KY586639.1|2000,2V_A,2V_A,2V,KY586639,10175,99.99017296,2000,Thailand,Thailand,KY586639,2000
1340,KY586640.1|2004,2V_A,2V_A,2V,KY586640,10175,99.99017296,2004,Thailand,Thailand,KY586640,2004
1341,KY586641.1|2001,2V_A,2V_A,2V,KY586641,10176,100,2001,Thailand,Thailand,KY586641,2001
1342,KY586642.1|2003,2V_A,2V_A,2V,KY586642,10175,99.99017296,2003,Thailand,Thailand,KY586642,2003
1343,KY586643.1|2001,2V_A,2V_A,2V,KY586643,10175,99.99017296,2001,Thailand,Thailand,KY586643,2001
1344,KY586644.1|2000,2V_A,2V_A,2V,KY586644,10175,99.99017296,2000,Thailand,Thailand,KY586644,2000
1345,KY586645.1|2001,2V_A,2V_A,2V,KY586645,10175,99.99017296,2001,Thailand,Thailand,KY586645,2001
1346,KY586646.1|2001,2V_A,2V_A,2V,KY586646,10175,99.99017296,2001,Thailand,Thailand,KY586646,2001
1347,KY586647.1|2001,2V_A,2V_A,2V,KY586647,10176,100,2001,Thailand,Thailand,KY586647,2001
1348,KY586648.1|2001,2V_A,2V_A,2V,KY586648,10175,99.99017296,2001,Thailand,Thailand,KY586648,2001
1349,KY586649.1|2001,2V_A,2V_A,2V,KY586649,10176,100,2001,Thailand,Thailand,KY586649,2001
1350,KY586650.1|2001,2V_A,2V_A,2V,KY586650,10175,99.99017296,2001,Thailand,Thailand,KY586650,2001
1351,KY586651.1|1998,2V_A,2V_A,2V,KY586651,10176,100,1998,Thailand,Thailand,KY586651,1998
1352,KY586652.1|2006,2V_A,2V_A,2V,KY586652,10176,100,2006,Thailand,Thailand,KY586652,2006
1353,KY586653.1|2001,2V_A,2V_A,2V,KY586653,10176,100,2001,Thailand,Thailand,KY586653,2001
1354,KY586654.1|2000,2V_A,2V_A,2V,KY586654,10176,100,2000,Thailand,Thailand,KY586654,2000
1355,KY586655.1|2001,2V_A,2V_A,2V,KY586655,10176,100,2001,Thailand,Thailand,KY586655,2001
1356,KY586656.1|1998,2V_A,2V_A,2V,KY586656,10175,99.99017296,1998,Thailand,Thailand,KY586656,1998
1357,KY586657.1|1998,2V_A,2V_A,2V,KY586657,10175,99.99017296,1998,Thailand,Thailand,KY586657,1998
1358,KY586658.1|1998,2V_A,2V_A,2V,KY586658,10175,99.99017296,1998,Thailand,Thailand,KY586658,1998
1359,KY586659.1|1998,2V_A,2V_A,2V,KY586659,10176,100,1998,Thailand,Thailand,KY586659,1998
1360,KY586660.1|1998,2V_A,2V_A,2V,KY586660,10176,100,1998,Thailand,Thailand,KY586660,1998
1361,KY586661.1|1995,2V_A,2V_A,2V,KY586661,10175,99.99017296,1995,Thailand,Thailand,KY586661,1995
1362,KY586662.1|1998,2V_A,2V_A,2V,KY586662,10176,100,1998,Thailand,Thailand,KY586662,1998
1363,KY586663.1|1998,2V_A,2V_A,2V,KY586663,10176,100,1998,Thailand,Thailand,KY586663,1998
1364,KY586664.1|1995,2V_A,2V_A,2V,KY586664,10176,100,1995,Thailand,Thailand,KY586664,1995
1365,KY586665.1|1998,2V_A,2V_A,2V,KY586665,10176,100,1998,Thailand,Thailand,KY586665,1998
1366,KY586666.1|1995,2V_A,2V_A,2V,KY586666,10175,99.99017296,1995,Thailand,Thailand,KY586666,1995
1367,KY586667.1|2001,2V_C,2V_C,2V,KY586667,10175,99.99017296,2001,Thailand,Thailand,KY586667,2001
1368,KY586668.1|2001,2V_C,2V_C,2V,KY586668,10175,99.99017296,2001,Thailand,Thailand,KY586668,2001
1369,KY586669.1|2000,2V_C,2V_C,2V,KY586669,10175,99.99017296,2000,Thailand,Thailand,KY586669,2000
1370,KY586670.1|1998,2V_C,2V_C,2V,KY586670,10175,99.99017296,1998,Thailand,Thailand,KY586670,1998
1371,KY586671.1|2000,2V_C,2V_C,2V,KY586671,10175,99.99017296,2000,Thailand,Thailand,KY586671,2000
1372,KY586672.1|2000,2V_C,2V_C,2V,KY586672,10176,100,2000,Thailand,Thailand,KY586672,2000
1373,KY586673.1|1995,2V_C,2V_C,2V,KY586673,10175,99.99017296,1995,Thailand,Thailand,KY586673,1995
1374,KY586674.1|1995,2V_C,2V_C,2V,KY586674,10176,100,1995,Thailand,Thailand,KY586674,1995
1375,KY586675.1|1995,2V,2V,2V,KY586675,10176,100,1995,Thailand,Thailand,KY586675,1995
1376,KY586676.1|1998,2V,2V,2V,KY586676,10175,99.99017296,1998,Thailand,Thailand,KY586676,1998
1377,KY586677.1|2002,2V_D,2V_D,2V,KY586677,10175,99.99017296,2002,Thailand,Thailand,KY586677,2002
1378,KY586678.1|2002,2V_D,2V_D,2V,KY586678,10175,99.99017296,2002,Thailand,Thailand,KY586678,2002
1379,KY586679.1|2001,2V_D,2V_D,2V,KY586679,10176,100,2001,Thailand,Thailand,KY586679,2001
1380,KY586680.1|2000,2V_D,2V_D,2V,KY586680,10175,99.99017296,2000,Thailand,Thailand,KY586680,2000
1381,KY586681.1|2001,2V_D,2V_D,2V,KY586681,10176,100,2001,Thailand,Thailand,KY586681,2001
1382,KY586682.1|2000,2V_D,2V_D,2V,KY586682,10175,99.99017296,2000,Thailand,Thailand,KY586682,2000
1383,KY586683.1|2000,2V_D,2V_D,2V,KY586683,10175,99.99017296,2000,Thailand,Thailand,KY586683,2000
1384,KY586684.1|1998,2V_D,2V_D,2V,KY586684,10176,100,1998,Thailand,Thailand,KY586684,1998
1385,KY586685.1|2006,2V_D,2V_D,2V,KY586685,10175,99.99017296,2006,Thailand,Thailand,KY586685,2006
1386,KY586686.1|2000,2V_D,2V_D,2V,KY586686,10175,99.99017296,2000,Thailand,Thailand,KY586686,2000
1387,KY586687.1|1998,2V_D,2V_D,2V,KY586687,10176,100,1998,Thailand,Thailand,KY586687,1998
1388,KY586688.1|1998,2V_D,2V_D,2V,KY586688,10176,100,1998,Thailand,Thailand,KY586688,1998
1389,KY586689.1|1995,2V,2V,2V,KY586689,10176,100,1995,Thailand,Thailand,KY586689,1995
1390,KY586690.1|1999,2V_B,2V_B,2V,KY586690,10175,99.99017296,1999,Thailand,Thailand,KY586690,1999
1391,KY586691.1|1998,2V_B,2V_B,2V,KY586691,10175,99.99017296,1998,Thailand,Thailand,KY586691,1998
1392,KY586692.1|2001,2V_B,2V_B,2V,KY586692,10176,100,2001,Thailand,Thailand,KY586692,2001
1393,KY586693.1|1995,2V_B,2V_B,2V,KY586693,10175,99.99017296,1995,Thailand,Thailand,KY586693,1995
1394,KY586694.1|1995,2V_B,2V_B,2V,KY586694,10175,99.99017296,1995,Thailand,Thailand,KY586694,1995
1395,KY586695.1|2005,2V_E,2V_E,2V,KY586695,10175,99.99017296,2005,Thailand,Thailand,KY586695,2005
1396,KY586696.1|2004,2V_E,2V_E,2V,KY586696,10175,99.99017296,2004,Thailand,Thailand,KY586696,2004
1397,KY586697.1|2004,2V_E,2V_E,2V,KY586697,10175,99.99017296,2004,Thailand,Thailand,KY586697,2004
1398,KY586698.1|2004,2V_E,2V_E,2V,KY586698,10175,99.99017296,2004,Thailand,Thailand,KY586698,2004
1399,KY586700.1|2009,2II_E.1,2II_E,2II,KY586700,10175,99.99017296,2009,Thailand,Thailand,KY586700,2009
1400,KY627762.1|2016-11-05,2II_B,2II_B,2II,KY627762,10675,104.903695,2016,Burkina Faso,Burkina Faso,KY627762,2016
1401,KY627763.1|2016-11-21,2II_B,2II_B,2II,KY627763,10675,104.903695,2016,Burkina Faso,Burkina Faso,KY627763,2016
1402,KX621245.1|2015,2II_F.1.1,2II_F,2II,KX621245,10681,104.9626572,2015,China,China,KX621245,2015
1403,KX621246.1|2015,2II_F.1.1,2II_F,2II,KX621246,10681,104.9626572,2015,China,China,KX621246,2015
1404,KX621247.1|2015,2II_F.1.1,2II_F,2II,KX621247,10681,104.9626572,2015,China,China,KX621247,2015
1405,KX621248.1|2015,2II_F.1.1,2II_F,2II,KX621248,10681,104.9626572,2015,China,China,KX621248,2015
1406,KX655786.1|2015,2II_D.1.1,2II_D,2II,KX655786,10653,104.6875,2015,China,China,KX655786,2015
1407,KX655787.1|2015,2II_D.1.1,2II_D,2II,KX655787,10635,104.5106132,2015,China,China,KX655787,2015
1408,KX655788.1|2015,2II_D.1.2,2II_D,2II,KX655788,10668,104.8349057,2015,China,China,KX655788,2015
1409,KY415992.1|2014-06-11,2III_C,2III_C,2III,KY415992,10724,105.3852201,2014,Haiti,Haiti,KY415992,2014
1410,KU509267.1|2010,2III_D.1,2III_D,2III,KU509267,10567,103.8423742,2010,Guatemala,Guatemala,KU509267,2010
1411,KU509268.1|2009,2II_F,2II_F,2II,KU509268,10523,103.4099843,2009,Indonesia: Bali,Indonesia,KU509268,2009
1412,KU509269.1|2009,2II_C,2II_C,2II,KU509269,10557,103.7441038,2009,Philippines,Philippines,KU509269,2009
1413,KU509271.1|2006,2II_A.1.1,2II_A,2II,KU509271,10546,103.6360063,2006,India,India,KU509271,2006
1414,KU509272.1|2009,2II_E.1,2II_E,2II,KU509272,10262,100.8451258,2009,Thailand,Thailand,KU509272,2009
1415,KU509273.1|2011,2V_A,2V_A,2V,KU509273,10543,103.6065252,2011,Thailand,Thailand,KU509273,2011
1416,KU509274.1|2010,2II_C,2II_C,2II,KU509274,10540,103.577044,2010,Philippines,Philippines,KU509274,2010
1417,KU509275.1|2008,2II_C.1,2II_C,2II,KU509275,10455,102.7417453,2008,Philippines,Philippines,KU509275,2008
1418,KU509276.1|2008,2II_C.1,2II_C,2II,KU509276,10395,102.1521226,2008,Philippines,Philippines,KU509276,2008
1419,KU509277.1|2010,2II_C.1,2II_C,2II,KU509277,10551,103.6851415,2010,Philippines,Philippines,KU509277,2010
1420,KX225485.1|2015,2II_D.1.1,2II_D,2II,KX225485,10668,104.8349057,2015,China,China,KX225485,2015
1421,KX225486.1|2015,2II_D.1.1,2II_D,2II,KX225486,10631,104.471305,2015,China,China,KX225486,2015
1422,KU666944.1|2014-01,2II_F.1.1,2II_F,2II,KU666944,10134,99.58726415,2014,Malaysia: Johor Bahru,Malaysia,KU666944,2014
1423,KU666945.1|2014-01,2II_C,2II_C,2II,KU666945,9720,95.51886792,2014,Malaysia: Johor Bahru,Malaysia,KU666945,2014
1424,KU666946.1|2014-02,2II_F.2.1,2II_F,2II,KU666946,9930,97.58254717,2014,Malaysia: Johor Bahru,Malaysia,KU666946,2014
1425,KU666947.1|2014-02,2II_F.1.1,2II_F,2II,KU666947,10068,98.93867925,2014,Malaysia: Johor Bahru,Malaysia,KU666947,2014
1426,KU666948.1|2014-02,2II_F.1.1,2II_F,2II,KU666948,9837,96.66863208,2014,Malaysia: Johor Bahru,Malaysia,KU666948,2014
1427,KU666949.1|2014-01,2II_F.1.2,2II_F,2II,KU666949,10074,98.99764151,2014,Malaysia: Johor Bahru,Malaysia,KU666949,2014
1428,KX702403.1|2016-02-05,2III_C,2III_C,2III,KX702403,10724,105.3852201,2016,Haiti,Haiti,KX702403,2016
1429,KX702404.1|2016-05-22,2III_C,2III_C,2III,KX702404,10723,105.3753931,2016,USA,USA,KX702404,2016
1430,KX372564.1|2015,2II_F.1.1,2II_F,2II,KX372564,10723,105.3753931,2015,Australia,Australia,KX372564,2015
1431,KU517845.1|2013-04-23,2II_E.2,2II_E,2II,KU517845,10723,105.3753931,2013,Papua New Guinea,Papua New Guinea,KU517845,2013
1432,KU517846.1|2014-05-07,2II_F.2.1,2II_F,2II,KU517846,10723,105.3753931,2014,Indonesia,Indonesia,KU517846,2014
1433,KU517847.1|2015-08-03,2II_F.1.1,2II_F,2II,KU517847,10723,105.3753931,2015,Philippines,Philippines,KU517847,2015
1434,KU948303.1|2016-02-23,2II_F.1.1,2II_F,2II,KU948303,10707,105.2181604,2016,Singapore,Singapore,KU948303,2016
1435,KP188549.1|2006-05-26,2III_C,2III_C,2III,KP188549,10783,105.9650157,2006,Brazil,Brazil,KP188549,2006
1436,KP188550.1|2008-06-17,2III_C,2III_C,2III,KP188550,10708,105.2279874,2008,Brazil,Brazil,KP188550,2008
1437,KP188551.1|2012-10-31,2III_C,2III_C,2III,KP188551,10603,104.1961478,2012,Brazil,Brazil,KP188551,2012
1438,KP188552.1|2012-11-28,2III_C,2III_C,2III,KP188552,10527,103.4492925,2012,Brazil,Brazil,KP188552,2012
1439,KP188553.1|2013-01-10,2III_C,2III_C,2III,KP188553,10403,102.230739,2013,Brazil,Brazil,KP188553,2013
1440,KP188554.1|2013-02-04,2III_C,2III_C,2III,KP188554,10699,105.139544,2013,Brazil,Brazil,KP188554,2013
1441,KP188555.1|2013-02-07,2III_C,2III_C,2III,KP188555,10657,104.7268082,2013,Brazil,Brazil,KP188555,2013
1442,KP188556.1|2013-02-08,2III_C,2III_C,2III,KP188556,10526,103.4394654,2013,Brazil,Brazil,KP188556,2013
1443,KP188569.1|2014-04-03,2III_C,2III_C,2III,KP188569,10420,102.3977987,2014,Brazil,Brazil,KP188569,2014
1444,KX380807.1|2012,2II_D,2II_D,2II,KX380807,10722,105.365566,2012,Singapore,Singapore,KX380807,2012
1445,KX380808.1|2012,2II_F.1.2,2II_F,2II,KX380808,10723,105.3753931,2012,Singapore,Singapore,KX380808,2012
1446,KX380809.1|2012,2II_F.2.2,2II_F,2II,KX380809,10722,105.365566,2012,Singapore,Singapore,KX380809,2012
1447,KX380810.1|2012,2II_F.2.2,2II_F,2II,KX380810,10720,105.3459119,2012,Singapore,Singapore,KX380810,2012
1448,KX380811.1|2012,2II_E.1,2II_E,2II,KX380811,10723,105.3753931,2012,Singapore,Singapore,KX380811,2012
1449,KX380812.1|2012,2II_E.1,2II_E,2II,KX380812,10722,105.365566,2012,Singapore,Singapore,KX380812,2012
1450,KX380813.1|2012,2II_E.1,2II_E,2II,KX380813,10723,105.3753931,2012,Singapore,Singapore,KX380813,2012
1451,KX380814.1|2012,2II_E.1,2II_E,2II,KX380814,10677,104.9233491,2012,Singapore,Singapore,KX380814,2012
1452,KX380815.1|2012,2II_F.1.1,2II_F,2II,KX380815,10722,105.365566,2012,Singapore,Singapore,KX380815,2012
1453,KX380816.1|2012,2II_E.1,2II_E,2II,KX380816,10719,105.3360849,2012,Singapore,Singapore,KX380816,2012
1454,KX380817.1|2012,2II_E.1,2II_E,2II,KX380817,10723,105.3753931,2012,Singapore,Singapore,KX380817,2012
1455,KX380818.1|2012,2II_F.1.1,2II_F,2II,KX380818,10723,105.3753931,2012,Singapore,Singapore,KX380818,2012
1456,KX380819.1|2012,2II_F.2.2,2II_F,2II,KX380819,10722,105.365566,2012,Singapore,Singapore,KX380819,2012
1457,KX380820.1|2012,2II_E.1,2II_E,2II,KX380820,10722,105.365566,2012,Singapore,Singapore,KX380820,2012
1458,KX380821.1|2012,2II_E.1,2II_E,2II,KX380821,10721,105.355739,2012,Singapore,Singapore,KX380821,2012
1459,KX380822.1|2012,2II_F.2.2,2II_F,2II,KX380822,10722,105.365566,2012,Singapore,Singapore,KX380822,2012
1460,KX380823.1|2012,2II_E.1,2II_E,2II,KX380823,10705,105.1985063,2012,Singapore,Singapore,KX380823,2012
1461,KX380824.1|2012,2II_E.1,2II_E,2II,KX380824,10723,105.3753931,2012,Singapore,Singapore,KX380824,2012
1462,KX380825.1|2013,2II_E.1,2II_E,2II,KX380825,10722,105.365566,2013,Singapore,Singapore,KX380825,2013
1463,KX380826.1|2013,2II_E.1,2II_E,2II,KX380826,10720,105.3459119,2013,Singapore,Singapore,KX380826,2013
1464,KX380827.1|2013,2II_E.1,2II_E,2II,KX380827,10721,105.355739,2013,Singapore,Singapore,KX380827,2013
1465,KX380828.1|2013,2II_A.1.1.1,2II_A,2II,KX380828,10723,105.3753931,2013,Singapore,Singapore,KX380828,2013
1466,KX380829.1|2013,2II_A.1.1.1,2II_A,2II,KX380829,10722,105.365566,2013,Singapore,Singapore,KX380829,2013
1467,KX380830.1|2013,2II_F.2.2,2II_F,2II,KX380830,10720,105.3459119,2013,Singapore,Singapore,KX380830,2013
1468,KX380831.1|2013,2II_E.1,2II_E,2II,KX380831,10718,105.3262579,2013,Singapore,Singapore,KX380831,2013
1469,KX380832.1|2013,2II_F.2.2,2II_F,2II,KX380832,10721,105.355739,2013,Singapore,Singapore,KX380832,2013
1470,KX380833.1|2013,2II_F.2.2,2II_F,2II,KX380833,10722,105.365566,2013,Singapore,Singapore,KX380833,2013
1471,KX380834.1|2013,2II_E.1,2II_E,2II,KX380834,10723,105.3753931,2013,Singapore,Singapore,KX380834,2013
1472,KX380835.1|2013,2II_F.2.2,2II_F,2II,KX380835,10696,105.1100629,2013,Singapore,Singapore,KX380835,2013
1473,KX380836.1|2013,2II_F.2.2,2II_F,2II,KX380836,10719,105.3360849,2013,Singapore,Singapore,KX380836,2013
1474,KX380837.1|2013,2II_E.1,2II_E,2II,KX380837,10720,105.3459119,2013,Singapore,Singapore,KX380837,2013
1475,KX380838.1|2013,2II_F.2.2,2II_F,2II,KX380838,10713,105.2771226,2013,Singapore,Singapore,KX380838,2013
1476,KU365901.1|2015,2II_D.3,2II_D,2II,KU365901,10638,104.5400943,2015,Taiwan,Taiwan,KU365901,2015
1477,KU365902.1|2015,2II_D.3,2II_D,2II,KU365902,10638,104.5400943,2015,Taiwan,Taiwan,KU365902,2015
1478,KU365903.1|2015,2II_D.3,2II_D,2II,KU365903,10638,104.5400943,2015,Taiwan,Taiwan,KU365903,2015
1479,LC111438.1|2005,2II,2II,2II,LC111438,10678,104.9331761,2005,East Timor,East Timor,LC111438,2005
1480,KT187553.1|2014,2II_D.1.1,2II_D,2II,KT187553,10723,105.3753931,2014,China: Guangdong,China,KT187553,2014
1481,KT187554.1|2014,2II_D.1.1,2II_D,2II,KT187554,10723,105.3753931,2014,China: Guangdong,China,KT187554,2014
1482,KT187555.1|2014,2II_D.1.1,2II_D,2II,KT187555,10723,105.3753931,2014,China: Guangdong,China,KT187555,2014
1483,KT187556.1|2014,2II_D.1.1,2II_D,2II,KT187556,10723,105.3753931,2014,China: Guangdong,China,KT187556,2014
1484,KT187557.1|2014,2II_D.1.1,2II_D,2II,KT187557,10723,105.3753931,2014,China: Guangdong,China,KT187557,2014
1485,KT187558.1|2014,2II_D.1.1,2II_D,2II,KT187558,10723,105.3753931,2014,China: Guangdong,China,KT187558,2014
1486,KM217156.1|2011-08,2II_A.1.2,2II_A,2II,KM217156,10656,104.7169811,2011,Pakistan,Pakistan,KM217156,2011
1487,KM217157.1|2011-08,2II_A.1.2,2II_A,2II,KM217157,10656,104.7169811,2011,Pakistan,Pakistan,KM217157,2011
1488,KM217158.1|2013-08,2II_A.1.2,2II_A,2II,KM217158,10656,104.7169811,2013,Pakistan,Pakistan,KM217158,2013
1489,KP723478.1|2014,2II_D.1.1,2II_D,2II,KP723478,10583,103.9996069,2014,China: Guangdong,China,KP723478,2014
1490,KP723479.1|2010,2II_D.2,2II_D,2II,KP723479,10723,105.3753931,2010,China: Guangdong,China,KP723479,2010
1491,KJ701507.1|2013-08-27,2II_A.1.2,2II_A,2II,KJ701507,10656,104.7169811,2013,Pakistan,Pakistan,KJ701507,2013
1492,KR779782.1|2007,2II_E.1,2II_E,2II,KR779782,10723,105.3753931,2007,Singapore,Singapore,KR779782,2007
1493,KR779786.2|2013,2II_E.1,2II_E,2II,KR779786,10723,105.3753931,2013,Singapore,Singapore,KR779786,2013
1494,KM279513.1|2011,2II_E.1,2II_E,2II,KM279513,10663,104.7857704,2011,Singapore,Singapore,KM279513,2011
1495,KM279514.1|2011,2II_E.1,2II_E,2II,KM279514,10679,104.9430031,2011,Singapore,Singapore,KM279514,2011
1496,KM279515.1|2011,2II_E.1,2II_E,2II,KM279515,10723,105.3753931,2011,Singapore,Singapore,KM279515,2011
1497,KM279516.1|2011,2II_E.1,2II_E,2II,KM279516,10670,104.8545597,2011,Singapore,Singapore,KM279516,2011
1498,KM279517.1|2011,2II_E.1,2II_E,2II,KM279517,10723,105.3753931,2011,Singapore,Singapore,KM279517,2011
1499,KM279518.1|2011,2II_E.1,2II_E,2II,KM279518,10723,105.3753931,2011,Singapore,Singapore,KM279518,2011
0,KM279519.1|2011,2II_E.1,2II_E,2II,KM279519,10723,105.3753931,2011,Singapore,Singapore,KM279519,2011
1,KM279520.1|2011,2II_E.1,2II_E,2II,KM279520,10723,105.3753931,2011,Singapore,Singapore,KM279520,2011
2,KM279521.1|2011,2II_E.1,2II_E,2II,KM279521,10723,105.3753931,2011,Singapore,Singapore,KM279521,2011
3,KM279522.1|2011,2II_E.1,2II_E,2II,KM279522,10723,105.3753931,2011,Singapore,Singapore,KM279522,2011
4,KM279523.1|2011,2II_E.1,2II_E,2II,KM279523,10723,105.3753931,2011,Singapore,Singapore,KM279523,2011
5,KM279524.1|2011,2II_E.1,2II_E,2II,KM279524,10723,105.3753931,2011,Singapore,Singapore,KM279524,2011
6,KM279525.1|2011,2II_E.1,2II_E,2II,KM279525,10723,105.3753931,2011,Singapore,Singapore,KM279525,2011
7,KM279526.1|2011,2II_E.1,2II_E,2II,KM279526,10723,105.3753931,2011,Singapore,Singapore,KM279526,2011
8,KM279527.1|2011,2II_E.1,2II_E,2II,KM279527,10687,105.0216195,2011,Singapore,Singapore,KM279527,2011
9,KM279528.1|2012,2II_E.1,2II_E,2II,KM279528,10723,105.3753931,2012,Singapore,Singapore,KM279528,2012
10,KM279529.1|2012,2II_E.1,2II_E,2II,KM279529,10700,105.1493711,2012,Singapore,Singapore,KM279529,2012
11,KM279530.1|2012,2II_E.1,2II_E,2II,KM279530,10723,105.3753931,2012,Singapore,Singapore,KM279530,2012
12,KM279531.1|2012,2II_E.1,2II_E,2II,KM279531,10695,105.1002358,2012,Singapore,Singapore,KM279531,2012
13,KM279532.1|2012,2II_E.1,2II_E,2II,KM279532,10723,105.3753931,2012,Singapore,Singapore,KM279532,2012
14,KM279533.1|2012,2II_E.1,2II_E,2II,KM279533,10723,105.3753931,2012,Singapore,Singapore,KM279533,2012
15,KM279534.1|2012,2II_E.1,2II_E,2II,KM279534,10723,105.3753931,2012,Singapore,Singapore,KM279534,2012
16,KM279535.1|2012,2II_E.1,2II_E,2II,KM279535,10723,105.3753931,2012,Singapore,Singapore,KM279535,2012
17,KM279536.1|2012,2II_E.1,2II_E,2II,KM279536,10723,105.3753931,2012,Singapore,Singapore,KM279536,2012
18,KM279537.1|2012,2II_E.1,2II_E,2II,KM279537,10723,105.3753931,2012,Singapore,Singapore,KM279537,2012
19,KM279538.1|2012,2II_E.1,2II_E,2II,KM279538,10723,105.3753931,2012,Singapore,Singapore,KM279538,2012
20,KM279539.1|2012,2II_E.1,2II_E,2II,KM279539,10723,105.3753931,2012,Singapore,Singapore,KM279539,2012
21,KM279540.1|2012,2II_E.1,2II_E,2II,KM279540,10723,105.3753931,2012,Singapore,Singapore,KM279540,2012
22,KM279541.1|2012,2II_E.1,2II_E,2II,KM279541,10723,105.3753931,2012,Singapore,Singapore,KM279541,2012
23,KM279542.1|2012,2II_E.1,2II_E,2II,KM279542,10723,105.3753931,2012,Singapore,Singapore,KM279542,2012
24,KM279543.1|2012,2II_E.1,2II_E,2II,KM279543,10723,105.3753931,2012,Singapore,Singapore,KM279543,2012
25,KM279544.1|2012,2II_E.1,2II_E,2II,KM279544,10723,105.3753931,2012,Singapore,Singapore,KM279544,2012
26,KM279545.1|2012,2II_E.1,2II_E,2II,KM279545,10723,105.3753931,2012,Singapore,Singapore,KM279545,2012
27,KM279546.1|2012,2II_E.1,2II_E,2II,KM279546,10723,105.3753931,2012,Singapore,Singapore,KM279546,2012
28,KM279547.1|2012,2II_E.1,2II_E,2II,KM279547,10670,104.8545597,2012,Singapore,Singapore,KM279547,2012
29,KM279548.1|2012,2II_E.1,2II_E,2II,KM279548,10723,105.3753931,2012,Singapore,Singapore,KM279548,2012
30,KM279549.1|2012,2II_E.1,2II_E,2II,KM279549,10723,105.3753931,2012,Singapore,Singapore,KM279549,2012
31,KM279550.1|2012,2II_E.1,2II_E,2II,KM279550,10723,105.3753931,2012,Singapore,Singapore,KM279550,2012
32,KM279551.1|2012,2II_E.1,2II_E,2II,KM279551,10723,105.3753931,2012,Singapore,Singapore,KM279551,2012
33,KM279552.1|2012,2II_E.1,2II_E,2II,KM279552,10723,105.3753931,2012,Singapore,Singapore,KM279552,2012
34,KM279553.1|2012,2II_E.1,2II_E,2II,KM279553,10723,105.3753931,2012,Singapore,Singapore,KM279553,2012
35,KM279554.1|2012,2II_E.1,2II_E,2II,KM279554,10723,105.3753931,2012,Singapore,Singapore,KM279554,2012
36,KM279555.1|2012,2II_E.1,2II_E,2II,KM279555,10723,105.3753931,2012,Singapore,Singapore,KM279555,2012
37,KM279556.1|2012,2II_E.1,2II_E,2II,KM279556,10723,105.3753931,2012,Singapore,Singapore,KM279556,2012
38,KM279557.1|2012,2II_E.1,2II_E,2II,KM279557,10724,105.3852201,2012,Singapore,Singapore,KM279557,2012
39,KM279558.1|2012,2II_E.1,2II_E,2II,KM279558,10723,105.3753931,2012,Singapore,Singapore,KM279558,2012
40,KM279559.1|2012,2II_E.1,2II_E,2II,KM279559,10723,105.3753931,2012,Singapore,Singapore,KM279559,2012
41,KM279560.1|2012,2II_E.1,2II_E,2II,KM279560,10723,105.3753931,2012,Singapore,Singapore,KM279560,2012
42,KM279561.1|2012,2II_E.1,2II_E,2II,KM279561,10723,105.3753931,2012,Singapore,Singapore,KM279561,2012
43,KM279562.1|2012,2II_E.1,2II_E,2II,KM279562,10723,105.3753931,2012,Singapore,Singapore,KM279562,2012
44,KM279563.1|2012,2II_E.1,2II_E,2II,KM279563,10723,105.3753931,2012,Singapore,Singapore,KM279563,2012
45,KM279564.1|2012,2II_E.1,2II_E,2II,KM279564,10723,105.3753931,2012,Singapore,Singapore,KM279564,2012
46,KM279565.1|2012,2II_E.1,2II_E,2II,KM279565,10723,105.3753931,2012,Singapore,Singapore,KM279565,2012
47,KM279566.1|2012,2II_E.1,2II_E,2II,KM279566,10723,105.3753931,2012,Singapore,Singapore,KM279566,2012
48,KM279567.1|2012,2II_E.1,2II_E,2II,KM279567,10723,105.3753931,2012,Singapore,Singapore,KM279567,2012
49,KM279568.1|2012,2II_E.1,2II_E,2II,KM279568,10723,105.3753931,2012,Singapore,Singapore,KM279568,2012
50,KM279569.1|2012,2II_E.1,2II_E,2II,KM279569,10723,105.3753931,2012,Singapore,Singapore,KM279569,2012
51,KM279570.1|2012,2II_E.1,2II_E,2II,KM279570,10723,105.3753931,2012,Singapore,Singapore,KM279570,2012
52,KM279571.1|2012,2II_E.1,2II_E,2II,KM279571,10723,105.3753931,2012,Singapore,Singapore,KM279571,2012
53,KM279572.1|2012,2II_E.1,2II_E,2II,KM279572,10723,105.3753931,2012,Singapore,Singapore,KM279572,2012
54,KM279573.1|2012,2II_E.1,2II_E,2II,KM279573,10723,105.3753931,2012,Singapore,Singapore,KM279573,2012
55,KM279574.1|2012,2II_E.1,2II_E,2II,KM279574,10322,101.4347484,2012,Singapore,Singapore,KM279574,2012
56,KM279575.1|2012,2II_E.1,2II_E,2II,KM279575,10723,105.3753931,2012,Singapore,Singapore,KM279575,2012
57,KM279576.1|2012,2II_E.1,2II_E,2II,KM279576,10723,105.3753931,2012,Singapore,Singapore,KM279576,2012
58,KM279577.1|2012,2II_E.1,2II_E,2II,KM279577,10723,105.3753931,2012,Singapore,Singapore,KM279577,2012
59,KM279578.1|2012,2II_E.1,2II_E,2II,KM279578,10723,105.3753931,2012,Singapore,Singapore,KM279578,2012
60,KM279579.1|2012,2II_E.1,2II_E,2II,KM279579,10723,105.3753931,2012,Singapore,Singapore,KM279579,2012
61,KM279580.1|2013,2II_E.1,2II_E,2II,KM279580,10322,101.4347484,2013,Singapore,Singapore,KM279580,2013
62,KM279581.1|2011,2II_E.1,2II_E,2II,KM279581,10723,105.3753931,2011,Singapore,Singapore,KM279581,2011
63,KM279582.1|2011,2II_E.1,2II_E,2II,KM279582,10723,105.3753931,2011,Singapore,Singapore,KM279582,2011
64,KM279583.1|2011,2II_E.1,2II_E,2II,KM279583,10695,105.1002358,2011,Singapore,Singapore,KM279583,2011
65,KM279584.1|2011,2II_E.1,2II_E,2II,KM279584,10634,104.5007862,2011,Singapore,Singapore,KM279584,2011
66,KM279585.1|2011,2II_E.1,2II_E,2II,KM279585,10273,100.9532233,2011,Singapore,Singapore,KM279585,2011
67,KM279586.1|2011,2II_E.1,2II_E,2II,KM279586,10723,105.3753931,2011,Singapore,Singapore,KM279586,2011
68,KM279587.1|2012,2II_E.1,2II_E,2II,KM279587,10723,105.3753931,2012,Singapore,Singapore,KM279587,2012
69,KM279588.1|2012,2II_E.1,2II_E,2II,KM279588,10723,105.3753931,2012,Singapore,Singapore,KM279588,2012
70,KM279589.1|2012,2II_E.1,2II_E,2II,KM279589,10675,104.903695,2012,Singapore,Singapore,KM279589,2012
71,KM279590.1|2012,2II_E.1,2II_E,2II,KM279590,10723,105.3753931,2012,Singapore,Singapore,KM279590,2012
72,KM279591.1|2012,2II_E.1,2II_E,2II,KM279591,10723,105.3753931,2012,Singapore,Singapore,KM279591,2012
73,KM279592.1|2012,2II_E.1,2II_E,2II,KM279592,10723,105.3753931,2012,Singapore,Singapore,KM279592,2012
74,KM279593.1|2012,2II_E.1,2II_E,2II,KM279593,10723,105.3753931,2012,Singapore,Singapore,KM279593,2012
75,KM279594.1|2012,2II_E.1,2II_E,2II,KM279594,10723,105.3753931,2012,Singapore,Singapore,KM279594,2012
76,KM279595.1|2012,2II_E.1,2II_E,2II,KM279595,10723,105.3753931,2012,Singapore,Singapore,KM279595,2012
77,KM279596.1|2012,2II_E.1,2II_E,2II,KM279596,10682,104.9724843,2012,Singapore,Singapore,KM279596,2012
78,KM279597.1|2012,2II_E.1,2II_E,2II,KM279597,10723,105.3753931,2012,Singapore,Singapore,KM279597,2012
79,KM279598.1|2012,2II_E.1,2II_E,2II,KM279598,10723,105.3753931,2012,Singapore,Singapore,KM279598,2012
80,KM279599.1|2012,2II_E.1,2II_E,2II,KM279599,10723,105.3753931,2012,Singapore,Singapore,KM279599,2012
81,KM279600.1|2012,2II_E.1,2II_E,2II,KM279600,10723,105.3753931,2012,Singapore,Singapore,KM279600,2012
82,KM279601.1|2012,2II_E.1,2II_E,2II,KM279601,10723,105.3753931,2012,Singapore,Singapore,KM279601,2012
83,KM279602.1|2008,2II_E.1,2II_E,2II,KM279602,10176,100,2008,Singapore,Singapore,KM279602,2008
84,KM279603.1|2007,2II_E.1,2II_E,2II,KM279603,10176,100,2007,Singapore,Singapore,KM279603,2007
85,KM279604.1|2008,2II_E.1,2II_E,2II,KM279604,10176,100,2008,Singapore,Singapore,KM279604,2008
86,KM279605.1|2009,2II_E.1,2II_E,2II,KM279605,10176,100,2009,Singapore,Singapore,KM279605,2009
87,KM279606.1|2010,2II_E.1,2II_E,2II,KM279606,10176,100,2010,Singapore,Singapore,KM279606,2010
88,KM279607.1|2010,2II_E.1,2II_E,2II,KM279607,10176,100,2010,Singapore,Singapore,KM279607,2010
89,KM279608.1|2010,2II_E.1,2II_E,2II,KM279608,10176,100,2010,Singapore,Singapore,KM279608,2010
90,KM279609.1|2009,2II_E.1,2II_E,2II,KM279609,10176,100,2009,Singapore,Singapore,KM279609,2009
91,KM279610.1|2010,2II_E.1,2II_E,2II,KM279610,10176,100,2010,Singapore,Singapore,KM279610,2010
92,KP012546.1|2014,2II_D.1.1,2II_D,2II,KP012546,10723,105.3753931,2014,China: Guangdong,China,KP012546,2014
93,KC762655.1|2007-09-27,2II_E.2,2II_E,2II,KC762655,10723,105.3753931,2007,Indonesia: Makassar,Indonesia,KC762655,2007
94,KC762656.1|2007-12-11,2II_E.2,2II_E,2II,KC762656,10723,105.3753931,2007,Indonesia: Makassar,Indonesia,KC762656,2007
95,KC762657.1|2008-04-23,2II_E,2II_E,2II,KC762657,10723,105.3753931,2008,Indonesia: Makassar,Indonesia,KC762657,2008
96,KC762658.1|2007-08-14,2II_E,2II_E,2II,KC762658,10723,105.3753931,2007,Indonesia: Makassar,Indonesia,KC762658,2007
97,KC762659.1|2008-04-15,2II_E,2II_E,2II,KC762659,10723,105.3753931,2008,Indonesia: Makassar,Indonesia,KC762659,2008
98,KC762660.1|2007-11-21,2II_E,2II_E,2II,KC762660,10723,105.3753931,2007,Indonesia: Makassar,Indonesia,KC762660,2007
99,KC762661.1|2007-09-24,2II_E,2II_E,2II,KC762661,10723,105.3753931,2007,Indonesia: Makassar,Indonesia,KC762661,2007
100,KC762662.1|2007-11-21,2II_E,2II_E,2II,KC762662,10723,105.3753931,2007,Indonesia: Makassar,Indonesia,KC762662,2007
101,KC762663.1|2008-02-20,2II_E,2II_E,2II,KC762663,10723,105.3753931,2008,Indonesia: Makassar,Indonesia,KC762663,2008
102,KC762664.1|2008-03-28,2II_E,2II_E,2II,KC762664,10723,105.3753931,2008,Indonesia: Makassar,Indonesia,KC762664,2008
103,KC762665.1|2007-07-06,2II_E,2II_E,2II,KC762665,10723,105.3753931,2007,Indonesia: Makassar,Indonesia,KC762665,2007
104,KC762666.1|2008-02-15,2II_E,2II_E,2II,KC762666,10723,105.3753931,2008,Indonesia: Makassar,Indonesia,KC762666,2008
105,KC762667.1|2008-04-12,2II_E,2II_E,2II,KC762667,10723,105.3753931,2008,Indonesia: Makassar,Indonesia,KC762667,2008
106,KC762668.1|2008-03-11,2II_F,2II_F,2II,KC762668,10723,105.3753931,2008,Indonesia: Makassar,Indonesia,KC762668,2008
107,KC762669.1|2007-07-17,2II_F,2II_F,2II,KC762669,10723,105.3753931,2007,Indonesia: Makassar,Indonesia,KC762669,2007
108,KC762670.1|2007-12-11,2II_F,2II_F,2II,KC762670,10723,105.3753931,2007,Indonesia: Makassar,Indonesia,KC762670,2007
109,KC762671.1|2008-02-19,2II_D.2,2II_D,2II,KC762671,10723,105.3753931,2008,Indonesia: Makassar,Indonesia,KC762671,2008
110,KC762672.1|2008-04-09,2II_D.2,2II_D,2II,KC762672,10723,105.3753931,2008,Indonesia: Makassar,Indonesia,KC762672,2008
111,KC762673.1|2008-03-11,2II_D.3,2II_D,2II,KC762673,10723,105.3753931,2008,Indonesia: Makassar,Indonesia,KC762673,2008
112,KC762674.1|2008-03-11,2II_D.3,2II_D,2II,KC762674,10723,105.3753931,2008,Indonesia: Makassar,Indonesia,KC762674,2008
113,KC762675.1|2008-03-08,2II_D.3,2II_D,2II,KC762675,10723,105.3753931,2008,Indonesia: Makassar,Indonesia,KC762675,2008
114,KC762676.1|2007-07-17,2II_D.3,2II_D,2II,KC762676,10723,105.3753931,2007,Indonesia: Makassar,Indonesia,KC762676,2007
115,KC762677.1|2008-02-15,2II_D.3,2II_D,2II,KC762677,10723,105.3753931,2008,Indonesia: Makassar,Indonesia,KC762677,2008
116,KC762678.1|2010-03-04,2II_E,2II_E,2II,KC762678,10723,105.3753931,2010,Indonesia: Makassar,Indonesia,KC762678,2010
117,KC762679.1|2010-03-29,2II_D.2,2II_D,2II,KC762679,10723,105.3753931,2010,Indonesia: Makassar,Indonesia,KC762679,2010
118,KC762680.1|2010-04-05,2II_D.2,2II_D,2II,KC762680,10723,105.3753931,2010,Indonesia: Makassar,Indonesia,KC762680,2010
119,KF744397.1|2001,2II_C,2II_C,2II,KF744397,10176,100,2001,Philippines,Philippines,KF744397,2001
120,KF744398.1|2005,2II_C.2,2II_C,2II,KF744398,10176,100,2005,Philippines,Philippines,KF744398,2005
121,KF744399.1|1998,2IV,2IV,2IV,KF744399,10176,100,1998,Philippines,Philippines,KF744399,1998
122,KF744400.1|2000,2IV,2IV,2IV,KF744400,10176,100,2000,Philippines,Philippines,KF744400,2000
123,KF744401.1|2000,2IV,2IV,2IV,KF744401,10176,100,2000,Philippines,Philippines,KF744401,2000
124,KF744402.1|2000,2IV,2IV,2IV,KF744402,10176,100,2000,Philippines,Philippines,KF744402,2000
125,KF744403.1|1995,2IV,2IV,2IV,KF744403,10176,100,1995,Philippines,Philippines,KF744403,1995
126,KF744404.1|1996,2IV,2IV,2IV,KF744404,10176,100,1996,Philippines,Philippines,KF744404,1996
127,KF744405.1|1996,2IV,2IV,2IV,KF744405,10176,100,1996,Philippines,Philippines,KF744405,1996
128,KF744406.1|1995,2IV,2IV,2IV,KF744406,10176,100,1995,Philippines,Philippines,KF744406,1995
129,KF744407.1|1996,2IV,2IV,2IV,KF744407,10176,100,1996,Philippines,Philippines,KF744407,1996
130,KF744408.1|2005,2IV,2IV,2IV,KF744408,10176,100,2005,Philippines,Philippines,KF744408,2005
131,KM204118.1|1944,unassigned,unassigned,unassigned,KM204118,10723,105.3753931,1944,Papua New Guinea,Papua New Guinea,KM204118,1944
132,KJ830750.1|2014-01-13,2II_A.1.2,2II_A,2II,KJ830750,10718,105.3262579,2014,Saudi Arabia,Saudi Arabia,KJ830750,2014
133,JX073928.1|2001,2III_E,2III_E,2III,JX073928,10723,105.3753931,2001,Brazil,Brazil,JX073928,2001
134,KJ010185.1|2011-10-20,2II_A.1.2,2II_A,2II,KJ010185,10629,104.4516509,2011,Pakistan,Pakistan,KJ010185,2011
135,KJ010186.1|2013-10-02,2II_A.1.2,2II_A,2II,KJ010186,10629,104.4516509,2013,Pakistan,Pakistan,KJ010186,2013
136,KJ189305.1|2000,2III_D.3,2III_D,2III,KJ189305,10478,102.9677673,2000,Colombia,Colombia,KJ189305,2000
137,KJ189308.1|2009,2III_D.1,2III_D,2III,KJ189308,10477,102.9579403,2009,Mexico,Mexico,KJ189308,2009
138,KJ189309.1|2010,2III_D.1,2III_D,2III,KJ189309,10300,101.2185535,2010,Mexico,Mexico,KJ189309,2010
139,KJ189310.1|2007,2III_D.1,2III_D,2III,KJ189310,10520,103.3805031,2007,Mexico,Mexico,KJ189310,2007
140,KJ189311.1|2007,2III_D.1,2III_D,2III,KJ189311,10715,105.2967767,2007,Mexico,Mexico,KJ189311,2007
141,KJ189370.1|2011,2III_D.1.2,2III_D,2III,KJ189370,10481,102.9972484,2011,Mexico,Mexico,KJ189370,2011
142,JQ955623.1|2009,2II_A.1,2II_A,2II,JQ955623,10670,104.8545597,2009,India: Delhi,India,JQ955623,2009
143,JQ955624.1|2011,2II_A.1.1,2II_A,2II,JQ955624,10670,104.8545597,2011,India: Odisha,India,JQ955624,2011
144,JX475906.1|2009,2II_A.2.1,2II_A,2II,JX475906,10670,104.8545597,2009,India: Hyderabad,India,JX475906,2009
145,KF955342.1|2005,2III_D.2,2III_D,2III,KF955342,7637,75.04913522,2005,Colombia,Colombia,KF955342,2005
146,KF955344.1|2001,2III_D.1,2III_D,2III,KF955344,8930,87.75550314,2001,Nicaragua,Nicaragua,KF955344,2001
147,KF955346.1|2007,2III_D.3,2III_D,2III,KF955346,10555,103.7244497,2007,Venezuela,Venezuela,KF955346,2007
148,KF955348.1|2007,2III_D.2,2III_D,2III,KF955348,7428,72.99528302,2007,Venezuela,Venezuela,KF955348,2007
149,KF955350.1|1999,2III_B,2III_B,2III,KF955350,7519,73.88954403,1999,Nicaragua,Nicaragua,KF955350,1999
150,KF955352.1|2001,2III_D.1,2III_D,2III,KF955352,9182,90.23191824,2001,Nicaragua,Nicaragua,KF955352,2001
151,KF955356.1|2005,2III_D.1,2III_D,2III,KF955356,9483,93.18985849,2005,Mexico,Mexico,KF955356,2005
152,KF955357.1|2003,2III_D.1,2III_D,2III,KF955357,8390,82.44889937,2003,Mexico,Mexico,KF955357,2003
153,KF955359.1|2006,2III_B,2III_B,2III,KF955359,10531,103.4886006,2006,Puerto Rico,USA,KF955359,2006
154,KF955360.1|2006,2III_B,2III_B,2III,KF955360,10531,103.4886006,2006,Puerto Rico,USA,KF955360,2006
155,KF955362.1|2005,2III_D.1.3,2III_D,2III,KF955362,10740,105.5424528,2005,Nicaragua,Nicaragua,KF955362,2005
156,KF955363.1|1986,2III,2III,2III,KF955363,10531,103.4886006,1986,Puerto Rico,USA,KF955363,1986
157,KF955364.1|2006,2III_B,2III_B,2III,KF955364,10521,103.3903302,2006,Puerto Rico,USA,KF955364,2006
158,KF955366.1|2007,2III_D.1.1,2III_D,2III,KF955366,10658,104.7366352,2007,Nicaragua,Nicaragua,KF955366,2007
159,KF955369.1|2007,2III_D.1.1,2III_D,2III,KF955369,10651,104.6678459,2007,Nicaragua,Nicaragua,KF955369,2007
160,KF955371.1|1994,2III,2III,2III,KF955371,10391,102.1128145,1994,Puerto Rico,USA,KF955371,1994
161,KF955372.1|1997,2III_B,2III_B,2III,KF955372,10646,104.6187107,1997,Puerto Rico,USA,KF955372,1997
162,KF955373.1|1997,2III_B,2III_B,2III,KF955373,10991,108.0090409,1997,Puerto Rico,USA,KF955373,1997
163,KF955374.1|2007,2III_D.1.1,2III_D,2III,KF955374,7534,74.03694969,2007,Nicaragua,Nicaragua,KF955374,2007
164,KF955375.1|2006,2III_D.1.3,2III_D,2III,KF955375,7259,71.33451258,2006,Nicaragua,Nicaragua,KF955375,2006
165,KF955376.1|2006,2III_D.1.3,2III_D,2III,KF955376,7531,74.00746855,2006,Nicaragua,Nicaragua,KF955376,2006
166,KF955377.1|2006,2III_D.1.3,2III_D,2III,KF955377,7548,74.1745283,2006,Nicaragua,Nicaragua,KF955377,2006
167,KF955379.1|2001,2III_D.1,2III_D,2III,KF955379,7473,73.4375,2001,Nicaragua,Nicaragua,KF955379,2001
168,KF955380.1|2001,2III_D.1,2III_D,2III,KF955380,7537,74.06643082,2001,Nicaragua,Nicaragua,KF955380,2001
169,KF955381.1|2001,2III_D.1,2III_D,2III,KF955381,7241,71.15762579,2001,Nicaragua,Nicaragua,KF955381,2001
170,KF955382.1|2001,2III_D.1,2III_D,2III,KF955382,7485,73.55542453,2001,Nicaragua,Nicaragua,KF955382,2001
171,KF955383.1|2001,2III_D.1,2III_D,2III,KF955383,7510,73.80110063,2001,Nicaragua,Nicaragua,KF955383,2001
172,KF955385.1|2007,2III_D.2,2III_D,2III,KF955385,10572,103.8915094,2007,Venezuela,Venezuela,KF955385,2007
173,KF955386.1|2007,2III_D.2,2III_D,2III,KF955386,8017,78.78341195,2007,Venezuela,Venezuela,KF955386,2007
174,KF955395.1|2007,2III_D.1,2III_D,2III,KF955395,10649,104.6481918,2007,Mexico,Mexico,KF955395,2007
175,KF955396.1|2008,2III_D.1,2III_D,2III,KF955396,8232,80.89622642,2008,Mexico,Mexico,KF955396,2008
176,KF955398.1|2008,2V_A.1,2V_A,2V,KF955398,7387,72.59237421,2008,Cambodia,Cambodia,KF955398,2008
177,KF955399.1|2008,2V_A.4,2V_A,2V,KF955399,9637,94.70322327,2008,Cambodia,Cambodia,KF955399,2008
178,KF955400.1|2005,2III_D.1.3,2III_D,2III,KF955400,9882,97.11084906,2005,Nicaragua,Nicaragua,KF955400,2005
179,KF955401.1|2008,2V_A.1,2V_A,2V,KF955401,10558,103.7539308,2008,Cambodia,Cambodia,KF955401,2008
180,KF955402.1|2008,2V_A.1,2V_A,2V,KF955402,10505,103.2330975,2008,Cambodia,Cambodia,KF955402,2008
181,KF921930.1|2002,2V_A,2V_A,2V,KF921930,10283,101.0514937,2002,Cambodia,Cambodia,KF921930,2002
182,KF921931.1|2003,2III_A,2III_A,2III,KF921931,10370,101.9064465,2003,Cambodia,Cambodia,KF921931,2003
183,KC294200.1|2007-03-28,2III_B,2III_B,2III,KC294200,10724,105.3852201,2007,Peru: Puerto Maldonado,Peru,KC294200,2007
184,KC294201.1|2009-02-13,2III_B,2III_B,2III,KC294201,10723,105.3753931,2009,Peru: Puerto Maldonado,Peru,KC294201,2009
185,KC294202.1|2010-12-13,2III_C,2III_C,2III,KC294202,10723,105.3753931,2010,Peru: Iquitos,Peru,KC294202,2010
186,KC294203.1|2010-12-29,2III_C,2III_C,2III,KC294203,10723,105.3753931,2010,Peru: Iquitos,Peru,KC294203,2010
187,KC294204.1|2011-01-03,2III_C,2III_C,2III,KC294204,10723,105.3753931,2011,Peru: Iquitos,Peru,KC294204,2011
188,KC294205.1|2011-01-18,2III_C,2III_C,2III,KC294205,10723,105.3753931,2011,Peru: Iquitos,Peru,KC294205,2011
189,KC294206.1|2011-02-07,2III_C,2III_C,2III,KC294206,10723,105.3753931,2011,Peru: Iquitos,Peru,KC294206,2011
190,KC294207.1|2011-02-11,2III_C,2III_C,2III,KC294207,10723,105.3753931,2011,Peru: Iquitos,Peru,KC294207,2011
191,KC294208.1|2011-02-23,2III_C,2III_C,2III,KC294208,10723,105.3753931,2011,Peru: Iquitos,Peru,KC294208,2011
192,KC294209.1|2011-03-01,2III_C,2III_C,2III,KC294209,10723,105.3753931,2011,Peru: Iquitos,Peru,KC294209,2011
193,KC294210.1|2011-03-23,2III_C,2III_C,2III,KC294210,10723,105.3753931,2011,Peru: Iquitos,Peru,KC294210,2011
194,KC294211.1|2011-04-04,2III_C,2III_C,2III,KC294211,10723,105.3753931,2011,Peru: Iquitos,Peru,KC294211,2011
195,KC294212.1|2011-04-24,2III_C,2III_C,2III,KC294212,10723,105.3753931,2011,Peru: Iquitos,Peru,KC294212,2011
196,KC294213.1|2011-04-29,2III_C,2III_C,2III,KC294213,10723,105.3753931,2011,Peru: Iquitos,Peru,KC294213,2011
197,KC294214.1|2011-05-11,2III_C,2III_C,2III,KC294214,10723,105.3753931,2011,Peru: Iquitos,Peru,KC294214,2011
198,KC294215.1|2010-12-22,2III_C,2III_C,2III,KC294215,10723,105.3753931,2010,Peru: Yurimaguas,Peru,KC294215,2010
199,KC294216.1|2002-02-06,2III_B,2III_B,2III,KC294216,10723,105.3753931,2002,Peru: Iquitos,Peru,KC294216,2002
200,KC294217.1|2010-11-22,2III_C,2III_C,2III,KC294217,10723,105.3753931,2010,Peru: Yurimaguas,Peru,KC294217,2010
201,KC294218.1|2011-01-24,2III_C,2III_C,2III,KC294218,10723,105.3753931,2011,Peru: Iquitos,Peru,KC294218,2011
202,KC294219.1|2010-10-21,2III_C,2III_C,2III,KC294219,10723,105.3753931,2010,Peru: Iquitos,Peru,KC294219,2010
203,KC294220.1|2010-11-04,2III_C,2III_C,2III,KC294220,10723,105.3753931,2010,Peru: Iquitos,Peru,KC294220,2010
204,KC294221.1|2010-11-16,2III_C,2III_C,2III,KC294221,10723,105.3753931,2010,Peru: Iquitos,Peru,KC294221,2010
205,KC294222.1|2002-03-22,2III_B,2III_B,2III,KC294222,10723,105.3753931,2002,Peru: Iquitos,Peru,KC294222,2002
206,KC294223.1|2010-10-19,2III_C,2III_C,2III,KC294223,10723,105.3753931,2010,Peru: Iquitos,Peru,KC294223,2010
207,EU920828.1|1993-02,2III,2III,2III,EU920828,10663,104.7857704,1993,French Guiana,French Guiana,EU920828,1993
208,EU920829.1|1997-06,2III_E,2III_E,2III,EU920829,10724,105.3852201,1997,French Guiana,French Guiana,EU920829,1997
209,EU920830.1|1998-02,2III_E,2III_E,2III,EU920830,10717,105.3164308,1998,French Guiana,French Guiana,EU920830,1998
210,EU920831.1|1998-08,2III_E,2III_E,2III,EU920831,10694,105.0904088,1998,French Guiana,French Guiana,EU920831,1998
211,EU920832.1|1999-05,2III_C,2III_C,2III,EU920832,10698,105.129717,1999,French Guiana,French Guiana,EU920832,1999
212,EU920833.1|2000-01,2III_C,2III_C,2III,EU920833,10649,104.6481918,2000,French Guiana,French Guiana,EU920833,2000
213,EU920834.1|2001-12,2III_E,2III_E,2III,EU920834,10676,104.913522,2001,French Guiana,French Guiana,EU920834,2001
214,EU920835.1|2002-04,2III_E,2III_E,2III,EU920835,10724,105.3852201,2002,French Guiana,French Guiana,EU920835,2002
215,EU920836.1|2005-06,2III_C,2III_C,2III,EU920836,10724,105.3852201,2005,Martinique,Martinique,EU920836,2005
216,EU920837.1|2005-08,2III_C,2III_C,2III,EU920837,10717,105.3164308,2005,Martinique,Martinique,EU920837,2005
217,EU920838.1|2005-08,2III_C,2III_C,2III,EU920838,10659,104.7464623,2005,Suriname,Suriname,EU920838,2005
218,EU920839.1|2005-09,2III_C,2III_C,2III,EU920839,10711,105.2574686,2005,Martinique,Martinique,EU920839,2005
219,EU920840.1|2005-10,2III_E,2III_E,2III,EU920840,10688,105.0314465,2005,French Guiana,French Guiana,EU920840,2005
220,EU920841.1|2005-10,2III_C,2III_C,2III,EU920841,10665,104.8054245,2005,Martinique,Martinique,EU920841,2005
221,EU920842.1|2005-10,2III_C,2III_C,2III,EU920842,10726,105.4048742,2005,Suriname,Suriname,EU920842,2005
222,EU920843.1|2005-11,2III_C,2III_C,2III,EU920843,10647,104.6285377,2005,Martinique,Martinique,EU920843,2005
223,EU920844.1|2006-01,2III_C,2III_C,2III,EU920844,10724,105.3852201,2006,French Guiana,French Guiana,EU920844,2006
224,EU920845.1|2006-01,2III_C,2III_C,2III,EU920845,10666,104.8152516,2006,French Guiana,French Guiana,EU920845,2006
225,EU920846.1|2006-03,2III_C,2III_C,2III,EU920846,10687,105.0216195,2006,French Guiana,French Guiana,EU920846,2006
226,EU920847.1|2006-04,2III_C,2III_C,2III,EU920847,10644,104.5990566,2006,French Guiana,French Guiana,EU920847,2006
227,EU920848.1|2006-04,2III_C,2III_C,2III,EU920848,10724,105.3852201,2006,French Guiana,French Guiana,EU920848,2006
228,EU920849.1|2006-09,2III_C,2III_C,2III,EU920849,10690,105.0511006,2006,Guadeloupe,Guadeloupe,EU920849,2006
229,EU920850.1|2006-10,2III_C,2III_C,2III,EU920850,10613,104.2944182,2006,Guadeloupe,Guadeloupe,EU920850,2006
230,KF041232.1|2011,2II_A.1.2,2II_A,2II,KF041232,10723,105.3753931,2011,Pakistan: Lahore,Pakistan,KF041232,2011
231,KF041233.1|2011,2II_A.1.2,2II_A,2II,KF041233,10723,105.3753931,2011,Pakistan: Muridke,Pakistan,KF041233,2011
232,KF041234.1|2011,2II_A.1.2,2II_A,2II,KF041234,10723,105.3753931,2011,Pakistan: Lahore,Pakistan,KF041234,2011
233,KF041235.1|2009,2II_A.1.2,2II_A,2II,KF041235,10723,105.3753931,2009,Pakistan: Karachi,Pakistan,KF041235,2009
234,KF041236.1|2008,2II_A.1,2II_A,2II,KF041236,10723,105.3753931,2008,Pakistan: Karachi,Pakistan,KF041236,2008
235,KF041237.1|2009,2II_A.1.2,2II_A,2II,KF041237,10723,105.3753931,2009,Pakistan: Karachi,Pakistan,KF041237,2009
236,KC964093.1|2001,2II_C,2II_C,2II,KC964093,10723,105.3753931,2001,"China: Jiangmen, Guangdong Province",China,KC964093,2001
237,KC964094.1|1993,2II,2II,2II,KC964094,10723,105.3753931,1993,"China: Foshan, Guangdong Province",China,KC964094,1993
238,KC964095.1|1998,2V_D,2V_D,2V,KC964095,10723,105.3753931,1998,"China: Nanhai, Guangdong Province",China,KC964095,1998
239,KF360005.1|2010-11-01,2II_A.1.2,2II_A,2II,KF360005,10629,104.4516509,2010,Pakistan,Pakistan,KF360005,2010
240,KF479233.1|2013-01-04,2II_A.1.1.1,2II_A,2II,KF479233,10723,105.3753931,2013,China,China,KF479233,2013
241,JX669476.1|2010,2III_C,2III_C,2III,JX669476,10723,105.3753931,2010,Brazil: Pernambuco,Brazil,JX669476,2010
242,JX669477.1|2010,2III_C,2III_C,2III,JX669477,10723,105.3753931,2010,Brazil: Pernambuco,Brazil,JX669477,2010
243,JX669478.1|2010,2III_C,2III_C,2III,JX669478,10723,105.3753931,2010,Brazil: Pernambuco,Brazil,JX669478,2010
244,JX669479.1|2010,2III_C,2III_C,2III,JX669479,10726,105.4048742,2010,Brazil: Pernambuco,Brazil,JX669479,2010
245,JX669480.1|1995,2III_B,2III_B,2III,JX669480,10723,105.3753931,1995,Brazil: Pernambuco,Brazil,JX669480,1995
246,JX669481.1|1995,2III_B,2III_B,2III,JX669481,10723,105.3753931,1995,Brazil: Pernambuco,Brazil,JX669481,1995
247,JX669482.1|1995,2III_B,2III_B,2III,JX669482,10726,105.4048742,1995,Brazil: Pernambuco,Brazil,JX669482,1995
248,JX669483.1|1997,2III_B,2III_B,2III,JX669483,10725,105.3950472,1997,Brazil: Pernambuco,Brazil,JX669483,1997
249,JX669484.1|1998,2III_B,2III_B,2III,JX669484,10723,105.3753931,1998,Brazil: Pernambuco,Brazil,JX669484,1998
250,JX669485.1|1998,2III_B,2III_B,2III,JX669485,10723,105.3753931,1998,Brazil: Pernambuco,Brazil,JX669485,1998
251,JX669486.1|1999,2III_B,2III_B,2III,JX669486,10724,105.3852201,1999,Brazil: Pernambuco,Brazil,JX669486,1999
252,JX669487.1|2000,2III_B,2III_B,2III,JX669487,10723,105.3753931,2000,Brazil: Pernambuco,Brazil,JX669487,2000
253,JX669488.1|2002,2III_B,2III_B,2III,JX669488,10724,105.3852201,2002,Brazil: Pernambuco,Brazil,JX669488,2002
254,JX649147.1|1995,2III_A,2III_A,2III,JX649147,10723,105.3753931,1995,Viet Nam,Viet Nam,JX649147,1995
255,JX649148.1|1995,2III_A,2III_A,2III,JX649148,10723,105.3753931,1995,Viet Nam,Viet Nam,JX649148,1995
256,JX966379.1|1994,2I,2I,2I,JX966379,10713,105.2771226,1994,Mexico,Mexico,JX966379,1994
257,JX966380.1|1969,2I,2I,2I,JX966380,10712,105.2672956,1969,Puerto Rico,USA,JX966380,1969
258,JX286516.1|2010-03-01,2III_C,2III_C,2III,JX286516,10542,103.5966981,2010,"Brazil: Santos, Sao Paulo",Brazil,JX286516,2010
259,JX286517.1|2010-03-01,2III_C,2III_C,2III,JX286517,10539,103.567217,2010,Brazil,Brazil,JX286517,2010
260,JX286518.1|2010-04-12,2III_C,2III_C,2III,JX286518,10544,103.6163522,2010,Brazil,Brazil,JX286518,2010
261,JX286519.1|2010-05-04,2III_C,2III_C,2III,JX286519,10540,103.577044,2010,Brazil,Brazil,JX286519,2010
262,JX286520.1|2010-02-24,2III_C,2III_C,2III,JX286520,10598,104.1470126,2010,Brazil,Brazil,JX286520,2010
263,JX286521.1|2010-05-04,2III_C,2III_C,2III,JX286521,10597,104.1371855,2010,Brazil,Brazil,JX286521,2010
264,JX286522.1|2010-02-24,2III_C,2III_C,2III,JX286522,10599,104.1568396,2010,Brazil,Brazil,JX286522,2010
265,JX286523.1|2010-03-24,2III_C,2III_C,2III,JX286523,10611,104.2747642,2010,Brazil,Brazil,JX286523,2010
266,JX286524.1|2010-04-15,2III_C,2III_C,2III,JX286524,10587,104.0389151,2010,Brazil,Brazil,JX286524,2010
267,JX286525.1|2010-03-09,2III_C,2III_C,2III,JX286525,10596,104.1273585,2010,Brazil,Brazil,JX286525,2010
268,JX286526.1|2010-03-30,2III_C,2III_C,2III,JX286526,10630,104.461478,2010,Brazil,Brazil,JX286526,2010
269,JQ922549.1|1996,2II_A.1,2II_A,2II,JQ922549,10648,104.6383648,1996,"India: Dhule, Maharashtra",India,JQ922549,1996
270,JQ922550.1|1971,2I,2I,2I,JQ922550,10619,104.3533805,1971,"India: Jaipur, Rajasthan",India,JQ922550,1971
271,JQ922551.1|2005,2II_A,2II_A,2II,JQ922551,10639,104.5499214,2005,"India: Pune, Maharashtra",India,JQ922551,2005
272,KC131142.1|2012-09,2II_F.1.2,2II_F,2II,KC131142,10673,104.8840409,2012,China: Guangdong,China,KC131142,2012
273,JX567950.1|2008,2III_C,2III_C,2III,JX567950,10173,99.97051887,2008,Brazil: RJ,Brazil,JX567950,2008
274,JX567951.1|2008,2III_C,2III_C,2III,JX567951,10173,99.97051887,2008,Brazil: RJ,Brazil,JX567951,2008
275,JX470186.1|2010,2II_D.2,2II_D,2II,JX470186,10723,105.3753931,2010,China: Guangdong,China,JX470186,2010
276,JN368476.1|2007,2V_A,2V_A,2V,JN368476,10651,104.6678459,2007,Cambodia: Kampong Cham Hospital,Cambodia,JN368476,2007
277,JX079687.1|2007,2III_D.1.1,2III_D,2III,JX079687,8668,85.18081761,2007,Nicaragua: Managua,Nicaragua,JX079687,2007
278,JX079688.1|2008,2III_D.1.1,2III_D,2III,JX079688,10477,102.9579403,2008,Nicaragua: Ciudad Sandino,Nicaragua,JX079688,2008
279,JX079690.1|2007,2III_D.1.1,2III_D,2III,JX079690,10342,101.6312893,2007,Nicaragua: Managua,Nicaragua,JX079690,2007
280,JX079691.1|2007,2III_D.1.1,2III_D,2III,JX079691,10475,102.9382862,2007,Nicaragua: Managua,Nicaragua,JX079691,2007
281,JX079694.1|2005,2III_D.1.3,2III_D,2III,JX079694,10478,102.9677673,2005,Nicaragua: Managua,Nicaragua,JX079694,2005
282,JX079695.1|2006,2III_D.1.1,2III_D,2III,JX079695,8629,84.79756289,2006,Nicaragua: Managua,Nicaragua,JX079695,2006
283,JX079696.1|2007,2III_D.1.1,2III_D,2III,JX079696,8767,86.15369497,2007,Nicaragua: Managua,Nicaragua,JX079696,2007
284,JN851113.1|2006,2II_E.1,2II_E,2II,JN851113,10176,100,2006,Singapore,Singapore,JN851113,2006
285,JN851114.1|2007,2II_E.1,2II_E,2II,JN851114,10176,100,2007,Singapore,Singapore,JN851114,2007
286,JN851115.1|2007,2II_E.1,2II_E,2II,JN851115,10176,100,2007,Singapore,Singapore,JN851115,2007
287,JN851116.1|2007,2II_E.1,2II_E,2II,JN851116,10176,100,2007,Singapore,Singapore,JN851116,2007
288,JN851117.1|2007,2II_E.1,2II_E,2II,JN851117,10176,100,2007,Singapore,Singapore,JN851117,2007
289,JN851118.1|2008,2II_E.1,2II_E,2II,JN851118,10176,100,2008,Singapore,Singapore,JN851118,2008
290,JN851119.1|2008,2II_E.1,2II_E,2II,JN851119,10176,100,2008,Singapore,Singapore,JN851119,2008
291,JN851120.1|2007,2II_E.1,2II_E,2II,JN851120,10176,100,2007,Singapore,Singapore,JN851120,2007
292,JN851121.1|2008,2II_E.1,2II_E,2II,JN851121,10176,100,2008,Singapore,Singapore,JN851121,2008
293,JN851122.1|2008,2II_E.1,2II_E,2II,JN851122,10176,100,2008,Singapore,Singapore,JN851122,2008
294,JN851123.1|2004,2II_F,2II_F,2II,JN851123,10176,100,2004,Singapore,Singapore,JN851123,2004
295,JN851124.1|2005,2II,2II,2II,JN851124,10176,100,2005,Singapore,Singapore,JN851124,2005
296,JN851125.1|2005,2II,2II,2II,JN851125,10176,100,2005,Singapore,Singapore,JN851125,2005
297,JN851126.1|2005,2II_F,2II_F,2II,JN851126,10176,100,2005,Singapore,Singapore,JN851126,2005
298,JN851127.1|2004,2II_F,2II_F,2II,JN851127,10176,100,2004,Singapore,Singapore,JN851127,2004
299,JN851128.1|2006,2II,2II,2II,JN851128,10176,100,2006,Singapore,Singapore,JN851128,2006
300,JN851129.1|2006,2II,2II,2II,JN851129,10176,100,2006,Singapore,Singapore,JN851129,2006
301,JN851130.1|2005,2II_D.3,2II_D,2II,JN851130,10176,100,2005,Singapore,Singapore,JN851130,2005
302,JN851131.1|2005,2II_C,2II_C,2II,JN851131,10176,100,2005,Singapore,Singapore,JN851131,2005
303,HQ332184.1|2006,2III_D.2,2III_D,2III,HQ332184,10722,105.365566,2006,Venezuela,Venezuela,HQ332184,2006
304,HQ332185.1|2007,2III_D.2,2III_D,2III,HQ332185,10722,105.365566,2007,Venezuela,Venezuela,HQ332185,2007
305,HQ332186.1|2007,2III_D.2,2III_D,2III,HQ332186,10722,105.365566,2007,Venezuela,Venezuela,HQ332186,2007
306,HQ332187.1|2007,2III_D.2,2III_D,2III,HQ332187,10722,105.365566,2007,Venezuela,Venezuela,HQ332187,2007
307,HQ332188.1|2007,2III_D.2,2III_D,2III,HQ332188,10722,105.365566,2007,Venezuela,Venezuela,HQ332188,2007
308,HQ332189.1|2007,2III_D.2,2III_D,2III,HQ332189,10722,105.365566,2007,Venezuela,Venezuela,HQ332189,2007
309,HQ332190.1|2007,2III_D.2,2III_D,2III,HQ332190,10722,105.365566,2007,Venezuela,Venezuela,HQ332190,2007
310,JN819407.1|2007,2III_D.2,2III_D,2III,JN819407,10651,104.6678459,2007,Venezuela: Merida,Venezuela,JN819407,2007
311,JN819408.1|2001,2III_D,2III_D,2III,JN819408,10620,104.3632075,2001,Venezuela: Aragua,Venezuela,JN819408,2001
312,JN819416.1|2000,2III_D.1,2III_D,2III,JN819416,10667,104.8250786,2000,Nicaragua: Managua,Nicaragua,JN819416,2000
313,JN819418.1|1988,2III,2III,2III,JN819418,10576,103.9308176,1988,Viet Nam,Viet Nam,JN819418,1988
314,JN819419.1|2000,2III_E,2III_E,2III,JN819419,10601,104.1764937,2000,Brazil: Northern,Brazil,JN819419,2000
315,JN819420.1|2007,2III_D.1.1,2III_D,2III,JN819420,10487,103.0562107,2007,Nicaragua: Managua,Nicaragua,JN819420,2007
316,JN819421.1|2007,2III_D.1.1,2III_D,2III,JN819421,10403,102.230739,2007,Nicaragua: Managua,Nicaragua,JN819421,2007
317,JN819422.1|2008,2III_D.1,2III_D,2III,JN819422,10519,103.3706761,2008,Mexico: Tapachula,Mexico,JN819422,2008
318,JN819424.1|2006,2III_D.1.1,2III_D,2III,JN819424,10679,104.9430031,2006,Nicaragua: Carazo,Nicaragua,JN819424,2006
319,HQ999999.1|2009,2III_D.1.2,2III_D,2III,HQ999999,10725,105.3950472,2009,Guatemala: Guatemala City,Guatemala,HQ999999,2009
320,FJ196851.1|1998,2V_D,2V_D,2V,FJ196851,10723,105.3753931,1998,"China: Guangzhou, Guangdong Province",China,FJ196851,1998
321,FJ196852.1|2001,2II_C,2II_C,2II,FJ196852,10723,105.3753931,2001,"China: Guangzhou, Guangdong Province",China,FJ196852,2001
322,FJ196853.1|2003,2II,2II,2II,FJ196853,10723,105.3753931,2003,"China: Guangzhou, Guangdong Province",China,FJ196853,2003
323,FJ196854.1|1993,2II,2II,2II,FJ196854,10723,105.3753931,1993,"China: Guangzhou, Guangdong Province",China,FJ196854,1993
324,JF327392.1|2009,2II_F,2II_F,2II,JF327392,10723,105.3753931,2009,Singapore,Singapore,JF327392,2009
325,JF730044.1|2001,2III_A,2III_A,2III,JF730044,10475,102.9382862,2001,Cambodia: RAT,Cambodia,JF730044,2001
326,JF730045.1|2008,2V_A.1,2V_A,2V,JF730045,10489,103.0758648,2008,Cambodia: KCH,Cambodia,JF730045,2008
327,JF730046.1|2008,2V_A.1,2V_A,2V,JF730046,10477,102.9579403,2008,Cambodia: KCH,Cambodia,JF730046,2008
328,JF730047.1|2008,2V_A,2V_A,2V,JF730047,10477,102.9579403,2008,Cambodia: KCH,Cambodia,JF730047,2008
329,JF730048.1|2008,2V_A,2V_A,2V,JF730048,10475,102.9382862,2008,Cambodia: KCH,Cambodia,JF730048,2008
330,JF730049.1|2007,2V_A,2V_A,2V,JF730049,10308,101.2971698,2007,Viet Nam: South,Viet Nam,JF730049,2007
331,JF730051.1|2009,2III_D.1.1,2III_D,2III,JF730051,10477,102.9579403,2009,Nicaragua: Managua,Nicaragua,JF730051,2009
332,JF730052.1|2009,2III_D.1.1,2III_D,2III,JF730052,10477,102.9579403,2009,Nicaragua: Managua,Nicaragua,JF730052,2009
333,HQ541805.1|2005,2III_D.1.3,2III_D,2III,HQ541805,10140,99.64622642,2005,Nicaragua: Managua,Nicaragua,HQ541805,2005
334,JF357905.1|2007,2III_D.1.1,2III_D,2III,JF357905,10669,104.8447327,2007,Nicaragua: Managua,Nicaragua,JF357905,2007
335,JF357906.1|2008,2III_D.1.1,2III_D,2III,JF357906,10783,105.9650157,2008,Nicaragua: Managua,Nicaragua,JF357906,2008
336,JF357907.1|2007,2III_D.1.1,2III_D,2III,JF357907,10477,102.9579403,2007,Nicaragua: Managua,Nicaragua,JF357907,2007
337,HQ012533.1|1990,2III_B,2III_B,2III,HQ012533,10173,99.97051887,1990,Brazil,Brazil,HQ012533,1990
338,HQ012534.1|1991,2III_B,2III_B,2III,HQ012534,10173,99.97051887,1991,Brazil,Brazil,HQ012534,1991
339,HQ012535.1|1994,2III_B,2III_B,2III,HQ012535,10173,99.97051887,1994,Brazil,Brazil,HQ012535,1994
340,HQ012536.1|1998,2III_B,2III_B,2III,HQ012536,10173,99.97051887,1998,Brazil,Brazil,HQ012536,1998
341,HQ012537.1|1999,2III_B,2III_B,2III,HQ012537,10173,99.97051887,1999,Brazil,Brazil,HQ012537,1999
342,HQ012538.1|1990,2III_B,2III_B,2III,HQ012538,10173,99.97051887,1990,Brazil,Brazil,HQ012538,1990
343,HQ026763.1|2008,2III_C,2III_C,2III,HQ026763,10176,100,2008,Brazil,Brazil,HQ026763,2008
344,HQ541786.1|2006,2III_D.1.1,2III_D,2III,HQ541786,10694,105.0904088,2006,Nicaragua: Managua,Nicaragua,HQ541786,2006
345,HQ541787.1|2007,2III_D.1.1,2III_D,2III,HQ541787,10498,103.1643082,2007,Nicaragua: Managua,Nicaragua,HQ541787,2007
346,HQ541788.1|2007,2III_D.1.3,2III_D,2III,HQ541788,10487,103.0562107,2007,Nicaragua: Managua,Nicaragua,HQ541788,2007
347,HQ541792.1|2008,2III_D.1.1,2III_D,2III,HQ541792,10477,102.9579403,2008,Nicaragua: Managua,Nicaragua,HQ541792,2008
348,HQ541793.1|2005,2III_D.1.3,2III_D,2III,HQ541793,10485,103.0365566,2005,Nicaragua: Managua,Nicaragua,HQ541793,2005
349,HQ541794.1|2005,2III_D.1.3,2III_D,2III,HQ541794,10476,102.9481132,2005,Nicaragua: Managua,Nicaragua,HQ541794,2005
350,HQ541800.1|2005,2III_D.1.1,2III_D,2III,HQ541800,8617,84.67963836,2005,Nicaragua: Managua,Nicaragua,HQ541800,2005
351,HQ541801.1|2005,2III_D.1.3,2III_D,2III,HQ541801,9994,98.21147799,2005,Nicaragua: Managua,Nicaragua,HQ541801,2005
352,HQ634199.1|2007,2III_D.1.1,2III_D,2III,HQ634199,10479,102.9775943,2007,Nicaragua: Managua,Nicaragua,HQ634199,2007
353,HQ705624.1|2009,2III_D.1.3,2III_D,2III,HQ705624,10479,102.9775943,2009,Nicaragua: Managua,Nicaragua,HQ705624,2009
354,HQ705625.1|2009,2III_D.1.1,2III_D,2III,HQ705625,10494,103.125,2009,Nicaragua: Managua,Nicaragua,HQ705625,2009
355,HQ733861.1|2006,2III_D.1.1,2III_D,2III,HQ733861,10731,105.4540094,2006,Nicaragua: Managua,Nicaragua,HQ733861,2006
356,GQ398257.1|1977,2I,2I,2I,GQ398257,10713,105.2771226,1977,Indonesia,Indonesia,GQ398257,1977
357,GQ398258.1|1975,2II_B,2II_B,2II,GQ398258,10723,105.3753931,1975,Indonesia,Indonesia,GQ398258,1975
358,GQ398259.1|1976,2II_B,2II_B,2II,GQ398259,10723,105.3753931,1976,Indonesia,Indonesia,GQ398259,1976
359,GQ398260.1|1976,2II_B,2II_B,2II,GQ398260,10723,105.3753931,1976,Indonesia,Indonesia,GQ398260,1976
360,GQ398261.1|1976,2II_B,2II_B,2II,GQ398261,10723,105.3753931,1976,Indonesia,Indonesia,GQ398261,1976
361,GQ398262.1|1976,2II_B,2II_B,2II,GQ398262,10723,105.3753931,1976,Indonesia,Indonesia,GQ398262,1976
362,GQ398263.1|1975,2II,2II,2II,GQ398263,10723,105.3753931,1975,Indonesia,Indonesia,GQ398263,1975
363,GQ398264.1|1976,2II,2II,2II,GQ398264,10723,105.3753931,1976,Indonesia,Indonesia,GQ398264,1976
364,GQ398265.1|2008,2II_E.1,2II_E,2II,GQ398265,10723,105.3753931,2008,Singapore,Singapore,GQ398265,2008
365,GQ398266.1|2007,2II_E.1,2II_E,2II,GQ398266,10723,105.3753931,2007,Singapore,Singapore,GQ398266,2007
366,GQ398267.1|2007,2II_E.1,2II_E,2II,GQ398267,10723,105.3753931,2007,Singapore,Singapore,GQ398267,2007
367,GQ398269.1|1994,2III_B,2III_B,2III,GQ398269,10723,105.3753931,1994,Puerto Rico,USA,GQ398269,1994
368,GQ398270.1|1994,2III_B,2III_B,2III,GQ398270,10724,105.3852201,1994,Puerto Rico,USA,GQ398270,1994
369,GQ398271.1|1994,2III_B,2III_B,2III,GQ398271,10723,105.3753931,1994,Puerto Rico,USA,GQ398271,1994
370,GQ398272.1|1994,2III_B,2III_B,2III,GQ398272,10723,105.3753931,1994,Puerto Rico,USA,GQ398272,1994
371,GQ398273.1|1994,2III_B,2III_B,2III,GQ398273,10723,105.3753931,1994,Puerto Rico,USA,GQ398273,1994
372,GQ398274.1|1994,2III_B,2III_B,2III,GQ398274,10723,105.3753931,1994,Puerto Rico,USA,GQ398274,1994
373,GQ398275.1|1994,2III_B,2III_B,2III,GQ398275,10723,105.3753931,1994,Puerto Rico,USA,GQ398275,1994
374,GQ398276.1|1994,2III_B,2III_B,2III,GQ398276,10723,105.3753931,1994,Puerto Rico,USA,GQ398276,1994
375,GQ398277.1|1994,2III_B,2III_B,2III,GQ398277,10723,105.3753931,1994,Puerto Rico,USA,GQ398277,1994
376,GQ398278.1|1994,2III_B,2III_B,2III,GQ398278,10723,105.3753931,1994,Puerto Rico,USA,GQ398278,1994
377,GQ398279.1|1994,2III_B,2III_B,2III,GQ398279,10723,105.3753931,1994,Puerto Rico,USA,GQ398279,1994
378,GQ398280.1|1994,2III_B,2III_B,2III,GQ398280,10723,105.3753931,1994,Puerto Rico,USA,GQ398280,1994
379,GQ398281.1|1994,2III_B,2III_B,2III,GQ398281,10723,105.3753931,1994,Puerto Rico,USA,GQ398281,1994
380,GQ398282.1|1994,2III_B,2III_B,2III,GQ398282,10722,105.365566,1994,Puerto Rico,USA,GQ398282,1994
381,GQ398283.1|1994,2III_B,2III_B,2III,GQ398283,10722,105.365566,1994,Puerto Rico,USA,GQ398283,1994
382,GQ398284.1|1994,2III,2III,2III,GQ398284,10723,105.3753931,1994,Puerto Rico,USA,GQ398284,1994
383,GQ398285.1|1994,2III,2III,2III,GQ398285,10723,105.3753931,1994,Puerto Rico,USA,GQ398285,1994
384,GQ398286.1|1994,2III,2III,2III,GQ398286,10722,105.365566,1994,Puerto Rico,USA,GQ398286,1994
385,GQ398287.1|1994,2III,2III,2III,GQ398287,10722,105.365566,1994,Puerto Rico,USA,GQ398287,1994
386,GQ398288.1|1994,2III,2III,2III,GQ398288,10722,105.365566,1994,Puerto Rico,USA,GQ398288,1994
387,GQ398289.1|1994,2III,2III,2III,GQ398289,10722,105.365566,1994,Puerto Rico,USA,GQ398289,1994
388,GQ398290.1|1994,2III,2III,2III,GQ398290,10722,105.365566,1994,Puerto Rico,USA,GQ398290,1994
389,GQ398291.1|1994,2III,2III,2III,GQ398291,10722,105.365566,1994,Puerto Rico,USA,GQ398291,1994
390,GQ398292.1|1994,2III,2III,2III,GQ398292,10723,105.3753931,1994,Puerto Rico,USA,GQ398292,1994
391,GQ398293.1|1994,2III,2III,2III,GQ398293,10723,105.3753931,1994,Puerto Rico,USA,GQ398293,1994
392,GQ398294.1|1994,2III,2III,2III,GQ398294,10723,105.3753931,1994,Puerto Rico,USA,GQ398294,1994
393,GQ398295.1|1994,2III,2III,2III,GQ398295,10723,105.3753931,1994,Puerto Rico,USA,GQ398295,1994
394,GQ398296.1|1994,2III,2III,2III,GQ398296,10723,105.3753931,1994,Puerto Rico,USA,GQ398296,1994
395,GQ398297.1|1994,2III,2III,2III,GQ398297,10723,105.3753931,1994,Puerto Rico,USA,GQ398297,1994
396,GQ398298.1|1995,2III,2III,2III,GQ398298,10723,105.3753931,1995,Puerto Rico,USA,GQ398298,1995
397,GQ398299.1|1994,2III,2III,2III,GQ398299,10723,105.3753931,1994,Puerto Rico,USA,GQ398299,1994
398,GQ398300.1|1994,2III,2III,2III,GQ398300,10723,105.3753931,1994,Puerto Rico,USA,GQ398300,1994
399,GQ398301.1|1995,2III,2III,2III,GQ398301,10723,105.3753931,1995,Puerto Rico,USA,GQ398301,1995
400,GQ398302.1|1994,2III,2III,2III,GQ398302,10723,105.3753931,1994,Puerto Rico,USA,GQ398302,1994
401,GQ398303.1|1994,2III,2III,2III,GQ398303,10723,105.3753931,1994,Puerto Rico,USA,GQ398303,1994
402,GQ398304.1|1994,2III,2III,2III,GQ398304,10723,105.3753931,1994,Puerto Rico,USA,GQ398304,1994
403,GQ398305.1|1994,2III,2III,2III,GQ398305,10723,105.3753931,1994,Puerto Rico,USA,GQ398305,1994
404,GQ398306.1|1994,2III,2III,2III,GQ398306,10723,105.3753931,1994,Puerto Rico,USA,GQ398306,1994
405,GQ398307.1|1994,2III,2III,2III,GQ398307,10723,105.3753931,1994,Puerto Rico,USA,GQ398307,1994
406,GQ398308.1|1994,2III,2III,2III,GQ398308,10724,105.3852201,1994,Puerto Rico,USA,GQ398308,1994
407,GQ398309.1|1994,2III,2III,2III,GQ398309,10724,105.3852201,1994,Puerto Rico,USA,GQ398309,1994
408,GQ398310.1|1994,2III,2III,2III,GQ398310,10724,105.3852201,1994,Puerto Rico,USA,GQ398310,1994
409,GQ398311.1|1994,2III,2III,2III,GQ398311,10724,105.3852201,1994,Puerto Rico,USA,GQ398311,1994
410,GQ398312.1|1994,2III,2III,2III,GQ398312,10724,105.3852201,1994,Puerto Rico,USA,GQ398312,1994
411,GQ398313.1|1994,2III,2III,2III,GQ398313,10723,105.3753931,1994,Puerto Rico,USA,GQ398313,1994
412,GQ398314.1|1994,2III,2III,2III,GQ398314,10723,105.3753931,1994,Puerto Rico,USA,GQ398314,1994
413,HM582099.1|1971,2I,2I,2I,HM582099,10714,105.2869497,1971,Fiji,Fiji,HM582099,1971
414,HM582100.1|1971,2I,2I,2I,HM582100,10713,105.2771226,1971,Fiji,Fiji,HM582100,1971
415,HM582101.1|1971,2I,2I,2I,HM582101,10694,105.0904088,1971,Fiji,Fiji,HM582101,1971
416,HM582102.1|1971,2I,2I,2I,HM582102,10713,105.2771226,1971,New Caledonia,New Caledonia,HM582102,1971
417,HM582103.1|1972,2I,2I,2I,HM582103,10713,105.2771226,1972,New Caledonia,New Caledonia,HM582103,1972
418,HM582104.1|1972,2I,2I,2I,HM582104,10713,105.2771226,1972,American Samoa,USA,HM582104,1972
419,HM582105.1|1972,2I,2I,2I,HM582105,10713,105.2771226,1972,American Samoa,USA,HM582105,1972
420,HM582106.1|1972,2I,2I,2I,HM582106,10714,105.2869497,1972,American Samoa,USA,HM582106,1972
421,HM582107.1|1972,2I,2I,2I,HM582107,10713,105.2771226,1972,American Samoa,USA,HM582107,1972
422,HM582108.1|1972,2I,2I,2I,HM582108,10713,105.2771226,1972,French Polynesia: Tahiti,French Polynesia,HM582108,1972
423,HM582109.1|1971,2I,2I,2I,HM582109,10681,104.9626572,1971,French Polynesia: Tahiti,French Polynesia,HM582109,1971
424,HM582110.1|1973,2I,2I,2I,HM582110,10713,105.2771226,1973,French Polynesia: Tahiti,French Polynesia,HM582110,1973
425,HM582111.1|1974,2I,2I,2I,HM582111,10713,105.2771226,1974,Tonga,Tonga,HM582111,1974
426,HM582112.1|1974,2I,2I,2I,HM582112,10714,105.2869497,1974,Tonga,Tonga,HM582112,1974
427,HM582113.1|1974,2I,2I,2I,HM582113,10713,105.2771226,1974,Tonga,Tonga,HM582113,1974
428,HM582114.1|1974,2I,2I,2I,HM582114,10652,104.677673,1974,Tonga,Tonga,HM582114,1974
429,HM582115.1|1974,2I,2I,2I,HM582115,10713,105.2771226,1974,Tonga,Tonga,HM582115,1974
430,HM582116.1|1974,2I,2I,2I,HM582116,10713,105.2771226,1974,Tonga,Tonga,HM582116,1974
431,HM582117.1|1974,2I,2I,2I,HM582117,10714,105.2869497,1974,Tonga,Tonga,HM582117,1974
432,HM488257.1|2001,2II_F,2II_F,2II,HM488257,10967,107.7731918,2001,Guam,USA,HM488257,2001
433,HM631865.1|2007,2III_D.1.1,2III_D,2III,HM631865,10679,104.9430031,2007,Nicaragua: Managua,Nicaragua,HM631865,2007
434,HM631866.1|2006,2III_D.1,2III_D,2III,HM631866,10680,104.9528302,2006,Nicaragua: Managua,Nicaragua,HM631866,2006
435,HM631867.1|2006,2III_D.1.1,2III_D,2III,HM631867,10680,104.9528302,2006,Nicaragua: Managua,Nicaragua,HM631867,2006
436,HM631868.1|2005,2III_D.1.3,2III_D,2III,HM631868,10679,104.9430031,2005,Nicaragua: Managua,Nicaragua,HM631868,2005
437,HM181971.1|2008,2III_C,2III_C,2III,HM181971,10531,103.4886006,2008,Brazil: Sao Paulo,Brazil,HM181971,2008
438,GU370050.1|2007-04,2II_E.1,2II_E,2II,GU370050,10200,100.2358491,2007,Singapore,Singapore,GU370050,2007
439,GU370051.1|2008-08,2II_E.1,2II_E,2II,GU370051,10527,103.4492925,2008,Singapore,Singapore,GU370051,2008
440,GU369819.1|2002-08-22,2III_D.1,2III_D,2III,GU369819,10521,103.3903302,2002,Mexico,Mexico,GU369819,2002
441,GU131947.1|2007,2III_D.2,2III_D,2III,GU131947,10623,104.3926887,2007,Colombia: Santander,Colombia,GU131947,2007
442,GU131959.1|2006,2III_D.1,2III_D,2III,GU131959,10628,104.4418239,2006,Mexico: Yucatan,Mexico,GU131959,2006
443,GU131974.1|2007,2III_D.1,2III_D,2III,GU131974,10667,104.8250786,2007,Mexico: Yucatan,Mexico,GU131974,2007
444,GU131975.1|2007,2III_D.1,2III_D,2III,GU131975,10668,104.8349057,2007,Mexico: Yucatan,Mexico,GU131975,2007
445,GU289914.1|1974,2V,2V,2V,GU289914,10723,105.3753931,1974,Thailand,Thailand,GU289914,1974
446,GU131843.1|1986,2II_B,2II_B,2II,GU131843,10657,104.7268082,1986,Burkina Faso,Burkina Faso,GU131843,1986
447,GU131864.1|2008,2III_C,2III_C,2III,GU131864,10531,103.4886006,2008,Brazil: Sao Paulo,Brazil,GU131864,2008
448,GU131879.1|2008,2III_C,2III_C,2III,GU131879,10639,104.5499214,2008,Brazil: Sao Paulo,Brazil,GU131879,2008
449,GU131880.1|2008,2III_C,2III_C,2III,GU131880,10531,103.4886006,2008,Brazil: Sao Paulo,Brazil,GU131880,2008
450,GU131881.1|2008,2III_C,2III_C,2III,GU131881,10531,103.4886006,2008,Brazil: Sao Paulo,Brazil,GU131881,2008
451,GU131882.1|2008,2III_C,2III_C,2III,GU131882,10644,104.5990566,2008,Brazil: Sao Paulo,Brazil,GU131882,2008
452,GU131883.1|2008,2III_C,2III_C,2III,GU131883,10678,104.9331761,2008,Brazil: Sao Paulo,Brazil,GU131883,2008
453,GU131884.1|2008,2III_C,2III_C,2III,GU131884,10665,104.8054245,2008,Brazil: Sao Paulo,Brazil,GU131884,2008
454,GU131885.1|2008,2III_C,2III_C,2III,GU131885,10677,104.9233491,2008,Brazil: Sao Paulo,Brazil,GU131885,2008
455,GU131886.1|2001,2V_A,2V_A,2V,GU131886,10678,104.9331761,2001,Thailand: Kampheange Phet,Thailand,GU131886,2001
456,GU131896.1|2007,2V_A,2V_A,2V,GU131896,10411,102.3093553,2007,Cambodia: KCH,Cambodia,GU131896,2007
457,GU131897.1|2007,2V_A.1,2V_A,2V,GU131897,10428,102.4764151,2007,Cambodia: KCH,Cambodia,GU131897,2007
458,GU131898.1|2008,2V_A.1,2V_A,2V,GU131898,10643,104.5892296,2008,Cambodia: SRP,Cambodia,GU131898,2008
459,GU131899.1|2008,2V_A,2V_A,2V,GU131899,10646,104.6187107,2008,Cambodia: PHP,Cambodia,GU131899,2008
460,GU131900.1|2008,2V_A.1,2V_A,2V,GU131900,10658,104.7366352,2008,Cambodia: SRP,Cambodia,GU131900,2008
461,GU131901.1|2008,2V_A.1,2V_A,2V,GU131901,10630,104.461478,2008,Cambodia: SRP,Cambodia,GU131901,2008
462,GU131902.1|2008,2V_A.1,2V_A,2V,GU131902,10679,104.9430031,2008,Cambodia: BTB,Cambodia,GU131902,2008
463,GU131924.1|2008,2V_A.1,2V_A,2V,GU131924,10557,103.7441038,2008,Cambodia: KAN,Cambodia,GU131924,2008
464,GU131927.1|2007,2V_A,2V_A,2V,GU131927,10531,103.4886006,2007,Cambodia: KCH,Cambodia,GU131927,2007
465,GU131928.1|2008,2V_A.1,2V_A,2V,GU131928,10494,103.125,2008,Cambodia: KCH,Cambodia,GU131928,2008
466,GU131929.1|2008,2V_A.1,2V_A,2V,GU131929,10603,104.1961478,2008,Cambodia: KCH,Cambodia,GU131929,2008
467,GU131930.1|2008,2V_A,2V_A,2V,GU131930,10532,103.4984277,2008,Cambodia: KCH,Cambodia,GU131930,2008
468,GU131931.1|2008,2V_A.1,2V_A,2V,GU131931,10531,103.4886006,2008,Cambodia: KCH,Cambodia,GU131931,2008
469,GU131932.1|2008,2V_A.1,2V_A,2V,GU131932,10531,103.4886006,2008,Cambodia: KCH,Cambodia,GU131932,2008
470,GU131955.1|2004,2III_D.1,2III_D,2III,GU131955,10523,103.4099843,2004,Mexico: Quintana Roo,Mexico,GU131955,2004
471,GQ868497.1|2006,2III_D.1,2III_D,2III,GQ868497,10664,104.7955975,2006,Mexico: Yucatan,Mexico,GQ868497,2006
472,GQ868515.1|2007,2III_D.1,2III_D,2III,GQ868515,10671,104.8643868,2007,Mexico: Yucatan,Mexico,GQ868515,2007
473,GQ868516.1|2007,2III_D.1,2III_D,2III,GQ868516,10673,104.8840409,2007,Mexico: Yucatan,Mexico,GQ868516,2007
474,GQ868540.1|1990,2III_B,2III_B,2III,GQ868540,10678,104.9331761,1990,Venezuela: Maracay,Venezuela,GQ868540,1990
475,GQ868541.1|1991,2III_B,2III_B,2III,GQ868541,10678,104.9331761,1991,Venezuela: Aragua,Venezuela,GQ868541,1991
476,GQ868542.1|1994,2V,2V,2V,GQ868542,10678,104.9331761,1994,Thailand: Bangkok,Thailand,GQ868542,1994
477,GQ868543.1|1995,2V_A,2V_A,2V,GQ868543,10678,104.9331761,1995,Thailand: Kamphaeng Phet,Thailand,GQ868543,1995
478,GQ868544.1|1996,2V_B,2V_B,2V,GQ868544,10681,104.9626572,1996,Thailand: Bangkok,Thailand,GQ868544,1996
479,GQ868545.1|1996,2V_D,2V_D,2V,GQ868545,10679,104.9430031,1996,Thailand: Bangkok,Thailand,GQ868545,1996
480,GQ868549.1|2008,2III_C,2III_C,2III,GQ868549,10678,104.9331761,2008,Brazil: Sao Paulo,Brazil,GQ868549,2008
481,GQ868550.1|2008,2III_C,2III_C,2III,GQ868550,10669,104.8447327,2008,Brazil: Sao Paulo,Brazil,GQ868550,2008
482,GQ868551.1|2008,2III_C,2III_C,2III,GQ868551,10639,104.5499214,2008,Brazil: Sao Paulo,Brazil,GQ868551,2008
483,GQ868552.1|1998,2III_B,2III_B,2III,GQ868552,10663,104.7857704,1998,Colombia: Santander,Colombia,GQ868552,1998
484,GQ868553.1|1999,2III_D,2III_D,2III,GQ868553,10625,104.4123428,1999,Colombia: Santander,Colombia,GQ868553,1999
485,GQ868554.1|2004,2III_D.2,2III_D,2III,GQ868554,10628,104.4418239,2004,Colombia: Santander,Colombia,GQ868554,2004
486,GQ868555.1|2005,2III_D.2,2III_D,2III,GQ868555,10668,104.8349057,2005,Colombia: Norte de Santander,Colombia,GQ868555,2005
487,GQ868556.1|2005,2III_D.2,2III_D,2III,GQ868556,10679,104.9430031,2005,Colombia: Norte de Santander,Colombia,GQ868556,2005
488,GQ868557.1|2005,2III_D.2,2III_D,2III,GQ868557,10668,104.8349057,2005,Colombia: Norte de Santander,Colombia,GQ868557,2005
489,GQ868558.1|2007,2III_D.2,2III_D,2III,GQ868558,10679,104.9430031,2007,Colombia: Santander,Colombia,GQ868558,2007
490,GQ868588.1|1983,2I,2I,2I,GQ868588,10667,104.8250786,1983,Mexico,Mexico,GQ868588,1983
491,GQ868589.1|1983,2I,2I,2I,GQ868589,10668,104.8349057,1983,Mexico,Mexico,GQ868589,1983
492,GQ868590.1|1992,2I,2I,2I,GQ868590,10668,104.8349057,1992,Mexico: Sonora,Mexico,GQ868590,1992
493,GQ868591.1|1964,2V,2V,2V,GQ868591,10678,104.9331761,1964,Thailand,Thailand,GQ868591,1964
494,GQ868592.1|1986,2I,2I,2I,GQ868592,10667,104.8250786,1986,Colombia,Colombia,GQ868592,1986
495,GQ868595.1|1991,2III_B,2III_B,2III,GQ868595,10678,104.9331761,1991,Venezuela,Venezuela,GQ868595,1991
496,GQ868596.1|1991,2III_B,2III_B,2III,GQ868596,10667,104.8250786,1991,Venezuela,Venezuela,GQ868596,1991
497,GQ868597.1|1991,2III_B,2III_B,2III,GQ868597,10678,104.9331761,1991,Venezuela,Venezuela,GQ868597,1991
498,GQ868598.1|1991,2III_B,2III_B,2III,GQ868598,10678,104.9331761,1991,Venezuela,Venezuela,GQ868598,1991
499,GQ868599.1|1987,2I,2I,2I,GQ868599,10668,104.8349057,1987,Venezuela: Maracay,Venezuela,GQ868599,1987
500,GQ868600.1|1969,2I,2I,2I,GQ868600,10636,104.5204403,1969,Puerto Rico,USA,GQ868600,1969
501,GQ868603.1|1987,2III,2III,2III,GQ868603,10666,104.8152516,1987,Virgin Islands: Saint John,USA,GQ868603,1987
502,GQ868604.1|2005,2III_D.1.1,2III_D,2III,GQ868604,10679,104.9430031,2005,Nicaragua: Managua,Nicaragua,GQ868604,2005
503,GQ868620.1|2003,2V_A,2V_A,2V,GQ868620,10663,104.7857704,2003,Cambodia: KCH,Cambodia,GQ868620,2003
504,GQ868621.1|2003,2V_A,2V_A,2V,GQ868621,10678,104.9331761,2003,Cambodia: SRP,Cambodia,GQ868621,2003
505,GQ868622.1|2003,2V_A,2V_A,2V,GQ868622,10679,104.9430031,2003,Cambodia: TAK,Cambodia,GQ868622,2003
506,GQ868623.1|2005,2V_A,2V_A,2V,GQ868623,10677,104.9233491,2005,Cambodia: BTB,Cambodia,GQ868623,2005
507,GQ868624.1|2007,2V_A.1,2V_A,2V,GQ868624,10679,104.9430031,2007,Cambodia: BTB,Cambodia,GQ868624,2007
508,GQ868625.1|2008,2V_A.1,2V_A,2V,GQ868625,10675,104.903695,2008,Cambodia: PHP,Cambodia,GQ868625,2008
509,GQ868631.1|2008,2V_A.1,2V_A,2V,GQ868631,10669,104.8447327,2008,Cambodia: TAK,Cambodia,GQ868631,2008
510,GQ868638.1|2008,2V_A,2V_A,2V,GQ868638,10667,104.8250786,2008,Cambodia: KCH,Cambodia,GQ868638,2008
511,GQ868640.1|2003,2III_E,2III_E,2III,GQ868640,10667,104.8250786,2003,Brazil: Northern,Brazil,GQ868640,2003
512,GQ868641.1|2007,2III_D.2,2III_D,2III,GQ868641,10678,104.9331761,2007,Venezuela: Aragua,Venezuela,GQ868641,2007
513,GQ868646.1|2007,2III_D.1.3,2III_D,2III,GQ868646,10678,104.9331761,2007,Nicaragua: Managua,Nicaragua,GQ868646,2007
514,AB479041.1|2002,2III_A.1,2III_A,2III,AB479041,10647,104.6285377,2002,Viet Nam: Ho Chi Minh,Viet Nam,AB479041,2002
515,AB479042.1|2002,2III_A.1,2III_A,2III,AB479042,10647,104.6285377,2002,Viet Nam: Ho Chi Minh,Viet Nam,AB479042,2002
516,GQ199605.1|2007,2III_D.1.1,2III_D,2III,GQ199605,8585,84.36517296,2007,Nicaragua: Managua,Nicaragua,GQ199605,2007
517,GQ199866.1|2007,2III_D.1.1,2III_D,2III,GQ199866,10670,104.8545597,2007,Nicaragua: Managua,Nicaragua,GQ199866,2007
518,GQ199868.1|2007,2III_D.1.1,2III_D,2III,GQ199868,10679,104.9430031,2007,Nicaragua: Managua,Nicaragua,GQ199868,2007
519,GQ199869.1|2007,2III_D.1.1,2III_D,2III,GQ199869,10680,104.9528302,2007,Nicaragua: Managua,Nicaragua,GQ199869,2007
520,GQ199874.1|2004,2III_D.1.3,2III_D,2III,GQ199874,10667,104.8250786,2004,Nicaragua: Managua,Nicaragua,GQ199874,2004
521,GQ199890.1|2008,2III_C,2III_C,2III,GQ199890,10679,104.9430031,2008,Brazil: Northern,Brazil,GQ199890,2008
522,GQ199892.1|2007,2III_C,2III_C,2III,GQ199892,10750,105.6407233,2007,Jamaica,Jamaica,GQ199892,2007
523,GQ199893.1|2002,2III_D.1,2III_D,2III,GQ199893,10679,104.9430031,2002,Mexico: Oaxaca,Mexico,GQ199893,2002
524,GQ199894.1|2005,2III_D.1,2III_D,2III,GQ199894,10669,104.8447327,2005,Mexico: Hidalgo,Mexico,GQ199894,2005
525,GQ199895.1|1999,2III_D.1,2III_D,2III,GQ199895,10678,104.9331761,1999,Nicaragua: Managua,Nicaragua,GQ199895,1999
526,GQ199896.1|2006,2III_D.1.1,2III_D,2III,GQ199896,10679,104.9430031,2006,Nicaragua: Carazo,Nicaragua,GQ199896,2006
527,GQ199897.1|2002,2III_D.1,2III_D,2III,GQ199897,10668,104.8349057,2002,Nicaragua: Matagalpa,Nicaragua,GQ199897,2002
528,GQ199898.1|2001,2III_D.1,2III_D,2III,GQ199898,10721,105.355739,2001,Nicaragua: Managua,Nicaragua,GQ199898,2001
529,GQ252676.1|2003,2II_A.1.2,2II_A,2II,GQ252676,10629,104.4516509,2003,Sri Lanka,Sri Lanka,GQ252676,2003
530,GQ252677.1|2004,2II_A.1.2,2II_A,2II,GQ252677,10628,104.4418239,2004,Sri Lanka,Sri Lanka,GQ252677,2004
531,FJ432724.1|2007,2V_A,2V_A,2V,FJ432724,10663,104.7857704,2007,Viet Nam: South,Viet Nam,FJ432724,2007
532,FJ859028.1|2007,2V_A,2V_A,2V,FJ859028,10663,104.7857704,2007,Viet Nam: South,Viet Nam,FJ859028,2007
533,FJ873808.1|2000,2III_D.1,2III_D,2III,FJ873808,10741,105.5522799,2000,Nicaragua: Leon,Nicaragua,FJ873808,2000
534,FJ873811.1|2006,2V_A,2V_A,2V,FJ873811,10678,104.9331761,2006,Viet Nam: South,Viet Nam,FJ873811,2006
535,FJ882593.1|2007,2III_D.1.1,2III_D,2III,FJ882593,10680,104.9528302,2007,Nicaragua: Managua,Nicaragua,FJ882593,2007
536,FJ882594.1|2007,2III_D.1.3,2III_D,2III,FJ882594,10648,104.6383648,2007,Nicaragua: Managua,Nicaragua,FJ882594,2007
537,FJ882602.1|1996,2II_A,2II_A,2II,FJ882602,10677,104.9233491,1996,Sri Lanka,Sri Lanka,FJ882602,1996
538,FJ898432.1|2007,2III_D.1.1,2III_D,2III,FJ898432,10443,102.6238208,2007,Nicaragua: Managua,Nicaragua,FJ898432,2007
539,FJ898434.1|2007,2III_D.1.1,2III_D,2III,FJ898434,10680,104.9528302,2007,Nicaragua: Managua,Nicaragua,FJ898434,2007
540,FJ898435.1|2005,2III_D.1.3,2III_D,2III,FJ898435,10679,104.9430031,2005,Nicaragua: Managua,Nicaragua,FJ898435,2005
541,FJ898436.1|2004,2III_D.1.3,2III_D,2III,FJ898436,10679,104.9430031,2004,Nicaragua: Managua,Nicaragua,FJ898436,2004
542,FJ898438.1|2002,2III_D.1,2III_D,2III,FJ898438,10665,104.8054245,2002,Mexico: Nayarit,Mexico,FJ898438,2002
543,FJ898439.1|2008,2III_D.1,2III_D,2III,FJ898439,10680,104.9528302,2008,Mexico: Chiapas,Mexico,FJ898439,2008
544,FJ898449.1|1984,2I,2I,2I,FJ898449,10668,104.8349057,1984,Honduras,Honduras,FJ898449,1984
545,FJ898450.1|1990,2III_B,2III_B,2III,FJ898450,10678,104.9331761,1990,"Virgin Islands: U.S. Virgin Islands, Saint Thomas",USA,FJ898450,1990
546,FJ898451.1|2003,2III_C,2III_C,2III,FJ898451,10678,104.9331761,2003,Dominican Republic,Dominican Republic,FJ898451,2003
547,FJ898452.1|2003,2V_A,2V_A,2V,FJ898452,10679,104.9430031,2003,Thailand,Thailand,FJ898452,2003
548,FJ898453.1|2005,2III_C,2III_C,2III,FJ898453,10678,104.9331761,2005,"Virgin Islands: U.S. Virgin Islands, Saint Croix",USA,FJ898453,2005
549,FJ898454.1|2006,2II_A.1,2II_A,2II,FJ898454,10669,104.8447327,2006,India,India,FJ898454,2006
550,FJ898460.1|2001,2III_C,2III_C,2III,FJ898460,10678,104.9331761,2001,Saint Kitts and Nevis: Saint Kitts,Saint Kitts and Nevis,FJ898460,2001
551,FJ898461.1|2002,2III_D.1,2III_D,2III,FJ898461,10679,104.9430031,2002,Belize,Belize,FJ898461,2002
552,FJ898465.1|1998,2III_B,2III_B,2III,FJ898465,10677,104.9233491,1998,Venezuela: Aragua,Venezuela,FJ898465,1998
553,FJ898466.1|2000,2III_D,2III_D,2III,FJ898466,10679,104.9430031,2000,Venezuela: Aragua,Venezuela,FJ898466,2000
554,FJ898467.1|2005,2III_D.2,2III_D,2III,FJ898467,10678,104.9331761,2005,Venezuela: Aragua,Venezuela,FJ898467,2005
555,FJ898477.1|2000,2III_D.1,2III_D,2III,FJ898477,10678,104.9331761,2000,Nicaragua: Leon,Nicaragua,FJ898477,2000
556,FJ898478.1|2000,2III_D.1,2III_D,2III,FJ898478,10679,104.9430031,2000,Nicaragua: Leon,Nicaragua,FJ898478,2000
557,FJ898479.1|2007,2III_D.1.1,2III_D,2III,FJ898479,10680,104.9528302,2007,Nicaragua: Managua,Nicaragua,FJ898479,2007
558,FJ906956.1|2005,2III_D.1.3,2III_D,2III,FJ906956,10679,104.9430031,2005,Nicaragua: Managua,Nicaragua,FJ906956,2005
559,FJ906957.1|1996,2V_A,2V_A,2V,FJ906957,10678,104.9331761,1996,Thailand,Thailand,FJ906957,1996
560,FJ906958.1|1996,2V_B,2V_B,2V,FJ906958,10679,104.9430031,1996,Thailand,Thailand,FJ906958,1996
561,FJ906960.1|2007,2III_D.1.1,2III_D,2III,FJ906960,10660,104.7562893,2007,Nicaragua: Managua,Nicaragua,FJ906960,2007
562,FJ906961.1|2005,2III_D.1.3,2III_D,2III,FJ906961,10661,104.7661164,2005,Nicaragua: Managua,Nicaragua,FJ906961,2005
563,FJ906962.1|2005,2III_D.1.3,2III_D,2III,FJ906962,10678,104.9331761,2005,Nicaragua: Managua,Nicaragua,FJ906962,2005
564,FJ913016.1|2007,2III_D.1.1,2III_D,2III,FJ913016,8585,84.36517296,2007,Nicaragua: Managua,Nicaragua,FJ913016,2007
565,FJ810409.1|2001,2V_A,2V_A,2V,FJ810409,10679,104.9430031,2001,Thailand: Kampheange Phet,Thailand,FJ810409,2001
566,FJ810410.1|2001,2V_E,2V_E,2V,FJ810410,10703,105.1788522,2001,Thailand: Kampheange Phet,Thailand,FJ810410,2001
567,FJ810411.1|2001,2V_A,2V_A,2V,FJ810411,10678,104.9331761,2001,Thailand: Kampheange Phet,Thailand,FJ810411,2001
568,FJ810412.1|2001,2V_A,2V_A,2V,FJ810412,10737,105.5129717,2001,Thailand: Kampheange Phet,Thailand,FJ810412,2001
569,FJ810418.1|2008,2III_D.1.1,2III_D,2III,FJ810418,10677,104.9233491,2008,Nicaragua: Managua,Nicaragua,FJ810418,2008
570,FJ850050.1|2007,2III_D.1.1,2III_D,2III,FJ850050,10660,104.7562893,2007,Nicaragua: Managua,Nicaragua,FJ850050,2007
571,FJ850051.1|2007,2III_D.1.1,2III_D,2III,FJ850051,10679,104.9430031,2007,Nicaragua: Managua,Nicaragua,FJ850051,2007
572,FJ850053.1|2005,2III_D.1.3,2III_D,2III,FJ850053,10679,104.9430031,2005,Nicaragua: Managua,Nicaragua,FJ850053,2005
573,FJ850054.1|2005,2III_D.1.3,2III_D,2III,FJ850054,10679,104.9430031,2005,Nicaragua: Managua,Nicaragua,FJ850054,2005
574,FJ850060.1|2000,2III_D.1,2III_D,2III,FJ850060,10729,105.4343553,2000,Nicaragua: Leon,Nicaragua,FJ850060,2000
575,FJ850061.1|2000,2III_D.1,2III_D,2III,FJ850061,10690,105.0511006,2000,Nicaragua: Leon,Nicaragua,FJ850061,2000
576,FJ850062.1|2000,2III_D.1,2III_D,2III,FJ850062,10679,104.9430031,2000,Nicaragua: Leon,Nicaragua,FJ850062,2000
577,FJ850063.1|2000,2III_D.1,2III_D,2III,FJ850063,10679,104.9430031,2000,Nicaragua: Leon,Nicaragua,FJ850063,2000
578,FJ850064.1|2000,2III_D.1,2III_D,2III,FJ850064,10679,104.9430031,2000,Nicaragua: Leon,Nicaragua,FJ850064,2000
579,FJ850065.1|2000,2III_D.1,2III_D,2III,FJ850065,10679,104.9430031,2000,Nicaragua: Leon,Nicaragua,FJ850065,2000
580,FJ850066.1|2000,2III_D.1,2III_D,2III,FJ850066,10679,104.9430031,2000,Nicaragua: Leon,Nicaragua,FJ850066,2000
581,FJ850067.1|2006,2III_D.1.3,2III_D,2III,FJ850067,10679,104.9430031,2006,Nicaragua: Carazo,Nicaragua,FJ850067,2006
582,FJ850072.1|2000,2III_B,2III_B,2III,FJ850072,10677,104.9233491,2000,Brazil: Northern,Brazil,FJ850072,2000
583,FJ850074.1|2001,2III_E,2III_E,2III,FJ850074,10678,104.9331761,2001,Brazil: Northern,Brazil,FJ850074,2001
584,FJ850076.1|2002,2III_E,2III_E,2III,FJ850076,10663,104.7857704,2002,Brazil: Northern,Brazil,FJ850076,2002
585,FJ850078.1|2003,2III_E,2III_E,2III,FJ850078,10667,104.8250786,2003,Brazil: Northern,Brazil,FJ850078,2003
586,FJ850082.1|2004,2III_E,2III_E,2III,FJ850082,10679,104.9430031,2004,Brazil: Northern,Brazil,FJ850082,2004
587,FJ850085.1|2005,2III_E,2III_E,2III,FJ850085,10677,104.9233491,2005,Brazil: Northern,Brazil,FJ850085,2005
588,FJ850088.1|2006,2III_E,2III_E,2III,FJ850088,10667,104.8250786,2006,Brazil: Northern,Brazil,FJ850088,2006
589,FJ850091.1|2007,2III_C,2III_C,2III,FJ850091,10678,104.9331761,2007,Brazil: Northern,Brazil,FJ850091,2007
590,FJ850105.1|2007,2III_D.2,2III_D,2III,FJ850105,10678,104.9331761,2007,Venezuela: Aragua,Venezuela,FJ850105,2007
591,FJ850106.1|2008,2III_D.2,2III_D,2III,FJ850106,10677,104.9233491,2008,Venezuela: Aragua,Venezuela,FJ850106,2008
592,FJ850107.1|2008,2III_D.2,2III_D,2III,FJ850107,10667,104.8250786,2008,Venezuela: Aragua,Venezuela,FJ850107,2008
593,FJ850108.1|2008,2III_D.2,2III_D,2III,FJ850108,10664,104.7955975,2008,Venezuela: Aragua,Venezuela,FJ850108,2008
594,FJ850112.1|2004,2III_D.2,2III_D,2III,FJ850112,10702,105.1690252,2004,Venezuela: District Federal Caracas,Venezuela,FJ850112,2004
595,FJ850115.1|2005,2III_D.1.3,2III_D,2III,FJ850115,10678,104.9331761,2005,Nicaragua: Managua,Nicaragua,FJ850115,2005
596,FJ850116.1|2007,2III_D.1.1,2III_D,2III,FJ850116,10660,104.7562893,2007,Nicaragua: Managua,Nicaragua,FJ850116,2007
597,FJ850117.1|2000,2III_D.1,2III_D,2III,FJ850117,10679,104.9430031,2000,Nicaragua: Managua,Nicaragua,FJ850117,2000
598,FJ850118.1|2000,2III_D.1,2III_D,2III,FJ850118,10679,104.9430031,2000,Nicaragua: Managua,Nicaragua,FJ850118,2000
599,FJ850119.1|2000,2III_D.1,2III_D,2III,FJ850119,10678,104.9331761,2000,Nicaragua: Managua,Nicaragua,FJ850119,2000
600,FJ850120.1|2001,2III_D.1,2III_D,2III,FJ850120,10679,104.9430031,2001,Nicaragua: Managua,Nicaragua,FJ850120,2001
601,FJ850121.1|2001,2III_D.1,2III_D,2III,FJ850121,10679,104.9430031,2001,Nicaragua: Managua,Nicaragua,FJ850121,2001
602,FJ744709.1|2008,2III_D.1.1,2III_D,2III,FJ744709,10640,104.5597484,2008,Nicaragua: Managua,Nicaragua,FJ744709,2008
603,FJ687434.1|2001,2V_E,2V_E,2V,FJ687434,10679,104.9430031,2001,Thailand: Kampheange Phet,Thailand,FJ687434,2001
604,FJ687435.1|2001,2V_E,2V_E,2V,FJ687435,10679,104.9430031,2001,Thailand: Kampheange Phet,Thailand,FJ687435,2001
605,FJ687436.1|2001,2V_E,2V_E,2V,FJ687436,10679,104.9430031,2001,Thailand: Kampheange Phet,Thailand,FJ687436,2001
606,FJ687437.1|2001,2V_A,2V_A,2V,FJ687437,10678,104.9331761,2001,Thailand: Kampheange Phet,Thailand,FJ687437,2001
607,FJ687438.1|2001,2V_A,2V_A,2V,FJ687438,10678,104.9331761,2001,Thailand: Kampheange Phet,Thailand,FJ687438,2001
608,FJ687439.1|2001,2V_A,2V_A,2V,FJ687439,10677,104.9233491,2001,Thailand: Kampheange Phet,Thailand,FJ687439,2001
609,FJ687440.1|2001,2V_A,2V_A,2V,FJ687440,10679,104.9430031,2001,Thailand: Kampheange Phet,Thailand,FJ687440,2001
610,FJ687441.1|2001,2V_A,2V_A,2V,FJ687441,10679,104.9430031,2001,Thailand: Kampheange Phet,Thailand,FJ687441,2001
611,FJ687442.1|2001,2V_A,2V_A,2V,FJ687442,10679,104.9430031,2001,Thailand: Kampheange Phet,Thailand,FJ687442,2001
612,FJ687443.1|2001,2V_A,2V_A,2V,FJ687443,10679,104.9430031,2001,Thailand: Kampheange Phet,Thailand,FJ687443,2001
613,FJ687444.1|2001,2V_E,2V_E,2V,FJ687444,10661,104.7661164,2001,Thailand: Kampheange Phet,Thailand,FJ687444,2001
614,FJ687445.1|2001,2V_E,2V_E,2V,FJ687445,10679,104.9430031,2001,Thailand: Kampheange Phet,Thailand,FJ687445,2001
615,FJ687446.1|2001,2V_E,2V_E,2V,FJ687446,10679,104.9430031,2001,Thailand: Kampheange Phet,Thailand,FJ687446,2001
616,FJ687447.1|2001,2V_A,2V_A,2V,FJ687447,10678,104.9331761,2001,Thailand: Kampheange Phet,Thailand,FJ687447,2001
617,FJ744703.1|2007,2III_D.1.1,2III_D,2III,FJ744703,10673,104.8840409,2007,Nicaragua: Managua,Nicaragua,FJ744703,2007
618,FJ744704.1|2001,2III_D.1,2III_D,2III,FJ744704,10664,104.7955975,2001,Nicaragua: Leon,Nicaragua,FJ744704,2001
619,FJ744705.1|2000,2III_D.1,2III_D,2III,FJ744705,10669,104.8447327,2000,Nicaragua: Leon,Nicaragua,FJ744705,2000
620,FJ744706.1|2007,2III_D.1.1,2III_D,2III,FJ744706,10679,104.9430031,2007,Nicaragua: Managua,Nicaragua,FJ744706,2007
621,FJ744707.1|2007,2III_D.1.1,2III_D,2III,FJ744707,10678,104.9331761,2007,Nicaragua: Managua,Nicaragua,FJ744707,2007
622,FJ744708.1|2007,2III_D.1.1,2III_D,2III,FJ744708,10689,105.0412736,2007,Nicaragua: Managua,Nicaragua,FJ744708,2007
623,FJ744710.1|2001,2V_A,2V_A,2V,FJ744710,10678,104.9331761,2001,Thailand: Kampheange Phet,Thailand,FJ744710,2001
624,FJ744711.1|2001,2V_A,2V_A,2V,FJ744711,10678,104.9331761,2001,Thailand: Kampheange Phet,Thailand,FJ744711,2001
625,FJ744712.1|2001,2V_A,2V_A,2V,FJ744712,10678,104.9331761,2001,Thailand: Kampheange Phet,Thailand,FJ744712,2001
626,FJ744713.1|2001,2V_A,2V_A,2V,FJ744713,10678,104.9331761,2001,Thailand: Kampheange Phet,Thailand,FJ744713,2001
627,FJ744714.1|2001,2V_A,2V_A,2V,FJ744714,10678,104.9331761,2001,Thailand: Kampheange Phet,Thailand,FJ744714,2001
628,FJ744715.1|2001,2V_A,2V_A,2V,FJ744715,10678,104.9331761,2001,Thailand: Kampheange Phet,Thailand,FJ744715,2001
629,FJ744716.1|2001,2V_A,2V_A,2V,FJ744716,10678,104.9331761,2001,Thailand: Kampheange Phet,Thailand,FJ744716,2001
630,FJ744717.1|2001,2V_A,2V_A,2V,FJ744717,10678,104.9331761,2001,Thailand: Kampheange Phet,Thailand,FJ744717,2001
631,FJ744718.1|2001,2V_A,2V_A,2V,FJ744718,10678,104.9331761,2001,Thailand: Kampheange Phet,Thailand,FJ744718,2001
632,FJ744719.1|2001,2V_E,2V_E,2V,FJ744719,10719,105.3360849,2001,Thailand: Kampheange Phet,Thailand,FJ744719,2001
633,FJ744720.1|2001,2V_E,2V_E,2V,FJ744720,10678,104.9331761,2001,Thailand: Kampheange Phet,Thailand,FJ744720,2001
634,FJ744721.1|2001,2V_E,2V_E,2V,FJ744721,10679,104.9430031,2001,Thailand: Kampheange Phet,Thailand,FJ744721,2001
635,FJ744722.1|2001,2V_E,2V_E,2V,FJ744722,10679,104.9430031,2001,Thailand: Kampheange Phet,Thailand,FJ744722,2001
636,FJ744723.1|2001,2V_E,2V_E,2V,FJ744723,10671,104.8643868,2001,Thailand: Kampheange Phet,Thailand,FJ744723,2001
637,FJ744724.1|2001,2V_A,2V_A,2V,FJ744724,10659,104.7464623,2001,Thailand: Kampheange Phet,Thailand,FJ744724,2001
638,FJ744725.1|2001,2V_A,2V_A,2V,FJ744725,10678,104.9331761,2001,Thailand: Kampheange Phet,Thailand,FJ744725,2001
639,FJ744741.1|2006,2III_D.1.3,2III_D,2III,FJ744741,10679,104.9430031,2006,Nicaragua: Carazo,Nicaragua,FJ744741,2006
640,FJ744742.1|2006,2III_D.1.1,2III_D,2III,FJ744742,10679,104.9430031,2006,Nicaragua: Carazo,Nicaragua,FJ744742,2006
641,FJ744743.1|2007,2III_D.1.1,2III_D,2III,FJ744743,10727,105.4147013,2007,Nicaragua: Managua,Nicaragua,FJ744743,2007
642,FJ744744.1|2000,2III_D.1,2III_D,2III,FJ744744,10664,104.7955975,2000,Nicaragua: Managua,Nicaragua,FJ744744,2000
643,FJ744745.1|2000,2III_D.1,2III_D,2III,FJ744745,10679,104.9430031,2000,Nicaragua: Masaya,Nicaragua,FJ744745,2000
644,FJ432726.1|2007,2V_A,2V_A,2V,FJ432726,10678,104.9331761,2007,Viet Nam: South,Viet Nam,FJ432726,2007
645,FJ461305.1|2007,2V_A,2V_A,2V,FJ461305,10664,104.7955975,2007,Viet Nam: South,Viet Nam,FJ461305,2007
646,FJ461309.1|2008,2V_A,2V_A,2V,FJ461309,10678,104.9331761,2008,Viet Nam: South,Viet Nam,FJ461309,2008
647,FJ461311.1|2008,2V_A,2V_A,2V,FJ461311,10678,104.9331761,2008,Viet Nam: South,Viet Nam,FJ461311,2008
648,FJ461314.1|2007,2V_A,2V_A,2V,FJ461314,10678,104.9331761,2007,Viet Nam: South,Viet Nam,FJ461314,2007
649,FJ461321.1|2007,2V_A,2V_A,2V,FJ461321,10694,105.0904088,2007,Viet Nam: South,Viet Nam,FJ461321,2007
650,FJ547064.1|2007,2V_A,2V_A,2V,FJ547064,10679,104.9430031,2007,Viet Nam: South,Viet Nam,FJ547064,2007
651,FJ547067.1|2007,2V_A,2V_A,2V,FJ547067,10675,104.903695,2007,Viet Nam: South,Viet Nam,FJ547067,2007
652,FJ547090.1|2007,2III_D.1.1,2III_D,2III,FJ547090,10641,104.5695755,2007,Nicaragua: Managua,Nicaragua,FJ547090,2007
653,FJ562098.1|2007,2V_A,2V_A,2V,FJ562098,10665,104.8054245,2007,Viet Nam: South,Viet Nam,FJ562098,2007
654,FJ639697.1|2001,2III_A,2III_A,2III,FJ639697,10667,104.8250786,2001,Cambodia: KCH,Cambodia,FJ639697,2001
655,FJ639698.1|2002,2III_A,2III_A,2III,FJ639698,10679,104.9430031,2002,Cambodia: KCH,Cambodia,FJ639698,2002
656,FJ639699.1|2002,2III_A,2III_A,2III,FJ639699,10680,104.9528302,2002,Cambodia: KCH,Cambodia,FJ639699,2002
657,FJ639700.1|2002,2III_A,2III_A,2III,FJ639700,10679,104.9430031,2002,Cambodia: KCH,Cambodia,FJ639700,2002
658,FJ639701.1|2002,2III_A,2III_A,2III,FJ639701,10681,104.9626572,2002,Cambodia: KCH,Cambodia,FJ639701,2002
659,FJ639702.1|2003,2III_A,2III_A,2III,FJ639702,10667,104.8250786,2003,Cambodia: BTB,Cambodia,FJ639702,2003
660,FJ639703.1|2003,2III_A,2III_A,2III,FJ639703,10663,104.7857704,2003,Cambodia: BTB,Cambodia,FJ639703,2003
661,FJ639704.1|2003,2V_A,2V_A,2V,FJ639704,10672,104.8742138,2003,Cambodia: KCH,Cambodia,FJ639704,2003
662,FJ639705.1|2003,2V_A,2V_A,2V,FJ639705,10678,104.9331761,2003,Cambodia: TAK,Cambodia,FJ639705,2003
663,FJ639706.1|2004,2V_A,2V_A,2V,FJ639706,10677,104.9233491,2004,Cambodia: PHP,Cambodia,FJ639706,2004
664,FJ639707.1|2004,2V_A,2V_A,2V,FJ639707,10677,104.9233491,2004,Cambodia: PHP,Cambodia,FJ639707,2004
665,FJ639708.1|2005,2V_A,2V_A,2V,FJ639708,10677,104.9233491,2005,Cambodia: SRP,Cambodia,FJ639708,2005
666,FJ639709.1|2005,2V_A,2V_A,2V,FJ639709,10683,104.9823113,2005,Cambodia: TAK,Cambodia,FJ639709,2005
667,FJ639710.1|2005,2V_A,2V_A,2V,FJ639710,10658,104.7366352,2005,Cambodia: PHP,Cambodia,FJ639710,2005
668,FJ639711.1|2005,2V_A,2V_A,2V,FJ639711,10666,104.8152516,2005,Cambodia: PHP,Cambodia,FJ639711,2005
669,FJ639717.1|2007,2V_A,2V_A,2V,FJ639717,10678,104.9331761,2007,Cambodia: KCH,Cambodia,FJ639717,2007
670,FJ639718.1|2008,2V_A.1,2V_A,2V,FJ639718,10703,105.1788522,2008,Cambodia: PRV,Cambodia,FJ639718,2008
671,FJ639732.1|2005,2III_D.2,2III_D,2III,FJ639732,10630,104.461478,2005,Venezuela: Aragua,Venezuela,FJ639732,2005
672,FJ639733.1|2005,2III_D.2,2III_D,2III,FJ639733,10670,104.8545597,2005,Venezuela: Aragua,Venezuela,FJ639733,2005
673,FJ639734.1|2003,2III_D.2,2III_D,2III,FJ639734,10647,104.6285377,2003,Venezuela: Aragua,Venezuela,FJ639734,2003
674,FJ639783.1|2003,2III_D.3,2III_D,2III,FJ639783,10679,104.9430031,2003,Venezuela: Aragua,Venezuela,FJ639783,2003
675,FJ639788.1|2004,2III_D.3,2III_D,2III,FJ639788,10678,104.9331761,2004,Venezuela: Aragua,Venezuela,FJ639788,2004
676,FJ639809.1|2005,2III_D.2,2III_D,2III,FJ639809,10678,104.9331761,2005,Venezuela: Aragua,Venezuela,FJ639809,2005
677,FJ639822.1|2006,2III_D.3,2III_D,2III,FJ639822,10679,104.9430031,2006,Venezuela: Aragua,Venezuela,FJ639822,2006
678,FJ639828.1|2001,2V_E,2V_E,2V,FJ639828,10670,104.8545597,2001,Thailand: Kampheange Phet,Thailand,FJ639828,2001
679,FJ639829.1|2001,2V_E,2V_E,2V,FJ639829,10679,104.9430031,2001,Thailand: Kampheange Phet,Thailand,FJ639829,2001
680,FJ639830.1|2001,2V_E,2V_E,2V,FJ639830,10679,104.9430031,2001,Thailand: Kampheange Phet,Thailand,FJ639830,2001
681,FJ639831.1|2001,2V_D,2V_D,2V,FJ639831,10660,104.7562893,2001,Thailand: Kampheange Phet,Thailand,FJ639831,2001
682,FJ639832.1|2001,2V_A,2V_A,2V,FJ639832,10658,104.7366352,2001,Thailand: Kampheange Phet,Thailand,FJ639832,2001
683,FJ639833.1|2007,2III_D.1.1,2III_D,2III,FJ639833,10679,104.9430031,2007,Nicaragua: Managua,Nicaragua,FJ639833,2007
684,FJ639834.1|2007,2III_D.1.1,2III_D,2III,FJ639834,10665,104.8054245,2007,Nicaragua: Managua,Nicaragua,FJ639834,2007
685,FJ639835.1|2007,2III_D.1.1,2III_D,2III,FJ639835,10680,104.9528302,2007,Nicaragua: Managua,Nicaragua,FJ639835,2007
686,FJ639836.1|2007,2III_D.1.1,2III_D,2III,FJ639836,10680,104.9528302,2007,Nicaragua: Managua,Nicaragua,FJ639836,2007
687,FJ639837.1|2007,2III_D.1.1,2III_D,2III,FJ639837,10679,104.9430031,2007,Nicaragua: Managua,Nicaragua,FJ639837,2007
688,FJ478455.1|2005,2III_D.1.1,2III_D,2III,FJ478455,10678,104.9331761,2005,Nicaragua: Managua,Nicaragua,FJ478455,2005
689,FJ478459.1|2007,2III_D.1.1,2III_D,2III,FJ478459,10680,104.9528302,2007,Nicaragua: Managua,Nicaragua,FJ478459,2007
690,FJ226066.1|2005,2III_D.1.3,2III_D,2III,FJ226066,10684,104.9921384,2005,Nicaragua: Managua,Nicaragua,FJ226066,2005
691,FJ373299.1|2007,2V_A,2V_A,2V,FJ373299,10678,104.9331761,2007,Viet Nam: South,Viet Nam,FJ373299,2007
692,FJ373300.1|2007,2III_D.1.1,2III_D,2III,FJ373300,10679,104.9430031,2007,Nicaragua: Managua,Nicaragua,FJ373300,2007
693,FJ373301.1|2007,2III_D.1.1,2III_D,2III,FJ373301,10706,105.2083333,2007,Nicaragua: Managua,Nicaragua,FJ373301,2007
694,FJ390384.1|2007,2V_A,2V_A,2V,FJ390384,10678,104.9331761,2007,Viet Nam: South,Viet Nam,FJ390384,2007
695,FJ390385.1|2007,2V_A,2V_A,2V,FJ390385,10678,104.9331761,2007,Viet Nam: South,Viet Nam,FJ390385,2007
696,FJ390387.1|2007,2V_A,2V_A,2V,FJ390387,10668,104.8349057,2007,Viet Nam: South,Viet Nam,FJ390387,2007
697,FJ390389.1|1944,unassigned,unassigned,unassigned,FJ390389,10632,104.4811321,1944,Papua New Guinea,Papua New Guinea,FJ390389,1944
698,FJ390390.1|2007,2III_D.1.3,2III_D,2III,FJ390390,10679,104.9430031,2007,Nicaragua: Managua,Nicaragua,FJ390390,2007
699,FJ390391.1|2007,2III_D.1.1,2III_D,2III,FJ390391,10680,104.9528302,2007,Nicaragua: Managua,Nicaragua,FJ390391,2007
700,FJ410193.1|2007,2V_A,2V_A,2V,FJ410193,10666,104.8152516,2007,Viet Nam: South,Viet Nam,FJ410193,2007
701,FJ410195.1|2007,2V_A,2V_A,2V,FJ410195,10678,104.9331761,2007,Viet Nam: South,Viet Nam,FJ410195,2007
702,FJ410200.1|2007,2V_A,2V_A,2V,FJ410200,10673,104.8840409,2007,Viet Nam: South,Viet Nam,FJ410200,2007
703,FJ410202.1|2007,2V_A,2V_A,2V,FJ410202,10668,104.8349057,2007,Viet Nam: South,Viet Nam,FJ410202,2007
704,FJ410208.1|2007,2V_A,2V_A,2V,FJ410208,10674,104.8938679,2007,Viet Nam: South,Viet Nam,FJ410208,2007
705,FJ410215.1|2008,2V_A,2V_A,2V,FJ410215,10678,104.9331761,2008,Viet Nam: South,Viet Nam,FJ410215,2008
706,FJ410217.1|2007,2V_A,2V_A,2V,FJ410217,10678,104.9331761,2007,Viet Nam: South,Viet Nam,FJ410217,2007
707,FJ410219.1|2007,2V_A,2V_A,2V,FJ410219,10668,104.8349057,2007,Viet Nam: South,Viet Nam,FJ410219,2007
708,FJ410221.1|2007,2V_A,2V_A,2V,FJ410221,10678,104.9331761,2007,Viet Nam: South,Viet Nam,FJ410221,2007
709,FJ410223.1|2007,2V_A,2V_A,2V,FJ410223,10677,104.9233491,2007,Viet Nam: South,Viet Nam,FJ410223,2007
710,FJ410224.1|2007,2V_A,2V_A,2V,FJ410224,10678,104.9331761,2007,Viet Nam: South,Viet Nam,FJ410224,2007
711,FJ410228.1|2007,2V_A,2V_A,2V,FJ410228,10678,104.9331761,2007,Viet Nam: South,Viet Nam,FJ410228,2007
712,FJ410233.1|2008,2V_A,2V_A,2V,FJ410233,10663,104.7857704,2008,Viet Nam: South,Viet Nam,FJ410233,2008
713,FJ410237.1|2008,2V_A,2V_A,2V,FJ410237,10678,104.9331761,2008,Viet Nam: South,Viet Nam,FJ410237,2008
714,FJ410241.1|2008,2V_A,2V_A,2V,FJ410241,10678,104.9331761,2008,Viet Nam: South,Viet Nam,FJ410241,2008
715,FJ410259.1|2008,2V_A,2V_A,2V,FJ410259,10678,104.9331761,2008,Viet Nam: South,Viet Nam,FJ410259,2008
716,FJ410288.1|2007,2V_A,2V_A,2V,FJ410288,10678,104.9331761,2007,Viet Nam: South,Viet Nam,FJ410288,2007
717,FJ410291.1|2007,2III_D.1.3,2III_D,2III,FJ410291,10679,104.9430031,2007,Nicaragua: Managua,Nicaragua,FJ410291,2007
718,FJ205877.1|2007,2V_A,2V_A,2V,FJ205877,10677,104.9233491,2007,Viet Nam: South,Viet Nam,FJ205877,2007
719,FJ205878.1|2007,2V_A,2V_A,2V,FJ205878,10678,104.9331761,2007,Viet Nam: South,Viet Nam,FJ205878,2007
720,FJ205879.1|2007,2V_A,2V_A,2V,FJ205879,10678,104.9331761,2007,Viet Nam: South,Viet Nam,FJ205879,2007
721,FJ205880.1|2007,2V_A,2V_A,2V,FJ205880,10678,104.9331761,2007,Viet Nam: South,Viet Nam,FJ205880,2007
722,FJ182012.1|2005,2III_D.2,2III_D,2III,FJ182012,10637,104.5302673,2005,Colombia: Guaviare,Colombia,FJ182012,2005
723,FJ182014.1|2007,2III_D.1.1,2III_D,2III,FJ182014,10680,104.9528302,2007,Nicaragua: Managua,Nicaragua,FJ182014,2007
724,FJ205885.1|2008,2III_D.1.1,2III_D,2III,FJ205885,10680,104.9528302,2008,Nicaragua: Managua,Nicaragua,FJ205885,2008
725,FM210202.1|2004,2III_A.2,2III_A,2III,FM210202,10692,105.0707547,2004,Viet Nam:South,Viet Nam,FM210202,2004
726,FM210203.1|2003,2III_A.1,2III_A,2III,FM210203,10690,105.0511006,2003,Viet Nam:South,Viet Nam,FM210203,2003
727,FM210204.1|2003,2III_A.2,2III_A,2III,FM210204,10559,103.7637579,2003,Viet Nam:South,Viet Nam,FM210204,2003
728,FM210205.1|2005,2V_A,2V_A,2V,FM210205,10691,105.0609277,2005,Viet Nam:South,Viet Nam,FM210205,2005
729,FM210206.1|2005,2V_A,2V_A,2V,FM210206,10691,105.0609277,2005,Viet Nam:South,Viet Nam,FM210206,2005
730,FM210207.1|2005,2V_A,2V_A,2V,FM210207,10691,105.0609277,2005,Viet Nam:South,Viet Nam,FM210207,2005
731,FM210208.1|2003,2III_A.1,2III_A,2III,FM210208,10595,104.1175314,2003,Viet Nam:South,Viet Nam,FM210208,2003
732,FM210209.1|2003,2III_A.1,2III_A,2III,FM210209,10692,105.0707547,2003,Viet Nam:South,Viet Nam,FM210209,2003
733,FM210210.1|2003,2III_A.1,2III_A,2III,FM210210,10693,105.0805818,2003,Viet Nam:South,Viet Nam,FM210210,2003
734,FM210211.1|2003,2V_A,2V_A,2V,FM210211,10691,105.0609277,2003,Viet Nam:South,Viet Nam,FM210211,2003
735,FM210212.1|2003,2III_A.1,2III_A,2III,FM210212,10486,103.0463836,2003,Viet Nam:South,Viet Nam,FM210212,2003
736,FM210213.1|2005,2III_A.1,2III_A,2III,FM210213,10694,105.0904088,2005,Viet Nam:South,Viet Nam,FM210213,2005
737,FM210214.1|2004,2V_A,2V_A,2V,FM210214,10685,105.0019654,2004,Viet Nam:South,Viet Nam,FM210214,2004
738,FM210215.1|2004,2V_A,2V_A,2V,FM210215,10685,105.0019654,2004,Viet Nam:South,Viet Nam,FM210215,2004
739,FM210216.1|2004,2V_A,2V_A,2V,FM210216,10685,105.0019654,2004,Viet Nam:South,Viet Nam,FM210216,2004
740,FM210217.1|1999,2III_A.1,2III_A,2III,FM210217,10685,105.0019654,1999,Viet Nam:South,Viet Nam,FM210217,1999
741,FM210218.1|2002,2III_A.2,2III_A,2III,FM210218,10385,102.0538522,2002,Viet Nam:South,Viet Nam,FM210218,2002
742,FM210219.1|2003,2III_A.1,2III_A,2III,FM210219,10685,105.0019654,2003,Viet Nam:South,Viet Nam,FM210219,2003
743,FM210220.1|2003,2III_A.2,2III_A,2III,FM210220,10616,104.3238994,2003,Viet Nam:South,Viet Nam,FM210220,2003
744,FM210221.1|2003,2III_A.2,2III_A,2III,FM210221,10685,105.0019654,2003,Viet Nam:South,Viet Nam,FM210221,2003
745,FM210222.1|2004,2III_A.1,2III_A,2III,FM210222,10685,105.0019654,2004,Viet Nam:South,Viet Nam,FM210222,2004
746,FM210223.1|2003,2III_A.1,2III_A,2III,FM210223,10687,105.0216195,2003,Viet Nam:South,Viet Nam,FM210223,2003
747,FM210224.1|2001,2III_A.2,2III_A,2III,FM210224,10689,105.0412736,2001,Viet Nam:South,Viet Nam,FM210224,2001
748,FM210225.1|2001,2III_A.2,2III_A,2III,FM210225,10684,104.9921384,2001,Viet Nam:South,Viet Nam,FM210225,2001
749,FM210226.1|2002,2III_A.1,2III_A,2III,FM210226,10685,105.0019654,2002,Viet Nam:South,Viet Nam,FM210226,2002
750,FM210227.1|2002,2III_A.2,2III_A,2III,FM210227,10685,105.0019654,2002,Viet Nam:South,Viet Nam,FM210227,2002
751,FM210228.1|2003,2III_A.1,2III_A,2III,FM210228,10685,105.0019654,2003,Viet Nam:South,Viet Nam,FM210228,2003
752,FM210229.1|2003,2III_A.1,2III_A,2III,FM210229,10392,102.1226415,2003,Viet Nam:South,Viet Nam,FM210229,2003
753,FM210230.1|2003,2III_A.1,2III_A,2III,FM210230,10687,105.0216195,2003,Viet Nam:South,Viet Nam,FM210230,2003
754,FM210231.1|2004,2V_A,2V_A,2V,FM210231,10685,105.0019654,2004,Viet Nam:South,Viet Nam,FM210231,2004
755,FM210232.2|2004,2III_A.1,2III_A,2III,FM210232,10685,105.0019654,2004,Viet Nam:South,Viet Nam,FM210232,2004
756,FM210233.2|2004,2V_A,2V_A,2V,FM210233,10685,105.0019654,2004,Viet Nam:South,Viet Nam,FM210233,2004
757,FM210234.2|2004,2III_A.1,2III_A,2III,FM210234,10685,105.0019654,2004,Viet Nam:South,Viet Nam,FM210234,2004
758,FM210235.2|2005,2III_A.1,2III_A,2III,FM210235,10652,104.677673,2005,Viet Nam:South,Viet Nam,FM210235,2005
759,FM210236.2|2004,2III_A.1,2III_A,2III,FM210236,10659,104.7464623,2004,Viet Nam:South,Viet Nam,FM210236,2004
760,FM210237.2|2003,2III_A.1,2III_A,2III,FM210237,10684,104.9921384,2003,Viet Nam:South,Viet Nam,FM210237,2003
761,FM210238.2|2001,2III_A.1,2III_A,2III,FM210238,10659,104.7464623,2001,Viet Nam:South,Viet Nam,FM210238,2001
762,FM210239.2|2004,2III_A.1,2III_A,2III,FM210239,10672,104.8742138,2004,Viet Nam:South,Viet Nam,FM210239,2004
763,FM210240.2|2004,2V_A,2V_A,2V,FM210240,10602,104.1863208,2004,Viet Nam:South,Viet Nam,FM210240,2004
764,FM210241.2|2004,2III_A.2,2III_A,2III,FM210241,10611,104.2747642,2004,Viet Nam:South,Viet Nam,FM210241,2004
765,FM210242.2|2004,2V_A,2V_A,2V,FM210242,10690,105.0511006,2004,Viet Nam:South,Viet Nam,FM210242,2004
766,FM210243.2|2004,2III_A.1,2III_A,2III,FM210243,10604,104.2059748,2004,Viet Nam:South,Viet Nam,FM210243,2004
767,FM210244.2|2004,2III_A.1,2III_A,2III,FM210244,10683,104.9823113,2004,Viet Nam:South,Viet Nam,FM210244,2004
768,FM210245.2|2005,2V_A,2V_A,2V,FM210245,10673,104.8840409,2005,Viet Nam:South,Viet Nam,FM210245,2005
769,FM210246.2|2005,2V_A,2V_A,2V,FM210246,10614,104.3042453,2005,Viet Nam:South,Viet Nam,FM210246,2005
770,EU854293.1|1944,unassigned,unassigned,unassigned,EU854293,10633,104.4909591,1944,Colombia: Antioquia,Colombia,EU854293,1944
771,EU854294.1|2005,2III_D.2,2III_D,2III,EU854294,10636,104.5204403,2005,Colombia: Guaviare,Colombia,EU854294,2005
772,FJ024452.1|2007,2V_A,2V_A,2V,FJ024452,10678,104.9331761,2007,Viet Nam: South,Viet Nam,FJ024452,2007
773,FJ024454.1|2007,2V_A,2V_A,2V,FJ024454,10678,104.9331761,2007,Viet Nam: South,Viet Nam,FJ024454,2007
774,FJ024458.1|2007,2V_A,2V_A,2V,FJ024458,10678,104.9331761,2007,Viet Nam: South,Viet Nam,FJ024458,2007
775,FJ024461.1|2007,2V_A,2V_A,2V,FJ024461,10678,104.9331761,2007,Viet Nam: South,Viet Nam,FJ024461,2007
776,FJ024473.1|2005,2III_D.2,2III_D,2III,FJ024473,10647,104.6285377,2005,Colombia: Guaviare,Colombia,FJ024473,2005
777,FJ024474.1|2005,2III_D.2,2III_D,2III,FJ024474,10640,104.5597484,2005,Colombia: Guaviare,Colombia,FJ024474,2005
778,FJ024475.1|2005,2III_D.2,2III_D,2III,FJ024475,10640,104.5597484,2005,Colombia: Guaviare,Colombia,FJ024475,2005
779,FJ024477.1|2004,2III_D.3,2III_D,2III,FJ024477,10647,104.6285377,2004,Colombia: Antioquia,Colombia,FJ024477,2004
780,EU056810.1|1983,2II_B,2II_B,2II,EU056810,10723,105.3753931,1983,Burkina Faso,Burkina Faso,EU056810,1983
781,EU056811.1|1995,2I,2I,2I,EU056811,10713,105.2771226,1995,Peru,Peru,EU056811,1995
782,EU056812.1|1977,2I,2I,2I,EU056812,10714,105.2869497,1977,Puerto Rico,USA,EU056812,1977
783,EU726767.1|1994,2V,2V,2V,EU726767,10678,104.9331761,1994,Thailand: Bangkok,Thailand,EU726767,1994
784,EU726770.1|2005,2III_B,2III_B,2III,EU726770,10679,104.9430031,2005,USA: Puerto Rico,USA,EU726770,2005
785,EU726775.1|1996,2III_D,2III_D,2III,EU726775,10679,104.9430031,1996,Venezuela: Aragua,Venezuela,EU726775,1996
786,EU726776.1|2007,2V_A,2V_A,2V,EU726776,10663,104.7857704,2007,Viet Nam: South,Viet Nam,EU726776,2007
787,EU781135.1|2005,2III_B,2III_B,2III,EU781135,10678,104.9331761,2005,USA: Puerto Rico,USA,EU781135,2005
788,EU660398.1|1989,2III,2III,2III,EU660398,10639,104.5499214,1989,USA: Puerto Rico,USA,EU660398,1989
789,EU660399.1|1995,2III,2III,2III,EU660399,10678,104.9331761,1995,USA: Puerto Rico,USA,EU660399,1995
790,EU660400.1|1998,2III_B,2III_B,2III,EU660400,10677,104.9233491,1998,USA: Puerto Rico,USA,EU660400,1998
791,EU660404.1|2007,2III_D.1.1,2III_D,2III,EU660404,10709,105.2378145,2007,Nicaragua: Managua,Nicaragua,EU660404,2007
792,EU660405.1|2007,2III_D.1.1,2III_D,2III,EU660405,10680,104.9528302,2007,Nicaragua: Managua,Nicaragua,EU660405,2007
793,EU660406.1|2007,2III_D.1.1,2III_D,2III,EU660406,10679,104.9430031,2007,Nicaragua: Managua,Nicaragua,EU660406,2007
794,EU660413.1|2007,2V_A,2V_A,2V,EU660413,10678,104.9331761,2007,Viet Nam: South,Viet Nam,EU660413,2007
795,EU660414.1|2007,2V_A,2V_A,2V,EU660414,10678,104.9331761,2007,Viet Nam: South,Viet Nam,EU660414,2007
796,EU660415.1|2007,2V_A,2V_A,2V,EU660415,10711,105.2574686,2007,Viet Nam: South,Viet Nam,EU660415,2007
797,EU660416.1|2007,2V_A,2V_A,2V,EU660416,10678,104.9331761,2007,Viet Nam: South,Viet Nam,EU660416,2007
798,EU660417.1|2007,2V_A,2V_A,2V,EU660417,10678,104.9331761,2007,Viet Nam: South,Viet Nam,EU660417,2007
799,EU677137.1|2007,2V_A,2V_A,2V,EU677137,10661,104.7661164,2007,Viet Nam: South,Viet Nam,EU677137,2007
800,EU677138.1|2007,2V_A,2V_A,2V,EU677138,10678,104.9331761,2007,Viet Nam: South,Viet Nam,EU677138,2007
801,EU677141.1|1996,2III_B,2III_B,2III,EU677141,10677,104.9233491,1996,USA: Puerto Rico,USA,EU677141,1996
802,EU677142.1|1999,2III,2III,2III,EU677142,10678,104.9331761,1999,USA: Puerto Rico,USA,EU677142,1999
803,EU677143.1|1999,2III_B,2III_B,2III,EU677143,10678,104.9331761,1999,USA: Puerto Rico,USA,EU677143,1999
804,EU677144.1|1999,2III_B,2III_B,2III,EU677144,10678,104.9331761,1999,USA: Puerto Rico,USA,EU677144,1999
805,EU677145.1|1999,2III_C,2III_C,2III,EU677145,10678,104.9331761,1999,USA: Puerto Rico,USA,EU677145,1999
806,EU677146.1|2004,2III_B,2III_B,2III,EU677146,10678,104.9331761,2004,USA: Puerto Rico,USA,EU677146,2004
807,EU677147.1|2004,2III_B,2III_B,2III,EU677147,10678,104.9331761,2004,USA: Puerto Rico,USA,EU677147,2004
808,EU677148.1|2007,2V_A,2V_A,2V,EU677148,10678,104.9331761,2007,Viet Nam: South,Viet Nam,EU677148,2007
809,EU677149.1|2007,2V_A,2V_A,2V,EU677149,10661,104.7661164,2007,Viet Nam: South,Viet Nam,EU677149,2007
810,EU687199.1|2003,2III_B,2III_B,2III,EU687199,10678,104.9331761,2003,USA: Puerto Rico,USA,EU687199,2003
811,EU687212.1|1998,2III_C,2III_C,2III,EU687212,10668,104.8349057,1998,USA: Puerto Rico,USA,EU687212,1998
812,EU687213.1|2004,2III_B,2III_B,2III,EU687213,10678,104.9331761,2004,USA: Puerto Rico,USA,EU687213,2004
813,EU687214.1|2004,2III_B,2III_B,2III,EU687214,10678,104.9331761,2004,USA: Puerto Rico,USA,EU687214,2004
814,EU687215.1|2004,2III_B,2III_B,2III,EU687215,10678,104.9331761,2004,USA: Puerto Rico,USA,EU687215,2004
815,EU687216.1|2005,2III_C,2III_C,2III,EU687216,10678,104.9331761,2005,USA: Puerto Rico,USA,EU687216,2005
816,EU687217.1|2005,2III_C,2III_C,2III,EU687217,10678,104.9331761,2005,USA: Puerto Rico,USA,EU687217,2005
817,EU687220.1|1996,2III_B,2III_B,2III,EU687220,10678,104.9331761,1996,Venezuela: Aragua,Venezuela,EU687220,1996
818,EU687222.1|2000,2III_B,2III_B,2III,EU687222,10678,104.9331761,2000,USA: Puerto Rico,USA,EU687222,2000
819,EU687223.1|2000,2III_B,2III_B,2III,EU687223,10678,104.9331761,2000,USA: Puerto Rico,USA,EU687223,2000
820,EU687224.1|2000,2III_B,2III_B,2III,EU687224,10678,104.9331761,2000,USA: Puerto Rico,USA,EU687224,2000
821,EU687225.1|2000,2III_B,2III_B,2III,EU687225,10678,104.9331761,2000,USA: Puerto Rico,USA,EU687225,2000
822,EU687227.1|2001,2III_B,2III_B,2III,EU687227,10678,104.9331761,2001,USA: Puerto Rico,USA,EU687227,2001
823,EU687228.1|2001,2III_B,2III_B,2III,EU687228,10678,104.9331761,2001,USA: Puerto Rico,USA,EU687228,2001
824,EU687229.1|2001,2III_B,2III_B,2III,EU687229,10678,104.9331761,2001,USA: Puerto Rico,USA,EU687229,2001
825,EU687230.1|2001,2III_B,2III_B,2III,EU687230,10674,104.8938679,2001,USA: Puerto Rico,USA,EU687230,2001
826,EU687231.1|2001,2III_B,2III_B,2III,EU687231,10678,104.9331761,2001,USA: Puerto Rico,USA,EU687231,2001
827,EU687232.1|2001,2III_B,2III_B,2III,EU687232,10662,104.7759434,2001,USA: Puerto Rico,USA,EU687232,2001
828,EU687235.1|2003,2III_B,2III_B,2III,EU687235,10677,104.9233491,2003,USA: Puerto Rico,USA,EU687235,2003
829,EU687236.1|2003,2III_B,2III_B,2III,EU687236,10678,104.9331761,2003,USA: Puerto Rico,USA,EU687236,2003
830,EU687237.1|2003,2III_B,2III_B,2III,EU687237,10678,104.9331761,2003,USA: Puerto Rico,USA,EU687237,2003
831,EU687238.1|2003,2III_B,2III_B,2III,EU687238,10678,104.9331761,2003,USA: Puerto Rico,USA,EU687238,2003
832,EU687240.1|2003,2III_B,2III_B,2III,EU687240,10678,104.9331761,2003,USA: Puerto Rico,USA,EU687240,2003
833,EU687241.1|2003,2III_B,2III_B,2III,EU687241,10678,104.9331761,2003,USA: Puerto Rico,USA,EU687241,2003
834,EU687242.1|2004,2III_B,2III_B,2III,EU687242,10678,104.9331761,2004,USA: Puerto Rico,USA,EU687242,2004
835,EU687243.1|2004,2III_B,2III_B,2III,EU687243,10678,104.9331761,2004,USA: Puerto Rico,USA,EU687243,2004
836,EU687244.1|2004,2III_B,2III_B,2III,EU687244,10678,104.9331761,2004,USA: Puerto Rico,USA,EU687244,2004
837,EU687245.1|2005,2III_B,2III_B,2III,EU687245,10678,104.9331761,2005,USA: Puerto Rico,USA,EU687245,2005
838,EU687246.1|1994,2V,2V,2V,EU687246,10679,104.9430031,1994,Thailand: Bangkok,Thailand,EU687246,1994
839,EU687248.1|2007,2V_A,2V_A,2V,EU687248,10678,104.9331761,2007,Viet Nam: South,Viet Nam,EU687248,2007
840,EU687249.1|2007,2V_A,2V_A,2V,EU687249,10678,104.9331761,2007,Viet Nam: South,Viet Nam,EU687249,2007
841,EU687250.1|2007,2V_A,2V_A,2V,EU687250,10668,104.8349057,2007,Viet Nam: South,Viet Nam,EU687250,2007
842,EU596483.1|2006,2III_D.1.1,2III_D,2III,EU596483,10680,104.9528302,2006,Nicaragua: Managua,Nicaragua,EU596483,2006
843,EU596484.1|2005,2III_D.1.3,2III_D,2III,EU596484,10678,104.9331761,2005,Nicaragua: Managua,Nicaragua,EU596484,2005
844,EU596485.1|1996,2III_B,2III_B,2III,EU596485,10678,104.9331761,1996,USA: Puerto Rico,USA,EU596485,1996
845,EU596486.1|1996,2III_B,2III_B,2III,EU596486,10678,104.9331761,1996,USA: Puerto Rico,USA,EU596486,1996
846,EU596487.1|1998,2III_B,2III_B,2III,EU596487,10666,104.8152516,1998,USA: Puerto Rico,USA,EU596487,1998
847,EU596488.1|2007,2III_B,2III_B,2III,EU596488,10678,104.9331761,2007,USA: Puerto Rico,USA,EU596488,2007
848,EU596489.1|2007,2III_B,2III_B,2III,EU596489,10678,104.9331761,2007,USA: Puerto Rico,USA,EU596489,2007
849,EU596490.1|2007,2III_B,2III_B,2III,EU596490,10678,104.9331761,2007,USA: Puerto Rico,USA,EU596490,2007
850,EU596491.1|2007,2III_C,2III_C,2III,EU596491,10678,104.9331761,2007,USA: Puerto Rico,USA,EU596491,2007
851,EU596495.1|2007,2III_D.1.1,2III_D,2III,EU596495,10679,104.9430031,2007,Nicaragua: Managua,Nicaragua,EU596495,2007
852,EU596496.1|2007,2III_D.1.1,2III_D,2III,EU596496,10681,104.9626572,2007,Nicaragua: Managua,Nicaragua,EU596496,2007
853,EU596497.1|2007,2III_D.1.1,2III_D,2III,EU596497,10680,104.9528302,2007,Nicaragua: Managua,Nicaragua,EU596497,2007
854,EU596498.1|2007,2III_D.1.1,2III_D,2III,EU596498,10680,104.9528302,2007,Nicaragua: Managua,Nicaragua,EU596498,2007
855,EU596499.1|2007,2III_D.1.1,2III_D,2III,EU596499,10663,104.7857704,2007,Nicaragua: Managua,Nicaragua,EU596499,2007
856,EU596500.1|2007,2III_D.1.1,2III_D,2III,EU596500,10680,104.9528302,2007,Nicaragua: Managua,Nicaragua,EU596500,2007
857,EU621672.1|2007,2III_D.1.1,2III_D,2III,EU621672,10711,105.2574686,2007,Nicaragua: Managua,Nicaragua,EU621672,2007
858,EU569692.1|2007,2III_D.1.1,2III_D,2III,EU569692,10674,104.8938679,2007,Nicaragua: Managua,Nicaragua,EU569692,2007
859,EU569693.1|2007,2III_D.1.1,2III_D,2III,EU569693,10680,104.9528302,2007,Nicaragua: Managua,Nicaragua,EU569693,2007
860,EU569694.1|2007,2III_D.1.1,2III_D,2III,EU569694,10680,104.9528302,2007,Nicaragua: Managua,Nicaragua,EU569694,2007
861,EU569695.1|2007,2III_D.1.1,2III_D,2III,EU569695,10680,104.9528302,2007,Nicaragua: Managua,Nicaragua,EU569695,2007
862,EU569696.1|2007,2III_D.1.1,2III_D,2III,EU569696,10664,104.7955975,2007,Nicaragua: Managua,Nicaragua,EU569696,2007
863,EU569697.1|2007,2III_D.1.1,2III_D,2III,EU569697,10680,104.9528302,2007,Nicaragua: Managua,Nicaragua,EU569697,2007
864,EU569698.1|2007,2III_D.1.1,2III_D,2III,EU569698,10680,104.9528302,2007,Nicaragua: Managua,Nicaragua,EU569698,2007
865,EU569699.1|2007,2III_D.1.3,2III_D,2III,EU569699,10678,104.9331761,2007,Nicaragua: Managua,Nicaragua,EU569699,2007
866,EU569700.1|2007,2III_D.1.1,2III_D,2III,EU569700,10679,104.9430031,2007,Nicaragua: Managua,Nicaragua,EU569700,2007
867,EU569701.1|2007,2III_D.1.1,2III_D,2III,EU569701,10680,104.9528302,2007,Nicaragua: Managua,Nicaragua,EU569701,2007
868,EU569702.1|2007,2III_D.1.1,2III_D,2III,EU569702,10679,104.9430031,2007,Nicaragua: Managua,Nicaragua,EU569702,2007
869,EU569703.1|1996,2III_B,2III_B,2III,EU569703,10663,104.7857704,1996,USA: Puerto Rico,USA,EU569703,1996
870,EU569704.1|1986,2III,2III,2III,EU569704,10668,104.8349057,1986,USA: Puerto Rico,USA,EU569704,1986
871,EU569705.1|1993,2III,2III,2III,EU569705,10663,104.7857704,1993,USA: Puerto Rico,USA,EU569705,1993
872,EU569706.1|1995,2III_B,2III_B,2III,EU569706,10678,104.9331761,1995,USA: Puerto Rico,USA,EU569706,1995
873,EU569707.1|1995,2III,2III,2III,EU569707,10678,104.9331761,1995,USA: Puerto Rico,USA,EU569707,1995
874,EU569708.1|1995,2III_B,2III_B,2III,EU569708,10678,104.9331761,1995,USA: Puerto Rico,USA,EU569708,1995
875,EU569709.1|1996,2III_B,2III_B,2III,EU569709,10678,104.9331761,1996,USA: Puerto Rico,USA,EU569709,1996
876,EU569710.1|1996,2III_B,2III_B,2III,EU569710,10678,104.9331761,1996,USA: Puerto Rico,USA,EU569710,1996
877,EU569711.1|1998,2III_B,2III_B,2III,EU569711,10678,104.9331761,1998,USA: Puerto Rico,USA,EU569711,1998
878,EU569712.1|1998,2III_B,2III_B,2III,EU569712,10677,104.9233491,1998,USA: Puerto Rico,USA,EU569712,1998
879,EU569713.1|1997,2III_B,2III_B,2III,EU569713,10677,104.9233491,1997,USA: Puerto Rico,USA,EU569713,1997
880,EU569714.1|1997,2III_B,2III_B,2III,EU569714,10678,104.9331761,1997,USA: Puerto Rico,USA,EU569714,1997
881,EU569715.1|1997,2III_B,2III_B,2III,EU569715,10678,104.9331761,1997,USA: Puerto Rico,USA,EU569715,1997
882,EU569716.1|1997,2III_B,2III_B,2III,EU569716,10678,104.9331761,1997,USA: Puerto Rico,USA,EU569716,1997
883,EU569717.1|1997,2III_B,2III_B,2III,EU569717,10678,104.9331761,1997,USA: Puerto Rico,USA,EU569717,1997
884,EU569718.1|1997,2III_B,2III_B,2III,EU569718,10663,104.7857704,1997,USA: Puerto Rico,USA,EU569718,1997
885,EU569719.1|1997,2III_B,2III_B,2III,EU569719,10677,104.9233491,1997,USA: Puerto Rico,USA,EU569719,1997
886,EU569720.1|1997,2III_B,2III_B,2III,EU569720,10723,105.3753931,1997,USA: Puerto Rico,USA,EU569720,1997
887,EU569721.1|2006,2V_A,2V_A,2V,EU569721,10678,104.9331761,2006,Viet Nam: South,Viet Nam,EU569721,2006
888,EU529693.1|2004,2III_B,2III_B,2III,EU529693,10639,104.5499214,2004,USA: Puerto Rico,USA,EU529693,2004
889,EU529694.1|1994,2III,2III,2III,EU529694,10678,104.9331761,1994,USA: Puerto Rico,USA,EU529694,1994
890,EU529695.1|1994,2III_B,2III_B,2III,EU529695,10666,104.8152516,1994,USA: Puerto Rico,USA,EU529695,1994
891,EU529700.1|1994,2III_B,2III_B,2III,EU529700,10678,104.9331761,1994,USA: Puerto Rico,USA,EU529700,1994
892,EU529701.1|1991,2III,2III,2III,EU529701,10678,104.9331761,1991,USA: Puerto Rico,USA,EU529701,1991
893,EU529706.1|2006,2III_B,2III_B,2III,EU529706,10668,104.8349057,2006,USA: Puerto Rico,USA,EU529706,2006
894,EU482444.1|2006,2III_D.1.3,2III_D,2III,EU482444,10679,104.9430031,2006,Nicaragua: Managua,Nicaragua,EU482444,2006
895,EU482445.1|2006,2V_A,2V_A,2V,EU482445,10669,104.8447327,2006,Viet Nam: south,Viet Nam,EU482445,2006
896,EU482446.1|2006,2V_A,2V_A,2V,EU482446,10678,104.9331761,2006,Viet Nam: south,Viet Nam,EU482446,2006
897,EU482447.1|2006,2V_A,2V_A,2V,EU482447,10678,104.9331761,2006,Viet Nam: south,Viet Nam,EU482447,2006
898,EU482448.1|2006,2V_A,2V_A,2V,EU482448,10678,104.9331761,2006,Viet Nam: south,Viet Nam,EU482448,2006
899,EU482449.1|2006,2III_A.2,2III_A,2III,EU482449,10678,104.9331761,2006,Viet Nam: south,Viet Nam,EU482449,2006
900,EU482450.1|2006,2V_A,2V_A,2V,EU482450,10678,104.9331761,2006,Viet Nam: south,Viet Nam,EU482450,2006
901,EU482451.1|2006,2V_A,2V_A,2V,EU482451,10678,104.9331761,2006,Viet Nam: south,Viet Nam,EU482451,2006
902,EU482463.1|2006,2V_A,2V_A,2V,EU482463,10678,104.9331761,2006,Viet Nam: south,Viet Nam,EU482463,2006
903,EU482464.1|2006,2V_A,2V_A,2V,EU482464,10678,104.9331761,2006,Viet Nam: south,Viet Nam,EU482464,2006
904,EU482465.1|2006,2V_A,2V_A,2V,EU482465,10678,104.9331761,2006,Viet Nam: south,Viet Nam,EU482465,2006
905,EU482466.1|2006,2V_A,2V_A,2V,EU482466,10678,104.9331761,2006,Viet Nam: south,Viet Nam,EU482466,2006
906,EU482467.1|2006,2V_A,2V_A,2V,EU482467,10678,104.9331761,2006,Viet Nam: south,Viet Nam,EU482467,2006
907,EU482468.1|2006,2V_A,2V_A,2V,EU482468,10678,104.9331761,2006,Viet Nam: south,Viet Nam,EU482468,2006
908,EU482469.1|2006,2V_A,2V_A,2V,EU482469,10668,104.8349057,2006,Viet Nam: south,Viet Nam,EU482469,2006
909,EU482470.1|2006,2V_A,2V_A,2V,EU482470,10678,104.9331761,2006,Viet Nam: south,Viet Nam,EU482470,2006
910,EU482471.1|2006,2V_A,2V_A,2V,EU482471,10678,104.9331761,2006,Viet Nam: south,Viet Nam,EU482471,2006
911,EU482472.1|2004,2V_A,2V_A,2V,EU482472,10678,104.9331761,2004,Viet Nam: south,Viet Nam,EU482472,2004
912,EU482473.1|2006,2V_A,2V_A,2V,EU482473,10678,104.9331761,2006,Viet Nam: south,Viet Nam,EU482473,2006
913,EU482474.1|2007,2V_A,2V_A,2V,EU482474,10678,104.9331761,2007,Viet Nam: south,Viet Nam,EU482474,2007
914,EU482475.1|2007,2V_A,2V_A,2V,EU482475,10678,104.9331761,2007,Viet Nam: south,Viet Nam,EU482475,2007
915,EU482541.1|2006,2V_A,2V_A,2V,EU482541,10678,104.9331761,2006,Viet Nam: south,Viet Nam,EU482541,2006
916,EU482542.1|2006,2V_A,2V_A,2V,EU482542,10678,104.9331761,2006,Viet Nam: south,Viet Nam,EU482542,2006
917,EU482543.1|2006,2V_A,2V_A,2V,EU482543,10668,104.8349057,2006,Viet Nam: south,Viet Nam,EU482543,2006
918,EU482544.1|2006,2III_B,2III_B,2III,EU482544,10678,104.9331761,2006,USA: Puerto Rico,USA,EU482544,2006
919,EU482545.1|1998,2III_E,2III_E,2III,EU482545,10678,104.9331761,1998,USA: Puerto Rico,USA,EU482545,1998
920,EU482546.1|1998,2III,2III,2III,EU482546,10678,104.9331761,1998,USA: Puerto Rico,USA,EU482546,1998
921,EU482547.1|1998,2III_B,2III_B,2III,EU482547,10678,104.9331761,1998,USA: Puerto Rico,USA,EU482547,1998
922,EU482548.1|2006,2III_B,2III_B,2III,EU482548,10620,104.3632075,2006,USA: Puerto Rico,USA,EU482548,2006
923,EU482549.1|2006,2III_B,2III_B,2III,EU482549,10679,104.9430031,2006,USA: Puerto Rico,USA,EU482549,2006
924,EU482550.1|1998,2III_B,2III_B,2III,EU482550,10678,104.9331761,1998,USA: Puerto Rico,USA,EU482550,1998
925,EU482551.1|2006,2III_B,2III_B,2III,EU482551,10678,104.9331761,2006,USA: Puerto Rico,USA,EU482551,2006
926,EU482552.1|2006,2III_B,2III_B,2III,EU482552,10678,104.9331761,2006,USA: Puerto Rico,USA,EU482552,2006
927,EU482553.1|2006,2III_B,2III_B,2III,EU482553,10678,104.9331761,2006,USA: Puerto Rico,USA,EU482553,2006
928,EU482554.1|1998,2III_B,2III_B,2III,EU482554,10639,104.5499214,1998,USA: Puerto Rico,USA,EU482554,1998
929,EU482556.1|2005,2III_B,2III_B,2III,EU482556,10679,104.9430031,2005,USA: Puerto Rico,USA,EU482556,2005
930,EU482557.1|1999,2III_B,2III_B,2III,EU482557,10639,104.5499214,1999,USA: Puerto Rico,USA,EU482557,1999
931,EU482560.1|1998,2III,2III,2III,EU482560,10678,104.9331761,1998,USA: Puerto Rico,USA,EU482560,1998
932,EU482561.1|1996,2III,2III,2III,EU482561,10677,104.9233491,1996,USA: Puerto Rico,USA,EU482561,1996
933,EU482562.1|1989,2III,2III,2III,EU482562,10680,104.9528302,1989,USA: Puerto Rico,USA,EU482562,1989
934,EU482565.1|1998,2III_B,2III_B,2III,EU482565,10678,104.9331761,1998,USA: Puerto Rico,USA,EU482565,1998
935,EU482568.1|1986,2III,2III,2III,EU482568,10678,104.9331761,1986,USA: Puerto Rico,USA,EU482568,1986
936,EU482569.1|1987,2III,2III,2III,EU482569,10678,104.9331761,1987,USA: Puerto Rico,USA,EU482569,1987
937,EU482570.1|1987,2III,2III,2III,EU482570,10678,104.9331761,1987,USA: Puerto Rico,USA,EU482570,1987
938,EU482571.1|1987,2III,2III,2III,EU482571,10678,104.9331761,1987,USA: Puerto Rico,USA,EU482571,1987
939,EU482572.1|1987,2III,2III,2III,EU482572,10649,104.6481918,1987,USA: Puerto Rico,USA,EU482572,1987
940,EU482573.1|1987,2III,2III,2III,EU482573,10660,104.7562893,1987,USA: Puerto Rico,USA,EU482573,1987
941,EU482574.1|1987,2III,2III,2III,EU482574,10678,104.9331761,1987,USA: Puerto Rico,USA,EU482574,1987
942,EU482575.1|1987,2III,2III,2III,EU482575,10667,104.8250786,1987,USA: Puerto Rico,USA,EU482575,1987
943,EU482576.1|1987,2III,2III,2III,EU482576,10678,104.9331761,1987,USA: Puerto Rico,USA,EU482576,1987
944,EU482577.1|1987,2III,2III,2III,EU482577,10678,104.9331761,1987,USA: Puerto Rico,USA,EU482577,1987
945,EU482578.1|1988,2III,2III,2III,EU482578,10678,104.9331761,1988,USA: Puerto Rico,USA,EU482578,1988
946,EU482579.1|1988,2III,2III,2III,EU482579,10678,104.9331761,1988,USA: Puerto Rico,USA,EU482579,1988
947,EU482580.1|1989,2III,2III,2III,EU482580,10678,104.9331761,1989,USA: Puerto Rico,USA,EU482580,1989
948,EU482581.1|1989,2III,2III,2III,EU482581,10679,104.9430031,1989,USA: Puerto Rico,USA,EU482581,1989
949,EU482582.1|1989,2III,2III,2III,EU482582,10679,104.9430031,1989,USA: Puerto Rico,USA,EU482582,1989
950,EU482583.1|1989,2III,2III,2III,EU482583,10678,104.9331761,1989,USA: Puerto Rico,USA,EU482583,1989
951,EU482584.1|1989,2III,2III,2III,EU482584,10662,104.7759434,1989,USA: Puerto Rico,USA,EU482584,1989
952,EU482585.1|1989,2III,2III,2III,EU482585,10678,104.9331761,1989,USA: Puerto Rico,USA,EU482585,1989
953,EU482586.1|1990,2III,2III,2III,EU482586,10678,104.9331761,1990,USA: Puerto Rico,USA,EU482586,1990
954,EU482587.1|1990,2III,2III,2III,EU482587,10678,104.9331761,1990,USA: Puerto Rico,USA,EU482587,1990
955,EU482588.1|1990,2III,2III,2III,EU482588,10678,104.9331761,1990,USA: Puerto Rico,USA,EU482588,1990
956,EU482589.1|1993,2III,2III,2III,EU482589,10678,104.9331761,1993,USA: Puerto Rico,USA,EU482589,1993
957,EU482590.1|1990,2III,2III,2III,EU482590,10678,104.9331761,1990,USA: Puerto Rico,USA,EU482590,1990
958,EU482593.1|2001,2III_B,2III_B,2III,EU482593,10678,104.9331761,2001,USA: Puerto Rico,USA,EU482593,2001
959,EU482594.1|1992,2III,2III,2III,EU482594,10678,104.9331761,1992,USA: Puerto Rico,USA,EU482594,1992
960,EU482597.1|2005,2III_D.1.3,2III_D,2III,EU482597,10679,104.9430031,2005,Nicaragua: Managua,Nicaragua,EU482597,2005
961,EU482598.1|2005,2III_D.1.3,2III_D,2III,EU482598,10679,104.9430031,2005,Nicaragua: Managua,Nicaragua,EU482598,2005
962,EU482599.1|2005,2III_D.1.3,2III_D,2III,EU482599,10679,104.9430031,2005,Nicaragua: Managua,Nicaragua,EU482599,2005
963,EU482600.1|2005,2III_D.1.3,2III_D,2III,EU482600,10679,104.9430031,2005,Nicaragua: Managua,Nicaragua,EU482600,2005
964,EU482601.1|2007,2III_D.1.1,2III_D,2III,EU482601,10680,104.9528302,2007,Nicaragua: Managua,Nicaragua,EU482601,2007
965,EU482602.1|2005,2III_D.1.3,2III_D,2III,EU482602,10679,104.9430031,2005,Nicaragua: Managua,Nicaragua,EU482602,2005
966,EU482603.1|2007,2III_D.1,2III_D,2III,EU482603,10679,104.9430031,2007,Nicaragua: Managua,Nicaragua,EU482603,2007
967,EU482604.1|2007,2III_D.2,2III_D,2III,EU482604,10678,104.9331761,2007,Venezuela: Aragua,Venezuela,EU482604,2007
968,EU482605.1|2007,2III_D.2,2III_D,2III,EU482605,10679,104.9430031,2007,Venezuela: Aragua,Venezuela,EU482605,2007
969,EU482606.1|2007,2III_D.2,2III_D,2III,EU482606,10668,104.8349057,2007,Venezuela: Aragua,Venezuela,EU482606,2007
970,EU482607.1|2007,2III_D.3,2III_D,2III,EU482607,10679,104.9430031,2007,Venezuela: Aragua,Venezuela,EU482607,2007
971,EU482608.1|2007,2III_D.2,2III_D,2III,EU482608,10662,104.7759434,2007,Venezuela: Aragua,Venezuela,EU482608,2007
972,EU482620.1|2006,2III_D.1.1,2III_D,2III,EU482620,10680,104.9528302,2006,Nicaragua: Managua,Nicaragua,EU482620,2006
973,EU482621.1|2007,2III_D.1.1,2III_D,2III,EU482621,10680,104.9528302,2007,Nicaragua: Managua,Nicaragua,EU482621,2007
974,EU482622.1|2007,2III_D.1.1,2III_D,2III,EU482622,10679,104.9430031,2007,Nicaragua: Managua,Nicaragua,EU482622,2007
975,EU482623.1|2007,2III_D.1.1,2III_D,2III,EU482623,10681,104.9626572,2007,Nicaragua: Managua,Nicaragua,EU482623,2007
976,EU482624.1|2007,2III_D.1.1,2III_D,2III,EU482624,10680,104.9528302,2007,Nicaragua: Managua,Nicaragua,EU482624,2007
977,EU482625.1|2007,2III_D.1.1,2III_D,2III,EU482625,10680,104.9528302,2007,Nicaragua: Managua,Nicaragua,EU482625,2007
978,EU482626.1|2007,2III_D.1.1,2III_D,2III,EU482626,10679,104.9430031,2007,Nicaragua: Managua,Nicaragua,EU482626,2007
979,EU482627.1|2007,2III_D.1.1,2III_D,2III,EU482627,10680,104.9528302,2007,Nicaragua: Managua,Nicaragua,EU482627,2007
980,EU482628.1|2007,2III_D.1.1,2III_D,2III,EU482628,10680,104.9528302,2007,Nicaragua: Managua,Nicaragua,EU482628,2007
981,EU482629.1|2007,2III_D.1.3,2III_D,2III,EU482629,10679,104.9430031,2007,Nicaragua: Managua,Nicaragua,EU482629,2007
982,EU482630.1|2007,2III_D.1.1,2III_D,2III,EU482630,10680,104.9528302,2007,Nicaragua: Managua,Nicaragua,EU482630,2007
983,EU482631.1|2005,2III_D.1.3,2III_D,2III,EU482631,10679,104.9430031,2005,Nicaragua: Managua,Nicaragua,EU482631,2005
984,EU482632.1|2005,2III_D.1.3,2III_D,2III,EU482632,10679,104.9430031,2005,Nicaragua: Managua,Nicaragua,EU482632,2005
985,EU482633.1|2006,2III_D.1.3,2III_D,2III,EU482633,10678,104.9331761,2006,Nicaragua: Managua,Nicaragua,EU482633,2006
986,EU482634.1|2006,2III_D.1,2III_D,2III,EU482634,10680,104.9528302,2006,Nicaragua: Managua,Nicaragua,EU482634,2006
987,EU482635.1|2005,2III_D.1.3,2III_D,2III,EU482635,10679,104.9430031,2005,Nicaragua: Managua,Nicaragua,EU482635,2005
988,EU482636.1|2005,2III_D.1.3,2III_D,2III,EU482636,10679,104.9430031,2005,Nicaragua: Managua,Nicaragua,EU482636,2005
989,EU482637.1|2005,2III_D.1.3,2III_D,2III,EU482637,10678,104.9331761,2005,Nicaragua: Managua,Nicaragua,EU482637,2005
990,EU482638.1|2007,2III_D.1.1,2III_D,2III,EU482638,10680,104.9528302,2007,Nicaragua: Managua,Nicaragua,EU482638,2007
991,EU482639.1|2006,2III_D.1.3,2III_D,2III,EU482639,10679,104.9430031,2006,Nicaragua: Managua,Nicaragua,EU482639,2006
992,EU482640.1|2006,2II_D,2II_D,2II,EU482640,10676,104.913522,2006,Viet Nam: south,Viet Nam,EU482640,2006
993,EU482641.1|2006,2V_A,2V_A,2V,EU482641,10677,104.9233491,2006,Viet Nam: south,Viet Nam,EU482641,2006
994,EU482642.1|2006,2V_A,2V_A,2V,EU482642,10678,104.9331761,2006,Viet Nam: south,Viet Nam,EU482642,2006
995,EU482643.1|2006,2V_A,2V_A,2V,EU482643,10678,104.9331761,2006,Viet Nam: south,Viet Nam,EU482643,2006
996,EU482644.1|2006,2V_A,2V_A,2V,EU482644,10678,104.9331761,2006,Viet Nam: south,Viet Nam,EU482644,2006
997,EU482645.1|2006,2V_A,2V_A,2V,EU482645,10678,104.9331761,2006,Viet Nam: south,Viet Nam,EU482645,2006
998,EU482646.1|2006,2V_A,2V_A,2V,EU482646,10660,104.7562893,2006,Viet Nam: south,Viet Nam,EU482646,2006
999,EU482647.1|2006,2V_A,2V_A,2V,EU482647,10678,104.9331761,2006,Viet Nam: south,Viet Nam,EU482647,2006
1000,EU482648.1|2006,2III_A.2,2III_A,2III,EU482648,10678,104.9331761,2006,Viet Nam: south,Viet Nam,EU482648,2006
1001,EU482649.1|2006,2V_A,2V_A,2V,EU482649,10678,104.9331761,2006,Viet Nam: south,Viet Nam,EU482649,2006
1002,EU482650.1|2006,2V_A,2V_A,2V,EU482650,10678,104.9331761,2006,Viet Nam: south,Viet Nam,EU482650,2006
1003,EU482651.1|2006,2V_A,2V_A,2V,EU482651,10678,104.9331761,2006,Viet Nam: south,Viet Nam,EU482651,2006
1004,EU482652.1|2006,2V_A,2V_A,2V,EU482652,10678,104.9331761,2006,Viet Nam: south,Viet Nam,EU482652,2006
1005,EU482653.1|2006,2V_A,2V_A,2V,EU482653,10678,104.9331761,2006,Viet Nam: south,Viet Nam,EU482653,2006
1006,EU482654.1|2006,2V_A,2V_A,2V,EU482654,10678,104.9331761,2006,Viet Nam: south,Viet Nam,EU482654,2006
1007,EU482655.1|2006,2V_A,2V_A,2V,EU482655,10678,104.9331761,2006,Viet Nam: south,Viet Nam,EU482655,2006
1008,EU482656.1|2006,2V_A,2V_A,2V,EU482656,10673,104.8840409,2006,Viet Nam: south,Viet Nam,EU482656,2006
1009,EU482657.1|2006,2V_A,2V_A,2V,EU482657,10678,104.9331761,2006,Viet Nam: south,Viet Nam,EU482657,2006
1010,EU482658.1|2006,2V_A,2V_A,2V,EU482658,10678,104.9331761,2006,Viet Nam: south,Viet Nam,EU482658,2006
1011,EU482659.1|2006,2V_A,2V_A,2V,EU482659,10678,104.9331761,2006,Viet Nam: south,Viet Nam,EU482659,2006
1012,EU482660.1|2006,2III_A.2,2III_A,2III,EU482660,10666,104.8152516,2006,Viet Nam: south,Viet Nam,EU482660,2006
1013,EU482661.1|2006,2V_A,2V_A,2V,EU482661,10678,104.9331761,2006,Viet Nam: south,Viet Nam,EU482661,2006
1014,EU482662.1|2006,2III_A.2,2III_A,2III,EU482662,10669,104.8447327,2006,Viet Nam: south,Viet Nam,EU482662,2006
1015,EU482663.1|2006,2V_A,2V_A,2V,EU482663,10678,104.9331761,2006,Viet Nam: south,Viet Nam,EU482663,2006
1016,EU482664.1|2006,2III_A.2,2III_A,2III,EU482664,10678,104.9331761,2006,Viet Nam: south,Viet Nam,EU482664,2006
1017,EU482665.1|2006,2V_A,2V_A,2V,EU482665,10671,104.8643868,2006,Viet Nam: south,Viet Nam,EU482665,2006
1018,EU482666.1|2006,2III_A.2,2III_A,2III,EU482666,10678,104.9331761,2006,Viet Nam: south,Viet Nam,EU482666,2006
1019,EU482667.1|2006,2V_A,2V_A,2V,EU482667,10661,104.7661164,2006,Viet Nam: south,Viet Nam,EU482667,2006
1020,EU482668.1|2006,2V_A,2V_A,2V,EU482668,10678,104.9331761,2006,Viet Nam: south,Viet Nam,EU482668,2006
1021,EU482669.1|2006,2V_A,2V_A,2V,EU482669,10665,104.8054245,2006,Viet Nam: south,Viet Nam,EU482669,2006
1022,EU482670.1|2006,2V_A,2V_A,2V,EU482670,10678,104.9331761,2006,Viet Nam: south,Viet Nam,EU482670,2006
1023,EU482671.1|2006,2V_A,2V_A,2V,EU482671,10660,104.7562893,2006,Viet Nam: south,Viet Nam,EU482671,2006
1024,EU482672.1|2006,2II_D,2II_D,2II,EU482672,10678,104.9331761,2006,Viet Nam: south,Viet Nam,EU482672,2006
1025,EU482673.1|2006,2V_A,2V_A,2V,EU482673,10677,104.9233491,2006,Viet Nam: south,Viet Nam,EU482673,2006
1026,EU482674.1|2006,2V_A,2V_A,2V,EU482674,10678,104.9331761,2006,Viet Nam: south,Viet Nam,EU482674,2006
1027,EU482675.1|2006,2V_A,2V_A,2V,EU482675,10678,104.9331761,2006,Viet Nam: south,Viet Nam,EU482675,2006
1028,EU482676.1|2006,2V_A,2V_A,2V,EU482676,10678,104.9331761,2006,Viet Nam: south,Viet Nam,EU482676,2006
1029,EU482677.1|2006,2V_A,2V_A,2V,EU482677,10678,104.9331761,2006,Viet Nam: south,Viet Nam,EU482677,2006
1030,EU482678.1|2006,2V_A,2V_A,2V,EU482678,10678,104.9331761,2006,Viet Nam: south,Viet Nam,EU482678,2006
1031,EU482679.1|2007,2V_A,2V_A,2V,EU482679,10678,104.9331761,2007,Viet Nam: south,Viet Nam,EU482679,2007
1032,EU482680.1|2005,2III_D.1.3,2III_D,2III,EU482680,10680,104.9528302,2005,Nicaragua: Managua,Nicaragua,EU482680,2005
1033,EU482681.1|2005,2III_D.1.3,2III_D,2III,EU482681,10678,104.9331761,2005,Nicaragua: Managua,Nicaragua,EU482681,2005
1034,EU482682.1|2006,2III_D.1.1,2III_D,2III,EU482682,10680,104.9528302,2006,Nicaragua: Managua,Nicaragua,EU482682,2006
1035,EU482683.1|2006,2III_D.1.1,2III_D,2III,EU482683,10680,104.9528302,2006,Nicaragua: Managua,Nicaragua,EU482683,2006
1036,EU482684.1|2006,2III_D.1.1,2III_D,2III,EU482684,10679,104.9430031,2006,Nicaragua: Managua,Nicaragua,EU482684,2006
1037,EU482685.1|2006,2III_D.1.1,2III_D,2III,EU482685,10678,104.9331761,2006,Nicaragua: Managua,Nicaragua,EU482685,2006
1038,EU482686.1|2006,2III_D.1.1,2III_D,2III,EU482686,10680,104.9528302,2006,Nicaragua: Managua,Nicaragua,EU482686,2006
1039,EU482687.1|2006,2III_D.1.1,2III_D,2III,EU482687,10679,104.9430031,2006,Nicaragua: Managua,Nicaragua,EU482687,2006
1040,EU482688.1|2006,2III_D.1.3,2III_D,2III,EU482688,10678,104.9331761,2006,Nicaragua: Managua,Nicaragua,EU482688,2006
1041,EU482689.1|2006,2III_D.1,2III_D,2III,EU482689,10680,104.9528302,2006,Nicaragua: Managua,Nicaragua,EU482689,2006
1042,EU482690.1|2006,2III_D.1.1,2III_D,2III,EU482690,10680,104.9528302,2006,Nicaragua: Managua,Nicaragua,EU482690,2006
1043,EU482691.1|2006,2III_D.1.1,2III_D,2III,EU482691,10680,104.9528302,2006,Nicaragua: Managua,Nicaragua,EU482691,2006
1044,EU482692.1|2006,2III_D.1.1,2III_D,2III,EU482692,10680,104.9528302,2006,Nicaragua: Managua,Nicaragua,EU482692,2006
1045,EU482693.1|2006,2III_D.1,2III_D,2III,EU482693,10673,104.8840409,2006,Nicaragua: Managua,Nicaragua,EU482693,2006
1046,EU482694.1|2007,2III_D.1.1,2III_D,2III,EU482694,10680,104.9528302,2007,Nicaragua: Managua,Nicaragua,EU482694,2007
1047,EU482695.1|2005,2III_D.1.3,2III_D,2III,EU482695,10670,104.8545597,2005,Nicaragua: Managua,Nicaragua,EU482695,2005
1048,EU482696.1|2006,2III_D.1,2III_D,2III,EU482696,10666,104.8152516,2006,Nicaragua: Managua,Nicaragua,EU482696,2006
1049,EU482697.1|2007,2V_A,2V_A,2V,EU482697,10678,104.9331761,2007,Viet Nam: south,Viet Nam,EU482697,2007
1050,EU482698.1|2007,2V_A,2V_A,2V,EU482698,10678,104.9331761,2007,Viet Nam: south,Viet Nam,EU482698,2007
1051,EU482699.1|2007,2V_A,2V_A,2V,EU482699,10678,104.9331761,2007,Viet Nam: south,Viet Nam,EU482699,2007
1052,EU482700.1|2007,2V_A,2V_A,2V,EU482700,10678,104.9331761,2007,Viet Nam: south,Viet Nam,EU482700,2007
1053,EU482701.1|2007,2V_A,2V_A,2V,EU482701,10678,104.9331761,2007,Viet Nam: south,Viet Nam,EU482701,2007
1054,EU482702.1|2007,2V_A,2V_A,2V,EU482702,10678,104.9331761,2007,Viet Nam: south,Viet Nam,EU482702,2007
1055,EU482703.1|2007,2V_A,2V_A,2V,EU482703,10678,104.9331761,2007,Viet Nam: south,Viet Nam,EU482703,2007
1056,EU482704.1|2007,2V_A,2V_A,2V,EU482704,10678,104.9331761,2007,Viet Nam: south,Viet Nam,EU482704,2007
1057,EU482705.1|2007,2V_A,2V_A,2V,EU482705,10678,104.9331761,2007,Viet Nam: south,Viet Nam,EU482705,2007
1058,EU482719.1|2006,2III_B,2III_B,2III,EU482719,10678,104.9331761,2006,USA: Puerto Rico,USA,EU482719,2006
1059,EU482720.1|2006,2III_B,2III_B,2III,EU482720,10678,104.9331761,2006,USA: Puerto Rico,USA,EU482720,2006
1060,EU482721.1|2006,2III_B,2III_B,2III,EU482721,10678,104.9331761,2006,USA: Puerto Rico,USA,EU482721,2006
1061,EU482722.1|2002,2III_B,2III_B,2III,EU482722,10668,104.8349057,2002,USA: Puerto Rico,USA,EU482722,2002
1062,EU482723.1|2002,2III_B,2III_B,2III,EU482723,10678,104.9331761,2002,USA: Puerto Rico,USA,EU482723,2002
1063,EU482724.1|2005,2III_B,2III_B,2III,EU482724,10678,104.9331761,2005,USA: Puerto Rico,USA,EU482724,2005
1064,EU482725.1|2006,2III_B,2III_B,2III,EU482725,10678,104.9331761,2006,USA: Puerto Rico,USA,EU482725,2006
1065,EU482726.1|2006,2III_C,2III_C,2III,EU482726,10678,104.9331761,2006,USA: Puerto Rico,USA,EU482726,2006
1066,EU482727.1|1998,2III_B,2III_B,2III,EU482727,10678,104.9331761,1998,USA: Puerto Rico,USA,EU482727,1998
1067,EU482728.1|1998,2III_B,2III_B,2III,EU482728,10675,104.903695,1998,USA: Puerto Rico,USA,EU482728,1998
1068,EU482729.1|1999,2III_B,2III_B,2III,EU482729,10678,104.9331761,1999,USA: Puerto Rico,USA,EU482729,1999
1069,EU482730.1|1999,2III_B,2III_B,2III,EU482730,10629,104.4516509,1999,USA: Puerto Rico,USA,EU482730,1999
1070,EU482731.1|2005,2III_C,2III_C,2III,EU482731,10678,104.9331761,2005,USA: Puerto Rico,USA,EU482731,2005
1071,EU482732.1|1998,2III_B,2III_B,2III,EU482732,10678,104.9331761,1998,USA: Puerto Rico,USA,EU482732,1998
1072,EU482733.1|1998,2III_B,2III_B,2III,EU482733,10676,104.913522,1998,USA: Puerto Rico,USA,EU482733,1998
1073,EU482734.1|1998,2III_E,2III_E,2III,EU482734,10678,104.9331761,1998,USA: Puerto Rico,USA,EU482734,1998
1074,EU482735.1|1998,2III_E,2III_E,2III,EU482735,10678,104.9331761,1998,USA: Puerto Rico,USA,EU482735,1998
1075,EU482736.1|1994,2III,2III,2III,EU482736,10678,104.9331761,1994,USA: Puerto Rico,USA,EU482736,1994
1076,EU482737.1|1994,2III,2III,2III,EU482737,10678,104.9331761,1994,USA: Puerto Rico,USA,EU482737,1994
1077,EU482738.1|1998,2III_B,2III_B,2III,EU482738,10678,104.9331761,1998,USA: Puerto Rico,USA,EU482738,1998
1078,EU482739.1|1994,2III_B,2III_B,2III,EU482739,10678,104.9331761,1994,USA: Puerto Rico,USA,EU482739,1994
1079,EU482740.1|1994,2III,2III,2III,EU482740,10678,104.9331761,1994,USA: Puerto Rico,USA,EU482740,1994
1080,EU482741.1|1994,2III,2III,2III,EU482741,10678,104.9331761,1994,USA: Puerto Rico,USA,EU482741,1994
1081,EU482742.1|1988,2III,2III,2III,EU482742,10678,104.9331761,1988,USA: Puerto Rico,USA,EU482742,1988
1082,EU482743.1|1989,2III,2III,2III,EU482743,10679,104.9430031,1989,USA: Puerto Rico,USA,EU482743,1989
1083,EU482744.1|1989,2III,2III,2III,EU482744,10677,104.9233491,1989,USA: Puerto Rico,USA,EU482744,1989
1084,EU482745.1|1989,2III,2III,2III,EU482745,10678,104.9331761,1989,USA: Puerto Rico,USA,EU482745,1989
1085,EU482746.1|1989,2III,2III,2III,EU482746,10678,104.9331761,1989,USA: Puerto Rico,USA,EU482746,1989
1086,EU482747.1|1988,2III,2III,2III,EU482747,10678,104.9331761,1988,USA: Puerto Rico,USA,EU482747,1988
1087,EU482748.1|2005,2III_D.1,2III_D,2III,EU482748,10681,104.9626572,2005,Nicaragua: Managua,Nicaragua,EU482748,2005
1088,EU482749.1|2005,2III_D.1.3,2III_D,2III,EU482749,10679,104.9430031,2005,Nicaragua: Managua,Nicaragua,EU482749,2005
1089,EU482750.1|2005,2III_D.1.3,2III_D,2III,EU482750,10679,104.9430031,2005,Nicaragua: Managua,Nicaragua,EU482750,2005
1090,EU482751.1|2005,2III_D.1.1,2III_D,2III,EU482751,10680,104.9528302,2005,Nicaragua: Managua,Nicaragua,EU482751,2005
1091,EU482752.1|2005,2III_D.1.3,2III_D,2III,EU482752,10679,104.9430031,2005,Nicaragua: Managua,Nicaragua,EU482752,2005
1092,EU482753.1|2005,2III_D.1.3,2III_D,2III,EU482753,10677,104.9233491,2005,Nicaragua: Managua,Nicaragua,EU482753,2005
1093,EU482754.1|2005,2III_D.1.3,2III_D,2III,EU482754,10668,104.8349057,2005,Nicaragua: Managua,Nicaragua,EU482754,2005
1094,EU482755.1|2005,2III_D.1.3,2III_D,2III,EU482755,10679,104.9430031,2005,Nicaragua: Managua,Nicaragua,EU482755,2005
1095,EU482756.1|2005,2III_D.1.3,2III_D,2III,EU482756,10679,104.9430031,2005,Nicaragua: Managua,Nicaragua,EU482756,2005
1096,EU482757.1|2005,2III_D.1,2III_D,2III,EU482757,10675,104.903695,2005,Nicaragua: Managua,Nicaragua,EU482757,2005
1097,EU482758.1|2005,2III_D.1.3,2III_D,2III,EU482758,10679,104.9430031,2005,Nicaragua: Managua,Nicaragua,EU482758,2005
1098,EU482759.1|2005,2III_D.1.3,2III_D,2III,EU482759,10679,104.9430031,2005,Nicaragua: Managua,Nicaragua,EU482759,2005
1099,EU482760.1|2005,2III_D.1.3,2III_D,2III,EU482760,10679,104.9430031,2005,Nicaragua: Managua,Nicaragua,EU482760,2005
1100,EU482761.1|2005,2III_D.1.3,2III_D,2III,EU482761,10679,104.9430031,2005,Nicaragua: Managua,Nicaragua,EU482761,2005
1101,EU482762.1|2005,2III_D.1.3,2III_D,2III,EU482762,10678,104.9331761,2005,Nicaragua: Managua,Nicaragua,EU482762,2005
1102,EU482763.1|2005,2III_D.1.3,2III_D,2III,EU482763,10679,104.9430031,2005,Nicaragua: Managua,Nicaragua,EU482763,2005
1103,EU482766.1|2005,2III_D.1.1,2III_D,2III,EU482766,10679,104.9430031,2005,Nicaragua: Managua,Nicaragua,EU482766,2005
1104,EU482769.1|2005,2III_D.1.3,2III_D,2III,EU482769,10679,104.9430031,2005,Nicaragua: Managua,Nicaragua,EU482769,2005
1105,EU482770.1|2005,2III_D.1.3,2III_D,2III,EU482770,10678,104.9331761,2005,Nicaragua: Managua,Nicaragua,EU482770,2005
1106,EU482771.1|2005,2III_D.1.3,2III_D,2III,EU482771,10679,104.9430031,2005,Nicaragua: Managua,Nicaragua,EU482771,2005
1107,EU482772.1|2006,2III_D.1.1,2III_D,2III,EU482772,10680,104.9528302,2006,Nicaragua: Managua,Nicaragua,EU482772,2006
1108,EU482773.1|2006,2III_D.1.1,2III_D,2III,EU482773,10680,104.9528302,2006,Nicaragua: Managua,Nicaragua,EU482773,2006
1109,EU482774.1|2004,2V_A,2V_A,2V,EU482774,10678,104.9331761,2004,Viet Nam: south,Viet Nam,EU482774,2004
1110,EU482775.1|2004,2V_A,2V_A,2V,EU482775,10678,104.9331761,2004,Viet Nam: south,Viet Nam,EU482775,2004
1111,EU482776.1|2005,2V_A,2V_A,2V,EU482776,10678,104.9331761,2005,Viet Nam: south,Viet Nam,EU482776,2005
1112,EU482777.1|2005,2V_A,2V_A,2V,EU482777,10678,104.9331761,2005,Viet Nam: south,Viet Nam,EU482777,2005
1113,EU482778.1|2003,2III_A.1,2III_A,2III,EU482778,10677,104.9233491,2003,Viet Nam: south,Viet Nam,EU482778,2003
1114,EU482779.1|2003,2III_A.1,2III_A,2III,EU482779,10678,104.9331761,2003,Viet Nam: south,Viet Nam,EU482779,2003
1115,EU482780.1|2003,2III_A.1,2III_A,2III,EU482780,10678,104.9331761,2003,Viet Nam: south,Viet Nam,EU482780,2003
1116,EU482781.1|2003,2III_A.1,2III_A,2III,EU482781,10678,104.9331761,2003,Viet Nam: south,Viet Nam,EU482781,2003
1117,EU482782.1|2003,2V_A,2V_A,2V,EU482782,10678,104.9331761,2003,Viet Nam: south,Viet Nam,EU482782,2003
1118,EU482783.1|2003,2III_A.1,2III_A,2III,EU482783,10677,104.9233491,2003,Viet Nam: south,Viet Nam,EU482783,2003
1119,EU482784.1|2003,2V_A,2V_A,2V,EU482784,10679,104.9430031,2003,Viet Nam: south,Viet Nam,EU482784,2003
1120,EU482785.1|2003,2III_A.1,2III_A,2III,EU482785,10678,104.9331761,2003,Viet Nam: south,Viet Nam,EU482785,2003
1121,EU482786.1|2003,2V_A,2V_A,2V,EU482786,10678,104.9331761,2003,Viet Nam: south,Viet Nam,EU482786,2003
1122,EU482787.1|2003,2III_A.1,2III_A,2III,EU482787,10678,104.9331761,2003,Viet Nam: south,Viet Nam,EU482787,2003
1123,EU482788.1|2003,2III_A.1,2III_A,2III,EU482788,10678,104.9331761,2003,Viet Nam: south,Viet Nam,EU482788,2003
1124,EU081177.1|2005,2II,2II,2II,EU081177,10723,105.3753931,2005,Singapore,Singapore,EU081177,2005
1125,EU081178.1|2005,2II,2II,2II,EU081178,10723,105.3753931,2005,Singapore,Singapore,EU081178,2005
1126,EU081179.1|2005,2II,2II,2II,EU081179,10723,105.3753931,2005,Singapore,Singapore,EU081179,2005
1127,EU081180.1|2005,2II,2II,2II,EU081180,10723,105.3753931,2005,Singapore,Singapore,EU081180,2005
1128,EU179857.1|2005,2II_F,2II_F,2II,EU179857,10709,105.2378145,2005,Brunei,Brunei,EU179857,2005
1129,EU179858.1|2005,2II_F,2II_F,2II,EU179858,10709,105.2378145,2005,Brunei,Brunei,EU179858,2005
1130,EU179859.1|2006,2II_D,2II_D,2II,EU179859,10709,105.2378145,2006,Brunei,Brunei,EU179859,2006
1131,DQ448231.2|2001,2II_A.1,2II_A,2II,DQ448231,10670,104.8545597,2001,India,India,DQ448231,2001
1132,EF051521.1|2001,2II_C,2II_C,2II,EF051521,10723,105.3753931,2001,China: Zhongshan,China,EF051521,2001
1133,DQ181797.1|2001,2V_A,2V_A,2V,DQ181797,10723,105.3753931,2001,Thailand: Bangkok,Thailand,DQ181797,2001
1134,DQ181798.1|1999,2V_D,2V_D,2V,DQ181798,10723,105.3753931,1999,Thailand: Bangkok,Thailand,DQ181798,1999
1135,DQ181799.1|1998,2V_C,2V_C,2V,DQ181799,10723,105.3753931,1998,Thailand: Bangkok,Thailand,DQ181799,1998
1136,DQ181800.1|1995,2V_B,2V_B,2V,DQ181800,10723,105.3753931,1995,Thailand: Bangkok,Thailand,DQ181800,1995
1137,DQ181801.1|1990,2III_A,2III_A,2III,DQ181801,10723,105.3753931,1990,Thailand: Bangkok,Thailand,DQ181801,1990
1138,DQ181802.1|1988,2V,2V,2V,DQ181802,10723,105.3753931,1988,Thailand: Bangkok,Thailand,DQ181802,1988
1139,DQ181803.1|1985,2V,2V,2V,DQ181803,10723,105.3753931,1985,Thailand: Bangkok,Thailand,DQ181803,1985
1140,DQ181804.1|1984,2V,2V,2V,DQ181804,10723,105.3753931,1984,Thailand: Bangkok,Thailand,DQ181804,1984
1141,DQ181805.1|1979,2V,2V,2V,DQ181805,10723,105.3753931,1979,Thailand: Bangkok,Thailand,DQ181805,1979
1142,DQ181806.1|1974,2V,2V,2V,DQ181806,10723,105.3753931,1974,Thailand: Bangkok,Thailand,DQ181806,1974
1143,AY744147.1|1974,2I,2I,2I,AY744147,10713,105.2771226,1974,Tonga,Tonga,AY744147,1974
1144,AB122020.1|2001,2III_C,2III_C,2III,AB122020,10723,105.3753931,2001,Dominican Republic,Dominican Republic,AB122020,2001
1145,AB122021.1|2001,2III_C,2III_C,2III,AB122021,10723,105.3753931,2001,Dominican Republic,Dominican Republic,AB122021,2001
1146,AB122022.1|2001,2III_C,2III_C,2III,AB122022,10723,105.3753931,2001,Dominican Republic,Dominican Republic,AB122022,2001
1147,AY037116.1|1993,2II,2II,2II,AY037116,10723,105.3753931,1993,Australia: Townsville,Australia,AY037116,1993
1148,M20558.1|1983,2III,2III,2III,M20558,10723,105.3753931,1983,0,Jamaica,M20558,1983
1158,AF208496.1|1998,2III_C,2III_C,2III,AF208496,10722,105.365566,1998,Martinique,Martinique,AF208496,1998