index,seqName,clade,major_lineage,genotype,otherName,seqLength,%cds,year,geo_location,country,strain,date
382,PP564823.1|2023-10-06,1III_A,1III_A,1III,PP564823,10712,105.2362708,2023,China: Guangzhou,China,PP564823,2023
383,PP563826.1|2023-08-21,1I_K.1.1,1I_K,1I,PP563826,10734,105.452402,2023,China: Yunnan,China,PP563826,2023
384,PP563827.1|2023-08-20,1I_K.1.1,1I_K,1I,PP563827,10635,104.4798114,2023,China: Yunnan,China,PP563827,2023
385,PP563828.1|2023-09-04,1I_K.1.1,1I_K,1I,PP563828,10617,104.3029767,2023,China: Yunnan,China,PP563828,2023
386,PP563829.1|2023-09-04,1I_K.1.1,1I_K,1I,PP563829,10606,104.1949111,2023,China: Yunnan,China,PP563829,2023
387,PP563830.1|2023-09-02,1I_K.1.1,1I_K,1I,PP563830,10625,104.3815699,2023,China: Yunnan,China,PP563830,2023
388,PP563831.1|2023-08-29,1I_K.1.1,1I_K,1I,PP563831,10692,105.0397878,2023,China: Yunnan,China,PP563831,2023
389,PP563832.1|2023-08-28,1I_K.1.1,1I_K,1I,PP563832,10691,105.0299637,2023,China: Yunnan,China,PP563832,2023
390,PP563833.1|2023-09-09,1I_K.1.1,1I_K,1I,PP563833,10558,103.723352,2023,China: Yunnan,China,PP563833,2023
391,PP563834.1|2023-09-14,1I_K.1.1,1I_K,1I,PP563834,10575,103.8903625,2023,China: Yunnan,China,PP563834,2023
392,PP563835.1|2023-09-03,1I_K.1.1,1I_K,1I,PP563835,10572,103.8608901,2023,China: Shenzhen,China,PP563835,2023
393,PP563836.1|2023-09-06,1I_K.1.1,1I_K,1I,PP563836,10576,103.9001867,2023,China: Yunnan,China,PP563836,2023
394,PP563837.1|2023-09-21,1I_K.1.1,1I_K,1I,PP563837,10569,103.8314176,2023,China: Yunnan,China,PP563837,2023
395,PP563838.1|2023-09-30,1I_K.1.1,1I_K,1I,PP563838,10697,105.0889085,2023,China: Fujian,China,PP563838,2023
396,PP563839.1|2023-09-29,1I_K.1.1,1I_K,1I,PP563839,10666,104.78436,2023,China: Huizhou,China,PP563839,2023
397,PP563840.1|2023-10-08,1I_K.1.1,1I_K,1I,PP563840,10691,105.0299637,2023,China: Foshan,China,PP563840,2023
398,PP563841.1|2023-09-25,1I_K.1.1,1I_K,1I,PP563841,10691,105.0299637,2023,China: Yunnan,China,PP563841,2023
399,PP563843.1|2023-10-02,1I_K.1.1,1I_K,1I,PP563843,10573,103.8707142,2023,China: Yunnan,China,PP563843,2023
400,PP563844.1|2023-10-07,1I_K.1.1,1I_K,1I,PP563844,10691,105.0299637,2023,China: Yunnan,China,PP563844,2023
401,PP563845.1|2023-10-22,1I_K.2,1I_K,1I,PP563845,10617,104.3029767,2023,China: Foshan,China,PP563845,2023
402,PP563846.1|2023-10-30,1I_K.1.1,1I_K,1I,PP563846,10574,103.8805384,2023,China: Yunnan,China,PP563846,2023
403,PP563847.1|2023-11-18,1I_K.2,1I_K,1I,PP563847,10653,104.656646,2023,China: Foshan,China,PP563847,2023
404,PP563848.1|2023-10-21,1I_K.2,1I_K,1I,PP563848,10612,104.253856,2023,China: Foshan,China,PP563848,2023
405,PP563872.1|2023-08-17,1I_K.1.1,1I_K,1I,PP563872,10603,104.1654386,2023,China: Guangzhou,China,PP563872,2023
406,PP563873.1|2023-09-06,1I_K.1.1,1I_K,1I,PP563873,10617,104.3029767,2023,China: Guangzhou,China,PP563873,2023
407,PP563874.1|2023-09-01,1I_K.1.1,1I_K,1I,PP563874,10691,105.0299637,2023,China: Guangzhou,China,PP563874,2023
408,PP563875.1|2023-09-03,1I_K.1.1,1I_K,1I,PP563875,10734,105.452402,2023,China: Guangzhou,China,PP563875,2023
409,PP563876.1|2023-09-09,1I_K.1.1,1I_K,1I,PP563876,10683,104.9513705,2023,China: Guangzhou,China,PP563876,2023
410,PP563877.1|2023-09-17,1I_K.1.1,1I_K,1I,PP563877,10573,103.8707142,2023,China: Guangzhou,China,PP563877,2023
411,PP563878.1|2023-09-15,1I_K.1.1,1I_K,1I,PP563878,10620,104.3324492,2023,China: Guangzhou,China,PP563878,2023
412,PP563879.1|2023-11-08,1I_K.1.1,1I_K,1I,PP563879,10688,105.0004912,2023,China: Guangzhou,China,PP563879,2023
413,PP563880.1|2023-10-05,1I_K.1.1,1I_K,1I,PP563880,10685,104.9710188,2023,China: Guangzhou,China,PP563880,2023
414,PP563881.1|2023-09-30,1I_K.1.1,1I_K,1I,PP563881,10631,104.4405148,2023,China: Guangzhou,China,PP563881,2023
415,PP563882.1|2023-10-09,1I_K.1.1,1I_K,1I,PP563882,10623,104.3619216,2023,China: Guangzhou,China,PP563882,2023
416,PP563883.1|2023-10-09,1I_K.1.1,1I_K,1I,PP563883,10624,104.3717458,2023,China: Guangzhou,China,PP563883,2023
417,PP563884.1|2023-09-24,1I_K.1.1,1I_K,1I,PP563884,10575,103.8903625,2023,China: Guangzhou,China,PP563884,2023
418,PP563885.1|2023-09-26,1I_K.1.1,1I_K,1I,PP563885,10597,104.1064938,2023,China: Guangzhou,China,PP563885,2023
419,PP563886.1|2023-09-25,1I_K.1.1,1I_K,1I,PP563886,10646,104.587877,2023,China: Guangzhou,China,PP563886,2023
420,PP563887.1|2023-09-26,1I_K.1.1,1I_K,1I,PP563887,10551,103.654583,2023,China: Guangzhou,China,PP563887,2023
421,PP563888.1|2023-09-26,1I_K.1.1,1I_K,1I,PP563888,10604,104.1752628,2023,China: Guangzhou,China,PP563888,2023
422,PP563889.1|2023-09-25,1I_K.1.1,1I_K,1I,PP563889,10595,104.0868455,2023,China: Guangzhou,China,PP563889,2023
423,PP563890.1|2023-09-25,1I_K.1.1,1I_K,1I,PP563890,10578,103.919835,2023,China: Guangzhou,China,PP563890,2023
424,PP563891.1|2023-09-28,1I_K.1.1,1I_K,1I,PP563891,10644,104.5682287,2023,China: Guangzhou,China,PP563891,2023
425,PP563892.1|2023-10-01,1I_K.1.1,1I_K,1I,PP563892,10611,104.2440318,2023,China: Guangzhou,China,PP563892,2023
426,PP563893.1|2023-09-28,1I_K.1.1,1I_K,1I,PP563893,10603,104.1654386,2023,China: Guangzhou,China,PP563893,2023
427,PP563894.1|2023-09-30,1I_K.1.1,1I_K,1I,PP563894,10619,104.322625,2023,China: Guangzhou,China,PP563894,2023
428,PP563895.1|2023-10-02,1I_K.1.1,1I_K,1I,PP563895,10621,104.3422733,2023,China: Guangzhou,China,PP563895,2023
429,PP563896.1|2023-10-06,1I_K.1.1,1I_K,1I,PP563896,10615,104.2833284,2023,China: Guangzhou,China,PP563896,2023
430,PP563897.1|2023-10-07,1I_K.1.1,1I_K,1I,PP563897,10688,105.0004912,2023,China: Guangzhou,China,PP563897,2023
431,PP563898.1|2023-10-07,1I_K.1.1,1I_K,1I,PP563898,10632,104.4503389,2023,China: Guangzhou,China,PP563898,2023
432,PP563899.1|2023-10-06,1I_K.1.1,1I_K,1I,PP563899,10685,104.9710188,2023,China: Guangzhou,China,PP563899,2023
433,PP563900.1|2023-09-30,1I_K.1.1,1I_K,1I,PP563900,10637,104.4994597,2023,China: Guangzhou,China,PP563900,2023
434,PP563901.1|2023-10-02,1I_K.1.1,1I_K,1I,PP563901,10690,105.0201395,2023,China: Guangzhou,China,PP563901,2023
435,PP563902.1|2023-10-03,1I_K.1.1,1I_K,1I,PP563902,10600,104.1359662,2023,China: Guangzhou,China,PP563902,2023
436,PP563903.1|2023-10-07,1I_K.1.1,1I_K,1I,PP563903,10688,105.0004912,2023,China: Guangzhou,China,PP563903,2023
437,PP563904.1|2023-10-13,1I_K.1.1,1I_K,1I,PP563904,10688,105.0004912,2023,China: Guangzhou,China,PP563904,2023
438,PP563905.1|2023-10-02,1I_K.1.1,1I_K,1I,PP563905,10687,104.9906671,2023,China: Guangzhou,China,PP563905,2023
439,PP563906.1|2023-10-09,1I_K.1.1,1I_K,1I,PP563906,10550,103.6447588,2023,China: Guangzhou,China,PP563906,2023
440,PP563907.1|2023-10-09,1I_K.1.1,1I_K,1I,PP563907,10648,104.6075253,2023,China: Guangzhou,China,PP563907,2023
441,PP563908.1|2023-10-12,1I_K.1.1,1I_K,1I,PP563908,10688,105.0004912,2023,China: Guangzhou,China,PP563908,2023
442,PP563909.1|2023-10-11,1I_K.1.1,1I_K,1I,PP563909,10689,105.0103154,2023,China: Guangzhou,China,PP563909,2023
443,PP563910.1|2023-10-12,1I_K.1.1,1I_K,1I,PP563910,10645,104.5780529,2023,China: Guangzhou,China,PP563910,2023
444,PP563911.1|2023-10-14,1I_K.1.1,1I_K,1I,PP563911,10650,104.6271736,2023,China: Guangzhou,China,PP563911,2023
445,PP563912.1|2023-10-13,1I_K.1.1,1I_K,1I,PP563912,10691,105.0299637,2023,China: Guangzhou,China,PP563912,2023
446,PP563913.1|2023-10-15,1I_K.1.1,1I_K,1I,PP563913,10635,104.4798114,2023,China: Guangzhou,China,PP563913,2023
447,PP563914.1|2023-10-13,1I_K.1.1,1I_K,1I,PP563914,10704,105.1576776,2023,China: Guangzhou,China,PP563914,2023
448,PP563915.1|2023-10-13,1I_K.1.1,1I_K,1I,PP563915,10689,105.0103154,2023,China: Guangzhou,China,PP563915,2023
449,PP563916.1|2023-10-19,1I_K.1.1,1I_K,1I,PP563916,10690,105.0201395,2023,China: Guangzhou,China,PP563916,2023
450,PP563917.1|2023-10-17,1I_K.1.1,1I_K,1I,PP563917,10569,103.8314176,2023,China: Guangzhou,China,PP563917,2023
451,PP563918.1|2023-10-12,1I_K.1.1,1I_K,1I,PP563918,10617,104.3029767,2023,China: Guangzhou,China,PP563918,2023
452,PP563919.1|2023-10-12,1I_K.1.1,1I_K,1I,PP563919,10537,103.5170449,2023,China: Guangzhou,China,PP563919,2023
453,PP563920.1|2023-10-12,1I_K.1.1,1I_K,1I,PP563920,10573,103.8707142,2023,China: Guangzhou,China,PP563920,2023
454,PP563921.1|2023-10-12,1I_K.1.1,1I_K,1I,PP563921,10537,103.5170449,2023,China: Guangzhou,China,PP563921,2023
455,PP563922.1|2023-10-19,1I_K.1.1,1I_K,1I,PP563922,10646,104.587877,2023,China: Guangzhou,China,PP563922,2023
456,PP563923.1|2023-10-24,1I_K.1.1,1I_K,1I,PP563923,10651,104.6369977,2023,China: Guangzhou,China,PP563923,2023
457,PP563924.1|2023-10-22,1I_K.1.1,1I_K,1I,PP563924,10550,103.6447588,2023,China: Guangzhou,China,PP563924,2023
458,PP563925.1|2023-10-10,1I_K.1.1,1I_K,1I,PP563925,10688,105.0004912,2023,China: Guangzhou,China,PP563925,2023
459,PP563926.1|2023-10-12,1I_K.1.1,1I_K,1I,PP563926,10688,105.0004912,2023,China: Guangzhou,China,PP563926,2023
460,PP563927.1|2023-10-09,1I_K.1.1,1I_K,1I,PP563927,10649,104.6173494,2023,China: Guangzhou,China,PP563927,2023
461,PP563928.1|2023-10-08,1I_K.1.1,1I_K,1I,PP563928,10669,104.8138324,2023,China: Guangzhou,China,PP563928,2023
462,PP563929.1|2023-10-15,1I_K.1.1,1I_K,1I,PP563929,10596,104.0966696,2023,China: Guangzhou,China,PP563929,2023
463,PP563930.1|2023-10-14,1I_K.2,1I_K,1I,PP563930,10649,104.6173494,2023,China: Guangzhou,China,PP563930,2023
464,PP563931.1|2023-10-23,1I_K.1.1,1I_K,1I,PP563931,10590,104.0377247,2023,China: Guangzhou,China,PP563931,2023
465,PP563932.1|2023-10-23,1I_K.1.1,1I_K,1I,PP563932,10632,104.4503389,2023,China: Guangzhou,China,PP563932,2023
466,PP563933.1|2023-10-25,1I_K.1.1,1I_K,1I,PP563933,10626,104.391394,2023,China: Guangzhou,China,PP563933,2023
467,PP563934.1|2023-10-25,1I_K.1.1,1I_K,1I,PP563934,10652,104.6468219,2023,China: Guangzhou,China,PP563934,2023
468,PP563935.1|2023-10-21,1I_K.1.1,1I_K,1I,PP563935,10602,104.1556145,2023,China: Guangzhou,China,PP563935,2023
469,PP563936.1|2023-10-25,1I_K.1.1,1I_K,1I,PP563936,10642,104.5485804,2023,China: Guangzhou,China,PP563936,2023
470,PP563937.1|2023-10-17,1I_K.1.1,1I_K,1I,PP563937,10611,104.2440318,2023,China: Guangzhou,China,PP563937,2023
471,PP563938.1|2023-10-19,1I_K.1.1,1I_K,1I,PP563938,10682,104.9415463,2023,China: Guangzhou,China,PP563938,2023
472,PP563939.1|2023-10-24,1I_K.1.1,1I_K,1I,PP563939,10616,104.2931526,2023,China: Guangzhou,China,PP563939,2023
473,PP563940.1|2023-10-22,1I_K.1.1,1I_K,1I,PP563940,10607,104.2047352,2023,China: Guangzhou,China,PP563940,2023
474,PP563941.1|2023-10-27,1I_K.1.1,1I_K,1I,PP563941,10609,104.2243835,2023,China: Guangzhou,China,PP563941,2023
475,PP563942.1|2023-10-30,1I_K.1.1,1I_K,1I,PP563942,10625,104.3815699,2023,China: Guangzhou,China,PP563942,2023
476,PP563943.1|2023-11-08,1I_K.1.1,1I_K,1I,PP563943,10646,104.587877,2023,China: Guangzhou,China,PP563943,2023
477,PP563944.1|2023-10-27,1I_K.1.1,1I_K,1I,PP563944,10621,104.3422733,2023,China: Guangzhou,China,PP563944,2023
478,PP563945.1|2023-10-30,1I_K.1.1,1I_K,1I,PP563945,10645,104.5780529,2023,China: Guangzhou,China,PP563945,2023
479,PP563946.1|2023-10-31,1I_K.1.1,1I_K,1I,PP563946,10612,104.253856,2023,China: Guangzhou,China,PP563946,2023
480,PP563947.1|2023-11-05,1I_K.1.1,1I_K,1I,PP563947,10688,105.0004912,2023,China: Guangzhou,China,PP563947,2023
481,PP563948.1|2023-11-08,1I_K.1.1,1I_K,1I,PP563948,10691,105.0299637,2023,China: Guangzhou,China,PP563948,2023
482,PP563949.1|2023-10-26,1I_K.1.1,1I_K,1I,PP563949,10574,103.8805384,2023,China: Guangzhou,China,PP563949,2023
483,PP563950.1|2023-10-27,1I_K.1.1,1I_K,1I,PP563950,10653,104.656646,2023,China: Guangzhou,China,PP563950,2023
484,PP563951.1|2023-10-29,1I_K.2,1I_K,1I,PP563951,10627,104.4012182,2023,China: Guangzhou,China,PP563951,2023
485,PP563952.1|2023-10-27,1I_K.1.1,1I_K,1I,PP563952,10599,104.1261421,2023,China: Guangzhou,China,PP563952,2023
486,PP563953.1|2023-10-31,1I_K.1.1,1I_K,1I,PP563953,10607,104.2047352,2023,China: Guangzhou,China,PP563953,2023
487,PP563954.1|2023-11-01,1I_K.1.1,1I_K,1I,PP563954,10580,103.9394832,2023,China: Guangzhou,China,PP563954,2023
488,PP563955.1|2023-11-06,1I_K.1.1,1I_K,1I,PP563955,10609,104.2243835,2023,China: Guangzhou,China,PP563955,2023
489,PP563956.1|2023-11-09,1I_K.1.1,1I_K,1I,PP563956,10600,104.1359662,2023,China: Guangzhou,China,PP563956,2023
490,PP563957.1|2023-11-10,1I_K.1.1,1I_K,1I,PP563957,10604,104.1752628,2023,China: Guangzhou,China,PP563957,2023
491,PP563958.1|2023-11-10,1I_K.1.1,1I_K,1I,PP563958,10605,104.1850869,2023,China: Guangzhou,China,PP563958,2023
492,PP563959.1|2023-11-10,1I_K.1.1,1I_K,1I,PP563959,10682,104.9415463,2023,China: Guangzhou,China,PP563959,2023
493,PP563960.1|2023-11-07,1I_K.1.1,1I_K,1I,PP563960,10577,103.9100108,2023,China: Guangzhou,China,PP563960,2023
494,PP563961.1|2023-09-12,1I_K.1.1,1I_K,1I,PP563961,10559,103.7331761,2023,China: Guangzhou,China,PP563961,2023
495,PP563962.1|2023-10-15,1I_K.1.1,1I_K,1I,PP563962,10584,103.9787798,2023,China: Guangzhou,China,PP563962,2023
496,PP563963.1|2023-11-14,1I_K.1.1,1I_K,1I,PP563963,10582,103.9591315,2023,China: Guangzhou,China,PP563963,2023
497,PP563964.1|2023-11-08,1I_K.1.1,1I_K,1I,PP563964,10629,104.4208665,2023,China: Guangzhou,China,PP563964,2023
498,PP563965.1|2023-11-13,1I_K.1.1,1I_K,1I,PP563965,10600,104.1359662,2023,China: Guangzhou,China,PP563965,2023
499,PP563966.1|2023-11-14,1I_K.1.1,1I_K,1I,PP563966,10561,103.7528244,2023,China: Guangzhou,China,PP563966,2023
500,PP563967.1|2023-11-15,1I_K.1.1,1I_K,1I,PP563967,10635,104.4798114,2023,China: Guangzhou,China,PP563967,2023
501,PP563968.1|2023-11-16,1I_K.1.1,1I_K,1I,PP563968,10636,104.4896355,2023,China: Guangzhou,China,PP563968,2023
502,PP563969.1|2023-11-21,1I_K.1.1,1I_K,1I,PP563969,10585,103.988604,2023,China: Guangzhou,China,PP563969,2023
503,OR523627.1|2022-07-12,1V_E.1,1V_E,1V,OR523627,10294,101.129777,2022,Brazil: Tocantins (Palmas),Brazil,OR523627,2022
504,PP540290.1|2023-08-13,1I_K.1.1,1I_K,1I,PP540290,10734,105.452402,2023,China: Guangzhou,China,PP540290,2023
505,PP540291.1|2023-08-19,1I_K.1.1,1I_K,1I,PP540291,10693,105.0496119,2023,China: Guangzhou,China,PP540291,2023
506,OP121149.1|2019-07,1I_H.1,1I_H,1I,OP121149,10672,104.8433048,2019,Myanmar,Myanmar,OP121149,2019
507,OP121150.1|2019-07,1I_H.1,1I_H,1I,OP121150,10672,104.8433048,2019,Myanmar,Myanmar,OP121150,2019
508,OP121151.1|2019-07,1I_H.1,1I_H,1I,OP121151,10672,104.8433048,2019,Myanmar,Myanmar,OP121151,2019
509,OP121152.1|2019-07,1I_H.1,1I_H,1I,OP121152,10672,104.8433048,2019,Myanmar,Myanmar,OP121152,2019
510,OP121153.1|2019-07,1I_H.1,1I_H,1I,OP121153,10672,104.8433048,2019,Myanmar,Myanmar,OP121153,2019
511,OP121154.1|2019-07,1I_H.1,1I_H,1I,OP121154,10672,104.8433048,2019,Myanmar,Myanmar,OP121154,2019
512,OP121155.1|2019-07,1I_H.1,1I_H,1I,OP121155,10672,104.8433048,2019,Myanmar,Myanmar,OP121155,2019
513,OP121156.1|2019-07,1I_H.1,1I_H,1I,OP121156,10672,104.8433048,2019,Myanmar,Myanmar,OP121156,2019
514,OR235229.1|2019-05,1I_K.1.1,1I_K,1I,OR235229,10528,103.4286276,2019,Reunion,Reunion,OR235229,2019
515,OR235230.1|2020-03,1III_A.2,1III_A,1III,OR235230,9542,93.74201788,2020,Reunion,Reunion,OR235230,2020
516,OR235231.1|2020-03,1I_K.2,1I_K,1I,OR235231,10528,103.4286276,2020,Reunion,Reunion,OR235231,2020
517,OR235232.1|2020-02,1I_K.2,1I_K,1I,OR235232,10528,103.4286276,2020,Reunion,Reunion,OR235232,2020
518,OR235233.1|2020-02,1III_A.2,1III_A,1III,OR235233,9542,93.74201788,2020,Reunion,Reunion,OR235233,2020
519,OR235234.1|2020-02,1III_A.2,1III_A,1III,OR235234,9542,93.74201788,2020,Reunion,Reunion,OR235234,2020
520,OR235235.1|2020-01,1III_A.2,1III_A,1III,OR235235,9542,93.74201788,2020,Reunion,Reunion,OR235235,2020
521,OR235236.1|2022-01,1I_K.2,1I_K,1I,OR235236,10528,103.4286276,2022,Reunion,Reunion,OR235236,2022
522,OR235237.1|2019-10,1I_K.2,1I_K,1I,OR235237,10528,103.4286276,2019,Reunion,Reunion,OR235237,2019
523,OR235238.1|2017-08,1I_H.1,1I_H,1I,OR235238,10528,103.4286276,2017,Reunion,Reunion,OR235238,2017
524,OR235239.1|2019-11,1I_K.2,1I_K,1I,OR235239,9542,93.74201788,2019,Reunion,Reunion,OR235239,2019
525,OR235240.1|2019-10,1I_K.2,1I_K,1I,OR235240,9542,93.74201788,2019,Reunion,Reunion,OR235240,2019
526,OR235241.1|2019-12,1I_K.2,1I_K,1I,OR235241,10528,103.4286276,2019,Reunion,Reunion,OR235241,2019
527,OR235242.1|2019-10,1III_A,1III_A,1III,OR235242,9542,93.74201788,2019,Reunion,Reunion,OR235242,2019
528,OR235243.1|2018-08,1I_H.1,1I_H,1I,OR235243,10528,103.4286276,2018,Reunion,Reunion,OR235243,2018
529,OR235244.1|2021-06,1I_K.2,1I_K,1I,OR235244,9542,93.74201788,2021,Reunion,Reunion,OR235244,2021
530,OR235245.1|2020-08,1I_K.2,1I_K,1I,OR235245,9542,93.74201788,2020,Reunion,Reunion,OR235245,2020
531,OR235246.1|2020-09,1I_K.2,1I_K,1I,OR235246,10528,103.4286276,2020,Reunion,Reunion,OR235246,2020
532,OR235247.1|2020-10,1I_K.2,1I_K,1I,OR235247,10528,103.4286276,2020,Reunion,Reunion,OR235247,2020
533,OR235248.1|2022-05,1I_K.2,1I_K,1I,OR235248,9542,93.74201788,2022,Reunion,Reunion,OR235248,2022
534,OR235249.1|2022-03,1I_K.2,1I_K,1I,OR235249,9542,93.74201788,2022,Reunion,Reunion,OR235249,2022
535,OR235250.1|2022-04,1I_K.2,1I_K,1I,OR235250,10528,103.4286276,2022,Reunion,Reunion,OR235250,2022
536,OR235251.1|2022-04,1I_K.2,1I_K,1I,OR235251,10528,103.4286276,2022,Reunion,Reunion,OR235251,2022
537,OR235252.1|2022-04,1I_K.2,1I_K,1I,OR235252,9542,93.74201788,2022,Reunion,Reunion,OR235252,2022
538,OR235253.1|2022-03,1I_K.2,1I_K,1I,OR235253,9542,93.74201788,2022,Reunion,Reunion,OR235253,2022
539,OR235254.1|2022-03,1I_K.2,1I_K,1I,OR235254,10528,103.4286276,2022,Reunion,Reunion,OR235254,2022
540,OR235255.1|2020-04,1I_K.2,1I_K,1I,OR235255,10528,103.4286276,2020,Reunion,Reunion,OR235255,2020
541,OR235256.1|2020-01,1I_K.2,1I_K,1I,OR235256,10528,103.4286276,2020,Reunion,Reunion,OR235256,2020
542,OR235257.1|2020-10,1I_K.2,1I_K,1I,OR235257,10528,103.4286276,2020,Reunion,Reunion,OR235257,2020
543,OR235258.1|2020-01,1I_K.2,1I_K,1I,OR235258,10528,103.4286276,2020,Reunion,Reunion,OR235258,2020
544,OR235259.1|2020-01,1I_K.2,1I_K,1I,OR235259,10528,103.4286276,2020,Reunion,Reunion,OR235259,2020
545,OR235260.1|2020-12,1III_A.2,1III_A,1III,OR235260,9540,93.72236958,2020,Reunion,Reunion,OR235260,2020
546,OR235261.1|2020-05,1I_K.2,1I_K,1I,OR235261,10528,103.4286276,2020,Reunion,Reunion,OR235261,2020
547,OR235262.1|2020-01,1I_K.2,1I_K,1I,OR235262,10528,103.4286276,2020,Reunion,Reunion,OR235262,2020
548,OR235263.1|2020-01,1I_K.2,1I_K,1I,OR235263,10528,103.4286276,2020,Reunion,Reunion,OR235263,2020
549,OR235264.1|2020-04,1I_K.2,1I_K,1I,OR235264,10528,103.4286276,2020,Reunion,Reunion,OR235264,2020
550,OR235265.1|2020-05,1I_K.2,1I_K,1I,OR235265,10528,103.4286276,2020,Reunion,Reunion,OR235265,2020
551,OR235266.1|2020-05,1I_K.2,1I_K,1I,OR235266,10528,103.4286276,2020,Reunion,Reunion,OR235266,2020
552,OR235267.1|2020-03,1I_K.2,1I_K,1I,OR235267,10528,103.4286276,2020,Reunion,Reunion,OR235267,2020
553,OR235268.1|2020-02,1I_K.2,1I_K,1I,OR235268,10528,103.4286276,2020,Reunion,Reunion,OR235268,2020
554,OR235269.1|2020-07,1I_K.2,1I_K,1I,OR235269,10528,103.4286276,2020,Reunion,Reunion,OR235269,2020
555,OR235270.1|2020-12,1I_K.2,1I_K,1I,OR235270,10528,103.4286276,2020,Reunion,Reunion,OR235270,2020
556,OR235271.1|2020-05,1I_K.2,1I_K,1I,OR235271,10528,103.4286276,2020,Reunion,Reunion,OR235271,2020
557,OR235272.1|2016-05,1III_A,1III_A,1III,OR235272,9542,93.74201788,2016,Reunion,Reunion,OR235272,2016
558,OR235273.1|2016-03,1III_A,1III_A,1III,OR235273,9542,93.74201788,2016,Reunion,Reunion,OR235273,2016
559,OR235274.1|2016-03,1III_A,1III_A,1III,OR235274,9542,93.74201788,2016,Reunion,Reunion,OR235274,2016
560,OR235275.1|2016-03,1III_A,1III_A,1III,OR235275,9542,93.74201788,2016,Reunion,Reunion,OR235275,2016
561,OR235276.1|2016-03,1III_A,1III_A,1III,OR235276,10508,103.2321446,2016,Reunion,Reunion,OR235276,2016
562,OR235277.1|2016-02,1III_A,1III_A,1III,OR235277,9542,93.74201788,2016,Reunion,Reunion,OR235277,2016
563,OR235278.1|2016-02,1III_A,1III_A,1III,OR235278,9542,93.74201788,2016,Reunion,Reunion,OR235278,2016
564,OR235279.1|2016-12,1III_A,1III_A,1III,OR235279,9542,93.74201788,2016,Reunion,Reunion,OR235279,2016
565,OR235280.1|2019-07,1I_K.2,1I_K,1I,OR235280,10528,103.4286276,2019,Reunion,Reunion,OR235280,2019
566,OR235281.1|2019-11,1I_K.2,1I_K,1I,OR235281,10528,103.4286276,2019,Reunion,Reunion,OR235281,2019
567,OR235282.1|2019-06,1I_K.2,1I_K,1I,OR235282,10528,103.4286276,2019,Reunion,Reunion,OR235282,2019
568,OR235283.1|2019-06,1I_K.2,1I_K,1I,OR235283,10528,103.4286276,2019,Reunion,Reunion,OR235283,2019
569,OR235284.1|2019-05,1I_K.1.1,1I_K,1I,OR235284,10528,103.4286276,2019,Reunion,Reunion,OR235284,2019
570,OR235285.1|2019-11,1I_K.1.1,1I_K,1I,OR235285,9542,93.74201788,2019,Reunion,Reunion,OR235285,2019
571,OR235286.1|2019-10,1I_K.2,1I_K,1I,OR235286,10528,103.4286276,2019,Reunion,Reunion,OR235286,2019
572,OR235287.1|2019-07,1I_K.1.1,1I_K,1I,OR235287,10528,103.4286276,2019,Reunion,Reunion,OR235287,2019
573,OR235288.1|2019-06,1I_K.2,1I_K,1I,OR235288,10528,103.4286276,2019,Reunion,Reunion,OR235288,2019
574,OR235289.1|2019-04,1I_K.1.1,1I_K,1I,OR235289,9542,93.74201788,2019,Reunion,Reunion,OR235289,2019
575,OR235290.1|2019-04,1I_K.2,1I_K,1I,OR235290,9542,93.74201788,2019,Reunion,Reunion,OR235290,2019
576,OR235291.1|2019-04,1I_K.2,1I_K,1I,OR235291,10528,103.4286276,2019,Reunion,Reunion,OR235291,2019
577,OR235292.1|2019-03,1I_K.2,1I_K,1I,OR235292,10528,103.4286276,2019,Reunion,Reunion,OR235292,2019
578,OR235293.1|2019-03,1I_K.2,1I_K,1I,OR235293,10528,103.4286276,2019,Reunion,Reunion,OR235293,2019
579,OR235294.1|2019-05,1I_K.2,1I_K,1I,OR235294,10528,103.4286276,2019,Reunion,Reunion,OR235294,2019
580,OR235295.1|2019-05,1I_K.2,1I_K,1I,OR235295,10528,103.4286276,2019,Reunion,Reunion,OR235295,2019
581,OR235296.1|2017-08,1I_H.1,1I_H,1I,OR235296,10528,103.4286276,2017,Reunion,Reunion,OR235296,2017
582,OR235297.1|2016-05,1III_A,1III_A,1III,OR235297,9542,93.74201788,2016,Reunion,Reunion,OR235297,2016
583,OR235298.1|2016-05,1III_A,1III_A,1III,OR235298,9542,93.74201788,2016,Reunion,Reunion,OR235298,2016
584,OR235299.1|2016-09,1III_A,1III_A,1III,OR235299,9542,93.74201788,2016,Reunion,Reunion,OR235299,2016
585,OR235300.1|2016-04,1III_A,1III_A,1III,OR235300,9542,93.74201788,2016,Reunion,Reunion,OR235300,2016
586,OR235301.1|2016-04,1III_A,1III_A,1III,OR235301,9542,93.74201788,2016,Reunion,Reunion,OR235301,2016
587,OR235302.1|2016-04,1III_A,1III_A,1III,OR235302,9542,93.74201788,2016,Reunion,Reunion,OR235302,2016
588,OR235303.1|2016-04,1III_A,1III_A,1III,OR235303,9542,93.74201788,2016,Reunion,Reunion,OR235303,2016
589,OR235304.1|2021-02,1I_K.2,1I_K,1I,OR235304,10528,103.4286276,2021,Reunion,Reunion,OR235304,2021
590,OR235305.1|2021-02,1I_K.2,1I_K,1I,OR235305,9542,93.74201788,2021,Reunion,Reunion,OR235305,2021
591,OR235306.1|2021-02,1I_K.2,1I_K,1I,OR235306,10528,103.4286276,2021,Reunion,Reunion,OR235306,2021
592,OR235307.1|2021-02,1I_K.2,1I_K,1I,OR235307,10528,103.4286276,2021,Reunion,Reunion,OR235307,2021
593,OR235308.1|2021-02,1I_K.2,1I_K,1I,OR235308,10528,103.4286276,2021,Reunion,Reunion,OR235308,2021
594,OR235309.1|2021-02,1I_K.2,1I_K,1I,OR235309,10528,103.4286276,2021,Reunion,Reunion,OR235309,2021
595,OR235310.1|2021-02,1I_K.2,1I_K,1I,OR235310,9542,93.74201788,2021,Reunion,Reunion,OR235310,2021
596,OR235311.1|2021-02,1I_K.2,1I_K,1I,OR235311,9542,93.74201788,2021,Reunion,Reunion,OR235311,2021
597,OR235312.1|2021-02,1I_K.2,1I_K,1I,OR235312,10528,103.4286276,2021,Reunion,Reunion,OR235312,2021
598,OR235313.1|2021-02,1I_K.2,1I_K,1I,OR235313,10528,103.4286276,2021,Reunion,Reunion,OR235313,2021
599,OR235314.1|2021-02,1I_K.2,1I_K,1I,OR235314,10528,103.4286276,2021,Reunion,Reunion,OR235314,2021
600,OR235315.1|2021-02,1I_K.2,1I_K,1I,OR235315,10528,103.4286276,2021,Reunion,Reunion,OR235315,2021
601,OR235316.1|2020-01,1I_K.2,1I_K,1I,OR235316,10528,103.4286276,2020,Reunion,Reunion,OR235316,2020
602,OR235317.1|2020-01,1I_K.2,1I_K,1I,OR235317,10528,103.4286276,2020,Reunion,Reunion,OR235317,2020
603,OR235318.1|2020-02,1I_K.2,1I_K,1I,OR235318,10528,103.4286276,2020,Reunion,Reunion,OR235318,2020
604,OR235319.1|2020-10,1I_K.2,1I_K,1I,OR235319,10528,103.4286276,2020,Reunion,Reunion,OR235319,2020
605,OR235320.1|2020-01,1I_K.2,1I_K,1I,OR235320,10528,103.4286276,2020,Reunion,Reunion,OR235320,2020
606,OR235321.1|2020-02,1I_K.2,1I_K,1I,OR235321,9542,93.74201788,2020,Reunion,Reunion,OR235321,2020
607,OR235322.1|2020-01,1I_K.2,1I_K,1I,OR235322,10528,103.4286276,2020,Reunion,Reunion,OR235322,2020
608,OR235323.1|2020-01,1I_K.2,1I_K,1I,OR235323,10528,103.4286276,2020,Reunion,Reunion,OR235323,2020
609,OR235324.1|2020-01,1I_K.2,1I_K,1I,OR235324,10528,103.4286276,2020,Reunion,Reunion,OR235324,2020
610,OR235325.1|2020-03,1I_K.2,1I_K,1I,OR235325,10528,103.4286276,2020,Reunion,Reunion,OR235325,2020
611,OR235326.1|2020-11,1I_K.2,1I_K,1I,OR235326,10528,103.4286276,2020,Reunion,Reunion,OR235326,2020
612,OR235327.1|2020-01,1I_K.2,1I_K,1I,OR235327,10528,103.4286276,2020,Reunion,Reunion,OR235327,2020
613,OR235328.1|2020-06,1I_K.2,1I_K,1I,OR235328,10528,103.4286276,2020,Reunion,Reunion,OR235328,2020
614,OR235329.1|2020-01,1I_K.2,1I_K,1I,OR235329,10528,103.4286276,2020,Reunion,Reunion,OR235329,2020
615,OR235330.1|2020-01,1III_A.2,1III_A,1III,OR235330,9542,93.74201788,2020,Reunion,Reunion,OR235330,2020
616,OR235331.1|2020-02,1III_A.2,1III_A,1III,OR235331,9542,93.74201788,2020,Reunion,Reunion,OR235331,2020
617,OR235332.1|2020-01,1I_K.2,1I_K,1I,OR235332,10528,103.4286276,2020,Reunion,Reunion,OR235332,2020
618,OR235333.1|2020-01,1III_A.2,1III_A,1III,OR235333,9542,93.74201788,2020,Reunion,Reunion,OR235333,2020
619,OR235334.1|2020-01,1I_K.2,1I_K,1I,OR235334,10528,103.4286276,2020,Reunion,Reunion,OR235334,2020
620,OR235335.1|2020-01,1I_K.2,1I_K,1I,OR235335,10528,103.4286276,2020,Reunion,Reunion,OR235335,2020
621,OR235336.1|2020-10,1I_K.2,1I_K,1I,OR235336,10528,103.4286276,2020,Reunion,Reunion,OR235336,2020
622,OR235337.1|2020-05,1I_K.2,1I_K,1I,OR235337,10528,103.4286276,2020,Reunion,Reunion,OR235337,2020
623,OR235338.1|2020-11,1I_K.2,1I_K,1I,OR235338,10528,103.4286276,2020,Reunion,Reunion,OR235338,2020
624,OR235339.1|2020-01,1I_K.2,1I_K,1I,OR235339,10528,103.4286276,2020,Reunion,Reunion,OR235339,2020
625,OR235340.1|2020-01,1I_K.2,1I_K,1I,OR235340,10528,103.4286276,2020,Reunion,Reunion,OR235340,2020
626,OR235341.1|2020-10,1I_K.2,1I_K,1I,OR235341,10528,103.4286276,2020,Reunion,Reunion,OR235341,2020
627,OR235342.1|2020-10,1III_A.2,1III_A,1III,OR235342,9542,93.74201788,2020,Reunion,Reunion,OR235342,2020
628,OR235343.1|2020-04,1I_K.2,1I_K,1I,OR235343,9542,93.74201788,2020,Reunion,Reunion,OR235343,2020
629,OR235344.1|2020-01,1I_K.2,1I_K,1I,OR235344,10528,103.4286276,2020,Reunion,Reunion,OR235344,2020
630,OR235345.1|2020-04,1I_K.2,1I_K,1I,OR235345,10528,103.4286276,2020,Reunion,Reunion,OR235345,2020
631,OR235346.1|2020-11,1I_K.2,1I_K,1I,OR235346,10528,103.4286276,2020,Reunion,Reunion,OR235346,2020
632,OR235347.1|2020-02,1I_K.2,1I_K,1I,OR235347,10528,103.4286276,2020,Reunion,Reunion,OR235347,2020
633,OR235348.1|2020-02,1I_K.2,1I_K,1I,OR235348,10528,103.4286276,2020,Reunion,Reunion,OR235348,2020
634,OR235349.1|2020-01,1I_K.2,1I_K,1I,OR235349,10528,103.4286276,2020,Reunion,Reunion,OR235349,2020
635,OR235350.1|2020-03,1I_K.2,1I_K,1I,OR235350,10528,103.4286276,2020,Reunion,Reunion,OR235350,2020
636,OR235351.1|2020-03,1I_K.2,1I_K,1I,OR235351,10528,103.4286276,2020,Reunion,Reunion,OR235351,2020
637,OR235352.1|2020-03,1I_K.2,1I_K,1I,OR235352,10528,103.4286276,2020,Reunion,Reunion,OR235352,2020
638,OR235353.1|2020-02,1I_K.2,1I_K,1I,OR235353,10528,103.4286276,2020,Reunion,Reunion,OR235353,2020
639,OR235354.1|2020-10,1I_K.2,1I_K,1I,OR235354,10528,103.4286276,2020,Reunion,Reunion,OR235354,2020
640,OR235355.1|2020-12,1I_K.2,1I_K,1I,OR235355,10528,103.4286276,2020,Reunion,Reunion,OR235355,2020
641,OR235356.1|2020-06,1I_K.2,1I_K,1I,OR235356,10528,103.4286276,2020,Reunion,Reunion,OR235356,2020
642,OR235357.1|2020-06,1I_K.2,1I_K,1I,OR235357,10528,103.4286276,2020,Reunion,Reunion,OR235357,2020
643,OR235358.1|2020-06,1I_K.2,1I_K,1I,OR235358,10528,103.4286276,2020,Reunion,Reunion,OR235358,2020
644,OR235359.1|2020-04,1I_K.2,1I_K,1I,OR235359,8348,82.01198546,2020,Reunion,Reunion,OR235359,2020
645,OR235360.1|2020-01,1I_K.2,1I_K,1I,OR235360,10528,103.4286276,2020,Reunion,Reunion,OR235360,2020
646,OR235361.1|2020-05,1I_K.2,1I_K,1I,OR235361,10528,103.4286276,2020,Reunion,Reunion,OR235361,2020
647,OR235362.1|2020-09,1I_K.2,1I_K,1I,OR235362,10528,103.4286276,2020,Reunion,Reunion,OR235362,2020
648,OR235363.1|2020-12,1I_K.2,1I_K,1I,OR235363,10528,103.4286276,2020,Reunion,Reunion,OR235363,2020
649,OR235364.1|2020-07,1I_K.2,1I_K,1I,OR235364,9542,93.74201788,2020,Reunion,Reunion,OR235364,2020
650,OR235365.1|2020-05,1I_K.2,1I_K,1I,OR235365,10528,103.4286276,2020,Reunion,Reunion,OR235365,2020
651,OR235366.1|2020-12,1I_K.2,1I_K,1I,OR235366,10528,103.4286276,2020,Reunion,Reunion,OR235366,2020
652,OR235367.1|2020-04,1I_K.2,1I_K,1I,OR235367,10528,103.4286276,2020,Reunion,Reunion,OR235367,2020
653,OR235368.1|2020-04,1I_K.2,1I_K,1I,OR235368,10528,103.4286276,2020,Reunion,Reunion,OR235368,2020
654,OR235369.1|2020-06,1III_A.2,1III_A,1III,OR235369,9542,93.74201788,2020,Reunion,Reunion,OR235369,2020
655,OR235370.1|2020-09,1I_K.2,1I_K,1I,OR235370,10528,103.4286276,2020,Reunion,Reunion,OR235370,2020
656,OR235371.1|2020-07,1III_A.2,1III_A,1III,OR235371,9542,93.74201788,2020,Reunion,Reunion,OR235371,2020
657,OR235372.1|2020-06,1I_K.2,1I_K,1I,OR235372,10528,103.4286276,2020,Reunion,Reunion,OR235372,2020
658,OR235373.1|2020-07,1I_K.2,1I_K,1I,OR235373,10528,103.4286276,2020,Reunion,Reunion,OR235373,2020
659,OR235374.1|2021-03,1I_K.2,1I_K,1I,OR235374,10528,103.4286276,2021,Reunion,Reunion,OR235374,2021
660,OR235375.1|2021-02,1I_K.2,1I_K,1I,OR235375,10528,103.4286276,2021,Reunion,Reunion,OR235375,2021
661,OR235376.1|2021-02,1I_K.2,1I_K,1I,OR235376,10528,103.4286276,2021,Reunion,Reunion,OR235376,2021
662,OR235377.1|2021-01,1I_K.2,1I_K,1I,OR235377,10528,103.4286276,2021,Reunion,Reunion,OR235377,2021
663,OR235378.1|2021-02,1I_K.2,1I_K,1I,OR235378,10528,103.4286276,2021,Reunion,Reunion,OR235378,2021
664,OR235379.1|2021-02,1I_K.2,1I_K,1I,OR235379,10528,103.4286276,2021,Reunion,Reunion,OR235379,2021
665,OR235380.1|2021-02,1I_K.2,1I_K,1I,OR235380,10528,103.4286276,2021,Reunion,Reunion,OR235380,2021
666,OR235381.1|2021-02,1I_K.2,1I_K,1I,OR235381,10528,103.4286276,2021,Reunion,Reunion,OR235381,2021
667,OR235382.1|2021-02,1I_K.2,1I_K,1I,OR235382,10528,103.4286276,2021,Reunion,Reunion,OR235382,2021
668,OR235383.1|2021-02,1I_K.2,1I_K,1I,OR235383,10528,103.4286276,2021,Reunion,Reunion,OR235383,2021
669,OR235384.1|2021-09,1I_K.2,1I_K,1I,OR235384,10528,103.4286276,2021,Reunion,Reunion,OR235384,2021
670,OR235385.1|2021-10,1I_K.2,1I_K,1I,OR235385,10528,103.4286276,2021,Reunion,Reunion,OR235385,2021
671,OR235386.1|2021-10,1I_K.2,1I_K,1I,OR235386,10528,103.4286276,2021,Reunion,Reunion,OR235386,2021
672,OR235387.1|2021-01,1I_K.2,1I_K,1I,OR235387,10528,103.4286276,2021,Reunion,Reunion,OR235387,2021
673,OR235388.1|2021-01,1I_K.2,1I_K,1I,OR235388,10528,103.4286276,2021,Reunion,Reunion,OR235388,2021
674,OR235389.1|2021-01,1I_K.2,1I_K,1I,OR235389,10528,103.4286276,2021,Reunion,Reunion,OR235389,2021
675,OR235390.1|2021-01,1I_K.2,1I_K,1I,OR235390,10528,103.4286276,2021,Reunion,Reunion,OR235390,2021
676,OR235391.1|2021-01,1I_K.2,1I_K,1I,OR235391,10528,103.4286276,2021,Reunion,Reunion,OR235391,2021
677,OR235392.1|2021-11,1I_K.2,1I_K,1I,OR235392,10528,103.4286276,2021,Reunion,Reunion,OR235392,2021
678,OR235393.1|2021-12,1I_K.2,1I_K,1I,OR235393,10528,103.4286276,2021,Reunion,Reunion,OR235393,2021
679,OR235394.1|2021-12,1I_K.2,1I_K,1I,OR235394,10528,103.4286276,2021,Reunion,Reunion,OR235394,2021
680,OR235395.1|2021-01,1I_K.2,1I_K,1I,OR235395,10528,103.4286276,2021,Reunion,Reunion,OR235395,2021
681,OR235396.1|2021-01,1I_K.2,1I_K,1I,OR235396,10528,103.4286276,2021,Reunion,Reunion,OR235396,2021
682,OR235397.1|2021-11,1I_K.2,1I_K,1I,OR235397,10528,103.4286276,2021,Reunion,Reunion,OR235397,2021
683,OR235398.1|2021-01,1I_K.2,1I_K,1I,OR235398,10528,103.4286276,2021,Reunion,Reunion,OR235398,2021
684,OR235399.1|2021-01,1I_K.2,1I_K,1I,OR235399,10528,103.4286276,2021,Reunion,Reunion,OR235399,2021
685,OR235400.1|2021-01,1I_K.2,1I_K,1I,OR235400,10528,103.4286276,2021,Reunion,Reunion,OR235400,2021
686,OR235401.1|2021-06,1III_A.2,1III_A,1III,OR235401,9542,93.74201788,2021,Reunion,Reunion,OR235401,2021
687,OR235402.1|2021-01,1I_K.2,1I_K,1I,OR235402,10528,103.4286276,2021,Reunion,Reunion,OR235402,2021
688,OR235403.1|2021-01,1I_K.2,1I_K,1I,OR235403,10528,103.4286276,2021,Reunion,Reunion,OR235403,2021
689,OR235404.1|2021-04,1I_K.2,1I_K,1I,OR235404,10528,103.4286276,2021,Reunion,Reunion,OR235404,2021
690,OR235405.1|2021-01,1I_K.2,1I_K,1I,OR235405,10528,103.4286276,2021,Reunion,Reunion,OR235405,2021
691,OR235406.1|2021-01,1I_K.2,1I_K,1I,OR235406,10528,103.4286276,2021,Reunion,Reunion,OR235406,2021
692,OR235407.1|2021-01,1I_K.2,1I_K,1I,OR235407,10528,103.4286276,2021,Reunion,Reunion,OR235407,2021
693,OR235408.1|2021-01,1I_K.2,1I_K,1I,OR235408,10528,103.4286276,2021,Reunion,Reunion,OR235408,2021
694,OR235409.1|2021-01,1I_K.2,1I_K,1I,OR235409,10528,103.4286276,2021,Reunion,Reunion,OR235409,2021
695,OR235410.1|2021-01,1I_K.2,1I_K,1I,OR235410,10528,103.4286276,2021,Reunion,Reunion,OR235410,2021
696,OR235411.1|2021-01,1I_K.2,1I_K,1I,OR235411,10528,103.4286276,2021,Reunion,Reunion,OR235411,2021
697,OR235412.1|2021-01,1I_K.2,1I_K,1I,OR235412,10528,103.4286276,2021,Reunion,Reunion,OR235412,2021
698,OR235413.1|2021-01,1I_K.2,1I_K,1I,OR235413,10528,103.4286276,2021,Reunion,Reunion,OR235413,2021
699,OR235414.1|2021-04,1I_K.2,1I_K,1I,OR235414,10528,103.4286276,2021,Reunion,Reunion,OR235414,2021
700,OR235415.1|2021-04,1I_K.2,1I_K,1I,OR235415,10528,103.4286276,2021,Reunion,Reunion,OR235415,2021
701,OR235416.1|2021-03,1I_K.2,1I_K,1I,OR235416,10528,103.4286276,2021,Reunion,Reunion,OR235416,2021
702,OR235417.1|2021-01,1I_K.2,1I_K,1I,OR235417,10528,103.4286276,2021,Reunion,Reunion,OR235417,2021
703,OR235418.1|2021-01,1I_K.2,1I_K,1I,OR235418,10528,103.4286276,2021,Reunion,Reunion,OR235418,2021
704,OR235419.1|2021-12,1I_K.2,1I_K,1I,OR235419,10528,103.4286276,2021,Reunion,Reunion,OR235419,2021
705,OR235420.1|2021-12,1I_K.2,1I_K,1I,OR235420,10528,103.4286276,2021,Reunion,Reunion,OR235420,2021
706,OR235421.1|2021-02,1I_K.2,1I_K,1I,OR235421,10528,103.4286276,2021,Reunion,Reunion,OR235421,2021
707,OR235422.1|2021-01,1I_K.2,1I_K,1I,OR235422,10528,103.4286276,2021,Reunion,Reunion,OR235422,2021
708,OR235423.1|2021-09,1I_K.2,1I_K,1I,OR235423,10528,103.4286276,2021,Reunion,Reunion,OR235423,2021
709,OR235424.1|2021-09,1I_K.2,1I_K,1I,OR235424,10528,103.4286276,2021,Reunion,Reunion,OR235424,2021
710,OR235425.1|2021-09,1I_K.2,1I_K,1I,OR235425,10528,103.4286276,2021,Reunion,Reunion,OR235425,2021
711,OR235426.1|2021-08,1I_K.2,1I_K,1I,OR235426,10528,103.4286276,2021,Reunion,Reunion,OR235426,2021
712,OR235427.1|2021-09,1I_K.2,1I_K,1I,OR235427,10528,103.4286276,2021,Reunion,Reunion,OR235427,2021
713,OR235428.1|2021-02,1I_K.2,1I_K,1I,OR235428,10528,103.4286276,2021,Reunion,Reunion,OR235428,2021
714,OR235429.1|2021-01,1I_K.2,1I_K,1I,OR235429,10528,103.4286276,2021,Reunion,Reunion,OR235429,2021
715,OR235430.1|2021-09,1I_K.2,1I_K,1I,OR235430,10528,103.4286276,2021,Reunion,Reunion,OR235430,2021
716,OR235431.1|2021-04,1I_K.2,1I_K,1I,OR235431,10528,103.4286276,2021,Reunion,Reunion,OR235431,2021
717,OR235432.1|2021-02,1I_K.2,1I_K,1I,OR235432,10528,103.4286276,2021,Reunion,Reunion,OR235432,2021
718,OR235433.1|2021-03,1I_K.2,1I_K,1I,OR235433,10528,103.4286276,2021,Reunion,Reunion,OR235433,2021
719,OR235434.1|2021-09,1I_K.2,1I_K,1I,OR235434,10528,103.4286276,2021,Reunion,Reunion,OR235434,2021
720,OR235435.1|2021-12,1I_K.2,1I_K,1I,OR235435,10528,103.4286276,2021,Reunion,Reunion,OR235435,2021
721,OR235436.1|2021-09,1I_K.2,1I_K,1I,OR235436,10528,103.4286276,2021,Reunion,Reunion,OR235436,2021
722,OR235437.1|2021-08,1I_K.2,1I_K,1I,OR235437,10528,103.4286276,2021,Reunion,Reunion,OR235437,2021
723,OR235438.1|2021-10,1I_K.2,1I_K,1I,OR235438,10528,103.4286276,2021,Reunion,Reunion,OR235438,2021
724,OR235439.1|2021-01,1I_K.2,1I_K,1I,OR235439,10528,103.4286276,2021,Reunion,Reunion,OR235439,2021
725,OR235440.1|2021-01,1I_K.2,1I_K,1I,OR235440,10528,103.4286276,2021,Reunion,Reunion,OR235440,2021
726,OR235441.1|2021-02,1I_K.2,1I_K,1I,OR235441,10528,103.4286276,2021,Reunion,Reunion,OR235441,2021
727,OR235442.1|2021-05,1I_K.2,1I_K,1I,OR235442,10528,103.4286276,2021,Reunion,Reunion,OR235442,2021
728,OR235443.1|2021-06,1I_K.2,1I_K,1I,OR235443,10528,103.4286276,2021,Reunion,Reunion,OR235443,2021
729,OR235444.1|2021-01,1I_K.2,1I_K,1I,OR235444,10528,103.4286276,2021,Reunion,Reunion,OR235444,2021
730,OR235445.1|2021-01,1I_K.2,1I_K,1I,OR235445,10528,103.4286276,2021,Reunion,Reunion,OR235445,2021
731,OR235446.1|2021-01,1I_K.2,1I_K,1I,OR235446,10528,103.4286276,2021,Reunion,Reunion,OR235446,2021
732,OR235447.1|2021-01,1I_K.2,1I_K,1I,OR235447,10528,103.4286276,2021,Reunion,Reunion,OR235447,2021
733,OR235448.1|2021-01,1I_K.2,1I_K,1I,OR235448,10528,103.4286276,2021,Reunion,Reunion,OR235448,2021
734,OR235449.1|2021-01,1I_K.2,1I_K,1I,OR235449,10528,103.4286276,2021,Reunion,Reunion,OR235449,2021
735,OR235450.1|2021-12,1I_K.2,1I_K,1I,OR235450,10528,103.4286276,2021,Reunion,Reunion,OR235450,2021
736,OR235451.1|2021-10,1I_K.2,1I_K,1I,OR235451,10528,103.4286276,2021,Reunion,Reunion,OR235451,2021
737,OR235452.1|2021-12,1I_K.2,1I_K,1I,OR235452,10528,103.4286276,2021,Reunion,Reunion,OR235452,2021
738,OR235453.1|2021-02,1I_K.2,1I_K,1I,OR235453,10528,103.4286276,2021,Reunion,Reunion,OR235453,2021
739,OR235454.1|2021-02,1I_K.2,1I_K,1I,OR235454,10528,103.4286276,2021,Reunion,Reunion,OR235454,2021
740,OR235455.1|2021-02,1I_K.2,1I_K,1I,OR235455,10528,103.4286276,2021,Reunion,Reunion,OR235455,2021
741,OR235456.1|2021-02,1I_K.2,1I_K,1I,OR235456,10528,103.4286276,2021,Reunion,Reunion,OR235456,2021
742,OR235458.1|2021-02,1I_K.2,1I_K,1I,OR235458,10528,103.4286276,2021,Reunion,Reunion,OR235458,2021
743,OR235459.1|2021-12,1I_K.2,1I_K,1I,OR235459,10528,103.4286276,2021,Reunion,Reunion,OR235459,2021
744,OR235460.1|2021-10,1I_K.2,1I_K,1I,OR235460,10528,103.4286276,2021,Reunion,Reunion,OR235460,2021
745,OR235461.1|2021-10,1I_K.2,1I_K,1I,OR235461,10528,103.4286276,2021,Reunion,Reunion,OR235461,2021
746,OR235462.1|2021-10,1I_K.2,1I_K,1I,OR235462,10528,103.4286276,2021,Reunion,Reunion,OR235462,2021
747,OR235463.1|2021-11,1I_K.2,1I_K,1I,OR235463,10528,103.4286276,2021,Reunion,Reunion,OR235463,2021
748,OR235464.1|2021-12,1I_K.2,1I_K,1I,OR235464,10528,103.4286276,2021,Reunion,Reunion,OR235464,2021
749,OR235465.1|2021-12,1I_K.2,1I_K,1I,OR235465,10528,103.4286276,2021,Reunion,Reunion,OR235465,2021
750,OR235466.1|2021-12,1I_K.2,1I_K,1I,OR235466,10528,103.4286276,2021,Reunion,Reunion,OR235466,2021
751,OR235467.1|2021-12,1I_K.2,1I_K,1I,OR235467,10528,103.4286276,2021,Reunion,Reunion,OR235467,2021
752,OR235468.1|2022-04,1I_K.2,1I_K,1I,OR235468,10569,103.8314176,2022,Reunion,Reunion,OR235468,2022
753,OR235469.1|2022-01,1I_K.2,1I_K,1I,OR235469,10569,103.8314176,2022,Reunion,Reunion,OR235469,2022
754,OR235470.1|2022-06,1I_K.2,1I_K,1I,OR235470,9542,93.74201788,2022,Reunion,Reunion,OR235470,2022
755,OR235471.1|2022-06,1I_K.2,1I_K,1I,OR235471,10569,103.8314176,2022,Reunion,Reunion,OR235471,2022
756,OR235472.1|2022-04,1I_K.2,1I_K,1I,OR235472,9542,93.74201788,2022,Reunion,Reunion,OR235472,2022
757,OR235473.1|2022-06,1I_K.2,1I_K,1I,OR235473,9542,93.74201788,2022,Reunion,Reunion,OR235473,2022
758,OR235474.1|2022-06,1I_K.2,1I_K,1I,OR235474,10569,103.8314176,2022,Reunion,Reunion,OR235474,2022
759,OR235475.1|2022-07,1I_K.2,1I_K,1I,OR235475,10569,103.8314176,2022,Reunion,Reunion,OR235475,2022
760,OR235476.1|2022-06,1I_K.2,1I_K,1I,OR235476,9542,93.74201788,2022,Reunion,Reunion,OR235476,2022
761,OR235477.1|2022-10,1I_K.2,1I_K,1I,OR235477,10569,103.8314176,2022,Reunion,Reunion,OR235477,2022
762,OR235478.1|2022-06,1I_K.2,1I_K,1I,OR235478,10569,103.8314176,2022,Reunion,Reunion,OR235478,2022
763,OR235479.1|2022-05,1I_K.2,1I_K,1I,OR235479,10569,103.8314176,2022,Reunion,Reunion,OR235479,2022
764,OR235480.1|2022-03,1I_K.2,1I_K,1I,OR235480,9542,93.74201788,2022,Reunion,Reunion,OR235480,2022
765,OR235481.1|2022-03,1I_K.2,1I_K,1I,OR235481,10569,103.8314176,2022,Reunion,Reunion,OR235481,2022
766,OR235482.1|2022-06,1I_K.2,1I_K,1I,OR235482,10569,103.8314176,2022,Reunion,Reunion,OR235482,2022
767,OR235483.1|2022-03,1I_K.2,1I_K,1I,OR235483,10569,103.8314176,2022,Reunion,Reunion,OR235483,2022
768,OR235484.1|2022-06,1I_K.2,1I_K,1I,OR235484,10569,103.8314176,2022,Reunion,Reunion,OR235484,2022
769,OR235485.1|2022-06,1I_K.2,1I_K,1I,OR235485,10569,103.8314176,2022,Reunion,Reunion,OR235485,2022
770,OR235486.1|2022-05,1I_K.2,1I_K,1I,OR235486,10569,103.8314176,2022,Reunion,Reunion,OR235486,2022
771,OR235487.1|2022-05,1I_K.2,1I_K,1I,OR235487,10569,103.8314176,2022,Reunion,Reunion,OR235487,2022
772,OR235488.1|2022-05,1I_K.2,1I_K,1I,OR235488,10569,103.8314176,2022,Reunion,Reunion,OR235488,2022
773,OR235489.1|2022-03,1I_K.2,1I_K,1I,OR235489,10569,103.8314176,2022,Reunion,Reunion,OR235489,2022
774,OR235490.1|2022-02,1I_K.2,1I_K,1I,OR235490,10569,103.8314176,2022,Reunion,Reunion,OR235490,2022
775,OR235491.1|2022-05,1I_K.2,1I_K,1I,OR235491,9542,93.74201788,2022,Reunion,Reunion,OR235491,2022
776,OR235492.1|2022-05,1I_K.2,1I_K,1I,OR235492,10569,103.8314176,2022,Reunion,Reunion,OR235492,2022
777,OR235493.1|2022-03,1I_K.2,1I_K,1I,OR235493,10569,103.8314176,2022,Reunion,Reunion,OR235493,2022
778,OR235494.1|2022-02,1I_K.2,1I_K,1I,OR235494,10569,103.8314176,2022,Reunion,Reunion,OR235494,2022
779,OR235495.1|2022-05,1I_K.2,1I_K,1I,OR235495,10569,103.8314176,2022,Reunion,Reunion,OR235495,2022
780,OR235496.1|2022-05,1I_K.2,1I_K,1I,OR235496,10569,103.8314176,2022,Reunion,Reunion,OR235496,2022
781,OR235497.1|2022-05,1I_K.2,1I_K,1I,OR235497,10569,103.8314176,2022,Reunion,Reunion,OR235497,2022
782,OR235498.1|2022-05,1I_K.2,1I_K,1I,OR235498,10569,103.8314176,2022,Reunion,Reunion,OR235498,2022
783,OR235499.1|2022-05,1I_K.2,1I_K,1I,OR235499,10569,103.8314176,2022,Reunion,Reunion,OR235499,2022
784,OR235500.1|2022-05,1I_K.2,1I_K,1I,OR235500,10569,103.8314176,2022,Reunion,Reunion,OR235500,2022
785,OR235501.1|2022-05,1I_K.2,1I_K,1I,OR235501,10569,103.8314176,2022,Reunion,Reunion,OR235501,2022
786,OR235502.1|2022-05,1I_K.2,1I_K,1I,OR235502,10569,103.8314176,2022,Reunion,Reunion,OR235502,2022
787,OR235503.1|2022-05,1I_K.2,1I_K,1I,OR235503,10569,103.8314176,2022,Reunion,Reunion,OR235503,2022
788,OR235504.1|2022-05,1I_K.2,1I_K,1I,OR235504,9542,93.74201788,2022,Reunion,Reunion,OR235504,2022
789,OR235505.1|2022-05,1I_K.2,1I_K,1I,OR235505,10569,103.8314176,2022,Reunion,Reunion,OR235505,2022
790,OR235506.1|2022-06,1I_K.2,1I_K,1I,OR235506,10569,103.8314176,2022,Reunion,Reunion,OR235506,2022
791,OR235507.1|2022-05,1I_K.2,1I_K,1I,OR235507,10569,103.8314176,2022,Reunion,Reunion,OR235507,2022
792,OR235508.1|2022-05,1I_K.2,1I_K,1I,OR235508,10569,103.8314176,2022,Reunion,Reunion,OR235508,2022
793,OR235509.1|2022-05,1I_K.2,1I_K,1I,OR235509,10569,103.8314176,2022,Reunion,Reunion,OR235509,2022
794,OR235510.1|2022-05,1I_K.2,1I_K,1I,OR235510,10569,103.8314176,2022,Reunion,Reunion,OR235510,2022
795,OR235511.1|2022-05,1I_K.2,1I_K,1I,OR235511,10569,103.8314176,2022,Reunion,Reunion,OR235511,2022
796,OR235512.1|2022-05,1I_K.2,1I_K,1I,OR235512,10569,103.8314176,2022,Reunion,Reunion,OR235512,2022
797,OR235513.1|2022-06,1I_K.2,1I_K,1I,OR235513,10569,103.8314176,2022,Reunion,Reunion,OR235513,2022
798,OR235514.1|2022-05,1I_K.2,1I_K,1I,OR235514,9542,93.74201788,2022,Reunion,Reunion,OR235514,2022
799,OR235515.1|2022-05,1I_K.2,1I_K,1I,OR235515,10569,103.8314176,2022,Reunion,Reunion,OR235515,2022
800,OR235516.1|2022-05,1I_K.2,1I_K,1I,OR235516,10569,103.8314176,2022,Reunion,Reunion,OR235516,2022
801,OR235517.1|2022-05,1I_K.2,1I_K,1I,OR235517,10569,103.8314176,2022,Reunion,Reunion,OR235517,2022
802,OR235518.1|2022-05,1I_K.2,1I_K,1I,OR235518,10569,103.8314176,2022,Reunion,Reunion,OR235518,2022
803,OR235519.1|2022-05,1I_K.2,1I_K,1I,OR235519,10569,103.8314176,2022,Reunion,Reunion,OR235519,2022
804,OR235520.1|2022-05,1I_K.2,1I_K,1I,OR235520,10569,103.8314176,2022,Reunion,Reunion,OR235520,2022
805,OR235521.1|2022-05,1I_K.2,1I_K,1I,OR235521,10569,103.8314176,2022,Reunion,Reunion,OR235521,2022
806,OR235522.1|2022-05,1I_K.2,1I_K,1I,OR235522,10569,103.8314176,2022,Reunion,Reunion,OR235522,2022
807,OR235523.1|2022-05,1I_K.2,1I_K,1I,OR235523,10569,103.8314176,2022,Reunion,Reunion,OR235523,2022
808,OR235524.1|2022-11,1I_K.2,1I_K,1I,OR235524,9542,93.74201788,2022,Reunion,Reunion,OR235524,2022
809,OR235525.1|2022-08,1I_K.2,1I_K,1I,OR235525,10569,103.8314176,2022,Reunion,Reunion,OR235525,2022
810,OR235526.1|2022-01,1I_K.2,1I_K,1I,OR235526,10569,103.8314176,2022,Reunion,Reunion,OR235526,2022
811,OR235527.1|2022-04,1I_K.2,1I_K,1I,OR235527,10569,103.8314176,2022,Reunion,Reunion,OR235527,2022
812,OR235528.1|2022-04,1I_K.2,1I_K,1I,OR235528,10569,103.8314176,2022,Reunion,Reunion,OR235528,2022
813,OR235529.1|2022-04,1I_K.2,1I_K,1I,OR235529,10569,103.8314176,2022,Reunion,Reunion,OR235529,2022
814,OR235530.1|2022-04,1I_K.2,1I_K,1I,OR235530,10569,103.8314176,2022,Reunion,Reunion,OR235530,2022
815,OR235531.1|2022-04,1I_K.2,1I_K,1I,OR235531,10569,103.8314176,2022,Reunion,Reunion,OR235531,2022
816,OR235532.1|2022-04,1III_A.2,1III_A,1III,OR235532,10548,103.6251105,2022,Reunion,Reunion,OR235532,2022
817,OR235533.1|2022-04,1I_K.2,1I_K,1I,OR235533,9542,93.74201788,2022,Reunion,Reunion,OR235533,2022
818,OR235534.1|2022-04,1I_K.2,1I_K,1I,OR235534,10569,103.8314176,2022,Reunion,Reunion,OR235534,2022
819,OR235535.1|2022-11,1I_K.2,1I_K,1I,OR235535,9542,93.74201788,2022,Reunion,Reunion,OR235535,2022
820,OR235536.1|2022-12,1I_K.2,1I_K,1I,OR235536,9542,93.74201788,2022,Reunion,Reunion,OR235536,2022
821,OR235537.1|2022-01,1I_K.2,1I_K,1I,OR235537,10569,103.8314176,2022,Reunion,Reunion,OR235537,2022
822,OR235538.1|2022-03,1I_K.2,1I_K,1I,OR235538,10569,103.8314176,2022,Reunion,Reunion,OR235538,2022
823,OR235539.1|2022-03,1I_K.2,1I_K,1I,OR235539,10569,103.8314176,2022,Reunion,Reunion,OR235539,2022
824,OR235540.1|2022-03,1I_K.2,1I_K,1I,OR235540,10569,103.8314176,2022,Reunion,Reunion,OR235540,2022
825,OR235541.1|2022-03,1I_K.2,1I_K,1I,OR235541,10569,103.8314176,2022,Reunion,Reunion,OR235541,2022
826,OR235542.1|2022-03,1I_K.2,1I_K,1I,OR235542,10569,103.8314176,2022,Reunion,Reunion,OR235542,2022
827,OR235543.1|2022-03,1I_K.2,1I_K,1I,OR235543,10569,103.8314176,2022,Reunion,Reunion,OR235543,2022
828,OR235544.1|2022-03,1I_K.2,1I_K,1I,OR235544,10569,103.8314176,2022,Reunion,Reunion,OR235544,2022
829,OR235545.1|2022-03,1I_K.2,1I_K,1I,OR235545,10569,103.8314176,2022,Reunion,Reunion,OR235545,2022
830,OR235546.1|2022-03,1I_K.2,1I_K,1I,OR235546,10569,103.8314176,2022,Reunion,Reunion,OR235546,2022
831,OR235547.1|2022-07,1I_K.2,1I_K,1I,OR235547,10569,103.8314176,2022,Reunion,Reunion,OR235547,2022
832,OR235548.1|2022-04,1I_K.2,1I_K,1I,OR235548,10569,103.8314176,2022,Reunion,Reunion,OR235548,2022
833,OR235549.1|2022-02,1I_K.2,1I_K,1I,OR235549,10569,103.8314176,2022,Reunion,Reunion,OR235549,2022
834,OR235550.1|2022-02,1I_K.2,1I_K,1I,OR235550,10569,103.8314176,2022,Reunion,Reunion,OR235550,2022
835,OR235551.1|2022-01,1I_K.2,1I_K,1I,OR235551,9542,93.74201788,2022,Reunion,Reunion,OR235551,2022
836,OR235552.1|2021-06,1I_K.2,1I_K,1I,OR235552,9542,93.74201788,2021,Reunion,Reunion,OR235552,2021
837,OR235553.1|2021-07,1I_K.2,1I_K,1I,OR235553,10569,103.8314176,2021,Reunion,Reunion,OR235553,2021
838,OR235554.1|2021-03,1I_K.2,1I_K,1I,OR235554,10569,103.8314176,2021,Reunion,Reunion,OR235554,2021
839,OR235555.1|2021-06,1I_K.2,1I_K,1I,OR235555,10569,103.8314176,2021,Reunion,Reunion,OR235555,2021
840,OR235556.1|2021-05,1I_K.2,1I_K,1I,OR235556,10541,103.5563415,2021,Reunion,Reunion,OR235556,2021
841,OR235557.1|2021-05,1I_K.2,1I_K,1I,OR235557,10569,103.8314176,2021,Reunion,Reunion,OR235557,2021
842,OR235558.1|2021-05,1I_K.2,1I_K,1I,OR235558,10569,103.8314176,2021,Reunion,Reunion,OR235558,2021
843,OR235559.1|2021-01,1I_K.2,1I_K,1I,OR235559,10569,103.8314176,2021,Reunion,Reunion,OR235559,2021
844,OR235560.1|2021-05,1I_K.2,1I_K,1I,OR235560,10569,103.8314176,2021,Reunion,Reunion,OR235560,2021
845,OR235561.1|2021-04,1I_K.2,1I_K,1I,OR235561,10569,103.8314176,2021,Reunion,Reunion,OR235561,2021
846,OR235562.1|2021-04,1I_K.2,1I_K,1I,OR235562,10569,103.8314176,2021,Reunion,Reunion,OR235562,2021
847,OR235563.1|2021-04,1I_K.2,1I_K,1I,OR235563,10569,103.8314176,2021,Reunion,Reunion,OR235563,2021
848,OR235564.1|2021-03,1I_K.2,1I_K,1I,OR235564,10569,103.8314176,2021,Reunion,Reunion,OR235564,2021
849,OR235565.1|2021-06,1I_K.2,1I_K,1I,OR235565,10569,103.8314176,2021,Reunion,Reunion,OR235565,2021
850,OR235566.1|2021-03,1I_K.2,1I_K,1I,OR235566,10569,103.8314176,2021,Reunion,Reunion,OR235566,2021
851,OR235567.1|2021-07,1I_K.2,1I_K,1I,OR235567,9542,93.74201788,2021,Reunion,Reunion,OR235567,2021
852,OR235568.1|2021-07,1I_K.2,1I_K,1I,OR235568,10569,103.8314176,2021,Reunion,Reunion,OR235568,2021
853,OR235569.1|2021-07,1I_K.2,1I_K,1I,OR235569,10569,103.8314176,2021,Reunion,Reunion,OR235569,2021
854,OR235570.1|2021-07,1I_K.2,1I_K,1I,OR235570,10569,103.8314176,2021,Reunion,Reunion,OR235570,2021
855,OR235571.1|2021-07,1I_K.2,1I_K,1I,OR235571,9542,93.74201788,2021,Reunion,Reunion,OR235571,2021
856,OR235572.1|2021-07,1I_K.2,1I_K,1I,OR235572,10569,103.8314176,2021,Reunion,Reunion,OR235572,2021
857,OR235573.1|2021-07,1I_K.2,1I_K,1I,OR235573,10569,103.8314176,2021,Reunion,Reunion,OR235573,2021
858,OR235574.1|2021-07,1I_K.2,1I_K,1I,OR235574,10569,103.8314176,2021,Reunion,Reunion,OR235574,2021
859,OR235575.1|2021-07,1I_K.2,1I_K,1I,OR235575,10569,103.8314176,2021,Reunion,Reunion,OR235575,2021
860,OR235576.1|2021-07,1I_K.2,1I_K,1I,OR235576,10569,103.8314176,2021,Reunion,Reunion,OR235576,2021
861,OR235577.1|2021-07,1I_K.2,1I_K,1I,OR235577,9542,93.74201788,2021,Reunion,Reunion,OR235577,2021
862,OR235578.1|2021-07,1I_K.2,1I_K,1I,OR235578,10449,102.6525199,2021,Reunion,Reunion,OR235578,2021
863,OR235579.1|2021-07,1I_K.2,1I_K,1I,OR235579,9542,93.74201788,2021,Reunion,Reunion,OR235579,2021
864,OR235580.1|2021-07,1I_K.2,1I_K,1I,OR235580,9542,93.74201788,2021,Reunion,Reunion,OR235580,2021
865,OR235581.1|2021-07,1I_K.2,1I_K,1I,OR235581,9542,93.74201788,2021,Reunion,Reunion,OR235581,2021
866,OR235582.1|2021-07,1I_K.2,1I_K,1I,OR235582,9542,93.74201788,2021,Reunion,Reunion,OR235582,2021
867,OR235583.1|2021-08,1I_K.2,1I_K,1I,OR235583,10569,103.8314176,2021,Reunion,Reunion,OR235583,2021
868,OR235584.1|2021-04,1I_K.2,1I_K,1I,OR235584,10569,103.8314176,2021,Reunion,Reunion,OR235584,2021
869,OR235585.1|2021-06,1I_K.2,1I_K,1I,OR235585,10569,103.8314176,2021,Reunion,Reunion,OR235585,2021
870,OR235586.1|2021-06,1I_K.2,1I_K,1I,OR235586,9542,93.74201788,2021,Reunion,Reunion,OR235586,2021
871,OR235587.1|2021-12,1I_K.2,1I_K,1I,OR235587,10569,103.8314176,2021,Reunion,Reunion,OR235587,2021
872,OR235588.1|2021-01,1I_K.2,1I_K,1I,OR235588,10569,103.8314176,2021,Reunion,Reunion,OR235588,2021
873,OR235589.1|2021-12,1I_K.2,1I_K,1I,OR235589,9542,93.74201788,2021,Reunion,Reunion,OR235589,2021
874,OR235590.1|2021-05,1I_K.2,1I_K,1I,OR235590,10569,103.8314176,2021,Reunion,Reunion,OR235590,2021
875,OR235591.1|2021-04,1I_K.2,1I_K,1I,OR235591,10569,103.8314176,2021,Reunion,Reunion,OR235591,2021
876,OR235592.1|2021-08,1I_K.2,1I_K,1I,OR235592,10569,103.8314176,2021,Reunion,Reunion,OR235592,2021
877,OR235593.1|2021-05,1I_K.2,1I_K,1I,OR235593,10569,103.8314176,2021,Reunion,Reunion,OR235593,2021
878,OR235594.1|2021-01,1I_K.2,1I_K,1I,OR235594,10569,103.8314176,2021,Reunion,Reunion,OR235594,2021
879,OR235595.1|2021-09,1I_K.2,1I_K,1I,OR235595,10569,103.8314176,2021,Reunion,Reunion,OR235595,2021
880,OR235596.1|2021-06,1I_K.2,1I_K,1I,OR235596,10569,103.8314176,2021,Reunion,Reunion,OR235596,2021
881,OR235597.1|2021-03,1I_K.2,1I_K,1I,OR235597,10569,103.8314176,2021,Reunion,Reunion,OR235597,2021
882,OR235598.1|2021-06,1I_K.2,1I_K,1I,OR235598,10569,103.8314176,2021,Reunion,Reunion,OR235598,2021
883,OR235599.1|2021-07,1I_K.2,1I_K,1I,OR235599,10569,103.8314176,2021,Reunion,Reunion,OR235599,2021
884,OR235600.1|2021-11,1I_K.2,1I_K,1I,OR235600,10569,103.8314176,2021,Reunion,Reunion,OR235600,2021
885,OR235601.1|2021-10,1I_K.2,1I_K,1I,OR235601,9542,93.74201788,2021,Reunion,Reunion,OR235601,2021
886,OR235602.1|2021-07,1I_K.2,1I_K,1I,OR235602,10569,103.8314176,2021,Reunion,Reunion,OR235602,2021
887,OR235603.1|2021-12,1I_K.2,1I_K,1I,OR235603,10569,103.8314176,2021,Reunion,Reunion,OR235603,2021
888,OR235604.1|2021-06,1I_K.2,1I_K,1I,OR235604,9542,93.74201788,2021,Reunion,Reunion,OR235604,2021
889,OR235605.1|2021-06,1I_K.2,1I_K,1I,OR235605,10449,102.6525199,2021,Reunion,Reunion,OR235605,2021
890,OR235606.1|2021-06,1I_K.2,1I_K,1I,OR235606,10569,103.8314176,2021,Reunion,Reunion,OR235606,2021
891,OR235607.1|2021-04,1I_K.2,1I_K,1I,OR235607,10569,103.8314176,2021,Reunion,Reunion,OR235607,2021
892,OR235608.1|2020-08,1I_K.2,1I_K,1I,OR235608,10569,103.8314176,2020,Reunion,Reunion,OR235608,2020
893,OR235609.1|2020-08,1I_K.2,1I_K,1I,OR235609,10569,103.8314176,2020,Reunion,Reunion,OR235609,2020
894,OR235610.1|2020-10,1I_K.2,1I_K,1I,OR235610,10569,103.8314176,2020,Reunion,Reunion,OR235610,2020
895,OR235611.1|2020-09,1I_K.2,1I_K,1I,OR235611,10569,103.8314176,2020,Reunion,Reunion,OR235611,2020
896,OR235612.1|2020-10,1I_K.2,1I_K,1I,OR235612,10569,103.8314176,2020,Reunion,Reunion,OR235612,2020
897,OR235613.1|2020-09,1I_K.2,1I_K,1I,OR235613,10569,103.8314176,2020,Reunion,Reunion,OR235613,2020
898,OR235614.1|2020-10,1I_K.2,1I_K,1I,OR235614,10569,103.8314176,2020,Reunion,Reunion,OR235614,2020
899,OR235615.1|2020-09,1I_K.2,1I_K,1I,OR235615,10569,103.8314176,2020,Reunion,Reunion,OR235615,2020
900,OR235616.1|2020-11,1I_K.2,1I_K,1I,OR235616,10569,103.8314176,2020,Reunion,Reunion,OR235616,2020
901,OR235617.1|2020-08,1I_K.2,1I_K,1I,OR235617,10569,103.8314176,2020,Reunion,Reunion,OR235617,2020
902,OR235618.1|2021-06,1I_K.2,1I_K,1I,OR235618,9542,93.74201788,2021,Reunion,Reunion,OR235618,2021
903,OR235619.1|2021-06,1I_K.2,1I_K,1I,OR235619,9542,93.74201788,2021,Reunion,Reunion,OR235619,2021
904,OR235620.1|2021-06,1I_K.2,1I_K,1I,OR235620,10569,103.8314176,2021,Reunion,Reunion,OR235620,2021
905,OR235621.1|2021-06,1I_K.2,1I_K,1I,OR235621,10569,103.8314176,2021,Reunion,Reunion,OR235621,2021
906,OR235622.1|2021-06,1I_K.2,1I_K,1I,OR235622,10569,103.8314176,2021,Reunion,Reunion,OR235622,2021
907,OR235623.1|2021-06,1I_K.2,1I_K,1I,OR235623,9542,93.74201788,2021,Reunion,Reunion,OR235623,2021
908,OR235624.1|2021-06,1I_K.2,1I_K,1I,OR235624,9542,93.74201788,2021,Reunion,Reunion,OR235624,2021
909,OR235625.1|2021-06,1I_K.2,1I_K,1I,OR235625,9542,93.74201788,2021,Reunion,Reunion,OR235625,2021
910,OR235626.1|2021-06,1I_K.2,1I_K,1I,OR235626,9542,93.74201788,2021,Reunion,Reunion,OR235626,2021
911,OR235627.1|2021-06,1I_K.2,1I_K,1I,OR235627,9542,93.74201788,2021,Reunion,Reunion,OR235627,2021
912,OR235628.1|2021-06,1I_K.2,1I_K,1I,OR235628,10569,103.8314176,2021,Reunion,Reunion,OR235628,2021
913,OR235629.1|2021-06,1I_K.2,1I_K,1I,OR235629,10569,103.8314176,2021,Reunion,Reunion,OR235629,2021
914,OR235630.1|2021-06,1I_K.2,1I_K,1I,OR235630,10569,103.8314176,2021,Reunion,Reunion,OR235630,2021
915,OR235631.1|2021-06,1I_K.2,1I_K,1I,OR235631,10569,103.8314176,2021,Reunion,Reunion,OR235631,2021
916,OR235632.1|2021-06,1I_K.2,1I_K,1I,OR235632,10569,103.8314176,2021,Reunion,Reunion,OR235632,2021
917,OR235633.1|2021-06,1I_K.2,1I_K,1I,OR235633,9542,93.74201788,2021,Reunion,Reunion,OR235633,2021
918,OR235634.1|2021-04,1I_K.2,1I_K,1I,OR235634,9542,93.74201788,2021,Reunion,Reunion,OR235634,2021
919,OR235635.1|2021-06,1I_K.2,1I_K,1I,OR235635,9542,93.74201788,2021,Reunion,Reunion,OR235635,2021
920,OR235636.1|2021-06,1I_K.2,1I_K,1I,OR235636,9542,93.74201788,2021,Reunion,Reunion,OR235636,2021
921,OR235637.1|2021-06,1I_K.2,1I_K,1I,OR235637,9441,92.74977896,2021,Reunion,Reunion,OR235637,2021
922,OR235638.1|2021-06,1I_K.2,1I_K,1I,OR235638,10569,103.8314176,2021,Reunion,Reunion,OR235638,2021
923,OR235639.1|2021-06,1I_K.2,1I_K,1I,OR235639,10569,103.8314176,2021,Reunion,Reunion,OR235639,2021
924,OR235640.1|2021-04,1I_K.2,1I_K,1I,OR235640,10569,103.8314176,2021,Reunion,Reunion,OR235640,2021
925,OR235641.1|2021-04,1I_K.2,1I_K,1I,OR235641,9313,91.49228804,2021,Reunion,Reunion,OR235641,2021
926,OR235642.1|2021-06,1I_K.2,1I_K,1I,OR235642,10569,103.8314176,2021,Reunion,Reunion,OR235642,2021
927,OR235643.1|2021-03,1I_K.2,1I_K,1I,OR235643,9542,93.74201788,2021,Reunion,Reunion,OR235643,2021
928,OR235644.1|2021-04,1I_K.2,1I_K,1I,OR235644,9542,93.74201788,2021,Reunion,Reunion,OR235644,2021
929,OR235645.1|2021-06,1III_A.2,1III_A,1III,OR235645,10549,103.6349347,2021,Reunion,Reunion,OR235645,2021
930,OR235646.1|2021-06,1I_K.2,1I_K,1I,OR235646,10569,103.8314176,2021,Reunion,Reunion,OR235646,2021
931,OR235647.1|2021-04,1I_K.2,1I_K,1I,OR235647,9542,93.74201788,2021,Reunion,Reunion,OR235647,2021
932,OR235648.1|2021-03,1I_K.2,1I_K,1I,OR235648,9542,93.74201788,2021,Reunion,Reunion,OR235648,2021
933,OR235649.1|2021-05,1I_K.2,1I_K,1I,OR235649,9542,93.74201788,2021,Reunion,Reunion,OR235649,2021
934,OR235650.1|2021-03,1I_K.2,1I_K,1I,OR235650,9542,93.74201788,2021,Reunion,Reunion,OR235650,2021
935,OR235651.1|2021-11,1I_K.2,1I_K,1I,OR235651,9542,93.74201788,2021,Reunion,Reunion,OR235651,2021
936,OR235652.1|2021-04,1I_K.2,1I_K,1I,OR235652,9542,93.74201788,2021,Reunion,Reunion,OR235652,2021
937,OR235653.1|2021-04,1I_K.2,1I_K,1I,OR235653,9542,93.74201788,2021,Reunion,Reunion,OR235653,2021
938,OR235654.1|2021-09,1I_K.2,1I_K,1I,OR235654,10569,103.8314176,2021,Reunion,Reunion,OR235654,2021
939,OR235655.1|2021-05,1I_K.2,1I_K,1I,OR235655,9542,93.74201788,2021,Reunion,Reunion,OR235655,2021
940,OR235656.1|2021-03,1I_K.2,1I_K,1I,OR235656,10569,103.8314176,2021,Reunion,Reunion,OR235656,2021
941,OR235657.1|2021-01,1I_K.2,1I_K,1I,OR235657,9542,93.74201788,2021,Reunion,Reunion,OR235657,2021
942,OR235658.1|2021-06,1I_K.2,1I_K,1I,OR235658,9542,93.74201788,2021,Reunion,Reunion,OR235658,2021
943,OR235659.1|2021-06,1I_K.2,1I_K,1I,OR235659,9542,93.74201788,2021,Reunion,Reunion,OR235659,2021
944,OR235660.1|2021-02,1I_K.2,1I_K,1I,OR235660,10569,103.8314176,2021,Reunion,Reunion,OR235660,2021
945,OR235661.1|2021-04,1I_K.2,1I_K,1I,OR235661,10569,103.8314176,2021,Reunion,Reunion,OR235661,2021
946,OR235662.1|2021-07,1I_K.2,1I_K,1I,OR235662,10569,103.8314176,2021,Reunion,Reunion,OR235662,2021
947,OR235663.1|2021-09,1I_K.2,1I_K,1I,OR235663,10569,103.8314176,2021,Reunion,Reunion,OR235663,2021
948,OR235664.1|2021-01,1I_K.2,1I_K,1I,OR235664,10569,103.8314176,2021,Reunion,Reunion,OR235664,2021
949,OR235665.1|2021-09,1I_K.2,1I_K,1I,OR235665,10569,103.8314176,2021,Reunion,Reunion,OR235665,2021
950,OR235666.1|2021-05,1I_K.2,1I_K,1I,OR235666,10569,103.8314176,2021,Reunion,Reunion,OR235666,2021
951,OR235667.1|2021-03,1I_K.2,1I_K,1I,OR235667,10569,103.8314176,2021,Reunion,Reunion,OR235667,2021
952,OR235668.1|2021-01,1I_K.2,1I_K,1I,OR235668,10569,103.8314176,2021,Reunion,Reunion,OR235668,2021
953,OR235669.1|2021-09,1I_K.2,1I_K,1I,OR235669,9542,93.74201788,2021,Reunion,Reunion,OR235669,2021
954,OR235670.1|2021-03,1I_K.2,1I_K,1I,OR235670,9542,93.74201788,2021,Reunion,Reunion,OR235670,2021
955,OR235671.1|2021-05,1I_K.2,1I_K,1I,OR235671,10569,103.8314176,2021,Reunion,Reunion,OR235671,2021
956,OR235672.1|2021-09,1I_K.2,1I_K,1I,OR235672,10569,103.8314176,2021,Reunion,Reunion,OR235672,2021
957,OR235673.1|2021-09,1I_K.2,1I_K,1I,OR235673,9542,93.74201788,2021,Reunion,Reunion,OR235673,2021
958,OR235674.1|2021-05,1I_K.2,1I_K,1I,OR235674,10569,103.8314176,2021,Reunion,Reunion,OR235674,2021
959,OR235675.1|2021-05,1I_K.2,1I_K,1I,OR235675,10569,103.8314176,2021,Reunion,Reunion,OR235675,2021
960,OR235676.1|2021-05,1I_K.2,1I_K,1I,OR235676,10569,103.8314176,2021,Reunion,Reunion,OR235676,2021
961,OR235677.1|2021-09,1I_K.2,1I_K,1I,OR235677,9542,93.74201788,2021,Reunion,Reunion,OR235677,2021
962,OR235678.1|2021-03,1I_K.2,1I_K,1I,OR235678,10569,103.8314176,2021,Reunion,Reunion,OR235678,2021
963,OR235679.1|2021-08,1I_K.2,1I_K,1I,OR235679,10569,103.8314176,2021,Reunion,Reunion,OR235679,2021
964,OR235680.1|2021-06,1I_K.2,1I_K,1I,OR235680,10569,103.8314176,2021,Reunion,Reunion,OR235680,2021
965,OR235681.1|2021-04,1I_K.2,1I_K,1I,OR235681,9542,93.74201788,2021,Reunion,Reunion,OR235681,2021
966,OR235682.1|2021-02,1I_K.2,1I_K,1I,OR235682,10569,103.8314176,2021,Reunion,Reunion,OR235682,2021
967,OR235683.1|2021-05,1I_K.2,1I_K,1I,OR235683,10569,103.8314176,2021,Reunion,Reunion,OR235683,2021
968,OR235684.1|2021-03,1I_K.2,1I_K,1I,OR235684,10569,103.8314176,2021,Reunion,Reunion,OR235684,2021
969,OR235685.1|2021-06,1I_K.2,1I_K,1I,OR235685,10569,103.8314176,2021,Reunion,Reunion,OR235685,2021
970,OR235686.1|2021-06,1I_K.2,1I_K,1I,OR235686,10569,103.8314176,2021,Reunion,Reunion,OR235686,2021
971,OR235687.1|2021-02,1I_K.2,1I_K,1I,OR235687,10569,103.8314176,2021,Reunion,Reunion,OR235687,2021
972,OR235688.1|2021-06,1I_K.2,1I_K,1I,OR235688,9542,93.74201788,2021,Reunion,Reunion,OR235688,2021
973,OR235689.1|2021-05,1I_K.2,1I_K,1I,OR235689,9542,93.74201788,2021,Reunion,Reunion,OR235689,2021
974,OR235690.1|2021-06,1I_K.2,1I_K,1I,OR235690,10569,103.8314176,2021,Reunion,Reunion,OR235690,2021
975,OR235691.1|2021-04,1I_K.2,1I_K,1I,OR235691,9542,93.74201788,2021,Reunion,Reunion,OR235691,2021
976,OR235692.1|2021-06,1I_K.2,1I_K,1I,OR235692,10569,103.8314176,2021,Reunion,Reunion,OR235692,2021
977,OR235693.1|2021-06,1I_K.2,1I_K,1I,OR235693,9542,93.74201788,2021,Reunion,Reunion,OR235693,2021
978,OR235694.1|2021-09,1I_K.2,1I_K,1I,OR235694,9542,93.74201788,2021,Reunion,Reunion,OR235694,2021
979,OR235695.1|2021-05,1I_K.2,1I_K,1I,OR235695,10569,103.8314176,2021,Reunion,Reunion,OR235695,2021
980,OR235696.1|2021-09,1I_K.2,1I_K,1I,OR235696,10569,103.8314176,2021,Reunion,Reunion,OR235696,2021
981,OR235697.1|2021-06,1I_K.2,1I_K,1I,OR235697,10569,103.8314176,2021,Reunion,Reunion,OR235697,2021
982,OR235698.1|2021-06,1I_K.2,1I_K,1I,OR235698,10569,103.8314176,2021,Reunion,Reunion,OR235698,2021
983,OR235699.1|2021-06,1I_K.2,1I_K,1I,OR235699,9344,91.79683662,2021,Reunion,Reunion,OR235699,2021
984,OR235700.1|2021-05,1I_K.2,1I_K,1I,OR235700,9542,93.74201788,2021,Reunion,Reunion,OR235700,2021
985,OR235701.1|2021-06,1I_K.2,1I_K,1I,OR235701,9542,93.74201788,2021,Reunion,Reunion,OR235701,2021
986,OR235702.1|2021-05,1I_K.2,1I_K,1I,OR235702,9542,93.74201788,2021,Reunion,Reunion,OR235702,2021
987,OR235703.1|2021-01,1I_K.2,1I_K,1I,OR235703,9542,93.74201788,2021,Reunion,Reunion,OR235703,2021
988,OR235704.1|2021-06,1I_K.2,1I_K,1I,OR235704,9542,93.74201788,2021,Reunion,Reunion,OR235704,2021
989,OR235705.1|2021-01,1I_K.2,1I_K,1I,OR235705,9542,93.74201788,2021,Reunion,Reunion,OR235705,2021
990,OR235706.1|2021-12,1I_K.2,1I_K,1I,OR235706,9542,93.74201788,2021,Reunion,Reunion,OR235706,2021
991,OR235707.1|2021-05,1I_K.2,1I_K,1I,OR235707,9542,93.74201788,2021,Reunion,Reunion,OR235707,2021
992,OR235708.1|2021-04,1I_K.2,1I_K,1I,OR235708,9542,93.74201788,2021,Reunion,Reunion,OR235708,2021
993,OR235709.1|2021-04,1III_A.2,1III_A,1III,OR235709,10549,103.6349347,2021,Reunion,Reunion,OR235709,2021
994,OR235710.1|2013-03,1I_K,1I_K,1I,OR235710,10569,103.8314176,2013,Reunion,Reunion,OR235710,2013
995,OR235711.1|2012-02,1I_H.1,1I_H,1I,OR235711,10569,103.8314176,2012,Reunion,Reunion,OR235711,2012
996,OR235712.1|2017-02,1I_K,1I_K,1I,OR235712,9542,93.74201788,2017,Reunion,Reunion,OR235712,2017
997,OR235713.1|2017-02,1I_K,1I_K,1I,OR235713,9542,93.74201788,2017,Reunion,Reunion,OR235713,2017
998,OR235714.1|2017-01,1I_K,1I_K,1I,OR235714,9542,93.74201788,2017,Reunion,Reunion,OR235714,2017
999,OR235715.1|2016-10,1III_A,1III_A,1III,OR235715,10549,103.6349347,2016,Reunion,Reunion,OR235715,2016
1000,OR235716.1|2016-11,1III_A,1III_A,1III,OR235716,10549,103.6349347,2016,Reunion,Reunion,OR235716,2016
1001,OR235717.1|2016-04,1III_A,1III_A,1III,OR235717,10549,103.6349347,2016,Reunion,Reunion,OR235717,2016
1002,OR235718.1|2016-04,1III_A,1III_A,1III,OR235718,10549,103.6349347,2016,Reunion,Reunion,OR235718,2016
1003,OR235719.1|2016-04,1III_A,1III_A,1III,OR235719,10554,103.6840554,2016,Reunion,Reunion,OR235719,2016
1004,OR235720.1|2016-11,1III_A,1III_A,1III,OR235720,10549,103.6349347,2016,Reunion,Reunion,OR235720,2016
1005,OR235721.1|2016-06,1III_A,1III_A,1III,OR235721,10549,103.6349347,2016,Reunion,Reunion,OR235721,2016
1006,OR235722.1|2016-02,1III_A,1III_A,1III,OR235722,10551,103.654583,2016,Reunion,Reunion,OR235722,2016
1007,OR235723.1|2016-12,1III_A,1III_A,1III,OR235723,10549,103.6349347,2016,Reunion,Reunion,OR235723,2016
1008,OR235724.1|2016-06,1III_A,1III_A,1III,OR235724,10549,103.6349347,2016,Reunion,Reunion,OR235724,2016
1009,OR235725.1|2016-03,1III_A,1III_A,1III,OR235725,10551,103.654583,2016,Reunion,Reunion,OR235725,2016
1010,OR235726.1|2016-03,1III_A,1III_A,1III,OR235726,10554,103.6840554,2016,Reunion,Reunion,OR235726,2016
1011,OR235727.1|2012-06,1I_K,1I_K,1I,OR235727,10569,103.8314176,2012,Reunion,Reunion,OR235727,2012
1012,OR235728.1|2019-11,1III_A.2,1III_A,1III,OR235728,9542,93.74201788,2019,Mayotte,Mayotte,OR235728,2019
1013,OR235729.1|2019-09,1III_A.2,1III_A,1III,OR235729,9542,93.74201788,2019,Mayotte,Mayotte,OR235729,2019
1014,OR235730.1|2019-08,1III_A.2,1III_A,1III,OR235730,9542,93.74201788,2019,Mayotte,Mayotte,OR235730,2019
1015,OR235731.1|2019-08,1III_A.2,1III_A,1III,OR235731,9542,93.74201788,2019,Mayotte,Mayotte,OR235731,2019
1016,OR235732.1|2019-08,1III_A.2,1III_A,1III,OR235732,9542,93.74201788,2019,Mayotte,Mayotte,OR235732,2019
1017,OR235733.1|2019-12,1III_A.2,1III_A,1III,OR235733,9542,93.74201788,2019,Mayotte,Mayotte,OR235733,2019
1018,OR235734.1|2019-08,1III_A.2,1III_A,1III,OR235734,9542,93.74201788,2019,Mayotte,Mayotte,OR235734,2019
1019,OR235735.1|2019-08,1III_A.2,1III_A,1III,OR235735,9542,93.74201788,2019,Mayotte,Mayotte,OR235735,2019
1020,OR235736.1|2019-09,1III_A.2,1III_A,1III,OR235736,9542,93.74201788,2019,Mayotte,Mayotte,OR235736,2019
1021,OR235737.1|2019-03,1III_A.2,1III_A,1III,OR235737,9542,93.74201788,2019,Mayotte,Mayotte,OR235737,2019
1022,OR235738.1|2019-08,1III_A.2,1III_A,1III,OR235738,9542,93.74201788,2019,Mayotte,Mayotte,OR235738,2019
1023,OR235739.1|2019-06,1III_A.2,1III_A,1III,OR235739,9542,93.74201788,2019,Mayotte,Mayotte,OR235739,2019
1024,OR235740.1|2019-03,1III_A.2,1III_A,1III,OR235740,9542,93.74201788,2019,Mayotte,Mayotte,OR235740,2019
1025,OR235741.1|2019-03,1III_A.2,1III_A,1III,OR235741,9542,93.74201788,2019,Mayotte,Mayotte,OR235741,2019
1026,OR235742.1|2019-02,1III_A.2,1III_A,1III,OR235742,9542,93.74201788,2019,Mayotte,Mayotte,OR235742,2019
1027,OR235743.1|2019-01,1III_A.2,1III_A,1III,OR235743,9542,93.74201788,2019,Mayotte,Mayotte,OR235743,2019
1028,OR235744.1|2019-09,1III_A.2,1III_A,1III,OR235744,9542,93.74201788,2019,Mayotte,Mayotte,OR235744,2019
1029,OR235745.1|2019-09,1III_A.2,1III_A,1III,OR235745,9542,93.74201788,2019,Mayotte,Mayotte,OR235745,2019
1030,OR235746.1|2019-02,1III_A.2,1III_A,1III,OR235746,9542,93.74201788,2019,Mayotte,Mayotte,OR235746,2019
1031,OR235747.1|2019-09,1III_A.2,1III_A,1III,OR235747,9542,93.74201788,2019,Mayotte,Mayotte,OR235747,2019
1032,OR235748.1|2019-09,1III_A.2,1III_A,1III,OR235748,9542,93.74201788,2019,Mayotte,Mayotte,OR235748,2019
1033,OR235749.1|2019-08,1III_A.2,1III_A,1III,OR235749,9542,93.74201788,2019,Mayotte,Mayotte,OR235749,2019
1034,OR235750.1|2019-08,1III_A.2,1III_A,1III,OR235750,9542,93.74201788,2019,Mayotte,Mayotte,OR235750,2019
1035,OR235751.1|2019-06,1III_A.2,1III_A,1III,OR235751,9542,93.74201788,2019,Mayotte,Mayotte,OR235751,2019
1036,OR235752.1|2019-07,1III_A.2,1III_A,1III,OR235752,9542,93.74201788,2019,Mayotte,Mayotte,OR235752,2019
1037,OR235753.1|2019-07,1III_A.2,1III_A,1III,OR235753,9542,93.74201788,2019,Mayotte,Mayotte,OR235753,2019
1038,OR235754.1|2019-07,1III_A.2,1III_A,1III,OR235754,9542,93.74201788,2019,Mayotte,Mayotte,OR235754,2019
1039,OR235755.1|2019-07,1III_A.2,1III_A,1III,OR235755,9542,93.74201788,2019,Mayotte,Mayotte,OR235755,2019
1040,OR235756.1|2019-07,1III_A.2,1III_A,1III,OR235756,9542,93.74201788,2019,Mayotte,Mayotte,OR235756,2019
1041,OR235757.1|2019-07,1III_A.2,1III_A,1III,OR235757,9542,93.74201788,2019,Mayotte,Mayotte,OR235757,2019
1042,OR235758.1|2019-07,1III_A.2,1III_A,1III,OR235758,9542,93.74201788,2019,Mayotte,Mayotte,OR235758,2019
1043,PP470671.1|2021-05-29,1I_K.1.1,1I_K,1I,PP470671,10524,103.389331,2021,Cambodia,Cambodia,PP470671,2021
1044,PP470672.1|2021-05-29,1I_K.1.1,1I_K,1I,PP470672,10530,103.4482759,2021,Cambodia,Cambodia,PP470672,2021
1045,PP470673.1|2021-05-30,1I_K.1.1,1I_K,1I,PP470673,10604,104.1752628,2021,Cambodia,Cambodia,PP470673,2021
1046,OR618318.1|2015-08-14,1I_H.1,1I_H,1I,OR618318,10700,105.118381,2015,Taiwan,Taiwan,OR618318,2015
1047,PP269455.1|2010-11-17,1I_E,1I_E,1I,PP269455,10212,100.3241969,2010,Viet Nam,Viet Nam,PP269455,2010
1048,PP269456.1|2011-02-11,1I_E,1I_E,1I,PP269456,10477,102.927596,2011,Viet Nam,Viet Nam,PP269456,2011
1049,PP269457.1|2011-04-06,1I_E,1I_E,1I,PP269457,10477,102.927596,2011,Viet Nam,Viet Nam,PP269457,2011
1050,PP269458.1|2011-05-24,1I_E,1I_E,1I,PP269458,10609,104.2243835,2011,Viet Nam,Viet Nam,PP269458,2011
1051,PP269459.1|2011-06-16,1I_E,1I_E,1I,PP269459,10477,102.927596,2011,Viet Nam,Viet Nam,PP269459,2011
1052,PP269460.1|2011-07-27,1I_E,1I_E,1I,PP269460,10477,102.927596,2011,Viet Nam,Viet Nam,PP269460,2011
1053,PP269461.1|2011-08-16,1I_G,1I_G,1I,PP269461,10477,102.927596,2011,Viet Nam,Viet Nam,PP269461,2011
1054,PP269462.1|2011-08-22,1I_E,1I_E,1I,PP269462,10469,102.8490028,2011,Viet Nam,Viet Nam,PP269462,2011
1055,PP269463.1|2011-11-10,1I_E,1I_E,1I,PP269463,10580,103.9394832,2011,Viet Nam,Viet Nam,PP269463,2011
1056,PP269464.1|2011-12-07,1I_G,1I_G,1I,PP269464,10575,103.8903625,2011,Viet Nam,Viet Nam,PP269464,2011
1057,PP269465.1|2012-03-02,1I_E,1I_E,1I,PP269465,10565,103.792121,2012,Viet Nam,Viet Nam,PP269465,2012
1058,PP269466.1|2012-03-26,1I_E,1I_E,1I,PP269466,10180,100.0098241,2012,Viet Nam,Viet Nam,PP269466,2012
1059,PP269467.1|2012-03-28,1I_E,1I_E,1I,PP269467,10593,104.0671972,2012,Viet Nam,Viet Nam,PP269467,2012
1060,PP269468.1|2012-06-25,1I_E.1,1I_E,1I,PP269468,10477,102.927596,2012,Viet Nam,Viet Nam,PP269468,2012
1061,PP269469.1|2012-07-12,1I_E.1,1I_E,1I,PP269469,10616,104.2931526,2012,Viet Nam,Viet Nam,PP269469,2012
1062,PP269470.1|2012-07-31,1I_E,1I_E,1I,PP269470,10616,104.2931526,2012,Viet Nam,Viet Nam,PP269470,2012
1063,PP269471.1|2012-08-02,1I_E,1I_E,1I,PP269471,10608,104.2145594,2012,Viet Nam,Viet Nam,PP269471,2012
1064,PP269472.1|2012-08-07,1I_E.1,1I_E,1I,PP269472,10575,103.8903625,2012,Viet Nam,Viet Nam,PP269472,2012
1065,PP269473.1|2012-08-07,1I_E,1I_E,1I,PP269473,10616,104.2931526,2012,Viet Nam,Viet Nam,PP269473,2012
1066,PP269474.1|2012-08-13,1I_E,1I_E,1I,PP269474,10611,104.2440318,2012,Viet Nam,Viet Nam,PP269474,2012
1067,PP269475.1|2012-10-11,1I_E.4,1I_E,1I,PP269475,10575,103.8903625,2012,Viet Nam,Viet Nam,PP269475,2012
1068,PP269476.1|2012-11-15,1I_E.4,1I_E,1I,PP269476,10477,102.927596,2012,Viet Nam,Viet Nam,PP269476,2012
1069,PP269477.1|2013-04-18,1I_E.1,1I_E,1I,PP269477,10575,103.8903625,2013,Viet Nam,Viet Nam,PP269477,2013
1070,PP269478.1|2013-06-13,1I_E,1I_E,1I,PP269478,10613,104.2636801,2013,Viet Nam,Viet Nam,PP269478,2013
1071,PP269479.1|2013-08-09,1I_E.4,1I_E,1I,PP269479,10609,104.2243835,2013,Viet Nam,Viet Nam,PP269479,2013
1072,PP269480.1|2013-09-04,1I_E,1I_E,1I,PP269480,10477,102.927596,2013,Viet Nam,Viet Nam,PP269480,2013
1073,PP269481.1|2011-11-01,1I_E,1I_E,1I,PP269481,10477,102.927596,2011,Viet Nam,Viet Nam,PP269481,2011
1074,PP269482.1|2015-10-06,1I_E,1I_E,1I,PP269482,10606,104.1949111,2015,Viet Nam,Viet Nam,PP269482,2015
1075,PP269483.1|2013-07-08,1I_E.4,1I_E,1I,PP269483,10182,100.0294724,2013,Viet Nam,Viet Nam,PP269483,2013
1076,PP269484.1|2013-11-01,1I_E.1,1I_E,1I,PP269484,10477,102.927596,2013,Viet Nam,Viet Nam,PP269484,2013
1077,PP269485.1|2013-11-22,1I_E,1I_E,1I,PP269485,10477,102.927596,2013,Viet Nam,Viet Nam,PP269485,2013
1078,PP269486.1|2013-12-12,1I_E.1,1I_E,1I,PP269486,10575,103.8903625,2013,Viet Nam,Viet Nam,PP269486,2013
1079,PP269487.1|2014-04-08,1I_E.1,1I_E,1I,PP269487,10182,100.0294724,2014,Viet Nam,Viet Nam,PP269487,2014
1080,PP269488.1|2014-05-15,1I_E.1,1I_E,1I,PP269488,10565,103.792121,2014,Viet Nam,Viet Nam,PP269488,2014
1081,PP269489.1|2014-08-04,1I_E.1,1I_E,1I,PP269489,10477,102.927596,2014,Viet Nam,Viet Nam,PP269489,2014
1082,PP269490.1|2011-12-29,1I_E,1I_E,1I,PP269490,10477,102.927596,2011,Viet Nam,Viet Nam,PP269490,2011
1083,PP269491.1|2012-08-27,1I_E,1I_E,1I,PP269491,10598,104.1163179,2012,Viet Nam,Viet Nam,PP269491,2012
1084,PP269492.1|2012-05-30,1I_E,1I_E,1I,PP269492,10609,104.2243835,2012,Viet Nam,Viet Nam,PP269492,2012
1085,PP269493.1|2012-07-04,1I_E,1I_E,1I,PP269493,10091,99.135475,2012,Viet Nam,Viet Nam,PP269493,2012
1086,PP269494.1|2012-07-04,1I_E,1I_E,1I,PP269494,10598,104.1163179,2012,Viet Nam,Viet Nam,PP269494,2012
1087,PP269495.1|2012-07-05,1I_E,1I_E,1I,PP269495,10610,104.2342077,2012,Viet Nam,Viet Nam,PP269495,2012
1088,PP269496.1|2012-09-13,1I_E,1I_E,1I,PP269496,10477,102.927596,2012,Viet Nam,Viet Nam,PP269496,2012
1089,PP269497.1|2012-09-14,1I_E,1I_E,1I,PP269497,10608,104.2145594,2012,Viet Nam,Viet Nam,PP269497,2012
1090,PP269498.1|2012-09-27,1I_E,1I_E,1I,PP269498,10477,102.927596,2012,Viet Nam,Viet Nam,PP269498,2012
1091,PP269499.1|2012-12-10,1I_E,1I_E,1I,PP269499,10477,102.927596,2012,Viet Nam,Viet Nam,PP269499,2012
1092,PP269500.1|2013-11-19,1I_E.4,1I_E,1I,PP269500,10477,102.927596,2013,Viet Nam,Viet Nam,PP269500,2013
1093,PP269501.1|2013-12-09,1I_E.4,1I_E,1I,PP269501,10477,102.927596,2013,Viet Nam,Viet Nam,PP269501,2013
1094,PP269502.1|2011-03-14,1I_E,1I_E,1I,PP269502,10576,103.9001867,2011,Viet Nam,Viet Nam,PP269502,2011
1095,PP269503.1|2011-04-19,1I_E,1I_E,1I,PP269503,10091,99.135475,2011,Viet Nam,Viet Nam,PP269503,2011
1096,PP269504.1|2011-09-06,1I_E,1I_E,1I,PP269504,10477,102.927596,2011,Viet Nam,Viet Nam,PP269504,2011
1097,PP269505.1|2011-10-10,1I_E,1I_E,1I,PP269505,10477,102.927596,2011,Viet Nam,Viet Nam,PP269505,2011
1098,PP269506.1|2010-12-02,1I_E,1I_E,1I,PP269506,10182,100.0294724,2010,Viet Nam,Viet Nam,PP269506,2010
1099,PP269507.1|2011-06-09,1I_E,1I_E,1I,PP269507,10577,103.9100108,2011,Viet Nam,Viet Nam,PP269507,2011
1100,PP269508.1|2011-08-08,1I_E,1I_E,1I,PP269508,10575,103.8903625,2011,Viet Nam,Viet Nam,PP269508,2011
1101,PP269509.1|2011-09-23,1I_E,1I_E,1I,PP269509,10575,103.8903625,2011,Viet Nam,Viet Nam,PP269509,2011
1102,PP269510.1|2011-10-26,1I_E,1I_E,1I,PP269510,10477,102.927596,2011,Viet Nam,Viet Nam,PP269510,2011
1103,PP269511.1|2011-11-01,1I_E,1I_E,1I,PP269511,10593,104.0671972,2011,Viet Nam,Viet Nam,PP269511,2011
1104,PP269512.1|2011-11-04,1I_E,1I_E,1I,PP269512,10182,100.0294724,2011,Viet Nam,Viet Nam,PP269512,2011
1105,PP269513.1|2011-12-23,1I_E,1I_E,1I,PP269513,10613,104.2636801,2011,Viet Nam,Viet Nam,PP269513,2011
1106,PP269514.1|2012-01-30,1I_E,1I_E,1I,PP269514,10091,99.135475,2012,Viet Nam,Viet Nam,PP269514,2012
1107,PP269515.1|2013-03-22,1I_E.1,1I_E,1I,PP269515,10477,102.927596,2013,Viet Nam,Viet Nam,PP269515,2013
1108,PP269516.1|2013-12-05,1I_E.1,1I_E,1I,PP269516,10477,102.927596,2013,Viet Nam,Viet Nam,PP269516,2013
1109,PP269517.1|2011-06-29,1I_E,1I_E,1I,PP269517,10477,102.927596,2011,Viet Nam,Viet Nam,PP269517,2011
1110,PP269518.1|2011-07-29,1I_E,1I_E,1I,PP269518,10575,103.8903625,2011,Viet Nam,Viet Nam,PP269518,2011
1111,PP269519.1|2011-11-09,1I_E,1I_E,1I,PP269519,10477,102.927596,2011,Viet Nam,Viet Nam,PP269519,2011
1112,PP269520.1|2011-11-23,1I_E,1I_E,1I,PP269520,10581,103.9493074,2011,Viet Nam,Viet Nam,PP269520,2011
1113,PP269521.1|2011-11-25,1I_E,1I_E,1I,PP269521,10601,104.1457904,2011,Viet Nam,Viet Nam,PP269521,2011
1114,PP269522.1|2012-03-21,1I_E.1,1I_E,1I,PP269522,10477,102.927596,2012,Viet Nam,Viet Nam,PP269522,2012
1115,PP269523.1|2012-07-11,1I_E.1,1I_E,1I,PP269523,10587,104.0082523,2012,Viet Nam,Viet Nam,PP269523,2012
1116,PP269524.1|2012-08-15,1I_E.1,1I_E,1I,PP269524,10477,102.927596,2012,Viet Nam,Viet Nam,PP269524,2012
1117,PP269525.1|2013-06-26,1I_E,1I_E,1I,PP269525,10570,103.8412418,2013,Viet Nam,Viet Nam,PP269525,2013
1118,PP269526.1|2011-11-21,1I_E.1,1I_E,1I,PP269526,10180,100.0098241,2011,Viet Nam,Viet Nam,PP269526,2011
1119,PP269527.1|2014-07-21,1I_E.1,1I_E,1I,PP269527,10575,103.8903625,2014,Viet Nam,Viet Nam,PP269527,2014
1120,PP269528.1|2012-05-29,1I_E.1,1I_E,1I,PP269528,10477,102.927596,2012,Viet Nam,Viet Nam,PP269528,2012
1121,PP269529.1|2011-07-04,1I_E,1I_E,1I,PP269529,10611,104.2440318,2011,Viet Nam,Viet Nam,PP269529,2011
1122,PP269530.1|2011-07-11,1I_E,1I_E,1I,PP269530,10477,102.927596,2011,Viet Nam,Viet Nam,PP269530,2011
1123,PP269531.1|2011-11-18,1I_E,1I_E,1I,PP269531,10182,100.0294724,2011,Viet Nam,Viet Nam,PP269531,2011
1124,PP269532.1|2012-05-24,1I_E,1I_E,1I,PP269532,10091,99.135475,2012,Viet Nam,Viet Nam,PP269532,2012
1125,PP269533.1|2013-11-18,1I_E.4,1I_E,1I,PP269533,10568,103.8215935,2013,Viet Nam,Viet Nam,PP269533,2013
1126,PP269534.1|2013-07-22,1I_E.4,1I_E,1I,PP269534,10634,104.4699872,2013,Viet Nam,Viet Nam,PP269534,2013
1127,PP269535.1|2014-11-13,1I_E.4,1I_E,1I,PP269535,10565,103.792121,2014,Viet Nam,Viet Nam,PP269535,2014
1128,PP269536.1|2015-11-23,1I_E.1,1I_E,1I,PP269536,10635,104.4798114,2015,Viet Nam,Viet Nam,PP269536,2015
1129,PP269537.1|2015-12-14,1I_E.1,1I_E,1I,PP269537,10630,104.4306906,2015,Viet Nam,Viet Nam,PP269537,2015
1130,PP269538.1|2016-12-16,1I_E.4,1I_E,1I,PP269538,10563,103.7724727,2016,Viet Nam,Viet Nam,PP269538,2016
1131,PP269539.1|2017-09-15,1I_E.1,1I_E,1I,PP269539,10584,103.9787798,2017,Viet Nam,Viet Nam,PP269539,2017
1132,PP269540.1|2011-12-27,1I_E.1,1I_E,1I,PP269540,10477,102.927596,2011,Viet Nam,Viet Nam,PP269540,2011
1133,PP269541.1|2012-04-03,1I_E,1I_E,1I,PP269541,10548,103.6251105,2012,Viet Nam,Viet Nam,PP269541,2012
1134,PP269542.1|2012-05-08,1I_E.1,1I_E,1I,PP269542,10565,103.792121,2012,Viet Nam,Viet Nam,PP269542,2012
1135,PP269543.1|2012-06-04,1I_E.1,1I_E,1I,PP269543,10611,104.2440318,2012,Viet Nam,Viet Nam,PP269543,2012
1136,PP269544.1|2012-07-06,1I_E.1,1I_E,1I,PP269544,10577,103.9100108,2012,Viet Nam,Viet Nam,PP269544,2012
1137,PP269545.1|2012-07-30,1I_E,1I_E,1I,PP269545,10580,103.9394832,2012,Viet Nam,Viet Nam,PP269545,2012
1138,PP269546.1|2012-08-02,1I_E.1,1I_E,1I,PP269546,10532,103.4679242,2012,Viet Nam,Viet Nam,PP269546,2012
1139,PP269547.1|2012-10-22,1I_E,1I_E,1I,PP269547,10575,103.8903625,2012,Viet Nam,Viet Nam,PP269547,2012
1140,PP269548.1|2012-10-24,1I_E,1I_E,1I,PP269548,10612,104.253856,2012,Viet Nam,Viet Nam,PP269548,2012
1141,PP269549.1|2012-10-25,1I_E,1I_E,1I,PP269549,10575,103.8903625,2012,Viet Nam,Viet Nam,PP269549,2012
1142,PP269550.1|2012-12-17,1I_E,1I_E,1I,PP269550,10575,103.8903625,2012,Viet Nam,Viet Nam,PP269550,2012
1143,PP269551.1|2013-01-08,1I_E.1,1I_E,1I,PP269551,10603,104.1654386,2013,Viet Nam,Viet Nam,PP269551,2013
1144,PP269552.1|2013-05-06,1I_E,1I_E,1I,PP269552,10477,102.927596,2013,Viet Nam,Viet Nam,PP269552,2013
1145,PP269553.1|2013-06-04,1I_E,1I_E,1I,PP269553,10477,102.927596,2013,Viet Nam,Viet Nam,PP269553,2013
1146,PP269554.1|2013-06-18,1I_E.1,1I_E,1I,PP269554,10565,103.792121,2013,Viet Nam,Viet Nam,PP269554,2013
1147,PP269555.1|2013-07-03,1I_E.1,1I_E,1I,PP269555,10583,103.9689557,2013,Viet Nam,Viet Nam,PP269555,2013
1148,PP269556.1|2013-09-03,1I_E,1I_E,1I,PP269556,10477,102.927596,2013,Viet Nam,Viet Nam,PP269556,2013
1149,PP269557.1|2013-10-11,1I_E,1I_E,1I,PP269557,10542,103.5661656,2013,Viet Nam,Viet Nam,PP269557,2013
1150,PP269558.1|2013-10-21,1I_E,1I_E,1I,PP269558,10617,104.3029767,2013,Viet Nam,Viet Nam,PP269558,2013
1151,PP269559.1|2013-12-05,1I_E.1,1I_E,1I,PP269559,10603,104.1654386,2013,Viet Nam,Viet Nam,PP269559,2013
1152,PP269560.1|2011-10-26,1I_E,1I_E,1I,PP269560,10581,103.9493074,2011,Viet Nam,Viet Nam,PP269560,2011
1153,PP269561.1|2012-01-06,1I_E,1I_E,1I,PP269561,10611,104.2440318,2012,Viet Nam,Viet Nam,PP269561,2012
1154,PP269562.1|2012-01-31,1I_G,1I_G,1I,PP269562,10619,104.322625,2012,Viet Nam,Viet Nam,PP269562,2012
1155,PP269563.1|2012-02-02,1I_E,1I_E,1I,PP269563,10609,104.2243835,2012,Viet Nam,Viet Nam,PP269563,2012
1156,PP269564.1|2012-06-28,1I_E,1I_E,1I,PP269564,10611,104.2440318,2012,Viet Nam,Viet Nam,PP269564,2012
1157,PP269565.1|2012-08-22,1I_E,1I_E,1I,PP269565,10565,103.792121,2012,Viet Nam,Viet Nam,PP269565,2012
1158,PP269566.1|2012-09-21,1I_E,1I_E,1I,PP269566,10179,100,2012,Viet Nam,Viet Nam,PP269566,2012
1159,PP269567.1|2013-02-19,1I_E,1I_E,1I,PP269567,10182,100.0294724,2013,Viet Nam,Viet Nam,PP269567,2013
1160,PP269568.1|2013-06-11,1I_E,1I_E,1I,PP269568,10611,104.2440318,2013,Viet Nam,Viet Nam,PP269568,2013
1161,PP269569.1|2013-09-10,1I_E,1I_E,1I,PP269569,10477,102.927596,2013,Viet Nam,Viet Nam,PP269569,2013
1162,PP269570.1|2013-11-07,1I_E.4,1I_E,1I,PP269570,10565,103.792121,2013,Viet Nam,Viet Nam,PP269570,2013
1163,PP269571.1|2014-01-10,1I_E.4,1I_E,1I,PP269571,10617,104.3029767,2014,Viet Nam,Viet Nam,PP269571,2014
1164,PP269572.1|2014-08-18,1I_E.1,1I_E,1I,PP269572,10593,104.0671972,2014,Viet Nam,Viet Nam,PP269572,2014
1165,PP269573.1|2014-09-03,1I_E.1,1I_E,1I,PP269573,10575,103.8903625,2014,Viet Nam,Viet Nam,PP269573,2014
1166,PP269574.1|2014-09-24,1I_E.4,1I_E,1I,PP269574,10570,103.8412418,2014,Viet Nam,Viet Nam,PP269574,2014
1167,PP269575.1|2014-10-16,1I_E.4,1I_E,1I,PP269575,10575,103.8903625,2014,Viet Nam,Viet Nam,PP269575,2014
1168,PP269576.1|2014-10-23,1I_E.4,1I_E,1I,PP269576,10622,104.3520975,2014,Viet Nam,Viet Nam,PP269576,2014
1169,PP269577.1|2014-11-14,1I_E.1,1I_E,1I,PP269577,10617,104.3029767,2014,Viet Nam,Viet Nam,PP269577,2014
1170,PP269578.1|2014-11-24,1I_E,1I_E,1I,PP269578,10616,104.2931526,2014,Viet Nam,Viet Nam,PP269578,2014
1171,PP269579.1|2014-12-02,1I_E.4,1I_E,1I,PP269579,10560,103.7430003,2014,Viet Nam,Viet Nam,PP269579,2014
1172,PP269580.1|2014-12-04,1I_E.3,1I_E,1I,PP269580,10587,104.0082523,2014,Viet Nam,Viet Nam,PP269580,2014
1173,PP269581.1|2014-12-17,1I_E,1I_E,1I,PP269581,10611,104.2440318,2014,Viet Nam,Viet Nam,PP269581,2014
1174,PP269582.1|2015-07-31,1I_E.1,1I_E,1I,PP269582,10611,104.2440318,2015,Viet Nam,Viet Nam,PP269582,2015
1175,PP269583.1|2015-08-17,1I_E.4,1I_E,1I,PP269583,10598,104.1163179,2015,Viet Nam,Viet Nam,PP269583,2015
1176,PP269584.1|2015-08-18,1I_E.1,1I_E,1I,PP269584,10199,100.196483,2015,Viet Nam,Viet Nam,PP269584,2015
1177,PP269585.1|2015-08-24,1I_E.1,1I_E,1I,PP269585,10575,103.8903625,2015,Viet Nam,Viet Nam,PP269585,2015
1178,PP269586.1|2015-09-08,1I_E.1,1I_E,1I,PP269586,10565,103.792121,2015,Viet Nam,Viet Nam,PP269586,2015
1179,PP269587.1|2015-09-08,1I_E.1,1I_E,1I,PP269587,10577,103.9100108,2015,Viet Nam,Viet Nam,PP269587,2015
1180,PP269588.1|2015-09-14,1I_E.1,1I_E,1I,PP269588,10565,103.792121,2015,Viet Nam,Viet Nam,PP269588,2015
1181,PP269589.1|2015-10-02,1I_E.1,1I_E,1I,PP269589,10477,102.927596,2015,Viet Nam,Viet Nam,PP269589,2015
1182,PP269590.1|2015-10-02,1I_E.1,1I_E,1I,PP269590,10606,104.1949111,2015,Viet Nam,Viet Nam,PP269590,2015
1183,PP269591.1|2015-10-07,1I_E.1,1I_E,1I,PP269591,10565,103.792121,2015,Viet Nam,Viet Nam,PP269591,2015
1184,PP269592.1|2015-10-16,1I_E.1,1I_E,1I,PP269592,10594,104.0770213,2015,Viet Nam,Viet Nam,PP269592,2015
1185,PP269593.1|2011-11-03,1I_E,1I_E,1I,PP269593,10565,103.792121,2011,Viet Nam,Viet Nam,PP269593,2011
1186,PP269594.1|2012-07-19,1I_E,1I_E,1I,PP269594,10598,104.1163179,2012,Viet Nam,Viet Nam,PP269594,2012
1187,PP269595.1|2012-08-03,1I_E.1,1I_E,1I,PP269595,10598,104.1163179,2012,Viet Nam,Viet Nam,PP269595,2012
1188,PP269596.1|2012-10-29,1I_E.4,1I_E,1I,PP269596,10565,103.792121,2012,Viet Nam,Viet Nam,PP269596,2012
1189,PP269597.1|2012-11-21,1I_E.4,1I_E,1I,PP269597,10599,104.1261421,2012,Viet Nam,Viet Nam,PP269597,2012
1190,PP269598.1|2013-02-19,1I_E,1I_E,1I,PP269598,10477,102.927596,2013,Viet Nam,Viet Nam,PP269598,2013
1191,PP269599.1|2013-03-15,1I_E,1I_E,1I,PP269599,10477,102.927596,2013,Viet Nam,Viet Nam,PP269599,2013
1192,PP269600.1|2013-07-24,1I_E.1,1I_E,1I,PP269600,10565,103.792121,2013,Viet Nam,Viet Nam,PP269600,2013
1193,PP269601.1|2013-09-25,1I_E.1,1I_E,1I,PP269601,10549,103.6349347,2013,Viet Nam,Viet Nam,PP269601,2013
1194,PP269602.1|2013-10-07,1I_E.1,1I_E,1I,PP269602,10598,104.1163179,2013,Viet Nam,Viet Nam,PP269602,2013
1195,PP269603.1|2013-10-07,1I_E.1,1I_E,1I,PP269603,10610,104.2342077,2013,Viet Nam,Viet Nam,PP269603,2013
1196,PP269604.1|2013-10-09,1I_E.1,1I_E,1I,PP269604,10617,104.3029767,2013,Viet Nam,Viet Nam,PP269604,2013
1197,PP269605.1|2013-12-19,1I_E.1,1I_E,1I,PP269605,10598,104.1163179,2013,Viet Nam,Viet Nam,PP269605,2013
1198,PP269606.1|2014-03-13,1I_E.1,1I_E,1I,PP269606,10477,102.927596,2014,Viet Nam,Viet Nam,PP269606,2014
1199,PP269607.1|2014-03-26,1I_E.1,1I_E,1I,PP269607,10617,104.3029767,2014,Viet Nam,Viet Nam,PP269607,2014
1200,PP269608.1|2014-08-14,1I_E.1,1I_E,1I,PP269608,9881,97.07240397,2014,Viet Nam,Viet Nam,PP269608,2014
1201,PP269609.1|2014-11-13,1I_E.3,1I_E,1I,PP269609,10166,99.87228608,2014,Viet Nam,Viet Nam,PP269609,2014
1202,PP269610.1|2015-05-28,1I_E.1,1I_E,1I,PP269610,10526,103.4089793,2015,Viet Nam,Viet Nam,PP269610,2015
1203,PP269611.1|2015-07-13,1I_E.1,1I_E,1I,PP269611,10477,102.927596,2015,Viet Nam,Viet Nam,PP269611,2015
1204,PP269612.1|2015-07-20,1I_E.1,1I_E,1I,PP269612,10575,103.8903625,2015,Viet Nam,Viet Nam,PP269612,2015
1205,PP269613.1|2015-07-22,1I_E.1,1I_E,1I,PP269613,10552,103.6644071,2015,Viet Nam,Viet Nam,PP269613,2015
1206,PP269614.1|2015-08-10,1I_E,1I_E,1I,PP269614,10616,104.2931526,2015,Viet Nam,Viet Nam,PP269614,2015
1207,PP269615.1|2015-09-14,1I_E,1I_E,1I,PP269615,10608,104.2145594,2015,Viet Nam,Viet Nam,PP269615,2015
1208,PP269616.1|2015-09-17,1I_E.1,1I_E,1I,PP269616,10477,102.927596,2015,Viet Nam,Viet Nam,PP269616,2015
1209,PP269617.1|2015-09-19,1I_E.1,1I_E,1I,PP269617,10575,103.8903625,2015,Viet Nam,Viet Nam,PP269617,2015
1210,PP269618.1|2015-09-25,1I_E.4,1I_E,1I,PP269618,10477,102.927596,2015,Viet Nam,Viet Nam,PP269618,2015
1211,PP269619.1|2015-09-25,1I_E.1,1I_E,1I,PP269619,10477,102.927596,2015,Viet Nam,Viet Nam,PP269619,2015
1212,PP269620.1|2015-10-08,1I_E.1,1I_E,1I,PP269620,10616,104.2931526,2015,Viet Nam,Viet Nam,PP269620,2015
1213,PP269621.1|2012-09-07,1I_E,1I_E,1I,PP269621,10613,104.2636801,2012,Viet Nam,Viet Nam,PP269621,2012
1214,PP269622.1|2012-10-12,1I_E.1,1I_E,1I,PP269622,10616,104.2931526,2012,Viet Nam,Viet Nam,PP269622,2012
1215,PP269623.1|2012-11-25,1I_E.1,1I_E,1I,PP269623,10594,104.0770213,2012,Viet Nam,Viet Nam,PP269623,2012
1216,PP269624.1|2012-12-01,1I_E.1,1I_E,1I,PP269624,10477,102.927596,2012,Viet Nam,Viet Nam,PP269624,2012
1217,PP269625.1|2013-03-27,1I_E,1I_E,1I,PP269625,10587,104.0082523,2013,Viet Nam,Viet Nam,PP269625,2013
1218,PP269626.1|2013-09-06,1I_E,1I_E,1I,PP269626,10603,104.1654386,2013,Viet Nam,Viet Nam,PP269626,2013
1219,PP269627.1|2014-07-08,1I_E.1,1I_E,1I,PP269627,10616,104.2931526,2014,Viet Nam,Viet Nam,PP269627,2014
1220,PP269628.1|2014-08-12,1I_E.1,1I_E,1I,PP269628,10616,104.2931526,2014,Viet Nam,Viet Nam,PP269628,2014
1221,PP269629.1|2014-10-14,1I_E.3,1I_E,1I,PP269629,10611,104.2440318,2014,Viet Nam,Viet Nam,PP269629,2014
1222,PP269630.1|2014-11-15,1I_E.1,1I_E,1I,PP269630,10477,102.927596,2014,Viet Nam,Viet Nam,PP269630,2014
1223,PP269631.1|2014-12-08,1I_E.3,1I_E,1I,PP269631,10610,104.2342077,2014,Viet Nam,Viet Nam,PP269631,2014
1224,PP269632.1|2015-01-28,1I_E.1,1I_E,1I,PP269632,10617,104.3029767,2015,Viet Nam,Viet Nam,PP269632,2015
1225,PP269633.1|2015-02-02,1I_E.3,1I_E,1I,PP269633,10610,104.2342077,2015,Viet Nam,Viet Nam,PP269633,2015
1226,PP269634.1|2015-10-12,1I_E.4,1I_E,1I,PP269634,10565,103.792121,2015,Viet Nam,Viet Nam,PP269634,2015
1227,PP269635.1|2013-08-29,1I_E.4,1I_E,1I,PP269635,10598,104.1163179,2013,Viet Nam,Viet Nam,PP269635,2013
1228,PP269636.1|2013-10-11,1I_E.4,1I_E,1I,PP269636,10611,104.2440318,2013,Viet Nam,Viet Nam,PP269636,2013
1229,PP269637.1|2013-12-05,1I_E.4,1I_E,1I,PP269637,10616,104.2931526,2013,Viet Nam,Viet Nam,PP269637,2013
1230,PP269638.1|2012-12-12,1I_E.1,1I_E,1I,PP269638,10622,104.3520975,2012,Viet Nam,Viet Nam,PP269638,2012
1231,PP269639.1|2012-12-19,1I_E.4,1I_E,1I,PP269639,10616,104.2931526,2012,Viet Nam,Viet Nam,PP269639,2012
1232,PP269640.1|2013-05-14,1I_E,1I_E,1I,PP269640,10624,104.3717458,2013,Viet Nam,Viet Nam,PP269640,2013
1233,PP269641.1|2013-08-19,1I_E.1,1I_E,1I,PP269641,10611,104.2440318,2013,Viet Nam,Viet Nam,PP269641,2013
1234,PP269642.1|2013-10-21,1I_E,1I_E,1I,PP269642,10607,104.2047352,2013,Viet Nam,Viet Nam,PP269642,2013
1235,PP269643.1|2013-11-11,1I_E.1,1I_E,1I,PP269643,10617,104.3029767,2013,Viet Nam,Viet Nam,PP269643,2013
1236,PP269644.1|2013-11-11,1I_E.1,1I_E,1I,PP269644,10608,104.2145594,2013,Viet Nam,Viet Nam,PP269644,2013
1237,PP269645.1|2013-12-02,1I_E.1,1I_E,1I,PP269645,10617,104.3029767,2013,Viet Nam,Viet Nam,PP269645,2013
1238,PP269646.1|2014-07-18,1I_E.1,1I_E,1I,PP269646,10616,104.2931526,2014,Viet Nam,Viet Nam,PP269646,2014
1239,PP269647.1|2014-08-21,1I_E.1,1I_E,1I,PP269647,10565,103.792121,2014,Viet Nam,Viet Nam,PP269647,2014
1240,PP269648.1|2014-09-11,1I_E.1,1I_E,1I,PP269648,10616,104.2931526,2014,Viet Nam,Viet Nam,PP269648,2014
1241,PP269649.1|2014-09-12,1I_E.1,1I_E,1I,PP269649,10622,104.3520975,2014,Viet Nam,Viet Nam,PP269649,2014
1242,PP269650.1|2014-09-19,1I_E.1,1I_E,1I,PP269650,10565,103.792121,2014,Viet Nam,Viet Nam,PP269650,2014
1243,PP269651.1|2014-09-29,1I_E.1,1I_E,1I,PP269651,10611,104.2440318,2014,Viet Nam,Viet Nam,PP269651,2014
1244,PP269652.1|2014-10-01,1I_E.1,1I_E,1I,PP269652,10608,104.2145594,2014,Viet Nam,Viet Nam,PP269652,2014
1245,PP269653.1|2014-10-02,1I_E.1,1I_E,1I,PP269653,10617,104.3029767,2014,Viet Nam,Viet Nam,PP269653,2014
1246,PP269654.1|2014-10-17,1I_E.4,1I_E,1I,PP269654,10617,104.3029767,2014,Viet Nam,Viet Nam,PP269654,2014
1247,PP269655.1|2014-10-24,1I_E.1,1I_E,1I,PP269655,10616,104.2931526,2014,Viet Nam,Viet Nam,PP269655,2014
1248,PP269656.1|2014-10-29,1I_E.1,1I_E,1I,PP269656,10616,104.2931526,2014,Viet Nam,Viet Nam,PP269656,2014
1249,PP269657.1|2014-10-29,1I_E.1,1I_E,1I,PP269657,10616,104.2931526,2014,Viet Nam,Viet Nam,PP269657,2014
1250,PP269658.1|2014-11-05,1I_E.1,1I_E,1I,PP269658,10617,104.3029767,2014,Viet Nam,Viet Nam,PP269658,2014
1251,PP269659.1|2014-11-24,1I_E.1,1I_E,1I,PP269659,10591,104.0475489,2014,Viet Nam,Viet Nam,PP269659,2014
1252,PP269660.1|2014-12-15,1I_E.1,1I_E,1I,PP269660,10611,104.2440318,2014,Viet Nam,Viet Nam,PP269660,2014
1253,PP269661.1|2014-12-25,1I_E.1,1I_E,1I,PP269661,10616,104.2931526,2014,Viet Nam,Viet Nam,PP269661,2014
1254,PP269662.1|2015-01-07,1I_E.3,1I_E,1I,PP269662,10617,104.3029767,2015,Viet Nam,Viet Nam,PP269662,2015
1255,PP269663.1|2013-08-09,1I_E.1,1I_E,1I,PP269663,10598,104.1163179,2013,Viet Nam,Viet Nam,PP269663,2013
1256,PP269664.1|2013-10-11,1I_E,1I_E,1I,PP269664,10619,104.322625,2013,Viet Nam,Viet Nam,PP269664,2013
1257,PP269665.1|2014-06-24,1I_E.1,1I_E,1I,PP269665,10565,103.792121,2014,Viet Nam,Viet Nam,PP269665,2014
1258,PP269666.1|2014-09-15,1I_E,1I_E,1I,PP269666,10568,103.8215935,2014,Viet Nam,Viet Nam,PP269666,2014
1259,PP269667.1|2014-10-01,1I_E.1,1I_E,1I,PP269667,10617,104.3029767,2014,Viet Nam,Viet Nam,PP269667,2014
1260,PP269668.1|2014-10-08,1I_E.1,1I_E,1I,PP269668,10617,104.3029767,2014,Viet Nam,Viet Nam,PP269668,2014
1261,PP269669.1|2013-05-27,1I_E,1I_E,1I,PP269669,10611,104.2440318,2013,Viet Nam,Viet Nam,PP269669,2013
1262,PP269670.1|2013-12-05,1I_E.1,1I_E,1I,PP269670,10616,104.2931526,2013,Viet Nam,Viet Nam,PP269670,2013
1263,PP269671.1|2014-02-25,1I_E,1I_E,1I,PP269671,10598,104.1163179,2014,Viet Nam,Viet Nam,PP269671,2014
1264,PP269672.1|2014-08-22,1I_E.4,1I_E,1I,PP269672,10617,104.3029767,2014,Viet Nam,Viet Nam,PP269672,2014
1265,PP269673.1|2014-09-21,1I_E.1,1I_E,1I,PP269673,10616,104.2931526,2014,Viet Nam,Viet Nam,PP269673,2014
1266,PP269674.1|2012-09-12,1I_E,1I_E,1I,PP269674,10598,104.1163179,2012,Viet Nam,Viet Nam,PP269674,2012
1267,PP269675.1|2012-09-17,1I_E,1I_E,1I,PP269675,10596,104.0966696,2012,Viet Nam,Viet Nam,PP269675,2012
1268,PP269676.1|2012-10-17,1I_E.4,1I_E,1I,PP269676,10607,104.2047352,2012,Viet Nam,Viet Nam,PP269676,2012
1269,PP269677.1|2012-10-18,1I_E,1I_E,1I,PP269677,10606,104.1949111,2012,Viet Nam,Viet Nam,PP269677,2012
1270,PP269678.1|2012-12-19,1I_E,1I_E,1I,PP269678,10601,104.1457904,2012,Viet Nam,Viet Nam,PP269678,2012
1271,PP269679.1|2013-05-08,1I_E.1,1I_E,1I,PP269679,10598,104.1163179,2013,Viet Nam,Viet Nam,PP269679,2013
1272,PP269680.1|2013-07-18,1I_E.1,1I_E,1I,PP269680,10549,103.6349347,2013,Viet Nam,Viet Nam,PP269680,2013
1273,PP269681.1|2013-10-17,1I_E.4,1I_E,1I,PP269681,10477,102.927596,2013,Viet Nam,Viet Nam,PP269681,2013
1274,PP269682.1|2014-09-12,1I_E.1,1I_E,1I,PP269682,10565,103.792121,2014,Viet Nam,Viet Nam,PP269682,2014
1275,PP269683.1|2014-10-08,1I_E.1,1I_E,1I,PP269683,10617,104.3029767,2014,Viet Nam,Viet Nam,PP269683,2014
1276,PP269684.1|2014-10-08,1I_E.1,1I_E,1I,PP269684,10610,104.2342077,2014,Viet Nam,Viet Nam,PP269684,2014
1277,PP269685.1|2014-10-27,1I_E.4,1I_E,1I,PP269685,10593,104.0671972,2014,Viet Nam,Viet Nam,PP269685,2014
1278,PP269686.1|2014-10-06,1I_E.1,1I_E,1I,PP269686,10617,104.3029767,2014,Viet Nam,Viet Nam,PP269686,2014
1279,PP269687.1|2018-08-07,1I_E.1,1I_E,1I,PP269687,10565,103.792121,2018,Viet Nam,Viet Nam,PP269687,2018
1280,PP269688.1|2019-03-19,1I_E.1,1I_E,1I,PP269688,10179,100,2019,Viet Nam,Viet Nam,PP269688,2019
1281,PP269689.1|2019-03-25,1I_E.1,1I_E,1I,PP269689,10477,102.927596,2019,Viet Nam,Viet Nam,PP269689,2019
1282,PP269690.1|2019-06-10,1I_E.1,1I_E,1I,PP269690,10180,100.0098241,2019,Viet Nam,Viet Nam,PP269690,2019
1283,PP269691.1|2019-06-12,1I_E,1I_E,1I,PP269691,10477,102.927596,2019,Viet Nam,Viet Nam,PP269691,2019
1284,PP269692.1|2019-06-24,1I_E.1,1I_E,1I,PP269692,10477,102.927596,2019,Viet Nam,Viet Nam,PP269692,2019
1285,PP269693.1|2019-07-23,1I_E.1,1I_E,1I,PP269693,10565,103.792121,2019,Viet Nam,Viet Nam,PP269693,2019
1286,PP269694.1|2019-07-31,1I_E.1,1I_E,1I,PP269694,10477,102.927596,2019,Viet Nam,Viet Nam,PP269694,2019
1287,PP269695.1|2019-08-20,1I_E.1,1I_E,1I,PP269695,10477,102.927596,2019,Viet Nam,Viet Nam,PP269695,2019
1288,PP269696.1|2019-08-22,1I_E.1,1I_E,1I,PP269696,9798,96.25699971,2019,Viet Nam,Viet Nam,PP269696,2019
1289,PP269697.1|2019-08-28,1I_E.1,1I_E,1I,PP269697,10477,102.927596,2019,Viet Nam,Viet Nam,PP269697,2019
1290,PP269698.1|2019-10-15,1I_E.1,1I_E,1I,PP269698,10477,102.927596,2019,Viet Nam,Viet Nam,PP269698,2019
1291,PP269699.1|2019-10-16,1I_E.1,1I_E,1I,PP269699,10565,103.792121,2019,Viet Nam,Viet Nam,PP269699,2019
1292,PP269700.1|2019-11-18,1I_E.1,1I_E,1I,PP269700,10607,104.2047352,2019,Viet Nam,Viet Nam,PP269700,2019
1293,PP269701.1|2020-06-23,1I_E.1,1I_E,1I,PP269701,10586,103.9984281,2020,Viet Nam,Viet Nam,PP269701,2020
1294,PP269702.1|2020-09-09,1I_E.1,1I_E,1I,PP269702,10616,104.2931526,2020,Viet Nam,Viet Nam,PP269702,2020
1295,PP269703.1|2020-11-09,1I_E.1,1I_E,1I,PP269703,10565,103.792121,2020,Viet Nam,Viet Nam,PP269703,2020
1296,PP269704.1|2020-11-30,1I_E.1,1I_E,1I,PP269704,10609,104.2243835,2020,Viet Nam,Viet Nam,PP269704,2020
1297,PP269705.1|2019-06-06,1I_E.1,1I_E,1I,PP269705,10477,102.927596,2019,Viet Nam,Viet Nam,PP269705,2019
1298,PP269706.1|2022-06-06,1I_E.1,1I_E,1I,PP269706,10477,102.927596,2022,Viet Nam,Viet Nam,PP269706,2022
1299,PP269707.1|2022-08-03,1I_E.1,1I_E,1I,PP269707,10565,103.792121,2022,Viet Nam,Viet Nam,PP269707,2022
1300,PP269708.1|2022-08-19,1I_E.1,1I_E,1I,PP269708,10616,104.2931526,2022,Viet Nam,Viet Nam,PP269708,2022
1301,PP269709.1|2022-06-01,1I_E.1,1I_E,1I,PP269709,10612,104.253856,2022,Viet Nam,Viet Nam,PP269709,2022
1302,PP269710.1|2022-06-07,1I_E.1,1I_E,1I,PP269710,10617,104.3029767,2022,Viet Nam,Viet Nam,PP269710,2022
1303,PP269711.1|2022-11-14,1I_E.1,1I_E,1I,PP269711,10615,104.2833284,2022,Viet Nam,Viet Nam,PP269711,2022
1304,PP269712.1|2022-11-28,1I_E.1,1I_E,1I,PP269712,10616,104.2931526,2022,Viet Nam,Viet Nam,PP269712,2022
1305,PP269713.1|2014-11-12,1I_E,1I_E,1I,PP269713,10610,104.2342077,2014,Viet Nam,Viet Nam,PP269713,2014
1306,PP269714.1|2015-01-07,1I_E.1,1I_E,1I,PP269714,10477,102.927596,2015,Viet Nam,Viet Nam,PP269714,2015
1307,PP269715.1|2015-01-12,1I_E.4,1I_E,1I,PP269715,10532,103.4679242,2015,Viet Nam,Viet Nam,PP269715,2015
1308,PP269716.1|2015-03-31,1I_E,1I_E,1I,PP269716,10617,104.3029767,2015,Viet Nam,Viet Nam,PP269716,2015
1309,PP269717.1|2015-04-13,1I_E,1I_E,1I,PP269717,10565,103.792121,2015,Viet Nam,Viet Nam,PP269717,2015
1310,PP269718.1|2015-04-17,1I_E.1,1I_E,1I,PP269718,10608,104.2145594,2015,Viet Nam,Viet Nam,PP269718,2015
1311,PP269719.1|2015-07-21,1I_E.1,1I_E,1I,PP269719,10594,104.0770213,2015,Viet Nam,Viet Nam,PP269719,2015
1312,PP269720.1|2015-09-29,1I_E.1,1I_E,1I,PP269720,10575,103.8903625,2015,Viet Nam,Viet Nam,PP269720,2015
1313,PP269721.1|2015-10-14,1I_E.1,1I_E,1I,PP269721,10616,104.2931526,2015,Viet Nam,Viet Nam,PP269721,2015
1314,PP269722.1|2015-10-21,1I_E.1,1I_E,1I,PP269722,10549,103.6349347,2015,Viet Nam,Viet Nam,PP269722,2015
1315,PP269723.1|2015-11-02,1I_E.1,1I_E,1I,PP269723,10609,104.2243835,2015,Viet Nam,Viet Nam,PP269723,2015
1316,PP269724.1|2015-11-04,1I_E.1,1I_E,1I,PP269724,10616,104.2931526,2015,Viet Nam,Viet Nam,PP269724,2015
1317,PP269725.1|2015-11-11,1I_E.1,1I_E,1I,PP269725,10616,104.2931526,2015,Viet Nam,Viet Nam,PP269725,2015
1318,PP269726.1|2015-11-27,1I_E.1,1I_E,1I,PP269726,10609,104.2243835,2015,Viet Nam,Viet Nam,PP269726,2015
1319,PP269727.1|2015-11-30,1I_E.1,1I_E,1I,PP269727,10603,104.1654386,2015,Viet Nam,Viet Nam,PP269727,2015
1320,PP269728.1|2015-12-02,1I_E.1,1I_E,1I,PP269728,10477,102.927596,2015,Viet Nam,Viet Nam,PP269728,2015
1321,PP269729.1|2015-12-08,1I_E.1,1I_E,1I,PP269729,10593,104.0671972,2015,Viet Nam,Viet Nam,PP269729,2015
1322,PP269730.1|2015-12-14,1I_E.1,1I_E,1I,PP269730,10565,103.792121,2015,Viet Nam,Viet Nam,PP269730,2015
1323,PP269731.1|2015-12-16,1I_E.1,1I_E,1I,PP269731,10616,104.2931526,2015,Viet Nam,Viet Nam,PP269731,2015
1324,PP269732.1|2015-12-18,1I_E.1,1I_E,1I,PP269732,10611,104.2440318,2015,Viet Nam,Viet Nam,PP269732,2015
1325,PP269733.1|2015-12-18,1I_E.1,1I_E,1I,PP269733,10616,104.2931526,2015,Viet Nam,Viet Nam,PP269733,2015
1326,PP269734.1|2015-12-21,1I_E.1,1I_E,1I,PP269734,10609,104.2243835,2015,Viet Nam,Viet Nam,PP269734,2015
1327,PP269735.1|2015-12-22,1I_E.4,1I_E,1I,PP269735,10616,104.2931526,2015,Viet Nam,Viet Nam,PP269735,2015
1328,PP269736.1|2015-12-31,1I_E.1,1I_E,1I,PP269736,10477,102.927596,2015,Viet Nam,Viet Nam,PP269736,2015
1329,PP269737.1|2015-12-31,1I_E.1,1I_E,1I,PP269737,10609,104.2243835,2015,Viet Nam,Viet Nam,PP269737,2015
1330,PP269738.1|2016-01-07,1I_E.4,1I_E,1I,PP269738,10609,104.2243835,2016,Viet Nam,Viet Nam,PP269738,2016
1331,PP269739.1|2016-01-11,1I_E,1I_E,1I,PP269739,10616,104.2931526,2016,Viet Nam,Viet Nam,PP269739,2016
1332,PP269740.1|2017-09-25,1I_E.1,1I_E,1I,PP269740,10477,102.927596,2017,Viet Nam,Viet Nam,PP269740,2017
1333,PP269741.1|2016-10-25,1I_E,1I_E,1I,PP269741,10477,102.927596,2016,Viet Nam,Viet Nam,PP269741,2016
1334,PP269742.1|2016-10-28,1I_E.1,1I_E,1I,PP269742,9798,96.25699971,2016,Viet Nam,Viet Nam,PP269742,2016
1335,PP269743.1|2016-11-02,1I_E.1,1I_E,1I,PP269743,10565,103.792121,2016,Viet Nam,Viet Nam,PP269743,2016
1336,PP269744.1|2016-11-22,1I_E.1,1I_E,1I,PP269744,10477,102.927596,2016,Viet Nam,Viet Nam,PP269744,2016
1337,PP269745.1|2016-11-23,1I_E.1,1I_E,1I,PP269745,10180,100.0098241,2016,Viet Nam,Viet Nam,PP269745,2016
1338,PP269746.1|2016-11-24,1I_E.1,1I_E,1I,PP269746,10565,103.792121,2016,Viet Nam,Viet Nam,PP269746,2016
1339,PP269747.1|2016-12-05,1I_E.1,1I_E,1I,PP269747,10598,104.1163179,2016,Viet Nam,Viet Nam,PP269747,2016
1340,PP269748.1|2016-12-05,1I_E.4,1I_E,1I,PP269748,10532,103.4679242,2016,Viet Nam,Viet Nam,PP269748,2016
1341,PP269749.1|2016-12-13,1I_E.1,1I_E,1I,PP269749,10575,103.8903625,2016,Viet Nam,Viet Nam,PP269749,2016
1342,PP269750.1|2016-12-14,1I_E.1,1I_E,1I,PP269750,10477,102.927596,2016,Viet Nam,Viet Nam,PP269750,2016
1343,PP269751.1|2016-12-14,1I_E.1,1I_E,1I,PP269751,10477,102.927596,2016,Viet Nam,Viet Nam,PP269751,2016
1344,PP269752.1|2016-12-21,1I_E.4,1I_E,1I,PP269752,10606,104.1949111,2016,Viet Nam,Viet Nam,PP269752,2016
1345,PP269753.1|2016-12-30,1I_E.1,1I_E,1I,PP269753,10594,104.0770213,2016,Viet Nam,Viet Nam,PP269753,2016
1346,PP269754.1|2017-01-09,1I_E.1,1I_E,1I,PP269754,10477,102.927596,2017,Viet Nam,Viet Nam,PP269754,2017
1347,PP269755.1|2017-02-03,1I_E.1,1I_E,1I,PP269755,10562,103.7626486,2017,Viet Nam,Viet Nam,PP269755,2017
1348,PP269756.1|2017-02-06,1I_E.1,1I_E,1I,PP269756,10593,104.0671972,2017,Viet Nam,Viet Nam,PP269756,2017
1349,PP269757.1|2017-02-13,1I_E.1,1I_E,1I,PP269757,10575,103.8903625,2017,Viet Nam,Viet Nam,PP269757,2017
1350,PP269758.1|2017-02-13,1I_E.1,1I_E,1I,PP269758,10581,103.9493074,2017,Viet Nam,Viet Nam,PP269758,2017
1351,PP269759.1|2017-02-22,1I_E,1I_E,1I,PP269759,10477,102.927596,2017,Viet Nam,Viet Nam,PP269759,2017
1352,PP269760.1|2017-02-25,1I_E.1,1I_E,1I,PP269760,10598,104.1163179,2017,Viet Nam,Viet Nam,PP269760,2017
1353,PP269761.1|2017-02-27,1I_E.1,1I_E,1I,PP269761,10605,104.1850869,2017,Viet Nam,Viet Nam,PP269761,2017
1354,PP269762.1|2017-02-27,1I_E.1,1I_E,1I,PP269762,10477,102.927596,2017,Viet Nam,Viet Nam,PP269762,2017
1355,PP269763.1|2017-03-02,1I_E.1,1I_E,1I,PP269763,10598,104.1163179,2017,Viet Nam,Viet Nam,PP269763,2017
1356,PP269764.1|2017-03-03,1I_E.3,1I_E,1I,PP269764,10187,100.0785932,2017,Viet Nam,Viet Nam,PP269764,2017
1357,PP269765.1|2017-03-03,1I_E.1,1I_E,1I,PP269765,10532,103.4679242,2017,Viet Nam,Viet Nam,PP269765,2017
1358,PP269766.1|2017-03-09,1I_E.1,1I_E,1I,PP269766,10477,102.927596,2017,Viet Nam,Viet Nam,PP269766,2017
1359,PP269767.1|2017-03-10,1I_E.1,1I_E,1I,PP269767,10477,102.927596,2017,Viet Nam,Viet Nam,PP269767,2017
1360,PP269768.1|2017-03-13,1I_E.1,1I_E,1I,PP269768,10477,102.927596,2017,Viet Nam,Viet Nam,PP269768,2017
1361,PP269769.1|2017-03-14,1I_E.1,1I_E,1I,PP269769,10611,104.2440318,2017,Viet Nam,Viet Nam,PP269769,2017
1362,PP269770.1|2017-03-16,1I_E.1,1I_E,1I,PP269770,10606,104.1949111,2017,Viet Nam,Viet Nam,PP269770,2017
1363,PP269771.1|2017-04-04,1I_E.1,1I_E,1I,PP269771,10477,102.927596,2017,Viet Nam,Viet Nam,PP269771,2017
1364,PP269772.1|2017-04-18,1I_E.1,1I_E,1I,PP269772,10565,103.792121,2017,Viet Nam,Viet Nam,PP269772,2017
1365,PP269773.1|2017-04-19,1I_E.1,1I_E,1I,PP269773,10565,103.792121,2017,Viet Nam,Viet Nam,PP269773,2017
1366,PP269774.1|2017-04-19,1I_E.1,1I_E,1I,PP269774,10477,102.927596,2017,Viet Nam,Viet Nam,PP269774,2017
1367,PP269775.1|2017-05-09,1I_E.1,1I_E,1I,PP269775,10542,103.5661656,2017,Viet Nam,Viet Nam,PP269775,2017
1368,PP269776.1|2017-05-10,1I_E.1,1I_E,1I,PP269776,10477,102.927596,2017,Viet Nam,Viet Nam,PP269776,2017
1369,PP269777.1|2017-05-13,1I_E.1,1I_E,1I,PP269777,10593,104.0671972,2017,Viet Nam,Viet Nam,PP269777,2017
1370,PP269778.1|2017-05-22,1I_E.1,1I_E,1I,PP269778,10091,99.135475,2017,Viet Nam,Viet Nam,PP269778,2017
1371,PP269779.1|2017-06-15,1I_E.1,1I_E,1I,PP269779,10477,102.927596,2017,Viet Nam,Viet Nam,PP269779,2017
1372,PP269780.1|2017-06-15,1I_E.1,1I_E,1I,PP269780,10611,104.2440318,2017,Viet Nam,Viet Nam,PP269780,2017
1373,PP269781.1|2017-06-16,1I_E.1,1I_E,1I,PP269781,10616,104.2931526,2017,Viet Nam,Viet Nam,PP269781,2017
1374,PP269782.1|2017-06-21,1I_E.1,1I_E,1I,PP269782,10477,102.927596,2017,Viet Nam,Viet Nam,PP269782,2017
1375,PP269783.1|2017-06-26,1I_E.1,1I_E,1I,PP269783,10180,100.0098241,2017,Viet Nam,Viet Nam,PP269783,2017
1376,PP269784.1|2017-06-27,1I_E.1,1I_E,1I,PP269784,10575,103.8903625,2017,Viet Nam,Viet Nam,PP269784,2017
1377,PP269785.1|2017-06-28,1I_E,1I_E,1I,PP269785,10565,103.792121,2017,Viet Nam,Viet Nam,PP269785,2017
1378,PP269786.1|2017-06-29,1I_E.1,1I_E,1I,PP269786,10606,104.1949111,2017,Viet Nam,Viet Nam,PP269786,2017
1379,PP269787.1|2017-07-12,1I_E.1,1I_E,1I,PP269787,10477,102.927596,2017,Viet Nam,Viet Nam,PP269787,2017
1380,PP269788.1|2017-07-14,1I_E.1,1I_E,1I,PP269788,10562,103.7626486,2017,Viet Nam,Viet Nam,PP269788,2017
1381,PP269789.1|2017-07-24,1I_E.1,1I_E,1I,PP269789,10575,103.8903625,2017,Viet Nam,Viet Nam,PP269789,2017
1382,PP269790.1|2017-07-27,1I_E.1,1I_E,1I,PP269790,10593,104.0671972,2017,Viet Nam,Viet Nam,PP269790,2017
1383,PP269791.1|2017-07-27,1I_E.1,1I_E,1I,PP269791,10575,103.8903625,2017,Viet Nam,Viet Nam,PP269791,2017
1384,PP269792.1|2017-08-01,1I_E.1,1I_E,1I,PP269792,10616,104.2931526,2017,Viet Nam,Viet Nam,PP269792,2017
1385,PP269793.1|2017-08-08,1I_E.1.1,1I_E,1I,PP269793,10575,103.8903625,2017,Viet Nam,Viet Nam,PP269793,2017
1386,PP269794.1|2017-08-08,1I_E.1,1I_E,1I,PP269794,10575,103.8903625,2017,Viet Nam,Viet Nam,PP269794,2017
1387,PP269795.1|2017-08-15,1I_E.1,1I_E,1I,PP269795,10559,103.7331761,2017,Viet Nam,Viet Nam,PP269795,2017
1388,PP269796.1|2017-08-15,1I_E.1.1,1I_E,1I,PP269796,10477,102.927596,2017,Viet Nam,Viet Nam,PP269796,2017
1389,PP269797.1|2017-08-16,1I_E.3,1I_E,1I,PP269797,10593,104.0671972,2017,Viet Nam,Viet Nam,PP269797,2017
1390,PP269798.1|2017-08-18,1I_E.1,1I_E,1I,PP269798,10586,103.9984281,2017,Viet Nam,Viet Nam,PP269798,2017
1391,PP269799.1|2017-08-22,1I_E.1,1I_E,1I,PP269799,10477,102.927596,2017,Viet Nam,Viet Nam,PP269799,2017
1392,PP269800.1|2017-09-11,1I_E.1,1I_E,1I,PP269800,10565,103.792121,2017,Viet Nam,Viet Nam,PP269800,2017
1393,PP269801.1|2017-09-13,1I_E.1,1I_E,1I,PP269801,10477,102.927596,2017,Viet Nam,Viet Nam,PP269801,2017
1394,PP269802.1|2017-09-21,1I_E.1,1I_E,1I,PP269802,10565,103.792121,2017,Viet Nam,Viet Nam,PP269802,2017
1395,PP269803.1|2017-09-22,1I_E.1,1I_E,1I,PP269803,10477,102.927596,2017,Viet Nam,Viet Nam,PP269803,2017
1396,PP269804.1|2017-09-26,1I_E.1,1I_E,1I,PP269804,10605,104.1850869,2017,Viet Nam,Viet Nam,PP269804,2017
1397,PP269805.1|2017-10-03,1I_E.1,1I_E,1I,PP269805,9501,93.33922782,2017,Viet Nam,Viet Nam,PP269805,2017
1398,PP269806.1|2017-10-25,1I_E.1,1I_E,1I,PP269806,9798,96.25699971,2017,Viet Nam,Viet Nam,PP269806,2017
1399,PP269807.1|2017-11-08,1I_E.1,1I_E,1I,PP269807,10557,103.7135279,2017,Viet Nam,Viet Nam,PP269807,2017
1400,PP269808.1|2017-11-10,1I_E.1,1I_E,1I,PP269808,10606,104.1949111,2017,Viet Nam,Viet Nam,PP269808,2017
1401,PP269809.1|2017-11-16,1I_E.1,1I_E,1I,PP269809,9503,93.35887612,2017,Viet Nam,Viet Nam,PP269809,2017
1402,PP269810.1|2017-11-22,1I_E.1,1I_E,1I,PP269810,10552,103.6644071,2017,Viet Nam,Viet Nam,PP269810,2017
1403,PP269811.1|2018-01-03,1I_E.1,1I_E,1I,PP269811,10477,102.927596,2018,Viet Nam,Viet Nam,PP269811,2018
1404,PP269812.1|2018-01-10,1I_E.1,1I_E,1I,PP269812,10616,104.2931526,2018,Viet Nam,Viet Nam,PP269812,2018
1405,PP269813.1|2018-01-19,1I_E.1,1I_E,1I,PP269813,10477,102.927596,2018,Viet Nam,Viet Nam,PP269813,2018
1406,PP269814.1|2018-03-20,1I_E.1,1I_E,1I,PP269814,10616,104.2931526,2018,Viet Nam,Viet Nam,PP269814,2018
1407,PP269815.1|2018-05-04,1I_E,1I_E,1I,PP269815,10611,104.2440318,2018,Viet Nam,Viet Nam,PP269815,2018
1408,PP269816.1|2018-05-07,1I_E.1,1I_E,1I,PP269816,10567,103.8117693,2018,Viet Nam,Viet Nam,PP269816,2018
1409,PP269817.1|2018-05-07,1I_E,1I_E,1I,PP269817,10565,103.792121,2018,Viet Nam,Viet Nam,PP269817,2018
1410,PP269818.1|2018-05-17,1I_E.1,1I_E,1I,PP269818,10477,102.927596,2018,Viet Nam,Viet Nam,PP269818,2018
1411,PP269819.1|2018-05-28,1I_E.1,1I_E,1I,PP269819,10577,103.9100108,2018,Viet Nam,Viet Nam,PP269819,2018
1412,PP269820.1|2018-07-03,1I_E.1,1I_E,1I,PP269820,10565,103.792121,2018,Viet Nam,Viet Nam,PP269820,2018
1413,PP269821.1|2018-08-06,1I_E.1,1I_E,1I,PP269821,10594,104.0770213,2018,Viet Nam,Viet Nam,PP269821,2018
1414,PP234941.1|2018-07-01,1IV_B.2,1IV_B,1IV,PP234941,10678,104.9022497,2018,Philippines,Philippines,PP234941,2018
1415,PP234945.1|2019-07-01,1V_E.2,1V_E,1V,PP234945,10648,104.6075253,2019,Dominican Republic,Dominican Republic,PP234945,2019
1416,PP234946.1|2019-07-01,1V_B,1V_B,1V,PP234946,10678,104.9022497,2019,Brazil,Brazil,PP234946,2019
1417,PP234948.1|2019-07-01,1III_A,1III_A,1III,PP234948,9867,96.9348659,2019,India,India,PP234948,2019
1418,PP234949.1|2019-07-01,1III_A.4,1III_A,1III,PP234949,10284,101.0315355,2019,Sri Lanka,Sri Lanka,PP234949,2019
1419,PP234951.1|2018-07-01,1IV_B.1,1IV_B,1IV,PP234951,10684,104.9611946,2018,Philippines,Philippines,PP234951,2018
1420,PP234952.1|2019-07-01,1IV_B.1,1IV_B,1IV,PP234952,10660,104.7254151,2019,Philippines,Philippines,PP234952,2019
1421,PP234953.1|2019-07-01,1I_E.1,1I_E,1I,PP234953,10681,104.9317222,2019,Viet Nam,Viet Nam,PP234953,2019
1422,PP234954.1|2018-07-01,1I_E.1,1I_E,1I,PP234954,10684,104.9611946,2018,Viet Nam,Viet Nam,PP234954,2018
1423,PP234955.1|2019-07-01,1I_H.1,1I_H,1I,PP234955,10684,104.9611946,2019,Myanmar,Myanmar,PP234955,2019
1424,PP234956.1|2018-07-01,1I_H.1,1I_H,1I,PP234956,10680,104.921898,2018,Myanmar,Myanmar,PP234956,2018
1425,PP234957.1|2019-07-01,1I_K.1.1,1I_K,1I,PP234957,10679,104.9120739,2019,Thailand,Thailand,PP234957,2019
1426,PP234958.1|2019-07-01,1I_K.1.1,1I_K,1I,PP234958,10684,104.9611946,2019,Cambodia,Cambodia,PP234958,2019
1427,PP234959.1|2018-07-01,1I_K.2,1I_K,1I,PP234959,10684,104.9611946,2018,Philippines,Philippines,PP234959,2018
1428,PP234960.1|2018-07-01,1I_K.2,1I_K,1I,PP234960,10684,104.9611946,2018,Maldives,Maldives,PP234960,2018
1429,PP234961.1|2019-07-01,1I_K.3,1I_K,1I,PP234961,10684,104.9611946,2019,India,India,PP234961,2019
1430,PP234962.1|2018-07-01,1V_D.1.1,1V_D,1V,PP234962,10678,104.9022497,2018,Colombia,Colombia,PP234962,2018
1431,PP234963.1|2019-07-01,1III_A,1III_A,1III,PP234963,10659,104.7155909,2019,Ghana,Ghana,PP234963,2019
1432,PP234964.1|2019-07-01,1III_A.2,1III_A,1III,PP234964,10502,103.1731997,2019,Brazil,Brazil,PP234964,2019
1433,PP234967.1|2018-07-01,1V_E.2,1V_E,1V,PP234967,9668,94.9798605,2018,Saint Martin,Saint Martin,PP234967,2018
1434,PP213459.1|2009-06-23,1V_A,1V_A,1V,PP213459,10529,103.4384517,2009,French Guiana,French Guiana,PP213459,2009
1435,PP204092.1|2023-06-01,1IV_B.1,1IV_B,1IV,PP204092,10665,104.7745358,2023,Philippines,Philippines,PP204092,2023
1436,PP204094.1|2023-08-01,1I_K.3,1I_K,1I,PP204094,10666,104.78436,2023,Indonesia: Bali,Indonesia,PP204094,2023
1437,PP204095.1|2023-12-06,1I_E.1,1I_E,1I,PP204095,10671,104.8334807,2023,Viet Nam,Viet Nam,PP204095,2023
1438,PP087791.1|2023-06,1I_K.1.1,1I_K,1I,PP087791,10689,105.0103154,2023,Taiwan: Tainan,Taiwan,PP087791,2023
1439,PP087792.1|2023-06,1IV_B,1IV_B,1IV,PP087792,10689,105.0103154,2023,Taiwan: Yunlin,Taiwan,PP087792,2023
1440,OR545518.1|2022-05,1V_E.1,1V_E,1V,OR545518,9631,94.61636703,2022,Brazil,Brazil,OR545518,2022
1441,OR545519.1|2022-05,1V_E.1,1V_E,1V,OR545519,10050,98.73268494,2022,Brazil,Brazil,OR545519,2022
1442,OR545520.1|2015-03,1V_A,1V_A,1V,OR545520,10113,99.35160625,2015,Brazil,Brazil,OR545520,2015
1443,OR545521.1|2015-03,1V_A,1V_A,1V,OR545521,10113,99.35160625,2015,Brazil,Brazil,OR545521,2015
1444,OR545522.1|2015-03,1V_A,1V_A,1V,OR545522,10113,99.35160625,2015,Brazil,Brazil,OR545522,2015
1445,OR545523.1|2015-05,1V_A,1V_A,1V,OR545523,10113,99.35160625,2015,Brazil,Brazil,OR545523,2015
1446,OR545524.1|2015-05,1V_A,1V_A,1V,OR545524,10113,99.35160625,2015,Brazil,Brazil,OR545524,2015
1447,OR545525.1|2015-05,1V_A,1V_A,1V,OR545525,10113,99.35160625,2015,Brazil,Brazil,OR545525,2015
1448,OR545526.1|2015-03,1V_A,1V_A,1V,OR545526,10113,99.35160625,2015,Brazil,Brazil,OR545526,2015
1449,OR545527.1|2015-05,1V_A,1V_A,1V,OR545527,10113,99.35160625,2015,Brazil,Brazil,OR545527,2015
1450,OR545528.1|2015-03,1V_A,1V_A,1V,OR545528,10113,99.35160625,2015,Brazil,Brazil,OR545528,2015
1451,OR545529.1|2015-03,1V_A,1V_A,1V,OR545529,10113,99.35160625,2015,Brazil,Brazil,OR545529,2015
1452,OR545530.1|2015-03,1V_A,1V_A,1V,OR545530,10113,99.35160625,2015,Brazil,Brazil,OR545530,2015
1453,OR545531.1|2015-03,1V_A,1V_A,1V,OR545531,10113,99.35160625,2015,Brazil,Brazil,OR545531,2015
1454,OR545532.1|2015-03,1V_A,1V_A,1V,OR545532,10113,99.35160625,2015,Brazil,Brazil,OR545532,2015
1455,OR545533.1|2015-03,1V_A,1V_A,1V,OR545533,10113,99.35160625,2015,Brazil,Brazil,OR545533,2015
1456,OR545534.1|2019-02,1V_F,1V_F,1V,OR545534,10113,99.35160625,2019,Brazil,Brazil,OR545534,2019
1457,OR936753.1|2023-09-02,1III_A.1,1III_A,1III,OR936753,10706,105.1773259,2023,Pakistan,Pakistan,OR936753,2023
1458,OR936754.1|2023-09-02,1III_A.1,1III_A,1III,OR936754,10709,105.2067983,2023,Pakistan,Pakistan,OR936754,2023
1459,OR936755.1|2023-09-04,1III_A.1,1III_A,1III,OR936755,10624,104.3717458,2023,Pakistan,Pakistan,OR936755,2023
1460,OR936756.1|2023-09-21,1III_A.1,1III_A,1III,OR936756,10702,105.1380293,2023,Pakistan,Pakistan,OR936756,2023
1461,OR936757.1|2023-10-01,1III_A.1,1III_A,1III,OR936757,10665,104.7745358,2023,Pakistan,Pakistan,OR936757,2023
1462,OR936758.1|2023-10-09,1III_A.1,1III_A,1III,OR936758,10669,104.8138324,2023,Pakistan,Pakistan,OR936758,2023
1463,OR936759.1|2023-09-12,1III_A.1,1III_A,1III,OR936759,10720,105.3148639,2023,Pakistan,Pakistan,OR936759,2023
1464,OR936760.1|2023-09-13,1III_A.1,1III_A,1III,OR936760,10709,105.2067983,2023,Pakistan,Pakistan,OR936760,2023
1465,OR936761.1|2023-09-13,1III_A.1,1III_A,1III,OR936761,10725,105.3639847,2023,Pakistan,Pakistan,OR936761,2023
1466,OR936762.1|2023-09-12,1III_A.1,1III_A,1III,OR936762,10723,105.3443364,2023,Pakistan,Pakistan,OR936762,2023
1467,OR936763.1|2023-09-07,1III_A.1,1III_A,1III,OR936763,10703,105.1478534,2023,Pakistan,Pakistan,OR936763,2023
1468,OR936764.1|2023-09-12,1III_A.1,1III_A,1III,OR936764,10707,105.18715,2023,Pakistan,Pakistan,OR936764,2023
1469,OR936765.1|2023-09-11,1III_A.1,1III_A,1III,OR936765,10718,105.2952156,2023,Pakistan,Pakistan,OR936765,2023
1470,OR936766.1|2023-09-11,1III_A.1,1III_A,1III,OR936766,10706,105.1773259,2023,Pakistan,Pakistan,OR936766,2023
1471,OR936767.1|2023-09-12,1III_A.1,1III_A,1III,OR936767,10721,105.3246881,2023,Pakistan,Pakistan,OR936767,2023
1472,OR936768.1|2023-09-12,1III_A.1,1III_A,1III,OR936768,10722,105.3345122,2023,Pakistan,Pakistan,OR936768,2023
1473,OR936769.1|2023-09-13,1III_A.1,1III_A,1III,OR936769,10716,105.2755673,2023,Pakistan,Pakistan,OR936769,2023
1474,OR888730.1|2019-09,1III_A.3,1III_A,1III,OR888730,10698,105.0987327,2019,India: Madhya Pradesh,India,OR888730,2019
1475,OR888733.1|2021-08,1III_A,1III_A,1III,OR888733,10690,105.0201395,2021,India: Madhya Pradesh,India,OR888733,2021
1476,OR393875.1|2017-10-11,1III_A.4,1III_A,1III,OR393875,10179,100,2017,Sri Lanka,Sri Lanka,OR393875,2017
1477,OR393877.1|2017-11-15,1III_A.4,1III_A,1III,OR393877,10179,100,2017,Sri Lanka,Sri Lanka,OR393877,2017
1478,OR393879.1|2017-12-18,1III_A.4,1III_A,1III,OR393879,10179,100,2017,Sri Lanka,Sri Lanka,OR393879,2017
1479,OR393880.1|2017-12-21,1III_A.4,1III_A,1III,OR393880,10179,100,2017,Sri Lanka,Sri Lanka,OR393880,2017
1480,OR393891.1|2018-04-18,1III_A.4,1III_A,1III,OR393891,10179,100,2018,Sri Lanka,Sri Lanka,OR393891,2018
1481,OR393902.1|2018-06-10,1III_A.4,1III_A,1III,OR393902,10179,100,2018,Sri Lanka,Sri Lanka,OR393902,2018
1482,OR393931.1|2018-09-25,1III_A.4,1III_A,1III,OR393931,10179,100,2018,Sri Lanka,Sri Lanka,OR393931,2018
1483,OR393934.1|2018-10-03,1III_A.4,1III_A,1III,OR393934,10179,100,2018,Sri Lanka,Sri Lanka,OR393934,2018
1484,OR393938.1|2018-11-02,1III_A.4,1III_A,1III,OR393938,10179,100,2018,Sri Lanka,Sri Lanka,OR393938,2018
1485,OR393949.1|2018-12-26,1III_A.4,1III_A,1III,OR393949,10179,100,2018,Sri Lanka,Sri Lanka,OR393949,2018
1486,OR393960.1|2019-03-07,1III_A.4,1III_A,1III,OR393960,10179,100,2019,Sri Lanka,Sri Lanka,OR393960,2019
1487,OR393961.1|2019-03-11,1III_A.4,1III_A,1III,OR393961,10179,100,2019,Sri Lanka,Sri Lanka,OR393961,2019
1488,OR393962.1|2019-03-11,1III_A.4,1III_A,1III,OR393962,10179,100,2019,Sri Lanka,Sri Lanka,OR393962,2019
1489,OR393968.1|2019-06-03,1III_A.4,1III_A,1III,OR393968,10179,100,2019,Sri Lanka,Sri Lanka,OR393968,2019
1490,OR393983.1|2019-08-26,1III_A.4,1III_A,1III,OR393983,10179,100,2019,Sri Lanka,Sri Lanka,OR393983,2019
1491,OR393986.1|2019-09-03,1III_A.4,1III_A,1III,OR393986,10179,100,2019,Sri Lanka,Sri Lanka,OR393986,2019
1492,OR393989.1|2020-09-18,1III_A.4,1III_A,1III,OR393989,10179,100,2020,Sri Lanka,Sri Lanka,OR393989,2020
1493,OR393993.1|2019-10-02,1III_A.4,1III_A,1III,OR393993,10179,100,2019,Sri Lanka,Sri Lanka,OR393993,2019
1494,OR393994.1|2019-10-02,1III_A.4,1III_A,1III,OR393994,10179,100,2019,Sri Lanka,Sri Lanka,OR393994,2019
1495,OR394008.1|2019-10-18,1III_A.4,1III_A,1III,OR394008,10179,100,2019,Sri Lanka,Sri Lanka,OR394008,2019
1496,OR394010.1|2019-10-21,1III_A.4,1III_A,1III,OR394010,10179,100,2019,Sri Lanka,Sri Lanka,OR394010,2019
1497,OR394014.1|2019-10-29,1III_A.4,1III_A,1III,OR394014,10179,100,2019,Sri Lanka,Sri Lanka,OR394014,2019
1498,OR394016.1|2019-10-30,1III_A.4,1III_A,1III,OR394016,10179,100,2019,Sri Lanka,Sri Lanka,OR394016,2019
1499,OR394040.1|2019-12-24,1III_A.4,1III_A,1III,OR394040,10179,100,2019,Sri Lanka,Sri Lanka,OR394040,2019
0,OR394051.1|2020-01-06,1III_A.4,1III_A,1III,OR394051,10179,100,2020,Sri Lanka,Sri Lanka,OR394051,2020
1,OR259173.1|2021-06,1III_A.2,1III_A,1III,OR259173,10609,104.2243835,2021,Nigeria: Oyo,Nigeria,OR259173,2021
2,OR259174.1|2021-07,1III_A.2,1III_A,1III,OR259174,10641,104.5387563,2021,Nigeria: Oyo,Nigeria,OR259174,2021
3,OR259175.1|2021-09,1III_A.2,1III_A,1III,OR259175,10595,104.0868455,2021,Nigeria: Oyo,Nigeria,OR259175,2021
4,OR821721.1|2022-09,1III_A.3,1III_A,1III,OR821721,10638,104.5092838,2022,Nepal,Nepal,OR821721,2022
5,OR821722.1|2022-09,1III_A.3,1III_A,1III,OR821722,10638,104.5092838,2022,Nepal,Nepal,OR821722,2022
6,OR821723.1|2022-09,1III_A.3,1III_A,1III,OR821723,10638,104.5092838,2022,Nepal,Nepal,OR821723,2022
7,OR804008.1|2023-04,1I_K.3,1I_K,1I,OR804008,10718,105.2952156,2023,Indonesia: (Bali),Indonesia,OR804008,2023
8,OR575179.2|2023-09-08,1V_E.1,1V_E,1V,OR575179,10446,102.6230475,2023,Italy,Italy,OR575179,2023
9,OR581581.1|2023-09-08,1V_E.1,1V_E,1V,OR581581,10473,102.8882994,2023,Italy,Italy,OR581581,2023
10,OR771117.1|2023-03-08,1V_E.1,1V_E,1V,OR771117,10617,104.3029767,2023,USA: FL,USA,OR771117,2023
11,OR771122.1|2023-05-17,1V_E.1,1V_E,1V,OR771122,10598,104.1163179,2023,USA: FL,USA,OR771122,2023
12,OR771159.1|2023-08-23,1V_B,1V_B,1V,OR771159,10608,104.2145594,2023,USA: FL,USA,OR771159,2023
13,OR771173.1|2023-09-13,1V_B,1V_B,1V,OR771173,10575,103.8903625,2023,USA: FL,USA,OR771173,2023
14,OR765987.1|2020,1III_A.2,1III_A,1III,OR765987,10165,99.86246193,2020,Kenya: Ukunda,Kenya,OR765987,2020
15,OR765988.1|2020,1III_A.2,1III_A,1III,OR765988,10165,99.86246193,2020,Kenya: Ukunda,Kenya,OR765988,2020
16,OR765989.1|2020,1III_A.2,1III_A,1III,OR765989,10165,99.86246193,2020,Kenya: Ukunda,Kenya,OR765989,2020
17,OR765990.1|2020,1III_A.2,1III_A,1III,OR765990,10165,99.86246193,2020,Kenya: Ukunda,Kenya,OR765990,2020
18,OR518216.1|2021-11-24,1V_E.1,1V_E,1V,OR518216,10593,104.0671972,2021,Brazil: Tocantins state (Darcinopolis),Brazil,OR518216,2021
19,OR518217.1|2021-11-25,1V_F,1V_F,1V,OR518217,10549,103.6349347,2021,Brazil: Tocantins state (Araguaina),Brazil,OR518217,2021
20,OR518218.1|2021-11-22,1V_F,1V_F,1V,OR518218,10552,103.6644071,2021,Brazil: Tocantins state (Palmas),Brazil,OR518218,2021
21,OR518219.1|2021-11-22,1V_E.1,1V_E,1V,OR518219,10559,103.7331761,2021,Brazil: Tocantins state (Palmas),Brazil,OR518219,2021
22,OR518220.1|2021-11-22,1V_E.1,1V_E,1V,OR518220,10552,103.6644071,2021,Brazil: Tocantins state (Palmas),Brazil,OR518220,2021
23,OR518221.1|2021-11-25,1V_F,1V_F,1V,OR518221,10596,104.0966696,2021,Brazil: Tocantins state (Duere),Brazil,OR518221,2021
24,OR518222.1|2021-11-23,1V_E.1,1V_E,1V,OR518222,10543,103.5759898,2021,Brazil: Tocantins state (Tocantinopolis),Brazil,OR518222,2021
25,OR518223.1|2021-11-24,1V_F,1V_F,1V,OR518223,10547,103.6152864,2021,Brazil: Tocantins state (Araguaina),Brazil,OR518223,2021
26,OR518224.1|2021-11-24,1V_E.1,1V_E,1V,OR518224,10596,104.0966696,2021,Brazil: Tocantins state (Nazare),Brazil,OR518224,2021
27,OR518225.1|2021-11-23,1V_F,1V_F,1V,OR518225,10578,103.919835,2021,Brazil: Tocantins state (Duere),Brazil,OR518225,2021
28,OR518226.1|2021-11-25,1V_E.1,1V_E,1V,OR518226,10602,104.1556145,2021,Brazil: Tocantins state (Palmas),Brazil,OR518226,2021
29,OR518227.1|2021-11-25,1V_E.1,1V_E,1V,OR518227,10573,103.8707142,2021,Brazil: Tocantins state (Palmas),Brazil,OR518227,2021
30,OR518228.1|2021-11-26,1V_F,1V_F,1V,OR518228,10551,103.654583,2021,Brazil: Tocantins state (Palmas),Brazil,OR518228,2021
31,OR518229.1|2021-11-26,1V_E.1,1V_E,1V,OR518229,10555,103.6938796,2021,Brazil: Tocantins state (Palmas),Brazil,OR518229,2021
32,OR518230.1|2021-11-28,1V_E.1,1V_E,1V,OR518230,10595,104.0868455,2021,Brazil: Tocantins state (Palmas),Brazil,OR518230,2021
33,OR518231.1|2021-11-29,1V_E.1,1V_E,1V,OR518231,10539,103.5366932,2021,Brazil: Tocantins state (Palmas),Brazil,OR518231,2021
34,OR518232.1|2021-11-29,1V_E.1,1V_E,1V,OR518232,10584,103.9787798,2021,Brazil: Tocantins state (Porto Nacional),Brazil,OR518232,2021
35,OR518233.1|2021-11-29,1V_E.1,1V_E,1V,OR518233,10558,103.723352,2021,Brazil: Tocantins state (Porto Nacional),Brazil,OR518233,2021
36,OR518234.1|2021-11-29,1V_E.1,1V_E,1V,OR518234,10596,104.0966696,2021,Brazil: Tocantins state (Porto Nacional),Brazil,OR518234,2021
37,OR518235.1|2021-11-29,1V_E.1,1V_E,1V,OR518235,10592,104.057373,2021,Brazil: Tocantins state (Porto Nacional),Brazil,OR518235,2021
38,OR518236.1|2021-11-29,1V_E.1,1V_E,1V,OR518236,10581,103.9493074,2021,Brazil: Tocantins state (Rio dos Bios),Brazil,OR518236,2021
39,OR518237.1|2021-11-29,1V_F,1V_F,1V,OR518237,10570,103.8412418,2021,Brazil: Tocantins state(Wanderlandia),Brazil,OR518237,2021
40,OR518238.1|2021-11-30,1V_E.1,1V_E,1V,OR518238,10595,104.0868455,2021,Brazil: Tocantins state(Porto Nacional),Brazil,OR518238,2021
41,OR518239.1|2021-11-30,1V_E.1,1V_E,1V,OR518239,10567,103.8117693,2021,Brazil: Tocantins state(Porto Nacional),Brazil,OR518239,2021
42,OR518240.1|2021-12-01,1V_E.1,1V_E,1V,OR518240,10562,103.7626486,2021,Brazil: Tocantins state(Porto Nacional),Brazil,OR518240,2021
43,OR518241.1|2021-12-02,1V_E.1,1V_E,1V,OR518241,10558,103.723352,2021,Brazil: Tocantins state(Palmas),Brazil,OR518241,2021
44,OR518242.1|2021-12-02,1V_D.1,1V_D,1V,OR518242,10560,103.7430003,2021,Brazil: Tocantins state(Porto Nacional),Brazil,OR518242,2021
45,OR518243.1|2021-12-02,1V_E.1,1V_E,1V,OR518243,10566,103.8019452,2021,Brazil: Tocantins state(Porto Nacional),Brazil,OR518243,2021
46,OR518244.1|2021-12-02,1V_E.1,1V_E,1V,OR518244,10551,103.654583,2021,Brazil: Tocantins state(Porto Nacional),Brazil,OR518244,2021
47,OR518245.1|2021-12-02,1V_E.1,1V_E,1V,OR518245,10639,104.519108,2021,Brazil: Tocantins state(Porto Nacional),Brazil,OR518245,2021
48,OR518246.1|2021-12-06,1V_E.1,1V_E,1V,OR518246,10569,103.8314176,2021,Brazil: Tocantins state(Porto Nacional),Brazil,OR518246,2021
49,OR518247.1|2021-12-06,1V_E.1,1V_E,1V,OR518247,10548,103.6251105,2021,Brazil: Tocantins state(Porto Nacional),Brazil,OR518247,2021
50,OR518248.1|2021-12-06,1V_E.1,1V_E,1V,OR518248,10568,103.8215935,2021,Brazil: Tocantins state(Porto Nacional),Brazil,OR518248,2021
51,OR518249.1|2021-12-06,1V_E.1,1V_E,1V,OR518249,10576,103.9001867,2021,Brazil: Tocantins state(Porto Nacional),Brazil,OR518249,2021
52,OR518250.1|2021-12-06,1V_E.1,1V_E,1V,OR518250,10597,104.1064938,2021,Brazil: Tocantins state(Porto Nacional),Brazil,OR518250,2021
53,OR518251.1|2021-12-06,1V_E.1,1V_E,1V,OR518251,10621,104.3422733,2021,Brazil: Tocantins state(Porto Nacional),Brazil,OR518251,2021
54,OR518252.1|2021-12-06,1V_D.1,1V_D,1V,OR518252,10586,103.9984281,2021,Brazil: Tocantins state(Porto Nacional),Brazil,OR518252,2021
55,OR518253.1|2021-12-08,1V_E.1,1V_E,1V,OR518253,10596,104.0966696,2021,Brazil: Tocantins state(Porto Nacional),Brazil,OR518253,2021
56,OR518254.1|2021-12-08,1V_E.1,1V_E,1V,OR518254,10579,103.9296591,2021,Brazil: Tocantins state(Porto Nacional),Brazil,OR518254,2021
57,OR518255.1|2021-12-08,1V_E.1,1V_E,1V,OR518255,10644,104.5682287,2021,Brazil: Tocantins state(Porto Nacional),Brazil,OR518255,2021
58,OR518256.1|2021-12-08,1V_E.1,1V_E,1V,OR518256,10640,104.5289321,2021,Brazil: Tocantins state(Porto Nacional),Brazil,OR518256,2021
59,OR518257.1|2022-01-17,1V_E.1,1V_E,1V,OR518257,10551,103.654583,2022,Brazil: Tocantins state(Palmas),Brazil,OR518257,2022
60,OR518258.1|2022-01-23,1V_F,1V_F,1V,OR518258,10319,101.3753807,2022,Brazil: Tocantins state(Palmas),Brazil,OR518258,2022
61,OR518259.1|2022-02-08,1V_E.1,1V_E,1V,OR518259,10570,103.8412418,2022,Brazil: Tocantins state(Aguiarnopolis),Brazil,OR518259,2022
62,OR518260.1|2022-02-10,1V_E.1,1V_E,1V,OR518260,10537,103.5170449,2022,Brazil: Tocantins state(Rio dos Bois),Brazil,OR518260,2022
63,OR518261.1|2022-03-04,1V_E.1,1V_E,1V,OR518261,10561,103.7528244,2022,Brazil: Tocantins state(Colinas do Tocantins),Brazil,OR518261,2022
64,OR518262.1|2022-03-10,1V_E.1,1V_E,1V,OR518262,10582,103.9591315,2022,Brazil: Tocantins state(Tocantinopolis),Brazil,OR518262,2022
65,OR518263.1|2022-03-11,1V_E.1,1V_E,1V,OR518263,10562,103.7626486,2022,Brazil: Tocantins state(Tocantinopolis),Brazil,OR518263,2022
66,OR518264.1|2022-03-14,1V_E.1,1V_E,1V,OR518264,10553,103.6742313,2022,Brazil: Tocantins state(Tocantinopolis),Brazil,OR518264,2022
67,OR518265.1|2022-03-15,1V_E.1,1V_E,1V,OR518265,10557,103.7135279,2022,Brazil: Tocantins state(Sao Bento do Tocantins),Brazil,OR518265,2022
68,OR518266.1|2022-03-20,1V_E.1,1V_E,1V,OR518266,10652,104.6468219,2022,Brazil: Tocantins state(Palmas),Brazil,OR518266,2022
69,OR518267.1|2022-03-21,1V_E.1,1V_E,1V,OR518267,10553,103.6742313,2022,Brazil: Tocantins state(Itapora do Tocantins),Brazil,OR518267,2022
70,OR518268.1|2022-03-21,1V_E.1,1V_E,1V,OR518268,10556,103.7037037,2022,Brazil: Tocantins state(Itapora do Tocantins),Brazil,OR518268,2022
71,OR518269.1|2022-06-19,1V_E.1,1V_E,1V,OR518269,10610,104.2342077,2022,Brazil: Tocantins state(Tocantinopolis),Brazil,OR518269,2022
72,OR518270.1|2022-06-24,1V_E.1,1V_E,1V,OR518270,10617,104.3029767,2022,Brazil: Tocantins state(Tocantinia),Brazil,OR518270,2022
73,OR518271.1|2022-06-28,1V_E.1,1V_E,1V,OR518271,10610,104.2342077,2022,Brazil: Tocantins state(Tocantinia),Brazil,OR518271,2022
74,OR518272.1|2022-07-25,1V_E.1,1V_E,1V,OR518272,10610,104.2342077,2022,Brazil: Tocantins state(Dianopolis),Brazil,OR518272,2022
75,OR654269.1|2023-04-11,1V_E.1,1V_E,1V,OR654269,10575,103.8903625,2023,USA: FL,USA,OR654269,2023
76,OR654271.1|2023-05-19,1V_E.1,1V_E,1V,OR654271,10564,103.7822969,2023,USA: FL,USA,OR654271,2023
77,OR654272.1|2023-05-20,1V_D.2,1V_D,1V,OR654272,10532,103.4679242,2023,USA: FL,USA,OR654272,2023
78,OR654273.1|2023-05-25,1V_D.1.1,1V_D,1V,OR654273,10575,103.8903625,2023,USA: FL,USA,OR654273,2023
79,OR654275.1|2023-05-22,1V_D.1.1,1V_D,1V,OR654275,10477,102.927596,2023,USA: FL,USA,OR654275,2023
80,OR654282.1|2023-07-01,1V_D.1.2,1V_D,1V,OR654282,10575,103.8903625,2023,USA: FL,USA,OR654282,2023
81,OR229954.1|2020-07,1V_E.2,1V_E,1V,OR229954,10665,104.7745358,2020,Guadeloupe,Guadeloupe,OR229954,2020
82,OR229955.1|2020-11,1V_E.2,1V_E,1V,OR229955,10665,104.7745358,2020,Guadeloupe,Guadeloupe,OR229955,2020
83,OR229956.1|2020-11,1V_E.2,1V_E,1V,OR229956,10665,104.7745358,2020,Guadeloupe,Guadeloupe,OR229956,2020
84,OR229957.1|2020-10,1V_D.1.1,1V_D,1V,OR229957,10665,104.7745358,2020,Guadeloupe,Guadeloupe,OR229957,2020
85,OR258403.1|2022-03-23,1V_D.1.1,1V_D,1V,OR258403,10143,99.64633068,2022,"Brazil: Angelica, Mato Grosso do Sul",Brazil,OR258403,2022
86,OR258404.1|2022-03-26,1V_E.1,1V_E,1V,OR258404,10026,98.49690539,2022,"Brazil: Campo Grande, Mato Grosso do Sul",Brazil,OR258404,2022
87,OR258405.1|2022-03-25,1V_E.1,1V_E,1V,OR258405,10079,99.01758522,2022,"Brazil: Chapadao do Sul, Mato Grosso do Sul",Brazil,OR258405,2022
88,OR258406.1|2022-03-25,1V_D.1.1,1V_D,1V,OR258406,10147,99.68562727,2022,"Brazil: Chapadao do Sul, Mato Grosso do Sul",Brazil,OR258406,2022
89,OR258407.1|2022-03-26,1V_E.1,1V_E,1V,OR258407,10031,98.54602613,2022,"Brazil: Chapadao do Sul, Mato Grosso do Sul",Brazil,OR258407,2022
90,OR258408.1|2022-03-28,1V_D.1.1,1V_D,1V,OR258408,10023,98.46743295,2022,"Brazil: Angelica, Mato Grosso do Sul",Brazil,OR258408,2022
91,OR258409.1|2022-03-28,1V_E.1,1V_E,1V,OR258409,10047,98.7032125,2022,"Brazil: Angelica, Mato Grosso do Sul",Brazil,OR258409,2022
92,OR258410.1|2022-03-28,1V_E.1,1V_E,1V,OR258410,10046,98.69338835,2022,"Brazil: Terenos, Mato Grosso do Sul",Brazil,OR258410,2022
93,OR258411.1|2022-03-28,1V_D.1.1,1V_D,1V,OR258411,10025,98.48708125,2022,"Brazil: Sao Gabriel do Oeste, Mato Grosso do Sul",Brazil,OR258411,2022
94,OR258412.1|2022-03-28,1V_E.1,1V_E,1V,OR258412,10024,98.4772571,2022,"Brazil: Sao Gabriel do Oeste, Mato Grosso do Sul",Brazil,OR258412,2022
95,OR258413.1|2022-03-22,1V_E.1,1V_E,1V,OR258413,10024,98.4772571,2022,"Brazil: Coronel Sapucaia, Mato Grosso do Sul",Brazil,OR258413,2022
96,OR258414.1|2022-03-28,1V_E.1,1V_E,1V,OR258414,10148,99.69545142,2022,"Brazil: Sidrolandia, Mato Grosso do Sul",Brazil,OR258414,2022
97,OR258415.1|2022-03-28,1V_D.1.1,1V_D,1V,OR258415,10028,98.51655369,2022,"Brazil: Tres Lagoas, Mato Grosso do Sul",Brazil,OR258415,2022
98,OR258416.1|2022-03-25,1V_D.1.1,1V_D,1V,OR258416,10047,98.7032125,2022,"Brazil: Ivinhema, Mato Grosso do Sul",Brazil,OR258416,2022
99,OR258417.1|2022-03-24,1V_D.1.1,1V_D,1V,OR258417,10031,98.54602613,2022,"Brazil: Ivinhema, Mato Grosso do Sul",Brazil,OR258417,2022
100,OR258418.1|2022-03-28,1V_E.1,1V_E,1V,OR258418,10064,98.87022301,2022,"Brazil: Ivinhema, Mato Grosso do Sul",Brazil,OR258418,2022
101,OR258419.1|2022-03-30,1V_D.1.1,1V_D,1V,OR258419,10134,99.55791335,2022,"Brazil: Itapora, Mato Grosso do Sul",Brazil,OR258419,2022
102,OR258420.1|2022-03-29,1V_E.1,1V_E,1V,OR258420,10056,98.79162983,2022,"Brazil: Itapora, Mato Grosso do Sul",Brazil,OR258420,2022
103,OR258421.1|2022-03-28,1V_D.1.1,1V_D,1V,OR258421,10089,99.1158267,2022,"Brazil: Dourados, Mato Grosso do Sul",Brazil,OR258421,2022
104,OR258422.1|2022-03-30,1V_D.1.1,1V_D,1V,OR258422,10021,98.44778465,2022,"Brazil: Dourados, Mato Grosso do Sul",Brazil,OR258422,2022
105,OR258423.1|2022-03-30,1V_D.1.1,1V_D,1V,OR258423,10051,98.74250909,2022,"Brazil: Dourados, Mato Grosso do Sul",Brazil,OR258423,2022
106,OR258424.1|2022-03-31,1V_E.1,1V_E,1V,OR258424,10036,98.59514687,2022,"Brazil: Tacuru, Mato Grosso do Sul",Brazil,OR258424,2022
107,OR258425.1|2022-03-29,1V_E.1,1V_E,1V,OR258425,10039,98.62461931,2022,"Brazil: Aparecida do Taboado, Mato Grosso do Sul",Brazil,OR258425,2022
108,OR258426.1|2022-03-30,1V_E.1,1V_E,1V,OR258426,10034,98.57549858,2022,"Brazil: Aparecida do Taboado, Mato Grosso do Sul",Brazil,OR258426,2022
109,OR258427.1|2022-03-31,1V_E.1,1V_E,1V,OR258427,10138,99.59720994,2022,"Brazil: Terenos, Mato Grosso do Sul",Brazil,OR258427,2022
110,OR258428.1|2022-03-31,1V_D.1.1,1V_D,1V,OR258428,10134,99.55791335,2022,"Brazil: Ribas do Rio Pardo, Mato Grosso do Sul",Brazil,OR258428,2022
111,OR258429.1|2022-03-28,1V_D.1.1,1V_D,1V,OR258429,10134,99.55791335,2022,"Brazil: Amambai, Mato Grosso do Sul",Brazil,OR258429,2022
112,OR258430.1|2022-03-30,1V_D.1.1,1V_D,1V,OR258430,10173,99.94105511,2022,"Brazil: Amambai, Mato Grosso do Sul",Brazil,OR258430,2022
113,OR258431.1|2022-03-28,1V_D.1.1,1V_D,1V,OR258431,10043,98.66391591,2022,"Brazil: Rio Verde de Mato Grosso, Mato Grosso do Sul",Brazil,OR258431,2022
114,OR258432.1|2022-03-30,1V_A,1V_A,1V,OR258432,10031,98.54602613,2022,"Brazil: Chapadao do Sul, Mato Grosso do Sul",Brazil,OR258432,2022
115,OR258433.1|2022-03-29,1V_E.1,1V_E,1V,OR258433,10030,98.53620198,2022,"Brazil: Coronel Sapucaia, Mato Grosso do Sul",Brazil,OR258433,2022
116,OR258434.1|2022-03-28,1V_D.1.1,1V_D,1V,OR258434,10155,99.76422045,2022,"Brazil: Campo Grande, Mato Grosso do Sul",Brazil,OR258434,2022
117,OR258435.1|2022-03-29,1V_D.1.1,1V_D,1V,OR258435,10150,99.71509972,2022,"Brazil: Campo Grande, Mato Grosso do Sul",Brazil,OR258435,2022
118,OR258436.1|2022-03-29,1V_D.1.1,1V_D,1V,OR258436,10158,99.7936929,2022,"Brazil: Campo Grande, Mato Grosso do Sul",Brazil,OR258436,2022
119,OR258437.1|2022-03-29,1V_F,1V_F,1V,OR258437,10094,99.16494744,2022,"Brazil: Campo Grande, Mato Grosso do Sul",Brazil,OR258437,2022
120,OR258438.1|2022-04-04,1V_E.1,1V_E,1V,OR258438,10125,99.46949602,2022,"Brazil: Douradina, Mato Grosso do Sul",Brazil,OR258438,2022
121,OR258439.1|2022-04-04,1V_D.1.1,1V_D,1V,OR258439,10057,98.80145397,2022,"Brazil: Paranhos, Mato Grosso do Sul",Brazil,OR258439,2022
122,OR258440.1|2022-04-02,1V_E.1,1V_E,1V,OR258440,10046,98.69338835,2022,"Brazil: Coxim, Mato Grosso do Sul",Brazil,OR258440,2022
123,OR258441.1|2022-04-01,1V_D.1.1,1V_D,1V,OR258441,10021,98.44778465,2022,"Brazil: Terenos, Mato Grosso do Sul",Brazil,OR258441,2022
124,OR258442.1|2022-04-06,1V_D.1.1,1V_D,1V,OR258442,10021,98.44778465,2022,"Brazil: Ribas do Rio Pardo, Mato Grosso do Sul",Brazil,OR258442,2022
125,OR258443.1|2022-04-03,1V_D.1.1,1V_D,1V,OR258443,10116,99.38107869,2022,"Brazil: Campo Grande, Mato Grosso do Sul",Brazil,OR258443,2022
126,OR258444.1|2022-04-01,1V_E.1,1V_E,1V,OR258444,10047,98.7032125,2022,"Brazil: Tacuru, Mato Grosso do Sul",Brazil,OR258444,2022
127,OR258445.1|2022-04-04,1V_E.1,1V_E,1V,OR258445,10021,98.44778465,2022,"Brazil: Ivinhema, Mato Grosso do Sul",Brazil,OR258445,2022
128,OR258446.1|2022-04-04,1V_E.1,1V_E,1V,OR258446,10112,99.3417821,2022,"Brazil: Ivinhema, Mato Grosso do Sul",Brazil,OR258446,2022
129,OR258447.1|2022-04-05,1V_D.1.1,1V_D,1V,OR258447,10101,99.23371648,2022,"Brazil: Ivinhema, Mato Grosso do Sul",Brazil,OR258447,2022
130,OR258448.1|2022-04-01,1V_D.1.1,1V_D,1V,OR258448,10136,99.57756165,2022,"Brazil: Amambai, Mato Grosso do Sul",Brazil,OR258448,2022
131,OR258449.1|2022-04-01,1V_E.1,1V_E,1V,OR258449,10135,99.5677375,2022,"Brazil: Amambai, Mato Grosso do Sul",Brazil,OR258449,2022
132,OR258450.1|2022-04-05,1V_E.1,1V_E,1V,OR258450,10127,99.48914432,2022,"Brazil: Tres Lagoas, Mato Grosso do Sul",Brazil,OR258450,2022
133,OR258451.1|2022-04-05,1V_E.1,1V_E,1V,OR258451,10021,98.44778465,2022,"Brazil: Tres Lagoas, Mato Grosso do Sul",Brazil,OR258451,2022
134,OR258452.1|2022-04-05,1V_D.1.1,1V_D,1V,OR258452,10136,99.57756165,2022,"Brazil: Jardim, Mato Grosso do Sul",Brazil,OR258452,2022
135,OR258453.1|2022-04-05,1V_D.1.1,1V_D,1V,OR258453,10027,98.50672954,2022,"Brazil: Campo Grande, Mato Grosso do Sul",Brazil,OR258453,2022
136,OR258454.1|2022-04-06,1V_E.1,1V_E,1V,OR258454,10165,99.86246193,2022,"Brazil: Aparecida do Taboado, Mato Grosso do Sul",Brazil,OR258454,2022
137,OR258455.1|2022-04-06,1V_E.1,1V_E,1V,OR258455,10021,98.44778465,2022,"Brazil: Aparecida do Taboado, Mato Grosso do Sul",Brazil,OR258455,2022
138,OR258456.1|2022-04-06,1V_E.1,1V_E,1V,OR258456,10121,99.43019943,2022,"Brazil: Aparecida do Taboado, Mato Grosso do Sul",Brazil,OR258456,2022
139,OR258457.1|2022-03-31,1V_D.1.1,1V_D,1V,OR258457,10023,98.46743295,2022,"Brazil: Jardim, Mato Grosso do Sul",Brazil,OR258457,2022
140,OR258458.1|2022-03-31,1V_D.1.1,1V_D,1V,OR258458,10021,98.44778465,2022,"Brazil: Jardim, Mato Grosso do Sul",Brazil,OR258458,2022
141,OR258459.1|2022-04-05,1V_D.1.1,1V_D,1V,OR258459,10021,98.44778465,2022,"Brazil: Chapadao do Sul, Mato Grosso do Sul",Brazil,OR258459,2022
142,OR258460.1|2022-04-06,1V_A,1V_A,1V,OR258460,10021,98.44778465,2022,"Brazil: Mundo Novo, Mato Grosso do Sul",Brazil,OR258460,2022
143,OR258461.1|2022-04-05,1V_D.1.1,1V_D,1V,OR258461,10035,98.58532272,2022,"Brazil: Terenos, Mato Grosso do Sul",Brazil,OR258461,2022
144,OR258462.1|2022-04-05,1V_A,1V_A,1V,OR258462,10021,98.44778465,2022,"Brazil: Terenos, Mato Grosso do Sul",Brazil,OR258462,2022
145,OR258463.1|2022-04-06,1V_D.1.1,1V_D,1V,OR258463,10044,98.67374005,2022,"Brazil: Terenos, Mato Grosso do Sul",Brazil,OR258463,2022
146,OR258464.1|2022-04-06,1V_E.1,1V_E,1V,OR258464,10127,99.48914432,2022,"Brazil: Ribas do Rio Pardo, Mato Grosso do Sul",Brazil,OR258464,2022
147,OR258465.1|2022-04-06,1V_D.1.1,1V_D,1V,OR258465,10025,98.48708125,2022,"Brazil: Ribas do Rio Pardo, Mato Grosso do Sul",Brazil,OR258465,2022
148,OR258466.1|2022-04-07,1V_D.1.1,1V_D,1V,OR258466,10108,99.30248551,2022,"Brazil: Ribas do Rio Pardo, Mato Grosso do Sul",Brazil,OR258466,2022
149,OR258467.1|2022-04-07,1V_E.1,1V_E,1V,OR258467,10132,99.53826506,2022,"Brazil: Ribas do Rio Pardo, Mato Grosso do Sul",Brazil,OR258467,2022
150,OR258468.1|2022-04-12,1V_D.1.1,1V_D,1V,OR258468,10021,98.44778465,2022,"Brazil: Mundo Novo, Mato Grosso do Sul",Brazil,OR258468,2022
151,OR258469.1|2022-04-12,1V_D.1.1,1V_D,1V,OR258469,10089,99.1158267,2022,"Brazil: Navirai, Mato Grosso do Sul",Brazil,OR258469,2022
152,OR258470.1|2022-04-08,1V_D.1.1,1V_D,1V,OR258470,10102,99.24354062,2022,"Brazil: Jardim, Mato Grosso do Sul",Brazil,OR258470,2022
153,OR258471.1|2022-04-12,1V_D.1.1,1V_D,1V,OR258471,10021,98.44778465,2022,"Brazil: Jardim, Mato Grosso do Sul",Brazil,OR258471,2022
154,OR258472.1|2022-04-12,1V_D.1.1,1V_D,1V,OR258472,10021,98.44778465,2022,"Brazil: Jardim, Mato Grosso do Sul",Brazil,OR258472,2022
155,OR258473.1|2022-04-12,1V_D.1.1,1V_D,1V,OR258473,10021,98.44778465,2022,"Brazil: Jardim, Mato Grosso do Sul",Brazil,OR258473,2022
156,OR258474.1|2022-04-11,1V_D.1.1,1V_D,1V,OR258474,10021,98.44778465,2022,"Brazil: Angelica, Mato Grosso do Sul",Brazil,OR258474,2022
157,OR258475.1|2022-04-12,1V_D.1.1,1V_D,1V,OR258475,10140,99.61685824,2022,"Brazil: Angelica, Mato Grosso do Sul",Brazil,OR258475,2022
158,OR258476.1|2022-04-06,1V_E.1,1V_E,1V,OR258476,10046,98.69338835,2022,"Brazil: Itapora, Mato Grosso do Sul",Brazil,OR258476,2022
159,OR258477.1|2022-04-06,1V_E.1,1V_E,1V,OR258477,10021,98.44778465,2022,"Brazil: Itapora, Mato Grosso do Sul",Brazil,OR258477,2022
160,OR258478.1|2022-04-05,1V_D.1.1,1V_D,1V,OR258478,10021,98.44778465,2022,"Brazil: Itapora, Mato Grosso do Sul",Brazil,OR258478,2022
161,OR258479.1|2022-04-11,1V_E.1,1V_E,1V,OR258479,10030,98.53620198,2022,"Brazil: Chapadao do Sul, Mato Grosso do Sul",Brazil,OR258479,2022
162,OR258480.1|2022-04-12,1V_E.1,1V_E,1V,OR258480,10021,98.44778465,2022,"Brazil: Aparecida do Taboado, Mato Grosso do Sul",Brazil,OR258480,2022
163,OR258481.1|2022-04-12,1V_E.1,1V_E,1V,OR258481,10021,98.44778465,2022,"Brazil: Aparecida do Taboado, Mato Grosso do Sul",Brazil,OR258481,2022
164,OR258482.1|2022-04-04,1V_D.1.1,1V_D,1V,OR258482,10142,99.63650653,2022,"Brazil: Dourados, Mato Grosso do Sul",Brazil,OR258482,2022
165,OR258483.1|2022-04-04,1V_D.1.1,1V_D,1V,OR258483,10021,98.44778465,2022,"Brazil: Dourados, Mato Grosso do Sul",Brazil,OR258483,2022
166,OR258484.1|2022-04-14,1V_E.1,1V_E,1V,OR258484,10021,98.44778465,2022,"Brazil: Chapadao do Sul, Mato Grosso do Sul",Brazil,OR258484,2022
167,OR258485.1|2022-04-14,1V_E.1,1V_E,1V,OR258485,10021,98.44778465,2022,"Brazil: Chapadao do Sul, Mato Grosso do Sul",Brazil,OR258485,2022
168,OR258486.1|2022-04-10,1V_D.1.1,1V_D,1V,OR258486,10100,99.22389233,2022,"Brazil: Campo Grande, Mato Grosso do Sul",Brazil,OR258486,2022
169,OR258487.1|2022-04-06,1V_E.1,1V_E,1V,OR258487,10021,98.44778465,2022,"Brazil: Coxim, Mato Grosso do Sul",Brazil,OR258487,2022
170,OR258488.1|2022-04-13,1V_D.1.1,1V_D,1V,OR258488,10043,98.66391591,2022,"Brazil: Corguinho, Mato Grosso do Sul",Brazil,OR258488,2022
171,OR258489.1|2022-04-13,1V_D.1.1,1V_D,1V,OR258489,10122,99.44002358,2022,"Brazil: Corguinho, Mato Grosso do Sul",Brazil,OR258489,2022
172,OR258490.1|2022-04-12,1V_D.1.1,1V_D,1V,OR258490,10069,98.91934375,2022,"Brazil: Dourados, Mato Grosso do Sul",Brazil,OR258490,2022
173,OR258491.1|2022-04-12,1V_D.1.1,1V_D,1V,OR258491,10021,98.44778465,2022,"Brazil: Ribas do Rio Pardo, Mato Grosso do Sul",Brazil,OR258491,2022
174,OR258492.1|2022-04-12,1V_D.1.1,1V_D,1V,OR258492,10021,98.44778465,2022,"Brazil: Fatima do Sul, Mato Grosso do Sul",Brazil,OR258492,2022
175,OR258493.1|2022-04-12,1V_D.1.1,1V_D,1V,OR258493,10021,98.44778465,2022,"Brazil: Bataguassu, Mato Grosso do Sul",Brazil,OR258493,2022
176,OR258494.1|2022-04-12,1V_E.1,1V_E,1V,OR258494,10048,98.71303664,2022,"Brazil: Bataguassu, Mato Grosso do Sul",Brazil,OR258494,2022
177,OR258495.1|2022-04-13,1V_E.1,1V_E,1V,OR258495,10051,98.74250909,2022,"Brazil: Cassilandia, Mato Grosso do Sul",Brazil,OR258495,2022
178,OR258496.1|2022-04-15,1V_E.1,1V_E,1V,OR258496,10084,99.06670596,2022,"Brazil: Chapadao do Sul, Mato Grosso do Sul",Brazil,OR258496,2022
179,OR258497.1|2022-04-15,1V_D.1.1,1V_D,1V,OR258497,10157,99.78386875,2022,"Brazil: Chapadao do Sul, Mato Grosso do Sul",Brazil,OR258497,2022
180,OR258498.1|2022-04-15,1V_E.1,1V_E,1V,OR258498,10021,98.44778465,2022,"Brazil: Chapadao do Sul, Mato Grosso do Sul",Brazil,OR258498,2022
181,OR258499.1|2022-04-15,1V_E.1,1V_E,1V,OR258499,10052,98.75233324,2022,"Brazil: Chapadao do Sul, Mato Grosso do Sul",Brazil,OR258499,2022
182,OR258500.1|2022-04-15,1V_D.1.1,1V_D,1V,OR258500,10075,98.97828863,2022,"Brazil: Chapadao do Sul, Mato Grosso do Sul",Brazil,OR258500,2022
183,OR258501.1|2022-04-14,1V_D.1.1,1V_D,1V,OR258501,10021,98.44778465,2022,"Brazil: Ribas do Rio Pardo, Mato Grosso do Sul",Brazil,OR258501,2022
184,OR258502.1|2022-05-19,1V_D.1.1,1V_D,1V,OR258502,10157,99.78386875,2022,"Brazil: Campo Grande, Mato Grosso do Sul",Brazil,OR258502,2022
185,OR258503.1|2022-05-02,1V_E.1,1V_E,1V,OR258503,10149,99.70527557,2022,"Brazil: Deodapolis, Mato Grosso do Sul",Brazil,OR258503,2022
186,OR258504.1|2022-05-01,1V_D.1.1,1V_D,1V,OR258504,10026,98.49690539,2022,"Brazil: Bandeirantes, Mato Grosso do Sul",Brazil,OR258504,2022
187,OR258505.1|2022-04-18,1V_D.1.1,1V_D,1V,OR258505,10160,99.81334119,2022,"Brazil: Ribas do Rio Pardo, Mato Grosso do Sul",Brazil,OR258505,2022
188,OR258506.1|2022-04-18,1V_D.1.1,1V_D,1V,OR258506,10125,99.46949602,2022,"Brazil: Ribas do Rio Pardo, Mato Grosso do Sul",Brazil,OR258506,2022
189,OR258507.1|2022-04-18,1V_D.1.1,1V_D,1V,OR258507,10174,99.95087926,2022,"Brazil: Ribas do Rio Pardo, Mato Grosso do Sul",Brazil,OR258507,2022
190,OR258508.1|2022-04-13,1V_E.1,1V_E,1V,OR258508,10021,98.44778465,2022,"Brazil: Sidrolandia, Mato Grosso do Sul",Brazil,OR258508,2022
191,OR258509.1|2022-04-13,1V_E.1,1V_E,1V,OR258509,10104,99.26318892,2022,"Brazil: Sidrolandia, Mato Grosso do Sul",Brazil,OR258509,2022
192,OR258510.1|2022-04-14,1V_E.1,1V_E,1V,OR258510,10021,98.44778465,2022,"Brazil: Ivinhema, Mato Grosso do Sul",Brazil,OR258510,2022
193,OR258511.1|2022-04-14,1V_E.1,1V_E,1V,OR258511,10107,99.29266136,2022,"Brazil: Ivinhema, Mato Grosso do Sul",Brazil,OR258511,2022
194,OR258512.1|2022-04-14,1V_D.1.1,1V_D,1V,OR258512,10021,98.44778465,2022,"Brazil: Ivinhema, Mato Grosso do Sul",Brazil,OR258512,2022
195,OR258513.1|2022-04-15,1V_D.1.1,1V_D,1V,OR258513,10136,99.57756165,2022,"Brazil: Ivinhema, Mato Grosso do Sul",Brazil,OR258513,2022
196,OR258514.1|2022-04-30,1V_D.1.1,1V_D,1V,OR258514,10021,98.44778465,2022,"Brazil: Bandeirantes, Mato Grosso do Sul",Brazil,OR258514,2022
197,OR258515.1|2022-04-05,1V_E.1,1V_E,1V,OR258515,10037,98.60497102,2022,"Brazil: Jardim, Mato Grosso do Sul",Brazil,OR258515,2022
198,OR258516.1|2022-04-18,1V_D.1.1,1V_D,1V,OR258516,10025,98.48708125,2022,"Brazil: Amambai, Mato Grosso do Sul",Brazil,OR258516,2022
199,OR258517.1|2022-04-18,1V_D.1.1,1V_D,1V,OR258517,10135,99.5677375,2022,"Brazil: Amambai, Mato Grosso do Sul",Brazil,OR258517,2022
200,OR258518.1|2022-04-18,1V_D.1.1,1V_D,1V,OR258518,10099,99.21406818,2022,"Brazil: Amambai, Mato Grosso do Sul",Brazil,OR258518,2022
201,OR258519.1|2022-04-19,1V_D.1.1,1V_D,1V,OR258519,10165,99.86246193,2022,"Brazil: Amambai, Mato Grosso do Sul",Brazil,OR258519,2022
202,OR258520.1|2022-04-17,1V_E.1,1V_E,1V,OR258520,10021,98.44778465,2022,"Brazil: Chapadao do Sul, Mato Grosso do Sul",Brazil,OR258520,2022
203,OR258521.1|2022-04-12,1V_E.1,1V_E,1V,OR258521,10075,98.97828863,2022,"Brazil: Campo Grande, Mato Grosso do Sul",Brazil,OR258521,2022
204,OR258522.1|2022-04-13,1V_D.1.1,1V_D,1V,OR258522,10145,99.66597898,2022,"Brazil: Campo Grande, Mato Grosso do Sul",Brazil,OR258522,2022
205,OR258523.1|2022-04-12,1V_F,1V_F,1V,OR258523,10158,99.7936929,2022,"Brazil: Campo Grande, Mato Grosso do Sul",Brazil,OR258523,2022
206,OR258524.1|2022-04-13,1V_D.1.1,1V_D,1V,OR258524,10140,99.61685824,2022,"Brazil: Campo Grande, Mato Grosso do Sul",Brazil,OR258524,2022
207,OR258525.1|2022-04-17,1V_E.1,1V_E,1V,OR258525,10112,99.3417821,2022,"Brazil: Chapadao do Sul, Mato Grosso do Sul",Brazil,OR258525,2022
208,OR258526.1|2022-04-17,1V_E.1,1V_E,1V,OR258526,10097,99.19441988,2022,"Brazil: Chapadao do Sul, Mato Grosso do Sul",Brazil,OR258526,2022
209,OR258527.1|2022-04-17,1V_E.1,1V_E,1V,OR258527,10021,98.44778465,2022,"Brazil: Chapadao do Sul, Mato Grosso do Sul",Brazil,OR258527,2022
210,OR258528.1|2022-04-17,1V_E.1,1V_E,1V,OR258528,10021,98.44778465,2022,"Brazil: Chapadao do Sul, Mato Grosso do Sul",Brazil,OR258528,2022
211,OR258529.1|2022-04-19,1V_D.1.1,1V_D,1V,OR258529,10190,100.1080656,2022,"Brazil: Jardim, Mato Grosso do Sul",Brazil,OR258529,2022
212,OR258530.1|2022-04-18,1V_D.1.1,1V_D,1V,OR258530,10145,99.66597898,2022,"Brazil: Jardim, Mato Grosso do Sul",Brazil,OR258530,2022
213,OR258531.1|2022-04-19,1V_D.1.1,1V_D,1V,OR258531,10143,99.64633068,2022,"Brazil: Jardim, Mato Grosso do Sul",Brazil,OR258531,2022
214,OR258532.1|2022-04-19,1V_E.1,1V_E,1V,OR258532,10126,99.47932017,2022,"Brazil: Paraiso das Aguas, Mato Grosso do Sul",Brazil,OR258532,2022
215,OR258533.1|2022-04-18,1V_D.1.1,1V_D,1V,OR258533,10124,99.45967187,2022,"Brazil: Angelica, Mato Grosso do Sul",Brazil,OR258533,2022
216,OR258534.1|2022-04-17,1V_D.1.1,1V_D,1V,OR258534,10021,98.44778465,2022,"Brazil: Ribas do Rio Pardo, Mato Grosso do Sul",Brazil,OR258534,2022
217,OR258535.1|2022-04-17,1V_D.1.1,1V_D,1V,OR258535,10021,98.44778465,2022,"Brazil: Coronel Sapucaia, Mato Grosso do Sul",Brazil,OR258535,2022
218,OR258536.1|2022-04-16,1V_E.1,1V_E,1V,OR258536,10024,98.4772571,2022,"Brazil: Coronel Sapucaia, Mato Grosso do Sul",Brazil,OR258536,2022
219,OR258537.1|2022-04-16,1V_D.1.1,1V_D,1V,OR258537,10100,99.22389233,2022,"Brazil: Campo Grande, Mato Grosso do Sul",Brazil,OR258537,2022
220,OR258538.1|2022-04-16,1V_E.1,1V_E,1V,OR258538,10021,98.44778465,2022,"Brazil: Chapadao do Sul, Mato Grosso do Sul",Brazil,OR258538,2022
221,OR258539.1|2022-04-16,1V_E.1,1V_E,1V,OR258539,10021,98.44778465,2022,"Brazil: Chapadao do Sul, Mato Grosso do Sul",Brazil,OR258539,2022
222,OR258540.1|2022-04-17,1V_E.1,1V_E,1V,OR258540,10135,99.5677375,2022,"Brazil: Chapadao do Sul, Mato Grosso do Sul",Brazil,OR258540,2022
223,OR258541.1|2022-04-17,1V_E.1,1V_E,1V,OR258541,10155,99.76422045,2022,"Brazil: Chapadao do Sul, Mato Grosso do Sul",Brazil,OR258541,2022
224,OR258542.1|2022-04-17,1V_E.1,1V_E,1V,OR258542,10160,99.81334119,2022,"Brazil: Chapadao do Sul, Mato Grosso do Sul",Brazil,OR258542,2022
225,OR258543.1|2022-04-17,1V_E.1,1V_E,1V,OR258543,10030,98.53620198,2022,"Brazil: Chapadao do Sul, Mato Grosso do Sul",Brazil,OR258543,2022
226,OR258544.1|2022-04-16,1V_E.1,1V_E,1V,OR258544,10022,98.4576088,2022,"Brazil: Chapadao do Sul, Mato Grosso do Sul",Brazil,OR258544,2022
227,OR258545.1|2022-04-16,1V_E.1,1V_E,1V,OR258545,10217,100.3733176,2022,"Brazil: Chapadao do Sul, Mato Grosso do Sul",Brazil,OR258545,2022
228,OR258546.1|2022-04-16,1V_E.1,1V_E,1V,OR258546,10036,98.59514687,2022,"Brazil: Ribas do Rio Pardo, Mato Grosso do Sul",Brazil,OR258546,2022
229,OR258547.1|2022-04-16,1V_D.1.1,1V_D,1V,OR258547,10107,99.29266136,2022,"Brazil: Ribas do Rio Pardo, Mato Grosso do Sul",Brazil,OR258547,2022
230,OR258548.1|2022-04-16,1V_D.1.1,1V_D,1V,OR258548,10122,99.44002358,2022,"Brazil: Ribas do Rio Pardo, Mato Grosso do Sul",Brazil,OR258548,2022
231,OR258549.1|2022-04-16,1V_D.1.1,1V_D,1V,OR258549,10021,98.44778465,2022,"Brazil: Ribas do Rio Pardo, Mato Grosso do Sul",Brazil,OR258549,2022
232,OR258550.1|2022-04-16,1V_D.1.1,1V_D,1V,OR258550,10142,99.63650653,2022,"Brazil: Ribas do Rio Pardo, Mato Grosso do Sul",Brazil,OR258550,2022
233,OR258551.1|2022-04-16,1V_D.1.1,1V_D,1V,OR258551,10025,98.48708125,2022,"Brazil: Ribas do Rio Pardo, Mato Grosso do Sul",Brazil,OR258551,2022
234,OR258552.1|2022-04-17,1V_D.1.1,1V_D,1V,OR258552,10093,99.15512329,2022,"Brazil: Ribas do Rio Pardo, Mato Grosso do Sul",Brazil,OR258552,2022
235,OR258553.1|2022-04-16,1V_E.1,1V_E,1V,OR258553,10110,99.3221338,2022,"Brazil: Chapadao do Sul, Mato Grosso do Sul",Brazil,OR258553,2022
236,OR258554.1|2022-04-16,1V_E.1,1V_E,1V,OR258554,10057,98.80145397,2022,"Brazil: Chapadao do Sul, Mato Grosso do Sul",Brazil,OR258554,2022
237,OR258555.1|2022-04-16,1V_E.1,1V_E,1V,OR258555,10082,99.04705767,2022,"Brazil: Chapadao do Sul, Mato Grosso do Sul",Brazil,OR258555,2022
238,OR258556.1|2022-04-16,1V_E.1,1V_E,1V,OR258556,10060,98.83092642,2022,"Brazil: Chapadao do Sul, Mato Grosso do Sul",Brazil,OR258556,2022
239,OR258557.1|2022-04-16,1V_E.1,1V_E,1V,OR258557,10100,99.22389233,2022,"Brazil: Chapadao do Sul, Mato Grosso do Sul",Brazil,OR258557,2022
240,OR258558.1|2022-04-16,1V_E.1,1V_E,1V,OR258558,10184,100.0491207,2022,"Brazil: Chapadao do Sul, Mato Grosso do Sul",Brazil,OR258558,2022
241,OR258559.1|2022-04-16,1V_E.1,1V_E,1V,OR258559,10025,98.48708125,2022,"Brazil: Chapadao do Sul, Mato Grosso do Sul",Brazil,OR258559,2022
242,OR258560.1|2022-04-16,1V_E.1,1V_E,1V,OR258560,10166,99.87228608,2022,"Brazil: Chapadao do Sul, Mato Grosso do Sul",Brazil,OR258560,2022
243,OR258561.1|2022-04-16,1V_E.1,1V_E,1V,OR258561,10075,98.97828863,2022,"Brazil: Chapadao do Sul, Mato Grosso do Sul",Brazil,OR258561,2022
244,OR258562.1|2022-04-16,1V_E.1,1V_E,1V,OR258562,10049,98.72286079,2022,"Brazil: Chapadao do Sul, Mato Grosso do Sul",Brazil,OR258562,2022
245,OR258563.1|2022-04-14,1V_D.1.1,1V_D,1V,OR258563,10129,99.50879261,2022,"Brazil: Ribas do Rio Pardo, Mato Grosso do Sul",Brazil,OR258563,2022
246,OR258564.1|2022-04-13,1V_D.1.1,1V_D,1V,OR258564,10094,99.16494744,2022,"Brazil: Ribas do Rio Pardo, Mato Grosso do Sul",Brazil,OR258564,2022
247,OR258565.1|2022-04-17,1V_D.1.1,1V_D,1V,OR258565,10102,99.24354062,2022,"Brazil: Navirai, Mato Grosso do Sul",Brazil,OR258565,2022
248,OR258566.1|2022-04-15,1V_E.1,1V_E,1V,OR258566,10082,99.04705767,2022,"Brazil: Chapadao do Sul, Mato Grosso do Sul",Brazil,OR258566,2022
249,OR258567.1|2022-04-15,1V_E.1,1V_E,1V,OR258567,10091,99.135475,2022,"Brazil: Chapadao do Sul, Mato Grosso do Sul",Brazil,OR258567,2022
250,OR258568.1|2022-04-15,1V_E.1,1V_E,1V,OR258568,10069,98.91934375,2022,"Brazil: Chapadao do Sul, Mato Grosso do Sul",Brazil,OR258568,2022
251,OR258569.1|2022-04-15,1V_E.1,1V_E,1V,OR258569,10089,99.1158267,2022,"Brazil: Chapadao do Sul, Mato Grosso do Sul",Brazil,OR258569,2022
252,OR258570.1|2022-04-15,1V_E.1,1V_E,1V,OR258570,10036,98.59514687,2022,"Brazil: Chapadao do Sul, Mato Grosso do Sul",Brazil,OR258570,2022
253,OR258571.1|2022-04-15,1V_D.1.1,1V_D,1V,OR258571,10034,98.57549858,2022,"Brazil: Chapadao do Sul, Mato Grosso do Sul",Brazil,OR258571,2022
254,OR258572.1|2022-04-15,1V_D.1.1,1V_D,1V,OR258572,10122,99.44002358,2022,"Brazil: Chapadao do Sul, Mato Grosso do Sul",Brazil,OR258572,2022
255,OR258573.1|2022-04-15,1V_E.1,1V_E,1V,OR258573,10031,98.54602613,2022,"Brazil: Chapadao do Sul, Mato Grosso do Sul",Brazil,OR258573,2022
256,OR258574.1|2022-04-15,1V_E.1,1V_E,1V,OR258574,10025,98.48708125,2022,"Brazil: Chapadao do Sul, Mato Grosso do Sul",Brazil,OR258574,2022
257,OR512925.1|2023-08,1V_D.1.1,1V_D,1V,OR512925,10515,103.3009136,2023,Italy,Italy,OR512925,2023
258,OR512926.1|2023-08,1V_D.1.1,1V_D,1V,OR512926,10515,103.3009136,2023,Italy,Italy,OR512926,2023
259,OR512927.1|2023-08,1V_D.1.1,1V_D,1V,OR512927,10672,104.8433048,2023,Italy,Italy,OR512927,2023
260,OR512928.1|2023-08,1V_D.1.1,1V_D,1V,OR512928,10672,104.8433048,2023,Italy,Italy,OR512928,2023
261,OR512929.1|2023-08,1V_D.1.1,1V_D,1V,OR512929,10672,104.8433048,2023,Italy,Italy,OR512929,2023
262,OR418422.1|2023-06-10,1I_K.1.1,1I_K,1I,OR418422,10734,105.452402,2023,China: Guangzhou,China,OR418422,2023
263,OQ078871.1|2019-04-12,1V_F,1V_F,1V,OQ078871,9962,97.86815994,2019,Brazil: Bahia,Brazil,OQ078871,2019
264,OQ078872.1|2019-03-21,1V_F,1V_F,1V,OQ078872,10015,98.38883977,2019,Brazil: Bahia,Brazil,OQ078872,2019
265,OQ078873.1|2019-03-21,1V_F,1V_F,1V,OQ078873,9955,97.7993909,2019,Brazil: Bahia,Brazil,OQ078873,2019
266,OQ078874.1|2019-03-23,1V_F,1V_F,1V,OQ078874,10013,98.36919147,2019,Brazil: Bahia,Brazil,OQ078874,2019
267,OQ078875.1|2019-03-30,1V_F,1V_F,1V,OQ078875,10032,98.55585028,2019,Brazil: Bahia,Brazil,OQ078875,2019
268,OQ078876.1|2019-04-02,1V_F,1V_F,1V,OQ078876,9947,97.72079772,2019,Brazil: Bahia,Brazil,OQ078876,2019
269,OQ078877.1|2019-04-12,1V_F,1V_F,1V,OQ078877,9993,98.17270852,2019,Brazil: Bahia,Brazil,OQ078877,2019
270,OQ078878.1|2019-04-09,1V_F,1V_F,1V,OQ078878,9945,97.70114943,2019,Brazil: Bahia,Brazil,OQ078878,2019
271,OQ078879.1|2019-04-10,1V,1V,1V,OQ078879,9950,97.75027016,2019,Brazil: Bahia,Brazil,OQ078879,2019
272,OQ078880.1|2019-04-09,1V_F,1V_F,1V,OQ078880,10028,98.51655369,2019,Brazil: Bahia,Brazil,OQ078880,2019
273,OQ078881.1|2019-04-12,1V_F,1V_F,1V,OQ078881,10017,98.40848806,2019,Brazil: Bahia,Brazil,OQ078881,2019
274,OQ078882.1|2019-03-24,1V_F,1V_F,1V,OQ078882,9997,98.21200511,2019,Brazil: Bahia,Brazil,OQ078882,2019
275,OQ078883.1|2019-03-21,1V_F,1V_F,1V,OQ078883,10000,98.24147755,2019,Brazil: Bahia,Brazil,OQ078883,2019
276,OQ078884.1|2019-04-16,1V_F,1V_F,1V,OQ078884,10012,98.35936732,2019,Brazil: Bahia,Brazil,OQ078884,2019
277,OQ078885.1|2019-04-11,1V_E.1,1V_E,1V,OQ078885,9948,97.73062187,2019,Brazil: Bahia,Brazil,OQ078885,2019
278,OQ078886.1|2019-05-30,1V,1V,1V,OQ078886,9970,97.94675312,2019,Brazil: Bahia,Brazil,OQ078886,2019
279,OQ078887.1|2019-05-23,1V_F,1V_F,1V,OQ078887,9959,97.83868749,2019,Brazil: Bahia,Brazil,OQ078887,2019
280,OQ567774.1|2014-02-27,1V_A,1V_A,1V,OQ567774,9852,96.78750368,2014,Paraguay: Salto Del Guaira,Paraguay,OQ567774,2014
281,OQ567776.1|2015-03-20,1V_A,1V_A,1V,OQ567776,10049,98.72286079,2015,Paraguay: Santa Rosa Del Aguaray,Paraguay,OQ567776,2015
282,OQ567777.1|2015-03-26,1V_A,1V_A,1V,OQ567777,10030,98.53620198,2015,Paraguay: Santa Rosa Del Aguaray,Paraguay,OQ567777,2015
283,OQ567778.1|2015-05-13,1V_E.4,1V_E,1V,OQ567778,9855,96.81697613,2015,Paraguay: Carapegua,Paraguay,OQ567778,2015
284,OQ567779.1|2015-06-02,1V_A,1V_A,1V,OQ567779,9857,96.83662442,2015,Paraguay: Caazapa,Paraguay,OQ567779,2015
285,OQ567780.1|2015-12-15,1V_A,1V_A,1V,OQ567780,10007,98.31024659,2015,Paraguay: Ciudad del Este,Paraguay,OQ567780,2015
286,OQ567781.1|2015-12-18,1V_E.4,1V_E,1V,OQ567781,10071,98.93899204,2015,Paraguay: Asuncion,Paraguay,OQ567781,2015
287,OQ567782.1|2015-12-17,1V_A,1V_A,1V,OQ567782,10122,99.44002358,2015,Paraguay: Concepcion,Paraguay,OQ567782,2015
288,OQ567783.1|2015-12-23,1V_A,1V_A,1V,OQ567783,9827,96.54189999,2015,Paraguay,Paraguay,OQ567783,2015
289,OQ567784.1|2015-12-21,1V_A,1V_A,1V,OQ567784,9822,96.49277925,2015,Paraguay: Benjamin Aceval,Paraguay,OQ567784,2015
290,OQ567785.1|2015-12-24,1V_E.4,1V_E,1V,OQ567785,9846,96.7285588,2015,Paraguay: San Juan Nepomuceno,Paraguay,OQ567785,2015
291,OQ567786.1|2016-01-29,1V_E.4,1V_E,1V,OQ567786,9825,96.52225169,2016,Paraguay: Itapua,Paraguay,OQ567786,2016
292,OQ567787.1|2016-02-04,1V_E.4,1V_E,1V,OQ567787,9827,96.54189999,2016,Paraguay: Pilar,Paraguay,OQ567787,2016
293,OQ567788.1|2016-04-02,1V_A,1V_A,1V,OQ567788,9836,96.63031732,2016,Paraguay: Pilar,Paraguay,OQ567788,2016
294,OQ567789.1|2016-01-02,1V_E.4,1V_E,1V,OQ567789,9990,98.14323607,2016,Paraguay: Yatytay,Paraguay,OQ567789,2016
295,OQ567790.1|2016-01-24,1V_E.4,1V_E,1V,OQ567790,10067,98.89969545,2016,Paraguay: San Lorenzo,Paraguay,OQ567790,2016
296,OQ567791.1|2016-02-10,1V_E.4,1V_E,1V,OQ567791,9854,96.80715198,2016,Paraguay: Asuncion,Paraguay,OQ567791,2016
297,OQ567792.1|2016-09-02,1V_E.4,1V_E,1V,OQ567792,9982,98.06464289,2016,Paraguay: Carapegua,Paraguay,OQ567792,2016
298,OQ567793.1|2016-09-02,1V_E.4,1V_E,1V,OQ567793,10106,99.28283721,2016,Paraguay: Pirayu,Paraguay,OQ567793,2016
299,OQ567794.1|2016-10-02,1V_E.4,1V_E,1V,OQ567794,9814,96.41418607,2016,Paraguay: Coronel Oviedo,Paraguay,OQ567794,2016
300,OQ567795.1|2016-02-14,1V_E.4,1V_E,1V,OQ567795,9997,98.21200511,2016,Paraguay: Itaugua,Paraguay,OQ567795,2016
301,OQ567796.1|2017-01-03,1V_A,1V_A,1V,OQ567796,9986,98.10393948,2017,Paraguay: Mariscal Estigarribia,Paraguay,OQ567796,2017
302,OQ567797.1|2017-03-29,1V_E.4,1V_E,1V,OQ567797,9867,96.9348659,2017,Paraguay: Asuncion,Paraguay,OQ567797,2017
303,OQ567798.1|2017-04-26,1V_E.4,1V_E,1V,OQ567798,9838,96.64996562,2017,Paraguay: Paraguari,Paraguay,OQ567798,2017
304,OQ567799.1|2017-04-25,1V_A,1V_A,1V,OQ567799,10013,98.36919147,2017,Paraguay: Tte. Irala Fernandez,Paraguay,OQ567799,2017
305,OQ567800.1|2017-03-27,1V_A,1V_A,1V,OQ567800,10013,98.36919147,2017,Paraguay: Filadeflia,Paraguay,OQ567800,2017
306,OQ567801.1|2017-04-29,1V_E.4,1V_E,1V,OQ567801,9854,96.80715198,2017,Paraguay: San Lorenzo,Paraguay,OQ567801,2017
307,OQ567802.1|2022-03-22,1V_E.1,1V_E,1V,OQ567802,9988,98.12358778,2022,Paraguay: Capitan Bado,Paraguay,OQ567802,2022
308,OQ567803.1|2022-03-28,1V_E.1,1V_E,1V,OQ567803,9825,96.52225169,2022,Paraguay: Capitan Bado,Paraguay,OQ567803,2022
309,OQ567804.1|2022-04-04,1V_E.1,1V_E,1V,OQ567804,9843,96.69908635,2022,Paraguay: Capitan Bado,Paraguay,OQ567804,2022
310,OQ567805.1|2022-03-25,1V_D.1.1,1V_D,1V,OQ567805,10158,99.7936929,2022,Paraguay: Guarambare,Paraguay,OQ567805,2022
311,OQ567806.1|2022-12-04,1V_E.1,1V_E,1V,OQ567806,10045,98.6835642,2022,Paraguay: Capitan Bado,Paraguay,OQ567806,2022
312,OQ567807.1|2022-04-19,1V_E.1,1V_E,1V,OQ567807,9816,96.43383436,2022,Paraguay: Capitan Bado,Paraguay,OQ567807,2022
313,OQ567808.1|2022-04-18,1V_E.1,1V_E,1V,OQ567808,9849,96.75803124,2022,Paraguay: Capitan Bado,Paraguay,OQ567808,2022
314,OQ567809.1|2022-04-21,1V_E.1,1V_E,1V,OQ567809,9853,96.79732783,2022,Paraguay: Capitan Bado,Paraguay,OQ567809,2022
315,OQ567810.1|2022-04-22,1V_E.1,1V_E,1V,OQ567810,10183,100.0392966,2022,Paraguay: Capitan Bado,Paraguay,OQ567810,2022
316,OQ567811.1|2022-04-21,1V_E.1,1V_E,1V,OQ567811,10102,99.24354062,2022,Paraguay: Capitan Bado,Paraguay,OQ567811,2022
317,OQ567812.1|2022-04-20,1V_E.1,1V_E,1V,OQ567812,10110,99.3221338,2022,Paraguay: Capitan Bado,Paraguay,OQ567812,2022
318,OQ567813.1|2022-04-20,1V_E.1,1V_E,1V,OQ567813,10053,98.76215738,2022,Paraguay: Capitan Bado,Paraguay,OQ567813,2022
319,OQ567814.1|2022-05-04,1V_E.1,1V_E,1V,OQ567814,10117,99.39090284,2022,Paraguay: Encarnacion,Paraguay,OQ567814,2022
320,OQ567815.1|2022-05-10,1V_D.1.1,1V_D,1V,OQ567815,10123,99.44984773,2022,Paraguay: Villa Ygatimi,Paraguay,OQ567815,2022
321,OQ567816.1|2022-05-04,1V_E.1,1V_E,1V,OQ567816,10029,98.52637784,2022,Paraguay: Capitan Bado,Paraguay,OQ567816,2022
322,OQ567817.1|2022-06-05,1V_E.1,1V_E,1V,OQ567817,10056,98.79162983,2022,Paraguay: Pedro Juan Caballero,Paraguay,OQ567817,2022
323,OQ567818.1|2022-06-02,1V_D.1.1,1V_D,1V,OQ567818,10153,99.74457216,2022,Paraguay: Salto del Guaira,Paraguay,OQ567818,2022
324,OQ567819.1|2022-06-20,1V_D.1.1,1V_D,1V,OQ567819,10010,98.33971903,2022,Paraguay: Salto del Guaira,Paraguay,OQ567819,2022
325,OQ567820.1|2022-06-14,1V_E.1,1V_E,1V,OQ567820,9852,96.78750368,2022,Paraguay: Capitan Bado,Paraguay,OQ567820,2022
326,OR389006.1|1988,1V,1V,1V,OR389006,10575,103.8903625,1988,Angola,Angola,OR389006,1988
327,OR389007.1|2000,1V_H,1V_H,1V,OR389007,10581,103.9493074,2000,Brazil,Brazil,OR389007,2000
328,OR389008.1|2003,1I_K.7,1I_K,1I,OR389008,10575,103.8903625,2003,Cambodia,Cambodia,OR389008,2003
329,OR389009.1|2004,1V_G,1V_G,1V,OR389009,10597,104.1064938,2004,Colombia,Colombia,OR389009,2004
330,OR389010.1|2016,1V_B,1V_B,1V,OR389010,10581,103.9493074,2016,Mexico,Mexico,OR389010,2016
331,OR389011.1|2005,1I_J,1I_J,1I,OR389011,10575,103.8903625,2005,Myanmar,Myanmar,OR389011,2005
332,OR389012.1|2000,1V,1V,1V,OR389012,10580,103.9394832,2000,Peru,Peru,OR389012,2000
333,OR389013.1|1988,1IV_B,1IV_B,1IV,OR389013,10575,103.8903625,1988,Philippines,Philippines,OR389013,1988
334,OR389014.1|2006,1V_E,1V_E,1V,OR389014,10582,103.9591315,2006,Puerto Rico,USA,OR389014,2006
335,OR389015.1|2004,1III_A,1III_A,1III,OR389015,10592,104.057373,2004,Sri Lanka,Sri Lanka,OR389015,2004
336,OR389016.1|2008,1I_C,1I_C,1I,OR389016,10575,103.8903625,2008,Viet Nam,Viet Nam,OR389016,2008
337,OR389270.1|1988,1V,1V,1V,OR389270,10582,103.9591315,1988,Angola,Angola,OR389270,1988
338,OR389271.1|1983,1IV,1IV,1IV,OR389271,10575,103.8903625,1983,Australia,Australia,OR389271,1983
339,OR389272.1|1977,1V,1V,1V,OR389272,10601,104.1457904,1977,Bahamas,Bahamas,OR389272,1977
340,OR389273.1|1986,1V,1V,1V,OR389273,10592,104.057373,1986,Brazil,Brazil,OR389273,1986
341,OR389274.1|1986,1V,1V,1V,OR389274,10600,104.1359662,1986,Brazil,Brazil,OR389274,1986
342,OR389275.1|1988,1V,1V,1V,OR389275,10601,104.1457904,1988,Colombia,Colombia,OR389275,1988
343,OR389276.1|1990,1V,1V,1V,OR389276,10601,104.1457904,1990,Colombia,Colombia,OR389276,1990
344,OR389277.1|1988,1V,1V,1V,OR389277,10600,104.1359662,1988,Ecuador,Ecuador,OR389277,1988
345,OR389278.1|1988,1V,1V,1V,OR389278,10600,104.1359662,1988,French Polynesia,French Polynesia,OR389278,1988
346,OR389279.1|1988,1V,1V,1V,OR389279,10601,104.1457904,1988,French Polynesia,French Polynesia,OR389279,1988
347,OR389280.1|1989,1V,1V,1V,OR389280,10596,104.0966696,1989,Guatemala,Guatemala,OR389280,1989
348,OR389281.1|1944,unassigned,unassigned,unassigned,OR389281,10575,103.8903625,1944,USA: Hawaii,USA,OR389281,1944
349,OR389283.1|1963,1V,1V,1V,OR389283,10595,104.0868455,1963,India,India,OR389283,1963
350,OR389284.1|1970,1VII,1VII,1VII,OR389284,10579,103.9296591,1970,India,India,OR389284,1970
351,OR389285.1|1982,1III,1III,1III,OR389285,10580,103.9394832,1982,India,India,OR389285,1982
352,OR389286.1|1985,1VII,1VII,1VII,OR389286,10591,104.0475489,1985,India,India,OR389286,1985
353,OR389287.1|1984,1IV_A,1IV_A,1IV,OR389287,10582,103.9591315,1984,Indonesia,Indonesia,OR389287,1984
354,OR389288.1|1985,1IV_A,1IV_A,1IV,OR389288,10582,103.9591315,1985,Indonesia,Indonesia,OR389288,1985
355,OR389289.1|1985,1IV_A,1IV_A,1IV,OR389289,10592,104.057373,1985,Indonesia,Indonesia,OR389289,1985
356,OR389290.1|1985,1IV_A,1IV_A,1IV,OR389290,10575,103.8903625,1985,Indonesia,Indonesia,OR389290,1985
357,OR389291.1|1986,1IV_A,1IV_A,1IV,OR389291,10575,103.8903625,1986,Indonesia,Indonesia,OR389291,1986
358,OR389292.1|1977,1V,1V,1V,OR389292,10600,104.1359662,1977,Jamaica,Jamaica,OR389292,1977
359,OR389293.1|1964,1I_B,1I_B,1I,OR389293,10575,103.8903625,1964,Philippines,Philippines,OR389293,1964
360,OR389294.1|1987,1I_B,1I_B,1I,OR389294,10575,103.8903625,1987,Taiwan,Taiwan,OR389294,1987
361,OR389295.1|1987,1I_B,1I_B,1I,OR389295,10575,103.8903625,1987,Taiwan,Taiwan,OR389295,1987
362,OR389296.1|1987,1I_B,1I_B,1I,OR389296,10575,103.8903625,1987,Taiwan,Taiwan,OR389296,1987
363,OR389297.1|1987,1I_B,1I_B,1I,OR389297,10575,103.8903625,1987,Taiwan,Taiwan,OR389297,1987
364,OR389298.1|1987,1I_B,1I_B,1I,OR389298,10575,103.8903625,1987,Taiwan,Taiwan,OR389298,1987
365,OR389299.1|1988,1I_B,1I_B,1I,OR389299,10575,103.8903625,1988,Taiwan,Taiwan,OR389299,1988
366,OR389300.1|1988,1I_B,1I_B,1I,OR389300,10575,103.8903625,1988,Taiwan,Taiwan,OR389300,1988
367,OR389301.1|1988,1I_B,1I_B,1I,OR389301,10575,103.8903625,1988,Taiwan,Taiwan,OR389301,1988
368,OR389302.1|1963,1II,1II,1II,OR389302,10477,102.927596,1963,Thailand,Thailand,OR389302,1963
369,OR389303.1|1978,1V,1V,1V,OR389303,10595,104.0868455,1978,Trinidad and Tobago,Trinidad and Tobago,OR389303,1978
370,OR389304.1|1978,1V,1V,1V,OR389304,10593,104.0671972,1978,Trinidad and Tobago,Trinidad and Tobago,OR389304,1978
371,OQ714403.1|2022-09,1III_A.3,1III_A,1III,OQ714403,10729,105.4032813,2022,Israel,Israel,OQ714403,2022
372,OQ714404.1|2022-09,1III_A.3,1III_A,1III,OQ714404,10643,104.5584046,2022,Nepal: Kathmandu,Nepal,OQ714404,2022
373,OQ714405.1|2022-09,1III_A.3,1III_A,1III,OQ714405,10716,105.2755673,2022,Israel,Israel,OQ714405,2022
374,OR167125.1|2023-02-13,1V_E.1,1V_E,1V,OR167125,10110,99.3221338,2023,Brazil: Distrito Federal,Brazil,OR167125,2023
375,OR167126.1|2023-03-13,1V_E.1,1V_E,1V,OR167126,10126,99.47932017,2023,Brazil: Distrito Federal,Brazil,OR167126,2023
376,OR167127.1|2023-03-30,1V_E.1,1V_E,1V,OR167127,10110,99.3221338,2023,Brazil: Distrito Federal,Brazil,OR167127,2023
377,OR167128.1|2023-03-01,1V_E.1,1V_E,1V,OR167128,10037,98.60497102,2023,Brazil: Mato Grosso,Brazil,OR167128,2023
378,OR167129.1|2023-03-03,1V_E.1,1V_E,1V,OR167129,10062,98.85057471,2023,Brazil: Mato Grosso,Brazil,OR167129,2023
379,OR167130.1|2023-03-03,1V_D.1.1,1V_D,1V,OR167130,10036,98.59514687,2023,Brazil: Mato Grosso,Brazil,OR167130,2023
380,OR167131.1|2023-03-06,1V_D.1.1,1V_D,1V,OR167131,10104,99.26318892,2023,Brazil: Mato Grosso,Brazil,OR167131,2023
381,OR167132.1|2023-03-08,1V_D.1.1,1V_D,1V,OR167132,10042,98.65409176,2023,Brazil: Mato Grosso,Brazil,OR167132,2023
382,OR167133.1|2023-03-09,1V_D.1.1,1V_D,1V,OR167133,10308,101.2673151,2023,Brazil: Mato Grosso,Brazil,OR167133,2023
383,OR167134.1|2023-03-10,1V_E.1,1V_E,1V,OR167134,10144,99.65615483,2023,Brazil: Mato Grosso,Brazil,OR167134,2023
384,OR167135.1|2023-03-13,1V_D.1.1,1V_D,1V,OR167135,10036,98.59514687,2023,Brazil: Mato Grosso,Brazil,OR167135,2023
385,OR167136.1|2023-03-10,1V_D.1.1,1V_D,1V,OR167136,10110,99.3221338,2023,Brazil: Mato Grosso,Brazil,OR167136,2023
386,OR167137.1|2023-03-20,1V_D.1.1,1V_D,1V,OR167137,10025,98.48708125,2023,Brazil: Mato Grosso,Brazil,OR167137,2023
387,OR167138.1|2023-03-17,1V_D.1.1,1V_D,1V,OR167138,10042,98.65409176,2023,Brazil: Mato Grosso do Sul,Brazil,OR167138,2023
388,OR167139.1|2023-03-01,1V_D.1.1,1V_D,1V,OR167139,10030,98.53620198,2023,Brazil: Mato Grosso,Brazil,OR167139,2023
389,OR167140.1|2023-03-06,1V_D.1.1,1V_D,1V,OR167140,10042,98.65409176,2023,Brazil: Mato Grosso,Brazil,OR167140,2023
390,OR167141.1|2023-03-08,1V_E.1,1V_E,1V,OR167141,10081,99.03723352,2023,Brazil: Mato Grosso,Brazil,OR167141,2023
391,OR167142.1|2023-03-14,1V_D.1.1,1V_D,1V,OR167142,10095,99.17477159,2023,Brazil: Mato Grosso,Brazil,OR167142,2023
392,OR167143.1|2023-03-20,1V_E.1,1V_E,1V,OR167143,10107,99.29266136,2023,Brazil: Mato Grosso,Brazil,OR167143,2023
393,OR167144.1|2023-03-10,1V_E.1,1V_E,1V,OR167144,10098,99.20424403,2023,Brazil: Goias,Brazil,OR167144,2023
394,OR167145.1|2023-03-16,1V_D.1.1,1V_D,1V,OR167145,10030,98.53620198,2023,Brazil: Mato Grosso do Sul,Brazil,OR167145,2023
395,OR167146.1|2023-02-28,1V_E.1,1V_E,1V,OR167146,10037,98.60497102,2023,Brazil: Goias,Brazil,OR167146,2023
396,OR167147.1|2023-03-02,1V_E.1,1V_E,1V,OR167147,10037,98.60497102,2023,Brazil: Goias,Brazil,OR167147,2023
397,OR167148.1|2023-03-04,1V_E.1,1V_E,1V,OR167148,10085,99.07653011,2023,Brazil: Goias,Brazil,OR167148,2023
398,OR167149.1|2023-03-16,1V_D.1.1,1V_D,1V,OR167149,10062,98.85057471,2023,Brazil: Mato Grosso do Sul,Brazil,OR167149,2023
399,OR167150.1|2023-03-04,1V_E.1,1V_E,1V,OR167150,10115,99.37125454,2023,Brazil: Goias,Brazil,OR167150,2023
400,OR167151.1|2023-03-08,1V_E.1,1V_E,1V,OR167151,10034,98.57549858,2023,Brazil: Goias,Brazil,OR167151,2023
401,OR167152.1|2023-03-10,1V_E.1,1V_E,1V,OR167152,10110,99.3221338,2023,Brazil: Goias,Brazil,OR167152,2023
402,OR167153.1|2023-03-09,1V_E.1,1V_E,1V,OR167153,10090,99.12565085,2023,Brazil: Goias,Brazil,OR167153,2023
403,OR167154.1|2023-03-17,1V_E.1,1V_E,1V,OR167154,10033,98.56567443,2023,Brazil: Mato Grosso do Sul,Brazil,OR167154,2023
404,OR167155.1|2023-02-08,1V_D.1.1,1V_D,1V,OR167155,10042,98.65409176,2023,Brazil: Mato Grosso,Brazil,OR167155,2023
405,OR167156.1|2023-02-13,1V_E.1,1V_E,1V,OR167156,10036,98.59514687,2023,Brazil: Mato Grosso,Brazil,OR167156,2023
406,OR167157.1|2023-02-17,1V_E.1,1V_E,1V,OR167157,10025,98.48708125,2023,Brazil: Mato Grosso,Brazil,OR167157,2023
407,OR167158.1|2023-03-15,1V_E.1,1V_E,1V,OR167158,10093,99.15512329,2023,Brazil: Goias,Brazil,OR167158,2023
408,OR167159.1|2023-03-06,1V_E.1,1V_E,1V,OR167159,10116,99.38107869,2023,Brazil: Goias,Brazil,OR167159,2023
409,OR167160.1|2023-03-06,1V_E.1,1V_E,1V,OR167160,10110,99.3221338,2023,Brazil: Goias,Brazil,OR167160,2023
410,OR167161.1|2023-03-06,1V_E.1,1V_E,1V,OR167161,10133,99.5480892,2023,Brazil: Goias,Brazil,OR167161,2023
411,OR167162.1|2023-01-30,1V_D.1.1,1V_D,1V,OR167162,10075,98.97828863,2023,Brazil: Mato Grosso,Brazil,OR167162,2023
412,OR167163.1|2023-02-02,1V_D.1.1,1V_D,1V,OR167163,10075,98.97828863,2023,Brazil: Mato Grosso,Brazil,OR167163,2023
413,OR167164.1|2023-02-02,1V_D.1.1,1V_D,1V,OR167164,10110,99.3221338,2023,Brazil: Mato Grosso,Brazil,OR167164,2023
414,OR167165.1|2023-02-17,1V_D.1.1,1V_D,1V,OR167165,10107,99.29266136,2023,Brazil: Mato Grosso,Brazil,OR167165,2023
415,OR167166.1|2023-02-27,1V_E.1,1V_E,1V,OR167166,10134,99.55791335,2023,Brazil: Mato Grosso,Brazil,OR167166,2023
416,OR167167.1|2023-02-27,1V_E.1,1V_E,1V,OR167167,10143,99.64633068,2023,Brazil: Mato Grosso,Brazil,OR167167,2023
417,OR167168.1|2023-03-20,1V_E.1,1V_E,1V,OR167168,10036,98.59514687,2023,Brazil: Mato Grosso do Sul,Brazil,OR167168,2023
418,OR167169.1|2023-03-20,1V_E.1,1V_E,1V,OR167169,10036,98.59514687,2023,Brazil: Mato Grosso do Sul,Brazil,OR167169,2023
419,OR167170.1|2023-03-21,1V_D.1.1,1V_D,1V,OR167170,10036,98.59514687,2023,Brazil: Mato Grosso do Sul,Brazil,OR167170,2023
420,OR167171.1|2023-03-21,1V_E.1,1V_E,1V,OR167171,10042,98.65409176,2023,Brazil: Mato Grosso do Sul,Brazil,OR167171,2023
421,OR167172.1|2023-03-21,1V_E.1,1V_E,1V,OR167172,9608,94.39041163,2023,Brazil: Mato Grosso do Sul,Brazil,OR167172,2023
422,OR167173.1|2023-03-22,1V_D.1.1,1V_D,1V,OR167173,10049,98.72286079,2023,Brazil: Mato Grosso do Sul,Brazil,OR167173,2023
423,OR167174.1|2023-03-20,1V_E.1,1V_E,1V,OR167174,10088,99.10600255,2023,Brazil: Mato Grosso do Sul,Brazil,OR167174,2023
424,OR167175.1|2023-03-22,1V_D.1.1,1V_D,1V,OR167175,10110,99.3221338,2023,Brazil: Mato Grosso do Sul,Brazil,OR167175,2023
425,OR167176.1|2023-03-18,1V_D.1.1,1V_D,1V,OR167176,10122,99.44002358,2023,Brazil: Mato Grosso do Sul,Brazil,OR167176,2023
426,OR167177.1|2023-03-22,1V_D.1.1,1V_D,1V,OR167177,10037,98.60497102,2023,Brazil: Mato Grosso do Sul,Brazil,OR167177,2023
427,OR167224.1|2023-05-08,1V_E.1,1V_E,1V,OR167224,10128,99.49896846,2023,Brazil: Distrito Federal,Brazil,OR167224,2023
428,OR167225.1|2023-05-08,1V_E.1,1V_E,1V,OR167225,10145,99.66597898,2023,Brazil: Distrito Federal,Brazil,OR167225,2023
429,OR167226.1|2023-04-04,1V_E.1,1V_E,1V,OR167226,10026,98.49690539,2023,Brazil: Distrito Federal,Brazil,OR167226,2023
430,OR167227.1|2023-04-06,1V_E.1,1V_E,1V,OR167227,10036,98.59514687,2023,Brazil: Distrito Federal,Brazil,OR167227,2023
431,OR167228.1|2023-04-17,1V_E.1,1V_E,1V,OR167228,10036,98.59514687,2023,Brazil: Distrito Federal,Brazil,OR167228,2023
432,OR167229.1|2023-04-26,1V_E.1,1V_E,1V,OR167229,10139,99.60703409,2023,Brazil: Distrito Federal,Brazil,OR167229,2023
433,OR167230.1|2023-05-08,1V_E.1,1V_E,1V,OR167230,10036,98.59514687,2023,Brazil: Distrito Federal,Brazil,OR167230,2023
434,OR167231.1|2023-05-08,1V_E.1,1V_E,1V,OR167231,10129,99.50879261,2023,Brazil: Distrito Federal,Brazil,OR167231,2023
435,OR167232.1|2023-05-08,1V_E.1,1V_E,1V,OR167232,10049,98.72286079,2023,Brazil: Distrito Federal,Brazil,OR167232,2023
436,OR167233.1|2023-05-08,1V_E.1,1V_E,1V,OR167233,10036,98.59514687,2023,Brazil: Distrito Federal,Brazil,OR167233,2023
437,OR167234.1|2023-03-29,1V_D.1.1,1V_D,1V,OR167234,10036,98.59514687,2023,Brazil: Mato Grosso,Brazil,OR167234,2023
438,OR167235.1|2023-03-30,1V_D.1.1,1V_D,1V,OR167235,9688,95.17634345,2023,Brazil: Mato Grosso,Brazil,OR167235,2023
439,OR167236.1|2023-04-24,1V_E.1,1V_E,1V,OR167236,10116,99.38107869,2023,Brazil: Mato Grosso,Brazil,OR167236,2023
440,OR167237.1|2023-04-28,1V_E.1,1V_E,1V,OR167237,10145,99.66597898,2023,Brazil: Mato Grosso,Brazil,OR167237,2023
441,OR167238.1|2023-04-28,1V_D.1.1,1V_D,1V,OR167238,10036,98.59514687,2023,Brazil: Mato Grosso,Brazil,OR167238,2023
442,OR167239.1|2023-05-03,1V_D.1.1,1V_D,1V,OR167239,10045,98.6835642,2023,Brazil: Mato Grosso,Brazil,OR167239,2023
443,OR167240.1|2023,1V_E.1,1V_E,1V,OR167240,10025,98.48708125,2023,Brazil: Mato Grosso do Sul,Brazil,OR167240,2023
444,OR167241.1|2023-03-27,1V_D.1.1,1V_D,1V,OR167241,10036,98.59514687,2023,Brazil: Mato Grosso,Brazil,OR167241,2023
445,OR167242.1|2023-04-24,1V_E.1,1V_E,1V,OR167242,10025,98.48708125,2023,Brazil: Mato Grosso,Brazil,OR167242,2023
446,OR167243.1|2023-04-24,1V_D.1.1,1V_D,1V,OR167243,10037,98.60497102,2023,Brazil: Mato Grosso,Brazil,OR167243,2023
447,OR167244.1|2023-04-27,1V_E.1,1V_E,1V,OR167244,10045,98.6835642,2023,Brazil: Mato Grosso,Brazil,OR167244,2023
448,OR167245.1|2023-04-27,1V_E.1,1V_E,1V,OR167245,10110,99.3221338,2023,Brazil: Mato Grosso,Brazil,OR167245,2023
449,OR167246.1|2023-05-02,1V_D.1.1,1V_D,1V,OR167246,10110,99.3221338,2023,Brazil: Mato Grosso,Brazil,OR167246,2023
450,OR167247.1|2023-05-02,1V_E.1,1V_E,1V,OR167247,10136,99.57756165,2023,Brazil: Mato Grosso,Brazil,OR167247,2023
451,OR167248.1|2023-05-02,1V_E.1,1V_E,1V,OR167248,10036,98.59514687,2023,Brazil: Mato Grosso,Brazil,OR167248,2023
452,OR167249.1|2023-05-08,1V_D.1.1,1V_D,1V,OR167249,10089,99.1158267,2023,Brazil: Mato Grosso,Brazil,OR167249,2023
453,OR167250.1|2023-05-09,1V_D.1.1,1V_D,1V,OR167250,10008,98.32007073,2023,Brazil: Mato Grosso,Brazil,OR167250,2023
454,OR167251.1|2023-05-09,1V_D.1.1,1V_D,1V,OR167251,10037,98.60497102,2023,Brazil: Mato Grosso,Brazil,OR167251,2023
455,OR167252.1|2023-05-12,1V_D.1.1,1V_D,1V,OR167252,10069,98.91934375,2023,Brazil: Mato Grosso,Brazil,OR167252,2023
456,OR167253.1|2023-05-12,1V_D.1.1,1V_D,1V,OR167253,10045,98.6835642,2023,Brazil: Mato Grosso,Brazil,OR167253,2023
457,OR167254.1|2023-05-27,1V_E.1,1V_E,1V,OR167254,10128,99.49896846,2023,Brazil: Goias,Brazil,OR167254,2023
458,OR167255.1|2023-03-23,1V_E.1,1V_E,1V,OR167255,10036,98.59514687,2023,Brazil: Goias,Brazil,OR167255,2023
459,OR167256.1|2023-03-28,1V_E.1,1V_E,1V,OR167256,10037,98.60497102,2023,Brazil: Goias,Brazil,OR167256,2023
460,OR167257.1|2023-04-15,1V_E.1,1V_E,1V,OR167257,10095,99.17477159,2023,Brazil: Goias,Brazil,OR167257,2023
461,OR167258.1|2023-04-18,1V_E.1,1V_E,1V,OR167258,10037,98.60497102,2023,Brazil: Goias,Brazil,OR167258,2023
462,OR167259.1|2023-05-14,1V_E.1,1V_E,1V,OR167259,10095,99.17477159,2023,Brazil: Goias,Brazil,OR167259,2023
463,OR167260.1|2023-05-14,1V_E.1,1V_E,1V,OR167260,10037,98.60497102,2023,Brazil: Goias,Brazil,OR167260,2023
464,OR167261.1|2023-05-23,1V_E.1,1V_E,1V,OR167261,10037,98.60497102,2023,Brazil: Goias,Brazil,OR167261,2023
465,OR167262.1|2023-05-23,1V_E.1,1V_E,1V,OR167262,10037,98.60497102,2023,Brazil: Goias,Brazil,OR167262,2023
466,OR167263.1|2023-05-24,1V_E.1,1V_E,1V,OR167263,10497,103.124079,2023,Brazil: Goias,Brazil,OR167263,2023
467,OR167264.1|2023-05-24,1V_E.1,1V_E,1V,OR167264,9608,94.39041163,2023,Brazil: Goias,Brazil,OR167264,2023
468,OR167265.1|2023-05-30,1V_E.1,1V_E,1V,OR167265,10037,98.60497102,2023,Brazil: Goias,Brazil,OR167265,2023
469,OR167266.1|2023-04-04,1V_E.1,1V_E,1V,OR167266,10074,98.96846449,2023,Brazil: Goias,Brazil,OR167266,2023
470,OR167267.1|2023-04-19,1V_D.1.1,1V_D,1V,OR167267,10297,101.1592494,2023,Brazil: Mato Grosso,Brazil,OR167267,2023
471,OR167268.1|2023-03-27,1V_E.1,1V_E,1V,OR167268,10127,99.48914432,2023,Brazil: Mato Grosso,Brazil,OR167268,2023
472,OR167269.1|2023-05-05,1V_E.1,1V_E,1V,OR167269,10122,99.44002358,2023,Brazil: Mato Grosso,Brazil,OR167269,2023
473,OR167270.1|2023-05-08,1V_E.1,1V_E,1V,OR167270,10137,99.58738579,2023,Brazil: Mato Grosso,Brazil,OR167270,2023
474,OR167271.1|2023-05-08,1V_E.1,1V_E,1V,OR167271,10110,99.3221338,2023,Brazil: Goias,Brazil,OR167271,2023
475,OR167272.1|2023,1V_D.1.1,1V_D,1V,OR167272,10036,98.59514687,2023,Brazil: Mato Grosso do Sul,Brazil,OR167272,2023
476,OR167273.1|2023,1V_E.1,1V_E,1V,OR167273,10110,99.3221338,2023,Brazil: Mato Grosso do Sul,Brazil,OR167273,2023
477,OR167274.1|2023,1V_D.1.1,1V_D,1V,OR167274,9961,97.85833579,2023,Brazil: Mato Grosso do Sul,Brazil,OR167274,2023
478,OR167275.1|2023,1V_E.1,1V_E,1V,OR167275,10110,99.3221338,2023,Brazil: Mato Grosso do Sul,Brazil,OR167275,2023
479,OR167276.1|2023,1V_D.1.1,1V_D,1V,OR167276,10036,98.59514687,2023,Brazil: Mato Grosso do Sul,Brazil,OR167276,2023
480,OR167277.1|2023,1V_D.1.1,1V_D,1V,OR167277,10036,98.59514687,2023,Brazil: Mato Grosso do Sul,Brazil,OR167277,2023
481,OR167278.1|2023,1V_E.1,1V_E,1V,OR167278,10093,99.15512329,2023,Brazil: Mato Grosso do Sul,Brazil,OR167278,2023
482,OR167279.1|2023,1V_D.1.1,1V_D,1V,OR167279,10110,99.3221338,2023,Brazil: Mato Grosso do Sul,Brazil,OR167279,2023
483,OR167280.1|2023,1V_D.1.1,1V_D,1V,OR167280,10108,99.30248551,2023,Brazil: Mato Grosso do Sul,Brazil,OR167280,2023
484,OR167281.1|2023,1V_E.1,1V_E,1V,OR167281,10059,98.82110227,2023,Brazil: Mato Grosso do Sul,Brazil,OR167281,2023
485,OR167282.1|2023,1V_D.1.1,1V_D,1V,OR167282,10095,99.17477159,2023,Brazil: Mato Grosso do Sul,Brazil,OR167282,2023
486,OR167283.1|2023,1V_D.1.1,1V_D,1V,OR167283,10036,98.59514687,2023,Brazil: Mato Grosso do Sul,Brazil,OR167283,2023
487,OR167284.1|2023,1V_D.1.1,1V_D,1V,OR167284,10076,98.98811278,2023,Brazil: Mato Grosso do Sul,Brazil,OR167284,2023
488,OR167285.1|2023,1V_E.1,1V_E,1V,OR167285,10125,99.46949602,2023,Brazil: Mato Grosso do Sul,Brazil,OR167285,2023
489,OR167286.1|2023,1V_E.1,1V_E,1V,OR167286,10068,98.9095196,2023,Brazil: Mato Grosso do Sul,Brazil,OR167286,2023
490,OR167287.1|2023,1V_D.1.1,1V_D,1V,OR167287,10036,98.59514687,2023,Brazil: Mato Grosso do Sul,Brazil,OR167287,2023
491,OR167288.1|2023,1V_E.1,1V_E,1V,OR167288,10099,99.21406818,2023,Brazil: Mato Grosso do Sul,Brazil,OR167288,2023
492,OR167358.1|2023-02-09,1V_D.1.1,1V_D,1V,OR167358,9571,94.02691816,2023,"Brazil: Rondonia, Chupinguaia",Brazil,OR167358,2023
493,OR167359.1|2023-02-08,1V_D.1.1,1V_D,1V,OR167359,10036,98.59514687,2023,"Brazil: Amazonas, Tefe",Brazil,OR167359,2023
494,OR167360.1|2023-01-31,1V_D.1.1,1V_D,1V,OR167360,9627,94.57707044,2023,"Brazil: Amazonas, Tefe",Brazil,OR167360,2023
495,OR167361.1|2023-03-07,1V_D.1.1,1V_D,1V,OR167361,9812,96.39453777,2023,"Brazil: Rondonia, Alta Floresta",Brazil,OR167361,2023
496,OR167362.1|2023-03-01,1V_D.1.1,1V_D,1V,OR167362,9231,90.68670793,2023,"Brazil: Amazonas, Manaus",Brazil,OR167362,2023
497,OR167363.1|2023-02-24,1V_E.1,1V_E,1V,OR167363,10136,99.57756165,2023,Brazil: Amazonas,Brazil,OR167363,2023
498,OR167364.1|2023-02-16,1V_D.1.1,1V_D,1V,OR167364,10025,98.48708125,2023,"Brazil: Rondonia, Pimenta Bueno",Brazil,OR167364,2023
499,OR167365.1|2023-04-05,1V_D.1.1,1V_D,1V,OR167365,9684,95.13704686,2023,Brazil: Amazonas,Brazil,OR167365,2023
500,OR167366.1|2023-02-06,1V_D.1.1,1V_D,1V,OR167366,10136,99.57756165,2023,"Brazil: Rondonia, Cerejeiras",Brazil,OR167366,2023
501,OR167367.1|2023-04-08,1V_D.1.1,1V_D,1V,OR167367,9688,95.17634345,2023,"Brazil: Amazonas, Manaus",Brazil,OR167367,2023
502,OR167368.1|2023-02-27,1V_D.1.1,1V_D,1V,OR167368,9688,95.17634345,2023,"Brazil: Rondonia, Alta Floresta",Brazil,OR167368,2023
503,OR167369.1|2023-02-15,1V_D.1.1,1V_D,1V,OR167369,9682,95.11739857,2023,"Brazil: Amazonas, Tefe",Brazil,OR167369,2023
504,OR167370.1|2023-02-08,1V_E.1,1V_E,1V,OR167370,9794,96.21770311,2023,"Brazil: Rondonia, Cujubim",Brazil,OR167370,2023
505,OR167371.1|2023-02-20,1V_D.1.1,1V_D,1V,OR167371,9613,94.43953237,2023,"Brazil: Rondonia, Alta Floresta",Brazil,OR167371,2023
506,OR167372.1|2023-02-01,1V_D.1.1,1V_D,1V,OR167372,9608,94.39041163,2023,"Brazil: Amazonas, Presidente Figueredo",Brazil,OR167372,2023
507,OR167373.1|2023-03-08,1V_D.1.1,1V_D,1V,OR167373,9989,98.13341193,2023,"Brazil: Rondonia, Ariquemes",Brazil,OR167373,2023
508,OR167374.1|2023-02-24,1V_E.1,1V_E,1V,OR167374,9846,96.7285588,2023,"Brazil: Para, Aurora do Para",Brazil,OR167374,2023
509,OR167375.1|2023-01-28,1V_D.1.1,1V_D,1V,OR167375,9618,94.48865311,2023,"Brazil: Rondonia, Alta Floresta",Brazil,OR167375,2023
510,OR167376.1|2023-02-19,1V_D.1.1,1V_D,1V,OR167376,9951,97.76009431,2023,"Brazil: Rondonia, Alta Floresta",Brazil,OR167376,2023
511,OR167377.1|2023-03-07,1V_D.1.1,1V_D,1V,OR167377,10013,98.36919147,2023,"Brazil: Rondonia, Cerejeiras",Brazil,OR167377,2023
512,OR167378.1|2023-02-19,1V_D.1.1,1V_D,1V,OR167378,10096,99.18459574,2023,"Brazil: Amazonas, Manaus",Brazil,OR167378,2023
513,OR167379.1|2023-02-26,1V_E.1,1V_E,1V,OR167379,9597,94.28234601,2023,"Brazil: Para, Paragominas",Brazil,OR167379,2023
514,OQ832609.1|2019-11,1I_E.3,1I_E,1I,OQ832609,10735,105.4622262,2019,Viet Nam,Viet Nam,OQ832609,2019
515,OQ832610.1|2019-12,1I_E.3,1I_E,1I,OQ832610,10735,105.4622262,2019,Viet Nam: Hanoi,Viet Nam,OQ832610,2019
516,OQ832611.1|2019-10,1I_E.3,1I_E,1I,OQ832611,10728,105.3934571,2019,Viet Nam,Viet Nam,OQ832611,2019
517,OQ832612.1|2019-10,1I_E.3,1I_E,1I,OQ832612,10735,105.4622262,2019,Viet Nam,Viet Nam,OQ832612,2019
518,OQ832613.1|2020-09,1I_E.3,1I_E,1I,OQ832613,10735,105.4622262,2020,Viet Nam: Hanoi,Viet Nam,OQ832613,2020
519,OQ832614.1|2020-09,1I_E.3,1I_E,1I,OQ832614,10725,105.3639847,2020,Viet Nam: Hanoi,Viet Nam,OQ832614,2020
520,OQ832615.1|2020-09,1I_E.1,1I_E,1I,OQ832615,10721,105.3246881,2020,Viet Nam: Hanoi,Viet Nam,OQ832615,2020
521,OQ872854.1|2023-01-05,1V_E.1,1V_E,1V,OQ872854,10016,98.39866392,2023,Brazil,Brazil,OQ872854,2023
522,OQ603259.1|2013-06-01,1V_D.1,1V_D,1V,OQ603259,10446,102.6230475,2013,Colombia: Boyaca,Colombia,OQ603259,2013
523,OQ603260.1|2013-06-18,1V_D.1,1V_D,1V,OQ603260,10735,105.4622262,2013,Colombia: Meta,Colombia,OQ603260,2013
524,OQ603261.1|2015-10-09,1V_D.2,1V_D,1V,OQ603261,10735,105.4622262,2015,Colombia: Cundinamarca,Colombia,OQ603261,2015
525,OQ603262.1|2016-04-26,1V_D.1,1V_D,1V,OQ603262,10735,105.4622262,2016,Colombia: Risaralda,Colombia,OQ603262,2016
526,OQ603263.1|2016-06-24,1V_D.1.2,1V_D,1V,OQ603263,10710,105.2166225,2016,Colombia: Cauca,Colombia,OQ603263,2016
527,OQ603264.1|2016-07-19,1V_F,1V_F,1V,OQ603264,10086,99.08635426,2016,Colombia: Boyaca,Colombia,OQ603264,2016
528,OQ603265.1|2016-07-07,1V_D.1,1V_D,1V,OQ603265,10712,105.2362708,2016,Colombia: Boyaca,Colombia,OQ603265,2016
529,OQ603266.1|2016-07-14,1V_D.1,1V_D,1V,OQ603266,10570,103.8412418,2016,Colombia: Boyaca,Colombia,OQ603266,2016
530,OQ603267.1|2016-07-12,1V_D.1,1V_D,1V,OQ603267,10106,99.28283721,2016,Colombia: Boyaca,Colombia,OQ603267,2016
531,OQ603268.1|2016-08-27,1V_D.1,1V_D,1V,OQ603268,10491,103.0651341,2016,Colombia: Antioquia,Colombia,OQ603268,2016
532,OR029742.1|2019-08-15,1I_E.1,1I_E,1I,OR029742,10642,104.5485804,2019,China,China,OR029742,2019
533,OR029743.1|2019-08-15,1I_E.1,1I_E,1I,OR029743,10639,104.519108,2019,China,China,OR029743,2019
534,OR029744.1|2019-08-16,1I_E.1,1I_E,1I,OR029744,10655,104.6762943,2019,China,China,OR029744,2019
535,OR029745.1|2019-08-16,1I_E.1,1I_E,1I,OR029745,10668,104.8040083,2019,China,China,OR029745,2019
536,OR029746.1|2019-08-16,1I_E.1,1I_E,1I,OR029746,10648,104.6075253,2019,China,China,OR029746,2019
537,OR029747.1|2019-08-16,1I_E.1,1I_E,1I,OR029747,10645,104.5780529,2019,China,China,OR029747,2019
538,OR029748.1|2019-08-15,1I_E.1,1I_E,1I,OR029748,10668,104.8040083,2019,China,China,OR029748,2019
539,OR029749.1|2019-08-16,1I_E.1,1I_E,1I,OR029749,10653,104.656646,2019,China,China,OR029749,2019
540,OR029750.1|2019-08-16,1I_E.1,1I_E,1I,OR029750,10653,104.656646,2019,China,China,OR029750,2019
541,OR029751.1|2019-08-16,1I_E.1,1I_E,1I,OR029751,10651,104.6369977,2019,China,China,OR029751,2019
542,OR029752.1|2019-08-16,1I_E.1,1I_E,1I,OR029752,10654,104.6664702,2019,China,China,OR029752,2019
543,OR029753.1|2019-08-16,1I_E.1,1I_E,1I,OR029753,10640,104.5289321,2019,China,China,OR029753,2019
544,OR029754.1|2019-08-16,1I_E.1,1I_E,1I,OR029754,10653,104.656646,2019,China,China,OR029754,2019
545,OR029755.1|2019-08-17,1I_E.1,1I_E,1I,OR029755,10653,104.656646,2019,China,China,OR029755,2019
546,OR029759.1|2019-08-17,1I_E.1,1I_E,1I,OR029759,10653,104.656646,2019,China,China,OR029759,2019
547,OR029760.1|2019-08-16,1I_E.1,1I_E,1I,OR029760,10645,104.5780529,2019,China,China,OR029760,2019
548,OR029763.1|2019-08-17,1I_E.1,1I_E,1I,OR029763,10655,104.6762943,2019,China,China,OR029763,2019
549,OR029764.1|2019-08-17,1I_E.1,1I_E,1I,OR029764,10660,104.7254151,2019,China,China,OR029764,2019
550,OR029765.1|2019-08-18,1I_E.1,1I_E,1I,OR029765,10655,104.6762943,2019,China,China,OR029765,2019
551,OR029766.1|2019-08-18,1I_E.1,1I_E,1I,OR029766,10653,104.656646,2019,China,China,OR029766,2019
552,OR029767.1|2019-08-18,1I_E.1,1I_E,1I,OR029767,10653,104.656646,2019,China,China,OR029767,2019
553,OR029768.1|2019-08-18,1I_E.1,1I_E,1I,OR029768,10648,104.6075253,2019,China,China,OR029768,2019
554,OR029769.1|2019-08-18,1I_E.1,1I_E,1I,OR029769,10653,104.656646,2019,China,China,OR029769,2019
555,OR029770.1|2019-08-18,1I_E.1,1I_E,1I,OR029770,10651,104.6369977,2019,China,China,OR029770,2019
556,OR029771.1|2019-08-18,1I_E.1,1I_E,1I,OR029771,10663,104.7548875,2019,China,China,OR029771,2019
557,OR029772.1|2019-08-18,1I_E.1,1I_E,1I,OR029772,10668,104.8040083,2019,China,China,OR029772,2019
558,OR029773.1|2019-08-18,1I_E.1,1I_E,1I,OR029773,10644,104.5682287,2019,China,China,OR029773,2019
559,OR029774.1|2019-08-18,1I_E.1,1I_E,1I,OR029774,10638,104.5092838,2019,China,China,OR029774,2019
560,OR029775.1|2019-08-18,1I_E.1,1I_E,1I,OR029775,10648,104.6075253,2019,China,China,OR029775,2019
561,OR029776.1|2019-08-19,1I_E.1,1I_E,1I,OR029776,10644,104.5682287,2019,China,China,OR029776,2019
562,OR029777.1|2019-08-19,1I_E.1,1I_E,1I,OR029777,10641,104.5387563,2019,China,China,OR029777,2019
563,OR029778.1|2019-08-19,1I_E.1,1I_E,1I,OR029778,10655,104.6762943,2019,China,China,OR029778,2019
564,OR029779.1|2019-08-19,1I_E.1,1I_E,1I,OR029779,10655,104.6762943,2019,China,China,OR029779,2019
565,OR029780.1|2019-08-19,1I_E.1,1I_E,1I,OR029780,10661,104.7352392,2019,China,China,OR029780,2019
566,OR029782.1|2019-08-19,1I_E.1,1I_E,1I,OR029782,10640,104.5289321,2019,China,China,OR029782,2019
567,OR029783.1|2019-08-19,1I_E.1,1I_E,1I,OR029783,10640,104.5289321,2019,China,China,OR029783,2019
568,OR029784.1|2019-08-19,1I_E.1,1I_E,1I,OR029784,10668,104.8040083,2019,China,China,OR029784,2019
569,OR029785.1|2019-08-19,1I_E.1,1I_E,1I,OR029785,10655,104.6762943,2019,China,China,OR029785,2019
570,OR029786.1|2019-08-19,1I_E.1,1I_E,1I,OR029786,10649,104.6173494,2019,China,China,OR029786,2019
571,OR029788.1|2019-08-19,1I_E.1,1I_E,1I,OR029788,10653,104.656646,2019,China,China,OR029788,2019
572,OR029789.1|2019-08-19,1I_E.1,1I_E,1I,OR029789,10653,104.656646,2019,China,China,OR029789,2019
573,OR029791.1|2019-08-19,1I_E.1,1I_E,1I,OR029791,10652,104.6468219,2019,China,China,OR029791,2019
574,OR029792.1|2019-08-19,1I_E.1,1I_E,1I,OR029792,10651,104.6369977,2019,China,China,OR029792,2019
575,OR029793.1|2019-08-20,1I_E.1,1I_E,1I,OR029793,10654,104.6664702,2019,China,China,OR029793,2019
576,OR029794.1|2019-08-20,1I_E.1,1I_E,1I,OR029794,10654,104.6664702,2019,China,China,OR029794,2019
577,OR029795.1|2019-08-20,1I_E.1,1I_E,1I,OR029795,10653,104.656646,2019,China,China,OR029795,2019
578,OR029796.1|2019-08-20,1I_E.1,1I_E,1I,OR029796,10654,104.6664702,2019,China,China,OR029796,2019
579,OR029797.1|2019-08-20,1I_E.1,1I_E,1I,OR029797,10663,104.7548875,2019,China,China,OR029797,2019
580,OR029798.1|2019-08-20,1I_E.1,1I_E,1I,OR029798,10653,104.656646,2019,China,China,OR029798,2019
581,OR029799.1|2019-08-19,1I_E.1,1I_E,1I,OR029799,10668,104.8040083,2019,China,China,OR029799,2019
582,OR029800.1|2019-08-20,1I_E.1,1I_E,1I,OR029800,10656,104.6861185,2019,China,China,OR029800,2019
583,OR029801.1|2019-08-20,1I_E.1,1I_E,1I,OR029801,10663,104.7548875,2019,China,China,OR029801,2019
584,OR029802.1|2019-08-20,1I_E.1,1I_E,1I,OR029802,10664,104.7647117,2019,China,China,OR029802,2019
585,OR029803.1|2019-08-20,1I_E.1,1I_E,1I,OR029803,10654,104.6664702,2019,China,China,OR029803,2019
586,OR029805.1|2019-08-19,1I_E.1,1I_E,1I,OR029805,10669,104.8138324,2019,China,China,OR029805,2019
587,OR029807.1|2019-08-20,1I_E.1,1I_E,1I,OR029807,10668,104.8040083,2019,China,China,OR029807,2019
588,OR029808.1|2019-08-19,1I_E.1,1I_E,1I,OR029808,10657,104.6959426,2019,China,China,OR029808,2019
589,OR029809.1|2019-08-20,1I_E.1,1I_E,1I,OR029809,10636,104.4896355,2019,China,China,OR029809,2019
590,OR029810.1|2019-08-21,1I_E.1,1I_E,1I,OR029810,10655,104.6762943,2019,China,China,OR029810,2019
591,OR029811.1|2019-08-21,1I_E.1,1I_E,1I,OR029811,10653,104.656646,2019,China,China,OR029811,2019
592,OR029812.1|2019-08-21,1I_E.1,1I_E,1I,OR029812,10628,104.4110423,2019,China,China,OR029812,2019
593,OR029813.1|2019-08-21,1I_E.1,1I_E,1I,OR029813,10644,104.5682287,2019,China,China,OR029813,2019
594,OR029814.1|2019-08-21,1I_E.1,1I_E,1I,OR029814,10634,104.4699872,2019,China,China,OR029814,2019
595,OR029815.1|2019-08-21,1I_E.1,1I_E,1I,OR029815,10653,104.656646,2019,China,China,OR029815,2019
596,OR029816.1|2019-08-20,1I_E.1,1I_E,1I,OR029816,10605,104.1850869,2019,China,China,OR029816,2019
597,OR029817.1|2019-07-24,1I_E.1,1I_E,1I,OR029817,10656,104.6861185,2019,China,China,OR029817,2019
598,OR029818.1|2019-07-28,1I_E.1,1I_E,1I,OR029818,10653,104.656646,2019,China,China,OR029818,2019
599,OR029819.1|2019-07-28,1I_E.1,1I_E,1I,OR029819,10653,104.656646,2019,China,China,OR029819,2019
600,OR029820.1|2019-07-28,1I_E.1,1I_E,1I,OR029820,10653,104.656646,2019,China,China,OR029820,2019
601,OR029822.1|2019-07-29,1I_E.1,1I_E,1I,OR029822,10652,104.6468219,2019,China,China,OR029822,2019
602,OR029823.1|2019-07-29,1I_E.1,1I_E,1I,OR029823,10653,104.656646,2019,China,China,OR029823,2019
603,OR029824.1|2019-07-29,1I_E.1,1I_E,1I,OR029824,10645,104.5780529,2019,China,China,OR029824,2019
604,OR029825.1|2019-07-29,1I_E.1,1I_E,1I,OR029825,10652,104.6468219,2019,China,China,OR029825,2019
605,OR029826.1|2019-07-29,1I_E.1,1I_E,1I,OR029826,10653,104.656646,2019,China,China,OR029826,2019
606,OR029827.1|2019-07-30,1I_E.1,1I_E,1I,OR029827,10653,104.656646,2019,China,China,OR029827,2019
607,OR029828.1|2019-07-30,1I_E.1,1I_E,1I,OR029828,10654,104.6664702,2019,China,China,OR029828,2019
608,OR029829.1|2019-07-30,1I_E.1,1I_E,1I,OR029829,10667,104.7941841,2019,China,China,OR029829,2019
609,OR029830.1|2019-07-31,1I_E.1,1I_E,1I,OR029830,10667,104.7941841,2019,China,China,OR029830,2019
610,OR029831.1|2019-07-30,1I_E.1,1I_E,1I,OR029831,10668,104.8040083,2019,China,China,OR029831,2019
611,OR029832.1|2019-07-31,1I_E.1,1I_E,1I,OR029832,10660,104.7254151,2019,China,China,OR029832,2019
612,OR029833.1|2019-07-31,1I_E.1,1I_E,1I,OR029833,10652,104.6468219,2019,China,China,OR029833,2019
613,OR029834.1|2019-07-31,1I_E.1,1I_E,1I,OR029834,10662,104.7450634,2019,China,China,OR029834,2019
614,OR029835.1|2019-08-01,1I_E.1,1I_E,1I,OR029835,10668,104.8040083,2019,China,China,OR029835,2019
615,OR029836.1|2019-08-01,1I_E.1,1I_E,1I,OR029836,10667,104.7941841,2019,China,China,OR029836,2019
616,OR029837.1|2019-08-01,1I_E.1,1I_E,1I,OR029837,10653,104.656646,2019,China,China,OR029837,2019
617,OR029838.1|2019-08-01,1I_E.1,1I_E,1I,OR029838,10667,104.7941841,2019,China,China,OR029838,2019
618,OR029839.1|2019-08-02,1I_E.1,1I_E,1I,OR029839,10668,104.8040083,2019,China,China,OR029839,2019
619,OR029840.1|2019-08-02,1I_E.1,1I_E,1I,OR029840,10667,104.7941841,2019,China,China,OR029840,2019
620,OR029841.1|2019-08-02,1I_E.1,1I_E,1I,OR029841,10660,104.7254151,2019,China,China,OR029841,2019
621,OR029842.1|2019-08-02,1I_E.1,1I_E,1I,OR029842,10667,104.7941841,2019,China,China,OR029842,2019
622,OR029843.1|2019-08-02,1I_E.1,1I_E,1I,OR029843,10665,104.7745358,2019,China,China,OR029843,2019
623,OR029844.1|2019-08-01,1I_E.1,1I_E,1I,OR029844,10668,104.8040083,2019,China,China,OR029844,2019
624,OR029845.1|2019-08-02,1I_E.1,1I_E,1I,OR029845,10667,104.7941841,2019,China,China,OR029845,2019
625,OR029846.1|2019-08-02,1I_E.1,1I_E,1I,OR029846,10663,104.7548875,2019,China,China,OR029846,2019
626,OR029847.1|2019-08-02,1I_E.1,1I_E,1I,OR029847,10665,104.7745358,2019,China,China,OR029847,2019
627,OR029848.1|2019-08-03,1I_E.1,1I_E,1I,OR029848,10653,104.656646,2019,China,China,OR029848,2019
628,OR029849.1|2019-08-03,1I_E.1,1I_E,1I,OR029849,10663,104.7548875,2019,China,China,OR029849,2019
629,OR029850.1|2019-08-03,1I_E.1,1I_E,1I,OR029850,10667,104.7941841,2019,China,China,OR029850,2019
630,OR029851.1|2019-08-03,1I_E.1,1I_E,1I,OR029851,10667,104.7941841,2019,China,China,OR029851,2019
631,OR029852.1|2019-08-04,1I_E.1,1I_E,1I,OR029852,10668,104.8040083,2019,China,China,OR029852,2019
632,OR029853.1|2019-08-04,1I_E.1,1I_E,1I,OR029853,10668,104.8040083,2019,China,China,OR029853,2019
633,OR029854.1|2019-08-04,1I_E.1,1I_E,1I,OR029854,10665,104.7745358,2019,China,China,OR029854,2019
634,OR029855.1|2019-08-04,1I_E.1,1I_E,1I,OR029855,10667,104.7941841,2019,China,China,OR029855,2019
635,OR029856.1|2019-08-04,1I_E.1,1I_E,1I,OR029856,10663,104.7548875,2019,China,China,OR029856,2019
636,OR029857.1|2019-08-05,1I_E.1,1I_E,1I,OR029857,10668,104.8040083,2019,China,China,OR029857,2019
637,OR029858.1|2019-08-05,1I_E.1,1I_E,1I,OR029858,10666,104.78436,2019,China,China,OR029858,2019
638,OR029859.1|2019-08-05,1I_E.1,1I_E,1I,OR029859,10653,104.656646,2019,China,China,OR029859,2019
639,OR029860.1|2019-08-05,1I_E.1,1I_E,1I,OR029860,10668,104.8040083,2019,China,China,OR029860,2019
640,OR029862.1|2019-08-04,1I_E.1,1I_E,1I,OR029862,10654,104.6664702,2019,China,China,OR029862,2019
641,OR029863.1|2019-08-05,1I_E.1,1I_E,1I,OR029863,10663,104.7548875,2019,China,China,OR029863,2019
642,OR029864.1|2019-08-04,1I_E.1,1I_E,1I,OR029864,10634,104.4699872,2019,China,China,OR029864,2019
643,OR029865.1|2019-08-06,1I_E.1,1I_E,1I,OR029865,10655,104.6762943,2019,China,China,OR029865,2019
644,OR029866.1|2019-08-05,1I_E.1,1I_E,1I,OR029866,10653,104.656646,2019,China,China,OR029866,2019
645,OR029867.1|2019-08-06,1I_E.1,1I_E,1I,OR029867,10657,104.6959426,2019,China,China,OR029867,2019
646,OR029868.1|2019-08-06,1I_E.1,1I_E,1I,OR029868,10651,104.6369977,2019,China,China,OR029868,2019
647,OR029869.1|2019-08-06,1I_E.1,1I_E,1I,OR029869,10653,104.656646,2019,China,China,OR029869,2019
648,OR029870.1|2019-08-06,1I_E.1,1I_E,1I,OR029870,10668,104.8040083,2019,China,China,OR029870,2019
649,OR029871.1|2019-08-06,1I_E.1,1I_E,1I,OR029871,10667,104.7941841,2019,China,China,OR029871,2019
650,OR029872.1|2019-08-06,1I_E.1,1I_E,1I,OR029872,10654,104.6664702,2019,China,China,OR029872,2019
651,OR029873.1|2019-08-07,1I_E.1,1I_E,1I,OR029873,10642,104.5485804,2019,China,China,OR029873,2019
652,OR029874.1|2019-08-07,1I_E.1,1I_E,1I,OR029874,10654,104.6664702,2019,China,China,OR029874,2019
653,OR029875.1|2019-08-07,1I_E.1,1I_E,1I,OR029875,10656,104.6861185,2019,China,China,OR029875,2019
654,OR029876.1|2019-08-07,1I_E.1,1I_E,1I,OR029876,10667,104.7941841,2019,China,China,OR029876,2019
655,OR029877.1|2019-08-08,1I_E.1,1I_E,1I,OR029877,10662,104.7450634,2019,China,China,OR029877,2019
656,OR029878.1|2019-08-08,1I_E.1,1I_E,1I,OR029878,10654,104.6664702,2019,China,China,OR029878,2019
657,OR029879.1|2019-08-08,1I_E.1,1I_E,1I,OR029879,10654,104.6664702,2019,China,China,OR029879,2019
658,OR029880.1|2019-08-08,1I_E.1,1I_E,1I,OR029880,10649,104.6173494,2019,China,China,OR029880,2019
659,OR029881.1|2019-08-08,1I_E.1,1I_E,1I,OR029881,10650,104.6271736,2019,China,China,OR029881,2019
660,OR029882.1|2019-08-08,1I_E.1,1I_E,1I,OR029882,10655,104.6762943,2019,China,China,OR029882,2019
661,OR029883.1|2019-08-08,1I_E.1,1I_E,1I,OR029883,10654,104.6664702,2019,China,China,OR029883,2019
662,OR029884.1|2019-08-08,1I_E.1,1I_E,1I,OR029884,10655,104.6762943,2019,China,China,OR029884,2019
663,OR029885.1|2019-08-09,1I_E.1,1I_E,1I,OR029885,10655,104.6762943,2019,China,China,OR029885,2019
664,OR029886.1|2019-08-09,1I_E.1,1I_E,1I,OR029886,10654,104.6664702,2019,China,China,OR029886,2019
665,OR029887.1|2019-08-10,1I_E.1,1I_E,1I,OR029887,10656,104.6861185,2019,China,China,OR029887,2019
666,OR029888.1|2019-08-10,1I_E.1,1I_E,1I,OR029888,10668,104.8040083,2019,China,China,OR029888,2019
667,OR029889.1|2019-08-10,1I_E.1,1I_E,1I,OR029889,10656,104.6861185,2019,China,China,OR029889,2019
668,OR029890.1|2019-08-10,1I_E.1,1I_E,1I,OR029890,10659,104.7155909,2019,China,China,OR029890,2019
669,OR029891.1|2019-08-11,1I_E.1,1I_E,1I,OR029891,10653,104.656646,2019,China,China,OR029891,2019
670,OR029892.1|2019-08-10,1I_E.1,1I_E,1I,OR029892,10664,104.7647117,2019,China,China,OR029892,2019
671,OR029893.1|2019-08-10,1I_E.1,1I_E,1I,OR029893,10666,104.78436,2019,China,China,OR029893,2019
672,OR029894.1|2019-08-11,1I_E.1,1I_E,1I,OR029894,10654,104.6664702,2019,China,China,OR029894,2019
673,OR029895.1|2019-08-11,1I_E.1,1I_E,1I,OR029895,10662,104.7450634,2019,China,China,OR029895,2019
674,OR029896.1|2019-08-11,1I_E.1,1I_E,1I,OR029896,10656,104.6861185,2019,China,China,OR029896,2019
675,OR029897.1|2019-08-11,1I_E.1,1I_E,1I,OR029897,10669,104.8138324,2019,China,China,OR029897,2019
676,OR029898.1|2019-08-12,1I_E.1,1I_E,1I,OR029898,10666,104.78436,2019,China,China,OR029898,2019
677,OR029899.1|2019-08-12,1I_E.1,1I_E,1I,OR029899,10653,104.656646,2019,China,China,OR029899,2019
678,OR029900.1|2019-08-11,1I_E.1,1I_E,1I,OR029900,10668,104.8040083,2019,China,China,OR029900,2019
679,OR029901.1|2019-08-12,1I_E.1,1I_E,1I,OR029901,10668,104.8040083,2019,China,China,OR029901,2019
680,OR029902.1|2019-08-12,1I_E.1,1I_E,1I,OR029902,10668,104.8040083,2019,China,China,OR029902,2019
681,OR029903.1|2019-08-12,1I_E.1,1I_E,1I,OR029903,10668,104.8040083,2019,China,China,OR029903,2019
682,OR029905.1|2019-08-12,1I_E.1,1I_E,1I,OR029905,10669,104.8138324,2019,China,China,OR029905,2019
683,OR029906.1|2019-08-12,1I_E.1,1I_E,1I,OR029906,10667,104.7941841,2019,China,China,OR029906,2019
684,OR029907.1|2019-08-11,1I_E.1,1I_E,1I,OR029907,10664,104.7647117,2019,China,China,OR029907,2019
685,OR029908.1|2019-08-11,1I_E.1,1I_E,1I,OR029908,10658,104.7057668,2019,China,China,OR029908,2019
686,OR029909.1|2019-08-12,1I_E.1,1I_E,1I,OR029909,10669,104.8138324,2019,China,China,OR029909,2019
687,OR029910.1|2019-08-12,1I_E.1,1I_E,1I,OR029910,10659,104.7155909,2019,China,China,OR029910,2019
688,OR029911.1|2019-08-12,1I_E.1,1I_E,1I,OR029911,10661,104.7352392,2019,China,China,OR029911,2019
689,OR029912.1|2019-08-13,1I_E.1,1I_E,1I,OR029912,10668,104.8040083,2019,China,China,OR029912,2019
690,OR029913.1|2019-08-13,1I_E.1,1I_E,1I,OR029913,10653,104.656646,2019,China,China,OR029913,2019
691,OR029915.1|2019-08-12,1I_E.1,1I_E,1I,OR029915,10654,104.6664702,2019,China,China,OR029915,2019
692,OR029916.1|2019-08-12,1I_E.1,1I_E,1I,OR029916,10655,104.6762943,2019,China,China,OR029916,2019
693,OR029917.1|2019-08-12,1I_E.1,1I_E,1I,OR029917,10667,104.7941841,2019,China,China,OR029917,2019
694,OR029919.1|2019-08-12,1I_E.1,1I_E,1I,OR029919,10655,104.6762943,2019,China,China,OR029919,2019
695,OR029920.1|2019-08-12,1I_E.1,1I_E,1I,OR029920,10653,104.656646,2019,China,China,OR029920,2019
696,OR029921.1|2019-08-13,1I_E.1,1I_E,1I,OR029921,10661,104.7352392,2019,China,China,OR029921,2019
697,OR029922.1|2019-08-13,1I_E.1,1I_E,1I,OR029922,10653,104.656646,2019,China,China,OR029922,2019
698,OR029923.1|2019-08-13,1I_E.1,1I_E,1I,OR029923,10654,104.6664702,2019,China,China,OR029923,2019
699,OR029924.1|2019-08-13,1I_E.1,1I_E,1I,OR029924,10663,104.7548875,2019,China,China,OR029924,2019
700,OR029925.1|2019-08-13,1I_E.1,1I_E,1I,OR029925,10654,104.6664702,2019,China,China,OR029925,2019
701,OR029927.1|2019-08-12,1I_E.1,1I_E,1I,OR029927,10655,104.6762943,2019,China,China,OR029927,2019
702,OR029928.1|2019-08-13,1I_E.1,1I_E,1I,OR029928,10654,104.6664702,2019,China,China,OR029928,2019
703,OR029929.1|2019-08-13,1I_E.1,1I_E,1I,OR029929,10653,104.656646,2019,China,China,OR029929,2019
704,OR029931.1|2019-08-14,1I_E.1,1I_E,1I,OR029931,10654,104.6664702,2019,China,China,OR029931,2019
705,OR029932.1|2019-08-13,1I_E.1,1I_E,1I,OR029932,10654,104.6664702,2019,China,China,OR029932,2019
706,OR029933.1|2019-08-13,1I_E.1,1I_E,1I,OR029933,10650,104.6271736,2019,China,China,OR029933,2019
707,OR029935.1|2019-08-12,1I_E.1,1I_E,1I,OR029935,10654,104.6664702,2019,China,China,OR029935,2019
708,OR029936.1|2019-08-13,1I_E.1,1I_E,1I,OR029936,10652,104.6468219,2019,China,China,OR029936,2019
709,OR029937.1|2019-08-14,1I_E.1,1I_E,1I,OR029937,10626,104.391394,2019,China,China,OR029937,2019
710,OR029938.1|2019-08-14,1I_E.1,1I_E,1I,OR029938,10654,104.6664702,2019,China,China,OR029938,2019
711,OR029939.1|2019-08-14,1I_E.1,1I_E,1I,OR029939,10654,104.6664702,2019,China,China,OR029939,2019
712,OR029941.1|2019-08-14,1I_E.1,1I_E,1I,OR029941,10655,104.6762943,2019,China,China,OR029941,2019
713,OR029942.1|2019-08-14,1I_E.1,1I_E,1I,OR029942,10654,104.6664702,2019,China,China,OR029942,2019
714,OR029943.1|2019-08-14,1I_E.1,1I_E,1I,OR029943,10655,104.6762943,2019,China,China,OR029943,2019
715,OR029944.1|2019-08-14,1I_E.1,1I_E,1I,OR029944,10654,104.6664702,2019,China,China,OR029944,2019
716,OR029946.1|2019-08-14,1I_E.1,1I_E,1I,OR029946,10656,104.6861185,2019,China,China,OR029946,2019
717,OR029948.1|2019-08-15,1I_E.1,1I_E,1I,OR029948,10654,104.6664702,2019,China,China,OR029948,2019
718,OR029949.1|2019-08-15,1I_E.1,1I_E,1I,OR029949,10655,104.6762943,2019,China,China,OR029949,2019
719,OR029950.1|2019-08-15,1I_E.1,1I_E,1I,OR029950,10653,104.656646,2019,China,China,OR029950,2019
720,OR029951.1|2019-08-15,1I_E.1,1I_E,1I,OR029951,10667,104.7941841,2019,China,China,OR029951,2019
721,OR029952.1|2019-08-15,1I_E.1,1I_E,1I,OR029952,10668,104.8040083,2019,China,China,OR029952,2019
722,OR029953.1|2019-08-15,1I_E.1,1I_E,1I,OR029953,10667,104.7941841,2019,China,China,OR029953,2019
723,OR029954.1|2019-08-15,1I_E.1,1I_E,1I,OR029954,10668,104.8040083,2019,China,China,OR029954,2019
724,OR029955.1|2019-08-15,1I_E.1,1I_E,1I,OR029955,10667,104.7941841,2019,China,China,OR029955,2019
725,OR029956.1|2019-08-14,1I_E.1,1I_E,1I,OR029956,10668,104.8040083,2019,China,China,OR029956,2019
726,OR029957.1|2019-08-15,1I_E.1,1I_E,1I,OR029957,10669,104.8138324,2019,China,China,OR029957,2019
727,OR029958.1|2019-08-15,1I_E.1,1I_E,1I,OR029958,10668,104.8040083,2019,China,China,OR029958,2019
728,OR029961.1|2019-08-15,1I_E.1,1I_E,1I,OR029961,10652,104.6468219,2019,China,China,OR029961,2019
729,OR029963.1|2019-08-15,1I_E.1,1I_E,1I,OR029963,10667,104.7941841,2019,China,China,OR029963,2019
730,OR029964.1|2019-08-16,1I_E.1,1I_E,1I,OR029964,10669,104.8138324,2019,China,China,OR029964,2019
731,OR029965.1|2019-08-17,1I_E.1,1I_E,1I,OR029965,10659,104.7155909,2019,China,China,OR029965,2019
732,OR029968.1|2019-08-03,1I_E.1,1I_E,1I,OR029968,10669,104.8138324,2019,China,China,OR029968,2019
733,OR029969.1|2019-08-12,1I_E.1,1I_E,1I,OR029969,10668,104.8040083,2019,China,China,OR029969,2019
734,OR029970.1|2019-08-12,1I_E.1,1I_E,1I,OR029970,10667,104.7941841,2019,China,China,OR029970,2019
735,OR025593.1|2023-03-14,1V_E.1,1V_E,1V,OR025593,10179,100,2023,"Brazil: Santa Catarina, Joinville",Brazil,OR025593,2023
736,OR025594.1|2023-03-26,1V_E.1,1V_E,1V,OR025594,10179,100,2023,"Brazil: Santa Catarina, Joinville",Brazil,OR025594,2023
737,OR025595.1|2023-03-17,1V_E.1,1V_E,1V,OR025595,10179,100,2023,"Brazil: Santa Catarina, Chapeco",Brazil,OR025595,2023
738,OR025596.1|2023-02-24,1V_D.1.1,1V_D,1V,OR025596,10179,100,2023,"Brazil: Santa Catarina, Florianopolis",Brazil,OR025596,2023
739,OR025597.1|2023-03-30,1V_E.1,1V_E,1V,OR025597,10179,100,2023,"Brazil: Santa Catarina, Leges",Brazil,OR025597,2023
740,OR025598.1|2023-03-06,1V_D.1.1,1V_D,1V,OR025598,10179,100,2023,"Brazil: Santa Catarina, Seara",Brazil,OR025598,2023
741,OR025599.1|2023-03-27,1V_E.1,1V_E,1V,OR025599,10179,100,2023,"Brazil: Santa Catarina, Balneario Camburiu",Brazil,OR025599,2023
742,OR025601.1|2023-03-01,1V_E.1,1V_E,1V,OR025601,10345,101.6308085,2023,"Brazil: Paraiba, Campina Grande",Brazil,OR025601,2023
743,OR025602.1|2023-03-20,1V_E.1,1V_E,1V,OR025602,10345,101.6308085,2023,"Brazil: Rio de Janeiro, Rio de Janeiro",Brazil,OR025602,2023
744,OR025603.1|2023-03-24,1V_F,1V_F,1V,OR025603,10345,101.6308085,2023,"Brazil: Rio de Janeiro, Rio de Janeiro",Brazil,OR025603,2023
745,OR025604.1|2023-03-24,1V_E.1,1V_E,1V,OR025604,10345,101.6308085,2023,"Brazil: Rio de Janeiro, Varre-Sai",Brazil,OR025604,2023
746,OR025605.1|2023-03-25,1V_E.1,1V_E,1V,OR025605,10345,101.6308085,2023,"Brazil: Rio de Janeiro, Rio de Janeiro",Brazil,OR025605,2023
747,OR025606.1|2023-03-27,1V_E.1,1V_E,1V,OR025606,10345,101.6308085,2023,"Brazil: Rio de Janeiro, Varre-Sai",Brazil,OR025606,2023
748,OR025607.1|2023-03-29,1V_D.2,1V_D,1V,OR025607,10345,101.6308085,2023,"Brazil: Rio de Janeiro, Rio de Janeiro",Brazil,OR025607,2023
749,OR025608.1|2023-03-31,1V_E.1,1V_E,1V,OR025608,10345,101.6308085,2023,"Brazil: Rio de Janeiro, Varre-Sai",Brazil,OR025608,2023
750,OR025609.1|2023-04-03,1V_E.1,1V_E,1V,OR025609,10345,101.6308085,2023,"Brazil: Rio de Janeiro, Varre-Sai",Brazil,OR025609,2023
751,OR025610.1|2023-02-27,1V_E.1,1V_E,1V,OR025610,10345,101.6308085,2023,"Brazil: Rio de Janeiro, Resende",Brazil,OR025610,2023
752,OR025611.1|2023-04-08,1V_D.2,1V_D,1V,OR025611,10345,101.6308085,2023,"Brazil: Rio de Janeiro, Rio de Janeiro",Brazil,OR025611,2023
753,OR025612.1|2023-04-10,1V_E.1,1V_E,1V,OR025612,10345,101.6308085,2023,"Brazil: Rio de Janeiro, Rio de Janeiro",Brazil,OR025612,2023
754,OR025613.1|2023-04-11,1V_D.2,1V_D,1V,OR025613,10345,101.6308085,2023,"Brazil: Rio de Janeiro, Rio de Janeiro",Brazil,OR025613,2023
755,OR025614.1|2023-04-12,1V_E.1,1V_E,1V,OR025614,10345,101.6308085,2023,"Brazil: Rio de Janeiro, Rio de Janeiro",Brazil,OR025614,2023
756,OR025615.1|2023-04-13,1V_E.1,1V_E,1V,OR025615,10345,101.6308085,2023,"Brazil: Rio de Janeiro, Sapucaia",Brazil,OR025615,2023
757,OR025616.1|2023-03-01,1V_E.1,1V_E,1V,OR025616,10345,101.6308085,2023,"Brazil: Rio de Janeiro, Nova Iguacu",Brazil,OR025616,2023
758,OR025617.1|2023-03-09,1V_F,1V_F,1V,OR025617,10345,101.6308085,2023,"Brazil: Rio de Janeiro, Rio de Janeiro",Brazil,OR025617,2023
759,OR025618.1|2023-03-09,1V_E.1,1V_E,1V,OR025618,10345,101.6308085,2023,"Brazil: Rio de Janeiro, Varre-Sai",Brazil,OR025618,2023
760,OR025619.1|2023-03-13,1V_E.1,1V_E,1V,OR025619,10345,101.6308085,2023,"Brazil: Rio de Janeiro, Varre-Sai",Brazil,OR025619,2023
761,OR025621.1|2023-03-14,1V_F,1V_F,1V,OR025621,10345,101.6308085,2023,"Brazil: Rio de Janeiro, Rio de Janeiro",Brazil,OR025621,2023
762,OR025622.1|2023-03-14,1V_E.1,1V_E,1V,OR025622,10345,101.6308085,2023,"Brazil: Rio de Janeiro, Guapimirim",Brazil,OR025622,2023
763,OR025623.1|2023-03-17,1V_E.1,1V_E,1V,OR025623,10345,101.6308085,2023,"Brazil: Rio de Janeiro, Rio de Janeiro",Brazil,OR025623,2023
764,OR025624.1|2023-03-26,1V_E.1,1V_E,1V,OR025624,10336,101.5423912,2023,"Brazil: Sergipe, Aracaju",Brazil,OR025624,2023
765,OR025625.1|2023-02-15,1V_E.1,1V_E,1V,OR025625,10345,101.6308085,2023,"Brazil: Sao Paulo, Rosana",Brazil,OR025625,2023
766,OR025626.1|2023-02-15,1V_E.1,1V_E,1V,OR025626,10345,101.6308085,2023,"Brazil: Sao Paulo, Santa Barbara D''Oeste",Brazil,OR025626,2023
767,OR025627.1|2023-02-14,1V_E.1,1V_E,1V,OR025627,10345,101.6308085,2023,"Brazil: Sao Paulo, Sao Joaquim da Barra",Brazil,OR025627,2023
768,OR025628.1|2023-02-13,1V_E.1,1V_E,1V,OR025628,10345,101.6308085,2023,"Brazil: Sao Paulo, Herculandia",Brazil,OR025628,2023
769,OR025629.1|2023-02-15,1V_D.1.1,1V_D,1V,OR025629,10345,101.6308085,2023,"Brazil: Sao Paulo, Laranjal Paulista",Brazil,OR025629,2023
770,OR025630.1|2023-02-28,1V_E.1,1V_E,1V,OR025630,10345,101.6308085,2023,"Brazil: Sao Paulo, Panorama",Brazil,OR025630,2023
771,OR025631.1|2023-02-22,1V_E.1,1V_E,1V,OR025631,10345,101.6308085,2023,"Brazil: Sao Paulo, Rio Claro",Brazil,OR025631,2023
772,OR025632.1|2023-02-21,1V_E.1,1V_E,1V,OR025632,10345,101.6308085,2023,"Brazil: Sao Paulo, Sao Jose do Rio Preto",Brazil,OR025632,2023
773,OR025633.1|2023-03-06,1V_E.1,1V_E,1V,OR025633,10345,101.6308085,2023,"Brazil: Sao Paulo, Taubate",Brazil,OR025633,2023
774,OR025634.1|2023-03-07,1V_D.1.1,1V_D,1V,OR025634,10345,101.6308085,2023,"Brazil: Sao Paulo, Capao Bonito",Brazil,OR025634,2023
775,OR025635.1|2023-03-07,1V_E.1,1V_E,1V,OR025635,10345,101.6308085,2023,"Brazil: Sao Paulo, Viradouro",Brazil,OR025635,2023
776,OR025636.1|2023-03-13,1V_E.1,1V_E,1V,OR025636,10345,101.6308085,2023,"Brazil: Sao Paulo, Bebedouro",Brazil,OR025636,2023
777,OR025637.1|2023-03-05,1V_E.1,1V_E,1V,OR025637,10345,101.6308085,2023,"Brazil: Sao Paulo, Guarulhos",Brazil,OR025637,2023
778,OR025638.1|2023-03-10,1V_E.1,1V_E,1V,OR025638,10345,101.6308085,2023,"Brazil: Sao Paulo, Limeira",Brazil,OR025638,2023
779,OR025639.1|2023-03-19,1V_E.1,1V_E,1V,OR025639,10345,101.6308085,2023,"Brazil: Sao Paulo, Franco da Rocha",Brazil,OR025639,2023
780,OR025640.1|2023-03-17,1V_E.1,1V_E,1V,OR025640,10345,101.6308085,2023,"Brazil: Sao Paulo, Limeira",Brazil,OR025640,2023
781,OR025641.1|2023-03-15,1V_E.1,1V_E,1V,OR025641,10345,101.6308085,2023,"Brazil: Sao Paulo, Orlandia",Brazil,OR025641,2023
782,OR025642.1|2023-03-20,1V_E.1,1V_E,1V,OR025642,10345,101.6308085,2023,"Brazil: Sao Paulo, Batatais",Brazil,OR025642,2023
783,OR025643.1|2023-03-15,1V_D.1.1,1V_D,1V,OR025643,10345,101.6308085,2023,"Brazil: Sao Paulo, Ribeirao Preto",Brazil,OR025643,2023
784,OR025644.1|2023-03-21,1V_E.1,1V_E,1V,OR025644,10345,101.6308085,2023,"Brazil: Sao Paulo, Dracena",Brazil,OR025644,2023
785,OR025645.1|2023-03-13,1V_D.1.1,1V_D,1V,OR025645,10345,101.6308085,2023,"Brazil: Sao Paulo, Castilho",Brazil,OR025645,2023
786,OR025646.1|2023-03-20,1V_E.1,1V_E,1V,OR025646,10345,101.6308085,2023,"Brazil: Sao Paulo, Marilia",Brazil,OR025646,2023
787,OR025647.1|2023-03-20,1V_E.1,1V_E,1V,OR025647,10345,101.6308085,2023,"Brazil: Sao Paulo, Itarare",Brazil,OR025647,2023
788,OR025648.1|2023-03-22,1V_E.1,1V_E,1V,OR025648,10345,101.6308085,2023,"Brazil: Sao Paulo, Peruibe",Brazil,OR025648,2023
789,OR025649.1|2023-03-21,1V_E.1,1V_E,1V,OR025649,10345,101.6308085,2023,"Brazil: Sao Paulo, Caraguatatuba",Brazil,OR025649,2023
790,OR025650.1|2023-03-19,1V_E.1,1V_E,1V,OR025650,10345,101.6308085,2023,"Brazil: Sao Paulo, Ilhabela",Brazil,OR025650,2023
791,OR025651.1|2023-03-24,1V_E.1,1V_E,1V,OR025651,10345,101.6308085,2023,"Brazil: Sao Paulo, Sao Paulo",Brazil,OR025651,2023
792,OR025652.1|2023-03-21,1V_E.1,1V_E,1V,OR025652,10345,101.6308085,2023,"Brazil: Sao Paulo, Ilha Solteira",Brazil,OR025652,2023
793,OR025653.1|2023-03-27,1V_D.1.1,1V_D,1V,OR025653,10345,101.6308085,2023,"Brazil: Sao Paulo, Mogi Guacu",Brazil,OR025653,2023
794,OR025654.1|2023-03-27,1V_E.1,1V_E,1V,OR025654,10345,101.6308085,2023,"Brazil: Sao Paulo, Guaruja",Brazil,OR025654,2023
795,OR025655.1|2023-03-30,1V_E.1,1V_E,1V,OR025655,10345,101.6308085,2023,"Brazil: Sao Paulo, Sao Caetano do Sul",Brazil,OR025655,2023
796,OR025656.1|2023-04-03,1V_E.1,1V_E,1V,OR025656,10345,101.6308085,2023,"Brazil: Sao Paulo, Jau",Brazil,OR025656,2023
797,OR025657.1|2023-03-28,1V_E.1,1V_E,1V,OR025657,10345,101.6308085,2023,"Brazil: Sao Paulo, Jundiai",Brazil,OR025657,2023
798,OR025658.1|2023-02-05,1V_E.1,1V_E,1V,OR025658,10345,101.6308085,2023,"Brazil: Sao Paulo, Campinas",Brazil,OR025658,2023
799,OR025659.1|2023-02-22,1V_E.1,1V_E,1V,OR025659,10345,101.6308085,2023,"Brazil: Sao Paulo, Taquaritinga",Brazil,OR025659,2023
800,OR025660.1|2023-02-28,1V_E.1,1V_E,1V,OR025660,10345,101.6308085,2023,"Brazil: Sao Paulo, Ituverava",Brazil,OR025660,2023
801,OR025661.1|2023-02-25,1V_E.1,1V_E,1V,OR025661,10345,101.6308085,2023,"Brazil: Sao Paulo, Ribeirao Preto",Brazil,OR025661,2023
802,OR025662.1|2023-03-02,1V_E.1,1V_E,1V,OR025662,10345,101.6308085,2023,"Brazil: Sao Paulo, Itapolis",Brazil,OR025662,2023
803,OR025663.1|2023-03-20,1V_E.1,1V_E,1V,OR025663,10345,101.6308085,2023,"Brazil: Sao Paulo, Santos",Brazil,OR025663,2023
804,OR025664.1|2023-03-28,1V_E.1,1V_E,1V,OR025664,10345,101.6308085,2023,"Brazil: Sao Paulo, Osvaldo Cruz",Brazil,OR025664,2023
805,OR025665.1|2023-03-27,1V_E.1,1V_E,1V,OR025665,10345,101.6308085,2023,"Brazil: Sao Paulo, Lins",Brazil,OR025665,2023
806,OR025666.1|2023-03-29,1V_E.1,1V_E,1V,OR025666,10345,101.6308085,2023,"Brazil: Sao Paulo, Lins",Brazil,OR025666,2023
807,MZ130530.1|2016-06-17,1VII_A,1VII_A,1VII,MZ130530,9869,96.9545142,2016,Democratic Republic of the Congo,Democratic Republic of the Congo,MZ130530,2016
808,MZ130531.1|2015-05-29,1VII_A,1VII_A,1VII,MZ130531,10596,104.0966696,2015,Democratic Republic of the Congo,Democratic Republic of the Congo,MZ130531,2015
809,MZ130532.1|2016-04-06,1VII_A,1VII_A,1VII,MZ130532,10595,104.0868455,2016,Democratic Republic of the Congo,Democratic Republic of the Congo,MZ130532,2016
810,MZ130533.1|2016-06-17,1VII_A,1VII_A,1VII,MZ130533,10595,104.0868455,2016,Democratic Republic of the Congo,Democratic Republic of the Congo,MZ130533,2016
811,MZ130534.1|2019-05-28,1VII_A,1VII_A,1VII,MZ130534,10596,104.0966696,2019,Democratic Republic of the Congo,Democratic Republic of the Congo,MZ130534,2019
812,MZ130535.1|2016-05-09,1VII_A,1VII_A,1VII,MZ130535,10595,104.0868455,2016,Democratic Republic of the Congo,Democratic Republic of the Congo,MZ130535,2016
813,MZ130536.1|2016-01-07,1VII_A,1VII_A,1VII,MZ130536,10595,104.0868455,2016,Democratic Republic of the Congo,Democratic Republic of the Congo,MZ130536,2016
814,MZ130537.1|2016-06-14,1VII_A,1VII_A,1VII,MZ130537,10595,104.0868455,2016,Democratic Republic of the Congo,Democratic Republic of the Congo,MZ130537,2016
815,MZ130538.1|2016-06-14,1VII_A,1VII_A,1VII,MZ130538,10595,104.0868455,2016,Democratic Republic of the Congo,Democratic Republic of the Congo,MZ130538,2016
816,MZ130539.1|2016-06-20,1VII_A,1VII_A,1VII,MZ130539,10595,104.0868455,2016,Democratic Republic of the Congo,Democratic Republic of the Congo,MZ130539,2016
817,MZ130540.1|2016-06-23,1VII_A,1VII_A,1VII,MZ130540,10595,104.0868455,2016,Democratic Republic of the Congo,Democratic Republic of the Congo,MZ130540,2016
818,MZ130541.1|2016-02-26,1VII_A,1VII_A,1VII,MZ130541,10595,104.0868455,2016,Democratic Republic of the Congo,Democratic Republic of the Congo,MZ130541,2016
819,MZ130542.1|2016-06-20,1VII_A,1VII_A,1VII,MZ130542,10595,104.0868455,2016,Democratic Republic of the Congo,Democratic Republic of the Congo,MZ130542,2016
820,MZ130543.1|2016-07-25,1III_A,1III_A,1III,MZ130543,10575,103.8903625,2016,Seychelles,Seychelles,MZ130543,2016
821,MZ130545.1|2020-01-12,1III_A.3,1III_A,1III,MZ130545,10575,103.8903625,2020,Djibouti,Djibouti,MZ130545,2020
822,MZ130546.1|2020-01-08,1III_A.2,1III_A,1III,MZ130546,10575,103.8903625,2020,Tanzania,Tanzania,MZ130546,2020
823,MZ130547.1|2020-01-31,1III_A.2,1III_A,1III,MZ130547,10575,103.8903625,2020,Tanzania,Tanzania,MZ130547,2020
824,OQ821325.1|2020-01-09,1V_D.2,1V_D,1V,OQ821325,10182,100.0294724,2020,Bolivia,Bolivia,OQ821325,2020
825,OQ821326.1|2020-03-15,1V_D.2,1V_D,1V,OQ821326,10592,104.057373,2020,Bolivia,Bolivia,OQ821326,2020
826,OQ821327.1|2015-05-19,1V_F,1V_F,1V,OQ821327,10575,103.8903625,2015,Brazil,Brazil,OQ821327,2015
827,OQ821328.1|2016-02-08,1V_A,1V_A,1V,OQ821328,10595,104.0868455,2016,Brazil,Brazil,OQ821328,2016
828,OQ821329.1|2022-06-29,1V_E.1,1V_E,1V,OQ821329,10575,103.8903625,2022,Brazil,Brazil,OQ821329,2022
829,OQ821330.1|2019-07-17,1I_E.1,1I_E,1I,OQ821330,10091,99.135475,2019,Cambodia,Cambodia,OQ821330,2019
830,OQ821331.1|2016-07-12,1V_D.1,1V_D,1V,OQ821331,10599,104.1261421,2016,Colombia,Colombia,OQ821331,2016
831,OQ821332.1|2016-03-15,1V_C,1V_C,1V,OQ821332,10598,104.1163179,2016,Costa Rica,Costa Rica,OQ821332,2016
832,OQ821333.1|2019-07-26,1V_D.1.1,1V_D,1V,OQ821333,10575,103.8903625,2019,Cuba,Cuba,OQ821333,2019
833,OQ821334.1|2019-08-18,1V_D.1.1,1V_D,1V,OQ821334,10477,102.927596,2019,Cuba,Cuba,OQ821334,2019
834,OQ821335.1|2019-08-28,1V_E.2,1V_E,1V,OQ821335,10617,104.3029767,2019,Cuba,Cuba,OQ821335,2019
835,OQ821336.1|2019-10-02,1V_D.1.1,1V_D,1V,OQ821336,10602,104.1556145,2019,Cuba,Cuba,OQ821336,2019
836,OQ821337.1|2019-10-04,1V_D.1.1,1V_D,1V,OQ821337,10609,104.2243835,2019,Cuba,Cuba,OQ821337,2019
837,OQ821338.1|2020-01-10,1V_D.1.1,1V_D,1V,OQ821338,10579,103.9296591,2020,Cuba,Cuba,OQ821338,2020
838,OQ821339.1|2020-11-25,1V_D.1.1,1V_D,1V,OQ821339,10611,104.2440318,2020,Cuba,Cuba,OQ821339,2020
839,OQ821340.1|2021-11-16,1V_E.2,1V_E,1V,OQ821340,10597,104.1064938,2021,Cuba,Cuba,OQ821340,2021
840,OQ821341.1|2022-04-24,1V_D.1.1,1V_D,1V,OQ821341,10575,103.8903625,2022,Cuba,Cuba,OQ821341,2022
841,OQ821342.1|2022-05-16,1V_D.1.1,1V_D,1V,OQ821342,10598,104.1163179,2022,Cuba,Cuba,OQ821342,2022
842,OQ821343.1|2022-06-17,1V_D.1,1V_D,1V,OQ821343,10575,103.8903625,2022,Cuba,Cuba,OQ821343,2022
843,OQ821344.1|2022-06-23,1V_D.1.1,1V_D,1V,OQ821344,10568,103.8215935,2022,Cuba,Cuba,OQ821344,2022
844,OQ821345.1|2022-07-02,1V_E.2,1V_E,1V,OQ821345,10575,103.8903625,2022,Cuba,Cuba,OQ821345,2022
845,OQ821346.1|2022-07-14,1V_D.1,1V_D,1V,OQ821346,10575,103.8903625,2022,Cuba,Cuba,OQ821346,2022
846,OQ821347.1|2022-08-02,1V_D.1,1V_D,1V,OQ821347,10600,104.1359662,2022,Cuba,Cuba,OQ821347,2022
847,OQ821348.1|2022-08-28,1V_D.1.1,1V_D,1V,OQ821348,10583,103.9689557,2022,Cuba,Cuba,OQ821348,2022
848,OQ821349.1|2022-09-01,1V_D.1.1,1V_D,1V,OQ821349,10612,104.253856,2022,Cuba,Cuba,OQ821349,2022
849,OQ821350.1|2022-09-19,1V_D.1,1V_D,1V,OQ821350,10575,103.8903625,2022,Cuba,Cuba,OQ821350,2022
850,OQ821351.1|2022-12-03,1V_D.1.1,1V_D,1V,OQ821351,10617,104.3029767,2022,Cuba,Cuba,OQ821351,2022
851,OQ821352.1|2022-12-07,1V_D.1.1,1V_D,1V,OQ821352,10575,103.8903625,2022,Cuba,Cuba,OQ821352,2022
852,OQ821353.1|2010-07-28,1V_E,1V_E,1V,OQ821353,10575,103.8903625,2010,Dominican Republic,Dominican Republic,OQ821353,2010
853,OQ821354.1|2013-09-21,1V_E.2,1V_E,1V,OQ821354,10575,103.8903625,2013,Dominican Republic,Dominican Republic,OQ821354,2013
854,OQ821355.1|2019-07-04,1V_E.2,1V_E,1V,OQ821355,10575,103.8903625,2019,Dominican Republic,Dominican Republic,OQ821355,2019
855,OQ821356.1|2019-08-12,1V_E.2,1V_E,1V,OQ821356,10477,102.927596,2019,Dominican Republic,Dominican Republic,OQ821356,2019
856,OQ821357.1|2019-09-10,1V_E.2,1V_E,1V,OQ821357,10575,103.8903625,2019,Dominican Republic,Dominican Republic,OQ821357,2019
857,OQ821358.1|2019-10-08,1V_E.2,1V_E,1V,OQ821358,10616,104.2931526,2019,Dominican Republic,Dominican Republic,OQ821358,2019
858,OQ821359.1|2019-10-17,1V_E.2,1V_E,1V,OQ821359,10477,102.927596,2019,Dominican Republic,Dominican Republic,OQ821359,2019
859,OQ821360.1|2018-07-05,1V_E.2,1V_E,1V,OQ821360,10477,102.927596,2018,Haiti,Haiti,OQ821360,2018
860,OQ821361.1|2019-08-12,1V_E.2,1V_E,1V,OQ821361,10477,102.927596,2019,Haiti,Haiti,OQ821361,2019
861,OQ821362.1|2019-08-14,1V_E.2,1V_E,1V,OQ821362,10477,102.927596,2019,Haiti,Haiti,OQ821362,2019
862,OQ821363.1|2019-08-23,1V_C,1V_C,1V,OQ821363,10488,103.0356617,2019,Honduras,Honduras,OQ821363,2019
863,OQ821364.1|2012-09-02,1V_E,1V_E,1V,OQ821364,10575,103.8903625,2012,Jamaica,Jamaica,OQ821364,2012
864,OQ821365.1|2020-12-18,1V_D.1.1,1V_D,1V,OQ821365,10575,103.8903625,2020,Cuba,Cuba,OQ821365,2020
865,OQ821366.1|2019-12-05,1V_D.1,1V_D,1V,OQ821366,10558,103.723352,2019,Mexico,Mexico,OQ821366,2019
866,OQ821367.1|2022-12-07,1V_D.1.2,1V_D,1V,OQ821367,10497,103.124079,2022,Mexico,Mexico,OQ821367,2022
867,OQ821368.1|2013-08-05,1V_E.3,1V_E,1V,OQ821368,10575,103.8903625,2013,Puerto Rico,USA,OQ821368,2013
868,OQ821369.1|2022-12-15,1V_E.2,1V_E,1V,OQ821369,10477,102.927596,2022,Puerto Rico,USA,OQ821369,2022
869,OQ821370.1|2010-06-24,1V_C,1V_C,1V,OQ821370,10477,102.927596,2010,USA: Florida,USA,OQ821370,2010
870,OQ821371.1|2010-06-30,1V_C,1V_C,1V,OQ821371,10567,103.8117693,2010,USA: Florida,USA,OQ821371,2010
871,OQ821372.1|2010-08-06,1V_C,1V_C,1V,OQ821372,10477,102.927596,2010,USA: Florida,USA,OQ821372,2010
872,OQ821373.1|2010-08-11,1V_C,1V_C,1V,OQ821373,10477,102.927596,2010,USA: Florida,USA,OQ821373,2010
873,OQ821374.1|2010-08-27,1V_C,1V_C,1V,OQ821374,10477,102.927596,2010,USA: Florida,USA,OQ821374,2010
874,OQ821375.1|2010-10-11,1V_C,1V_C,1V,OQ821375,10477,102.927596,2010,USA: Florida,USA,OQ821375,2010
875,OQ821376.1|2010-11-20,1V_C,1V_C,1V,OQ821376,10575,103.8903625,2010,USA: Florida,USA,OQ821376,2010
876,OQ821377.1|2013-08-29,1V_E.2,1V_E,1V,OQ821377,10590,104.0377247,2013,USA: Florida,USA,OQ821377,2013
877,OQ821378.1|2019-09-20,1III_A.3,1III_A,1III,OQ821378,10477,102.927596,2019,USA: Florida,USA,OQ821378,2019
878,OQ821379.1|2019-01-07,1V_D.1,1V_D,1V,OQ821379,10567,103.8117693,2019,Venezuela,Venezuela,OQ821379,2019
879,OQ821380.1|2019-10-23,1V_D.1,1V_D,1V,OQ821380,10575,103.8903625,2019,Venezuela,Venezuela,OQ821380,2019
880,OQ786002.1|2023-01-03,1V_E.1,1V_E,1V,OQ786002,10331,101.4932705,2023,"Brazil: Sao Paulo, Andradina",Brazil,OQ786002,2023
881,OQ786003.1|2023-01-02,1V_E.1,1V_E,1V,OQ786003,10331,101.4932705,2023,"Brazil: Sao Paulo, Orlandia",Brazil,OQ786003,2023
882,OQ786004.1|2023-01-02,1V_E.1,1V_E,1V,OQ786004,10331,101.4932705,2023,"Brazil: Sao Paulo, Orlandia",Brazil,OQ786004,2023
883,OQ786005.1|2023-01-02,1V_E.1,1V_E,1V,OQ786005,10331,101.4932705,2023,"Brazil: Sao Paulo, Orlandia",Brazil,OQ786005,2023
884,OQ786006.1|2023-01-10,1V_E.1,1V_E,1V,OQ786006,10331,101.4932705,2023,"Brazil: Sao Paulo, Taubate",Brazil,OQ786006,2023
885,OQ786007.1|2023-01-10,1V_E.1,1V_E,1V,OQ786007,10331,101.4932705,2023,"Brazil: Sao Paulo, Rosana",Brazil,OQ786007,2023
886,OQ786008.1|2023-01-07,1V_E.1,1V_E,1V,OQ786008,10331,101.4932705,2023,"Brazil: Sao Paulo, Rosana",Brazil,OQ786008,2023
887,OQ786009.1|2023-01-09,1V_E.1,1V_E,1V,OQ786009,10331,101.4932705,2023,"Brazil: Sao Paulo, Maua",Brazil,OQ786009,2023
888,OQ786010.1|2023-01-09,1V_D.1.1,1V_D,1V,OQ786010,10331,101.4932705,2023,"Brazil: Sao Paulo, Sorocaba",Brazil,OQ786010,2023
889,OQ786011.1|2023-01-10,1V_E.1,1V_E,1V,OQ786011,10331,101.4932705,2023,"Brazil: Sao Paulo, Taubate",Brazil,OQ786011,2023
890,OQ786012.1|2023-01-19,1V_E.1,1V_E,1V,OQ786012,10331,101.4932705,2023,"Brazil: Sao Paulo, Rosana",Brazil,OQ786012,2023
891,OQ786013.1|2023-01-19,1V_E.1,1V_E,1V,OQ786013,10331,101.4932705,2023,"Brazil: Sao Paulo, Araras",Brazil,OQ786013,2023
892,OQ786014.1|2023-01-16,1V_E.1,1V_E,1V,OQ786014,10331,101.4932705,2023,"Brazil: Sao Paulo, Bauru",Brazil,OQ786014,2023
893,OQ786015.1|2023-01-16,1V_E.1,1V_E,1V,OQ786015,10331,101.4932705,2023,"Brazil: Sao Paulo, Marilia",Brazil,OQ786015,2023
894,OQ786016.1|2023-01-24,1V_E.1,1V_E,1V,OQ786016,10331,101.4932705,2023,"Brazil: Sao Paulo, Franco Da Rocha",Brazil,OQ786016,2023
895,OQ786017.1|2023-01-27,1V_E.1,1V_E,1V,OQ786017,10331,101.4932705,2023,"Brazil: Sao Paulo, Franco da Rocha",Brazil,OQ786017,2023
896,OQ786018.1|2023-01-24,1V_E.1,1V_E,1V,OQ786018,10331,101.4932705,2023,"Brazil: Sao Paulo, Pirassununga",Brazil,OQ786018,2023
897,OQ786019.1|2023-01-26,1V_E.1,1V_E,1V,OQ786019,10331,101.4932705,2023,"Brazil: Sao Paulo, Cajobi",Brazil,OQ786019,2023
898,OQ786020.1|2023-02-01,1V_E.1,1V_E,1V,OQ786020,10331,101.4932705,2023,"Brazil: Sao Paulo, Rosana",Brazil,OQ786020,2023
899,OQ786022.1|2023-01-28,1V_E.1,1V_E,1V,OQ786022,10331,101.4932705,2023,"Brazil: Sao Paulo, Franco da Rocha",Brazil,OQ786022,2023
900,OQ786023.1|2023-01-08,1V_E.1,1V_E,1V,OQ786023,10251,100.7073386,2023,"Brazil: Sao Paulo, Sao Paulo",Brazil,OQ786023,2023
901,OQ786024.1|2023-02-02,1V_E.1,1V_E,1V,OQ786024,10331,101.4932705,2023,"Brazil: Sao Paulo, Cajobi",Brazil,OQ786024,2023
902,OQ786025.1|2023-01-31,1V_E.1,1V_E,1V,OQ786025,10331,101.4932705,2023,"Brazil: Sao Paulo, Itapolis",Brazil,OQ786025,2023
903,OQ786026.1|2023-02-06,1V_E.1,1V_E,1V,OQ786026,10331,101.4932705,2023,"Brazil: Sao Paulo, Andradina",Brazil,OQ786026,2023
904,OQ786027.1|2023-02-08,1V_E.1,1V_E,1V,OQ786027,10330,101.4834463,2023,"Brazil: Sao Paulo, Rosana",Brazil,OQ786027,2023
905,OQ786028.1|2023-02-08,1V_E.1,1V_E,1V,OQ786028,10330,101.4834463,2023,"Brazil: Sao Paulo, Guaimbe",Brazil,OQ786028,2023
906,OQ786029.1|2023-02-06,1V_E.1,1V_E,1V,OQ786029,10330,101.4834463,2023,"Brazil: Sao Paulo, Tupa",Brazil,OQ786029,2023
907,OQ786030.1|2023-02-13,1V_E.1,1V_E,1V,OQ786030,10330,101.4834463,2023,"Brazil: Sao Paulo, Andradina",Brazil,OQ786030,2023
908,OQ786031.1|2023-02-13,1V_E.1,1V_E,1V,OQ786031,10330,101.4834463,2023,"Brazil: Sao Paulo, Andradina",Brazil,OQ786031,2023
909,OQ786032.1|2023-02-01,1V_E.1,1V_E,1V,OQ786032,10330,101.4834463,2023,"Brazil: Sao Paulo, Presidente Prudente",Brazil,OQ786032,2023
910,OQ786033.1|2023-02-13,1V_E.1,1V_E,1V,OQ786033,10330,101.4834463,2023,"Brazil: Sao Paulo, Taubate",Brazil,OQ786033,2023
911,OQ786034.1|2023-02-09,1V_E.1,1V_E,1V,OQ786034,10330,101.4834463,2023,"Brazil: Sao Paulo, Orlandia",Brazil,OQ786034,2023
912,OQ786035.1|2023-02-13,1V_E.1,1V_E,1V,OQ786035,10330,101.4834463,2023,"Brazil: Sao Paulo, Guaira",Brazil,OQ786035,2023
913,OQ786036.1|2023-01-13,1V_D.1.1,1V_D,1V,OQ786036,10330,101.4834463,2023,"Brazil: Sao Paulo, Alfredo Marcondes",Brazil,OQ786036,2023
914,OQ786037.1|2023-01-19,1V_E.1,1V_E,1V,OQ786037,10330,101.4834463,2023,"Brazil: Sao Paulo, Rosana",Brazil,OQ786037,2023
915,OQ786038.1|2023-01-25,1V_E.1,1V_E,1V,OQ786038,10330,101.4834463,2023,"Brazil: Sao Paulo, Taquaritinga",Brazil,OQ786038,2023
916,OQ786039.1|2023-01-24,1V_E.1,1V_E,1V,OQ786039,10330,101.4834463,2023,"Brazil: Sao Paulo, Salto Grande",Brazil,OQ786039,2023
917,OQ786040.1|2023-01-27,1V_E.1,1V_E,1V,OQ786040,10330,101.4834463,2023,"Brazil: Sao Paulo, Sao Joaquim da Barra",Brazil,OQ786040,2023
918,OQ786041.1|2023-02-07,1V_E.1,1V_E,1V,OQ786041,10330,101.4834463,2023,"Brazil: Sao Paulo, Taquaritinga",Brazil,OQ786041,2023
919,OQ786042.1|2023-02-12,1V_E.1,1V_E,1V,OQ786042,10330,101.4834463,2023,"Brazil: Sao Paulo, Taquaritinga",Brazil,OQ786042,2023
920,OQ786043.1|2023-02-10,1V_E.1,1V_E,1V,OQ786043,10330,101.4834463,2023,"Brazil: Sao Paulo, Taquaritinga",Brazil,OQ786043,2023
921,OQ786044.1|2023-02-11,1V_E.1,1V_E,1V,OQ786044,10330,101.4834463,2023,"Brazil: Sao Paulo, Taquaritinga",Brazil,OQ786044,2023
922,OQ786045.1|2023-02-13,1V_E.1,1V_E,1V,OQ786045,10330,101.4834463,2023,"Brazil: Sao Paulo, Taquaritinga",Brazil,OQ786045,2023
923,OQ786046.1|2023-02-13,1V_E.1,1V_E,1V,OQ786046,10330,101.4834463,2023,"Brazil: Sao Paulo, Taquaritinga",Brazil,OQ786046,2023
924,OM250394.1|2017-07-22,1I_K.2,1I_K,1I,OM250394,10735,105.4622262,2017,China,China,OM250394,2017
925,OQ683856.1|2019-11-08,1I_K.2,1I_K,1I,OQ683856,10733,105.4425779,2019,Cambodia,Cambodia,OQ683856,2019
926,OQ683880.1|2020-07-31,1I_E.1,1I_E,1I,OQ683880,10680,104.921898,2020,Cambodia,Cambodia,OQ683880,2020
927,OQ678009.1|2019-08-27,1I_E.1,1I_E,1I,OQ678009,10680,104.921898,2019,Cambodia,Cambodia,OQ678009,2019
928,OQ678018.1|2020-02-16,1I_E.1,1I_E,1I,OQ678018,10677,104.8924256,2020,Cambodia,Cambodia,OQ678018,2020
929,OQ678060.1|2019-11-26,1I_E.1,1I_E,1I,OQ678060,10677,104.8924256,2019,Cambodia,Cambodia,OQ678060,2019
930,OQ678061.1|2019-12-17,1I_K.1.1,1I_K,1I,OQ678061,10677,104.8924256,2019,Cambodia,Cambodia,OQ678061,2019
931,OQ678099.1|2019-12-26,1I_K.1.1,1I_K,1I,OQ678099,10677,104.8924256,2019,Cambodia,Cambodia,OQ678099,2019
932,OQ678244.1|2018-08-21,1I_E.1,1I_E,1I,OQ678244,10497,103.124079,2018,Cambodia,Cambodia,OQ678244,2018
933,OQ678252.1|2019-12-20,1I_K.1.1,1I_K,1I,OQ678252,10646,104.587877,2019,Cambodia,Cambodia,OQ678252,2019
934,OQ652963.1|2018-09,1I_K.2,1I_K,1I,OQ652963,10735,105.4622262,2018,China,China,OQ652963,2018
935,OQ605977.1|2022-03-15,1V_E.1,1V_E,1V,OQ605977,10259,100.7859318,2022,"Brazil: Sao Paulo, Louveira",Brazil,OQ605977,2022
936,OQ605978.1|2022-03-19,1V_E.1,1V_E,1V,OQ605978,10263,100.8252284,2022,"Brazil: Sao Paulo, Sao Jose dos Campos",Brazil,OQ605978,2022
937,OQ605979.1|2022-03-19,1V_E.1,1V_E,1V,OQ605979,10265,100.8448767,2022,"Brazil: Sao Paulo, Taubate",Brazil,OQ605979,2022
938,OQ605980.1|2022-03-16,1V_E.1,1V_E,1V,OQ605980,10263,100.8252284,2022,"Brazil: Sao Paulo, Taubate",Brazil,OQ605980,2022
939,OQ605981.1|2022-03-17,1V_E.1,1V_E,1V,OQ605981,10347,101.6504568,2022,"Brazil: Sao Paulo, Capivari",Brazil,OQ605981,2022
940,OQ605982.1|2022-03-20,1V_E.1,1V_E,1V,OQ605982,10331,101.4932705,2022,"Brazil: Sao Paulo, Ilhabela",Brazil,OQ605982,2022
941,OQ605983.1|2022-03-27,1V_E.1,1V_E,1V,OQ605983,10336,101.5423912,2022,"Brazil: Sao Paulo, Taubate",Brazil,OQ605983,2022
942,OQ605984.1|2022-03-25,1V_E.1,1V_E,1V,OQ605984,10263,100.8252284,2022,"Brazil: Sao Paulo, Sao Jose dos Campos",Brazil,OQ605984,2022
943,OQ605985.1|2022-04-04,1V_E.1,1V_E,1V,OQ605985,10377,101.9451813,2022,"Brazil: Sao Paulo, Taubate",Brazil,OQ605985,2022
944,OQ605986.1|2022-04-04,1V_E.1,1V_E,1V,OQ605986,10281,101.0020631,2022,"Brazil: Sao Paulo, Taubate",Brazil,OQ605986,2022
945,OQ605987.1|2022-03-31,1V_A,1V_A,1V,OQ605987,10581,103.9493074,2022,"Brazil: Sao Paulo, Corumbatai",Brazil,OQ605987,2022
946,OQ605988.1|2022-03-30,1V_E.1,1V_E,1V,OQ605988,10349,101.6701051,2022,"Brazil: Sao Paulo, Espirito Santo do Turvo",Brazil,OQ605988,2022
947,OQ605989.1|2022-04-05,1V_E.1,1V_E,1V,OQ605989,10355,101.72905,2022,"Brazil: Sao Paulo, Rosana",Brazil,OQ605989,2022
948,OQ605990.1|2022-04-01,1V_E.1,1V_E,1V,OQ605990,10335,101.532567,2022,"Brazil: Sao Paulo, Duartina",Brazil,OQ605990,2022
949,OQ605991.1|2022-04-12,1V_E.1,1V_E,1V,OQ605991,10351,101.6897534,2022,"Brazil: Sao Paulo, Itu",Brazil,OQ605991,2022
950,OQ605992.1|2022-04-12,1V_E.1,1V_E,1V,OQ605992,10358,101.7585224,2022,"Brazil: Sao Paulo, Itu",Brazil,OQ605992,2022
951,OQ605993.1|2022-04-06,1V_E.1,1V_E,1V,OQ605993,10357,101.7486983,2022,"Brazil: Sao Paulo, Taubate",Brazil,OQ605993,2022
952,OQ605994.1|2022-04-03,1V_E.1,1V_E,1V,OQ605994,10354,101.7192259,2022,"Brazil: Sao Paulo, Sao Jose dos Campos",Brazil,OQ605994,2022
953,OQ605996.1|2022-04-16,1V_E.1,1V_E,1V,OQ605996,10354,101.7192259,2022,"Brazil: Sao Paulo, Buri",Brazil,OQ605996,2022
954,OQ605997.1|2022-04-13,1V_E.1,1V_E,1V,OQ605997,10353,101.7094017,2022,"Brazil: Sao Paulo, Itu",Brazil,OQ605997,2022
955,OQ605998.1|2022-04-13,1V_E.1,1V_E,1V,OQ605998,10354,101.7192259,2022,"Brazil: Sao Paulo, Quintana",Brazil,OQ605998,2022
956,OQ605999.1|2022-04-18,1V_E.1,1V_E,1V,OQ605999,10331,101.4932705,2022,"Brazil: Sao Paulo, Ferraz de Vasconcelos",Brazil,OQ605999,2022
957,OQ606000.1|2022-03-03,1V_E.1,1V_E,1V,OQ606000,10368,101.8567639,2022,"Brazil: Sao Paulo, Conchal",Brazil,OQ606000,2022
958,OQ593388.1|2017-06-24,1VII_B,1VII_B,1VII,OQ593388,10697,105.0889085,2017,Cameroon: Kribi,Cameroon,OQ593388,2017
959,OQ593389.1|2017-06-21,1VII_B,1VII_B,1VII,OQ593389,10709,105.2067983,2017,Cameroon: Kribi,Cameroon,OQ593389,2017
960,OQ593390.1|2017-06-25,1VII_B,1VII_B,1VII,OQ593390,10702,105.1380293,2017,Cameroon: Kribi,Cameroon,OQ593390,2017
961,OQ593391.1|2017-04-11,1VII_B,1VII_B,1VII,OQ593391,10676,104.8826014,2017,Cameroon: Douala,Cameroon,OQ593391,2017
962,OQ593392.1|2017-04-13,1VII_B,1VII_B,1VII,OQ593392,10722,105.3345122,2017,Cameroon: Douala,Cameroon,OQ593392,2017
963,OQ593393.1|2018-06-30,1VII_B,1VII_B,1VII,OQ593393,10697,105.0889085,2018,Cameroon: Mfou,Cameroon,OQ593393,2018
964,OQ445880.1|2022-05-18,1V_E.1,1V_E,1V,OQ445880,10176,99.97052756,2022,USA: Florida,USA,OQ445880,2022
965,OQ445881.1|2022-07-19,1V_D.1.1,1V_D,1V,OQ445881,10176,99.97052756,2022,USA: Florida,USA,OQ445881,2022
966,OQ445882.1|2022-08-15,1V_B,1V_B,1V,OQ445882,10176,99.97052756,2022,USA: Florida,USA,OQ445882,2022
967,OQ445883.1|2022-08-20,1III_A,1III_A,1III,OQ445883,10176,99.97052756,2022,USA: Florida,USA,OQ445883,2022
968,OQ445884.1|2022-10-01,1V_E.2,1V_E,1V,OQ445884,10176,99.97052756,2022,USA: Florida,USA,OQ445884,2022
969,OQ426566.1|2018-11-14,1I_E.1,1I_E,1I,OQ426566,10176,99.97052756,2018,Viet Nam: Nha Trang,Viet Nam,OQ426566,2018
970,OQ426567.1|2018-11-15,1I_E.1,1I_E,1I,OQ426567,10176,99.97052756,2018,Viet Nam: Nha Trang,Viet Nam,OQ426567,2018
971,OQ426568.1|2018-11-19,1I_E.1,1I_E,1I,OQ426568,10176,99.97052756,2018,Viet Nam: Nha Trang,Viet Nam,OQ426568,2018
972,OQ426569.1|2018-11-19,1I_E.1,1I_E,1I,OQ426569,10176,99.97052756,2018,Viet Nam: Nha Trang,Viet Nam,OQ426569,2018
973,OQ426570.1|2018-11-22,1I_E.1,1I_E,1I,OQ426570,10176,99.97052756,2018,Viet Nam: Nha Trang,Viet Nam,OQ426570,2018
974,OQ426571.1|2018-11-27,1I_E.1,1I_E,1I,OQ426571,10176,99.97052756,2018,Viet Nam: Nha Trang,Viet Nam,OQ426571,2018
975,OQ426572.1|2018-11-30,1I_E.1,1I_E,1I,OQ426572,10176,99.97052756,2018,Viet Nam: Nha Trang,Viet Nam,OQ426572,2018
976,OQ426573.1|2018-12-03,1I_E.1,1I_E,1I,OQ426573,10176,99.97052756,2018,Viet Nam: Nha Trang,Viet Nam,OQ426573,2018
977,OQ426574.1|2018-12-07,1I_E.1,1I_E,1I,OQ426574,10176,99.97052756,2018,Viet Nam: Nha Trang,Viet Nam,OQ426574,2018
978,OQ426575.1|2018-12-18,1I_E.1,1I_E,1I,OQ426575,10176,99.97052756,2018,Viet Nam: Nha Trang,Viet Nam,OQ426575,2018
979,OQ426576.1|2018-12-21,1I_E.1,1I_E,1I,OQ426576,10176,99.97052756,2018,Viet Nam: Nha Trang,Viet Nam,OQ426576,2018
980,OQ426577.1|2018-12-24,1I_E.1,1I_E,1I,OQ426577,10176,99.97052756,2018,Viet Nam: Nha Trang,Viet Nam,OQ426577,2018
981,OQ426578.1|2018-12-27,1I_E.1,1I_E,1I,OQ426578,10176,99.97052756,2018,Viet Nam: Nha Trang,Viet Nam,OQ426578,2018
982,OQ426579.1|2019-01-03,1I_E.1,1I_E,1I,OQ426579,10176,99.97052756,2019,Viet Nam: Nha Trang,Viet Nam,OQ426579,2019
983,OQ426580.1|2019-01-09,1I_E.1,1I_E,1I,OQ426580,10176,99.97052756,2019,Viet Nam: Nha Trang,Viet Nam,OQ426580,2019
984,OQ426581.1|2019-01-10,1I_E.1,1I_E,1I,OQ426581,10176,99.97052756,2019,Viet Nam: Nha Trang,Viet Nam,OQ426581,2019
985,OQ426582.1|2019-02-12,1I_E.1,1I_E,1I,OQ426582,10176,99.97052756,2019,Viet Nam: Nha Trang,Viet Nam,OQ426582,2019
986,OQ426583.1|2019-02-13,1I_E.1,1I_E,1I,OQ426583,10176,99.97052756,2019,Viet Nam: Nha Trang,Viet Nam,OQ426583,2019
987,OQ426584.1|2019-02-13,1I_E.1,1I_E,1I,OQ426584,10176,99.97052756,2019,Viet Nam: Nha Trang,Viet Nam,OQ426584,2019
988,OQ426585.1|2019-02-20,1I_E.1,1I_E,1I,OQ426585,10176,99.97052756,2019,Viet Nam: Nha Trang,Viet Nam,OQ426585,2019
989,OQ426586.1|2018-10-20,1I_E.1,1I_E,1I,OQ426586,10176,99.97052756,2018,Viet Nam: Nha Trang,Viet Nam,OQ426586,2018
990,OQ426587.1|2018-10-29,1I_E.1,1I_E,1I,OQ426587,10176,99.97052756,2018,Viet Nam: Nha Trang,Viet Nam,OQ426587,2018
991,OQ426588.1|2018-11-09,1I_E.1,1I_E,1I,OQ426588,10176,99.97052756,2018,Viet Nam: Nha Trang,Viet Nam,OQ426588,2018
992,OQ426589.1|2018-11-19,1I_E.1,1I_E,1I,OQ426589,10176,99.97052756,2018,Viet Nam: Nha Trang,Viet Nam,OQ426589,2018
993,OQ426590.1|2018-11-23,1I_E.1,1I_E,1I,OQ426590,10176,99.97052756,2018,Viet Nam: Nha Trang,Viet Nam,OQ426590,2018
994,OQ426591.1|2018-11-28,1I_E.1,1I_E,1I,OQ426591,10176,99.97052756,2018,Viet Nam: Nha Trang,Viet Nam,OQ426591,2018
995,OQ426592.1|2018-12-02,1I_E.1,1I_E,1I,OQ426592,10176,99.97052756,2018,Viet Nam: Nha Trang,Viet Nam,OQ426592,2018
996,OQ426593.1|2018-12-04,1I_E.1,1I_E,1I,OQ426593,10176,99.97052756,2018,Viet Nam: Nha Trang,Viet Nam,OQ426593,2018
997,OQ426594.1|2018-12-06,1I_E.1,1I_E,1I,OQ426594,10176,99.97052756,2018,Viet Nam: Nha Trang,Viet Nam,OQ426594,2018
998,OQ426595.1|2018-12-07,1I_E.1,1I_E,1I,OQ426595,10176,99.97052756,2018,Viet Nam: Nha Trang,Viet Nam,OQ426595,2018
999,OQ426596.1|2018-12-12,1I_E.1,1I_E,1I,OQ426596,10176,99.97052756,2018,Viet Nam: Nha Trang,Viet Nam,OQ426596,2018
1000,OQ426597.1|2018-12-20,1I_E.1,1I_E,1I,OQ426597,10176,99.97052756,2018,Viet Nam: Nha Trang,Viet Nam,OQ426597,2018
1001,OQ426598.1|2018-12-24,1I_E.1,1I_E,1I,OQ426598,10176,99.97052756,2018,Viet Nam: Nha Trang,Viet Nam,OQ426598,2018
1002,OQ426599.1|2018-12-26,1I_E.1,1I_E,1I,OQ426599,10176,99.97052756,2018,Viet Nam: Nha Trang,Viet Nam,OQ426599,2018
1003,OQ426600.1|2019-01-08,1I_E.1,1I_E,1I,OQ426600,10176,99.97052756,2019,Viet Nam: Nha Trang,Viet Nam,OQ426600,2019
1004,OQ426601.1|2019-02-18,1I_E.1,1I_E,1I,OQ426601,10176,99.97052756,2019,Viet Nam: Nha Trang,Viet Nam,OQ426601,2019
1005,OQ426602.1|2019-02-22,1I_E.1,1I_E,1I,OQ426602,10176,99.97052756,2019,Viet Nam: Nha Trang,Viet Nam,OQ426602,2019
1006,OQ426603.1|2019-02-22,1I_E.1,1I_E,1I,OQ426603,10176,99.97052756,2019,Viet Nam: Nha Trang,Viet Nam,OQ426603,2019
1007,OQ426604.1|2019-04-23,1I_E.1,1I_E,1I,OQ426604,10088,99.10600255,2019,Viet Nam: Nha Trang,Viet Nam,OQ426604,2019
1008,OQ426605.1|2018-11-02,1I_E.1,1I_E,1I,OQ426605,10176,99.97052756,2018,Viet Nam: Nha Trang,Viet Nam,OQ426605,2018
1009,OQ426607.1|2019-01-08,1I_E.1,1I_E,1I,OQ426607,10176,99.97052756,2019,Viet Nam: Nha Trang,Viet Nam,OQ426607,2019
1010,OQ426608.1|2018-08-20,1I_E.1,1I_E,1I,OQ426608,10176,99.97052756,2018,Viet Nam: Nha Trang,Viet Nam,OQ426608,2018
1011,OQ426609.1|2019-03-25,1I_E.1,1I_E,1I,OQ426609,10176,99.97052756,2019,Viet Nam: Nha Trang,Viet Nam,OQ426609,2019
1012,OQ426610.1|2018-12-04,1I_E.1,1I_E,1I,OQ426610,10176,99.97052756,2018,Viet Nam: Nha Trang,Viet Nam,OQ426610,2018
1013,OQ426611.1|2018-12-05,1I_E.1,1I_E,1I,OQ426611,10176,99.97052756,2018,Viet Nam: Nha Trang,Viet Nam,OQ426611,2018
1014,OQ426612.1|2018-12-06,1I_E.1,1I_E,1I,OQ426612,10176,99.97052756,2018,Viet Nam: Nha Trang,Viet Nam,OQ426612,2018
1015,OQ426613.1|2018-12-10,1I_E,1I_E,1I,OQ426613,10176,99.97052756,2018,Viet Nam: Nha Trang,Viet Nam,OQ426613,2018
1016,OQ426614.1|2018-12-13,1I_E.1,1I_E,1I,OQ426614,10176,99.97052756,2018,Viet Nam: Nha Trang,Viet Nam,OQ426614,2018
1017,OQ426615.1|2018-12-14,1I_E.1,1I_E,1I,OQ426615,10176,99.97052756,2018,Viet Nam: Nha Trang,Viet Nam,OQ426615,2018
1018,OQ426616.1|2018-12-17,1I_E.1,1I_E,1I,OQ426616,10176,99.97052756,2018,Viet Nam: Nha Trang,Viet Nam,OQ426616,2018
1019,OQ426617.1|2018-12-18,1I_E.1,1I_E,1I,OQ426617,10176,99.97052756,2018,Viet Nam: Nha Trang,Viet Nam,OQ426617,2018
1020,OQ426618.1|2018-12-18,1I_E.1,1I_E,1I,OQ426618,10176,99.97052756,2018,Viet Nam: Nha Trang,Viet Nam,OQ426618,2018
1021,OQ426619.1|2018-12-19,1I_E.1,1I_E,1I,OQ426619,10176,99.97052756,2018,Viet Nam: Nha Trang,Viet Nam,OQ426619,2018
1022,OQ426620.1|2018-12-19,1I_E.1,1I_E,1I,OQ426620,10176,99.97052756,2018,Viet Nam: Nha Trang,Viet Nam,OQ426620,2018
1023,OQ426621.1|2018-12-21,1I_E.1,1I_E,1I,OQ426621,10176,99.97052756,2018,Viet Nam: Nha Trang,Viet Nam,OQ426621,2018
1024,OQ426622.1|2019-01-07,1I_E.1,1I_E,1I,OQ426622,10176,99.97052756,2019,Viet Nam: Nha Trang,Viet Nam,OQ426622,2019
1025,OQ426623.1|2019-01-07,1I_E.1,1I_E,1I,OQ426623,10176,99.97052756,2019,Viet Nam: Nha Trang,Viet Nam,OQ426623,2019
1026,OQ426624.1|2019-01-08,1I_E.1,1I_E,1I,OQ426624,10176,99.97052756,2019,Viet Nam: Nha Trang,Viet Nam,OQ426624,2019
1027,OQ426625.1|2019-01-09,1I_E.1,1I_E,1I,OQ426625,10176,99.97052756,2019,Viet Nam: Nha Trang,Viet Nam,OQ426625,2019
1028,OQ426626.1|2019-01-10,1I_E.1,1I_E,1I,OQ426626,10176,99.97052756,2019,Viet Nam: Nha Trang,Viet Nam,OQ426626,2019
1029,OQ426627.1|2019-01-10,1I_E.1,1I_E,1I,OQ426627,10176,99.97052756,2019,Viet Nam: Nha Trang,Viet Nam,OQ426627,2019
1030,OQ426628.1|2019-01-11,1I_E.1,1I_E,1I,OQ426628,10176,99.97052756,2019,Viet Nam: Nha Trang,Viet Nam,OQ426628,2019
1031,OQ426629.1|2019-01-14,1I_E.1,1I_E,1I,OQ426629,10176,99.97052756,2019,Viet Nam: Nha Trang,Viet Nam,OQ426629,2019
1032,OQ426630.1|2019-01-14,1I_E.1,1I_E,1I,OQ426630,10176,99.97052756,2019,Viet Nam: Nha Trang,Viet Nam,OQ426630,2019
1033,OQ426631.1|2019-01-18,1I_E.1,1I_E,1I,OQ426631,10176,99.97052756,2019,Viet Nam: Nha Trang,Viet Nam,OQ426631,2019
1034,OQ426632.1|2019-01-21,1I_E.1,1I_E,1I,OQ426632,10176,99.97052756,2019,Viet Nam: Nha Trang,Viet Nam,OQ426632,2019
1035,OQ426633.1|2019-01-21,1I_E.1,1I_E,1I,OQ426633,10176,99.97052756,2019,Viet Nam: Nha Trang,Viet Nam,OQ426633,2019
1036,OQ426634.1|2019-01-21,1I_E.1,1I_E,1I,OQ426634,10176,99.97052756,2019,Viet Nam: Nha Trang,Viet Nam,OQ426634,2019
1037,OQ426635.1|2019-02-25,1I_E.1,1I_E,1I,OQ426635,10176,99.97052756,2019,Viet Nam: Nha Trang,Viet Nam,OQ426635,2019
1038,OQ426636.1|2019-02-25,1I_E.1,1I_E,1I,OQ426636,10176,99.97052756,2019,Viet Nam: Nha Trang,Viet Nam,OQ426636,2019
1039,OQ426637.1|2019-02-28,1I_E.1,1I_E,1I,OQ426637,10176,99.97052756,2019,Viet Nam: Nha Trang,Viet Nam,OQ426637,2019
1040,OQ426638.1|2019-03-04,1I_E.1,1I_E,1I,OQ426638,10176,99.97052756,2019,Viet Nam: Nha Trang,Viet Nam,OQ426638,2019
1041,OQ426639.1|2019-04-10,1I_E.1,1I_E,1I,OQ426639,10176,99.97052756,2019,Viet Nam: Nha Trang,Viet Nam,OQ426639,2019
1042,OQ426640.1|2018-12-07,1I_E.1,1I_E,1I,OQ426640,10176,99.97052756,2018,Viet Nam: Nha Trang,Viet Nam,OQ426640,2018
1043,OQ426642.1|2018-12-07,1I_E.1,1I_E,1I,OQ426642,10176,99.97052756,2018,Viet Nam: Nha Trang,Viet Nam,OQ426642,2018
1044,OQ426643.1|2019-03-27,1I_E.1,1I_E,1I,OQ426643,10176,99.97052756,2019,Viet Nam: Nha Trang,Viet Nam,OQ426643,2019
1045,OQ426644.1|2019-04-25,1I_E.1,1I_E,1I,OQ426644,10176,99.97052756,2019,Viet Nam: Nha Trang,Viet Nam,OQ426644,2019
1046,OQ426645.1|2016-11-28,1I_E.1,1I_E,1I,OQ426645,10176,99.97052756,2016,Viet Nam: Nha Trang,Viet Nam,OQ426645,2016
1047,OQ426646.1|2016-11-29,1I_E.1,1I_E,1I,OQ426646,10176,99.97052756,2016,Viet Nam: Nha Trang,Viet Nam,OQ426646,2016
1048,OQ426647.1|2016-12-07,1I_E.1,1I_E,1I,OQ426647,10176,99.97052756,2016,Viet Nam: Nha Trang,Viet Nam,OQ426647,2016
1049,OQ426648.1|2017-08-09,1I_E,1I_E,1I,OQ426648,10176,99.97052756,2017,Viet Nam: Nha Trang,Viet Nam,OQ426648,2017
1050,OQ426649.1|2017-12-13,1I_E.1,1I_E,1I,OQ426649,10176,99.97052756,2017,Viet Nam: Nha Trang,Viet Nam,OQ426649,2017
1051,OQ426650.1|2017-02-24,1I_E.3,1I_E,1I,OQ426650,10176,99.97052756,2017,Viet Nam: Nha Trang,Viet Nam,OQ426650,2017
1052,OQ426651.1|2017-03-14,1I_E.1,1I_E,1I,OQ426651,10176,99.97052756,2017,Viet Nam: Nha Trang,Viet Nam,OQ426651,2017
1053,OQ426652.1|2017-04-24,1I_E.1,1I_E,1I,OQ426652,10176,99.97052756,2017,Viet Nam: Nha Trang,Viet Nam,OQ426652,2017
1054,OQ426653.1|2017-08-07,1I_E,1I_E,1I,OQ426653,10176,99.97052756,2017,Viet Nam: Nha Trang,Viet Nam,OQ426653,2017
1055,OQ426654.1|2017-08-14,1I_E.1,1I_E,1I,OQ426654,10176,99.97052756,2017,Viet Nam: Nha Trang,Viet Nam,OQ426654,2017
1056,OQ426655.1|2017-08-29,1I_E,1I_E,1I,OQ426655,10176,99.97052756,2017,Viet Nam: Nha Trang,Viet Nam,OQ426655,2017
1057,OQ426656.1|2017-10-13,1I_E.1,1I_E,1I,OQ426656,10176,99.97052756,2017,Viet Nam: Nha Trang,Viet Nam,OQ426656,2017
1058,OQ426657.1|2017-10-19,1I_E,1I_E,1I,OQ426657,10176,99.97052756,2017,Viet Nam: Nha Trang,Viet Nam,OQ426657,2017
1059,OQ426658.1|2017-11-02,1I_E.1,1I_E,1I,OQ426658,10176,99.97052756,2017,Viet Nam: Nha Trang,Viet Nam,OQ426658,2017
1060,OQ426659.1|2017-11-29,1I_E,1I_E,1I,OQ426659,10176,99.97052756,2017,Viet Nam: Nha Trang,Viet Nam,OQ426659,2017
1061,OQ426660.1|2017-12-14,1I_E,1I_E,1I,OQ426660,10176,99.97052756,2017,Viet Nam: Nha Trang,Viet Nam,OQ426660,2017
1062,OQ426661.1|2017-12-21,1I_E.1,1I_E,1I,OQ426661,10176,99.97052756,2017,Viet Nam: Nha Trang,Viet Nam,OQ426661,2017
1063,OQ426662.1|2018-01-09,1I_E.1,1I_E,1I,OQ426662,10176,99.97052756,2018,Viet Nam: Nha Trang,Viet Nam,OQ426662,2018
1064,OQ426663.1|2018-01-30,1I_E.1,1I_E,1I,OQ426663,10176,99.97052756,2018,Viet Nam: Nha Trang,Viet Nam,OQ426663,2018
1065,OQ426664.1|2018-02-02,1I_E.1,1I_E,1I,OQ426664,10176,99.97052756,2018,Viet Nam: Nha Trang,Viet Nam,OQ426664,2018
1066,OQ426665.1|2018-03-16,1I_E.1,1I_E,1I,OQ426665,10176,99.97052756,2018,Viet Nam: Nha Trang,Viet Nam,OQ426665,2018
1067,OQ426666.1|2017-02-09,1I_E.1,1I_E,1I,OQ426666,10176,99.97052756,2017,Viet Nam: Nha Trang,Viet Nam,OQ426666,2017
1068,OQ426667.1|2017-03-20,1I_E.1,1I_E,1I,OQ426667,10176,99.97052756,2017,Viet Nam: Nha Trang,Viet Nam,OQ426667,2017
1069,OQ426668.1|2017-10-30,1I_E.1,1I_E,1I,OQ426668,10176,99.97052756,2017,Viet Nam: Nha Trang,Viet Nam,OQ426668,2017
1070,OQ426669.1|2017-05-10,1I_E,1I_E,1I,OQ426669,10176,99.97052756,2017,Viet Nam: Nha Trang,Viet Nam,OQ426669,2017
1071,OQ426670.1|2017-05-17,1I_E,1I_E,1I,OQ426670,10176,99.97052756,2017,Viet Nam: Nha Trang,Viet Nam,OQ426670,2017
1072,OQ426671.1|2017-05-29,1I_E,1I_E,1I,OQ426671,10176,99.97052756,2017,Viet Nam: Nha Trang,Viet Nam,OQ426671,2017
1073,OQ426672.1|2017-05-30,1I_E.1,1I_E,1I,OQ426672,10176,99.97052756,2017,Viet Nam: Nha Trang,Viet Nam,OQ426672,2017
1074,OQ426673.1|2017-06-16,1I_E.1,1I_E,1I,OQ426673,10176,99.97052756,2017,Viet Nam: Nha Trang,Viet Nam,OQ426673,2017
1075,OQ426674.1|2017-06-29,1I_E.1,1I_E,1I,OQ426674,10176,99.97052756,2017,Viet Nam: Nha Trang,Viet Nam,OQ426674,2017
1076,OQ426675.1|2017-07-17,1I_E.3,1I_E,1I,OQ426675,10176,99.97052756,2017,Viet Nam: Nha Trang,Viet Nam,OQ426675,2017
1077,OQ426676.1|2018-07-16,1I_E.1,1I_E,1I,OQ426676,10176,99.97052756,2018,Viet Nam: Nha Trang,Viet Nam,OQ426676,2018
1078,OQ426677.1|2018-08-23,1I_E.1,1I_E,1I,OQ426677,10176,99.97052756,2018,Viet Nam: Nha Trang,Viet Nam,OQ426677,2018
1079,OQ426678.1|2018-08-28,1I_E.1,1I_E,1I,OQ426678,10176,99.97052756,2018,Viet Nam: Nha Trang,Viet Nam,OQ426678,2018
1080,OQ426679.1|2018-09-13,1I_E.1,1I_E,1I,OQ426679,10176,99.97052756,2018,Viet Nam: Nha Trang,Viet Nam,OQ426679,2018
1081,OQ426680.1|2018-09-17,1I_E.1,1I_E,1I,OQ426680,10176,99.97052756,2018,Viet Nam: Nha Trang,Viet Nam,OQ426680,2018
1082,OQ426681.1|2018-09-20,1I_E.1,1I_E,1I,OQ426681,10176,99.97052756,2018,Viet Nam: Nha Trang,Viet Nam,OQ426681,2018
1083,OQ426682.1|2018-09-25,1I_E.1,1I_E,1I,OQ426682,10176,99.97052756,2018,Viet Nam: Nha Trang,Viet Nam,OQ426682,2018
1084,OQ426683.1|2018-09-27,1I_E.1,1I_E,1I,OQ426683,10176,99.97052756,2018,Viet Nam: Nha Trang,Viet Nam,OQ426683,2018
1085,OQ426684.1|2018-10-01,1I_E.1,1I_E,1I,OQ426684,10176,99.97052756,2018,Viet Nam: Nha Trang,Viet Nam,OQ426684,2018
1086,OQ426685.1|2018-10-03,1I_E.1,1I_E,1I,OQ426685,10176,99.97052756,2018,Viet Nam: Nha Trang,Viet Nam,OQ426685,2018
1087,OQ426686.1|2018-10-04,1I_E.1,1I_E,1I,OQ426686,10176,99.97052756,2018,Viet Nam: Nha Trang,Viet Nam,OQ426686,2018
1088,OQ426687.1|2018-08-21,1I_E.1,1I_E,1I,OQ426687,10176,99.97052756,2018,Viet Nam: Nha Trang,Viet Nam,OQ426687,2018
1089,OQ426688.1|2018-09-04,1I_E.1,1I_E,1I,OQ426688,10176,99.97052756,2018,Viet Nam: Nha Trang,Viet Nam,OQ426688,2018
1090,OQ426689.1|2018-09-17,1I_E.1,1I_E,1I,OQ426689,10176,99.97052756,2018,Viet Nam: Nha Trang,Viet Nam,OQ426689,2018
1091,OQ426690.1|2018-11-23,1I_E.1,1I_E,1I,OQ426690,10176,99.97052756,2018,Viet Nam: Nha Trang,Viet Nam,OQ426690,2018
1092,OQ426691.1|2019-01-14,1I_E.1,1I_E,1I,OQ426691,10176,99.97052756,2019,Viet Nam: Nha Trang,Viet Nam,OQ426691,2019
1093,OQ426692.1|2017-04-11,1I_E.1,1I_E,1I,OQ426692,10176,99.97052756,2017,Viet Nam: Nha Trang,Viet Nam,OQ426692,2017
1094,OQ426693.1|2016-12-06,1I_E.1,1I_E,1I,OQ426693,10176,99.97052756,2016,Viet Nam: Nha Trang,Viet Nam,OQ426693,2016
1095,OQ426694.1|2017-03-31,1I_E.1,1I_E,1I,OQ426694,10176,99.97052756,2017,Viet Nam: Nha Trang,Viet Nam,OQ426694,2017
1096,OQ426695.1|2017-04-07,1I_E.1,1I_E,1I,OQ426695,10176,99.97052756,2017,Viet Nam: Nha Trang,Viet Nam,OQ426695,2017
1097,OQ426696.1|2017-04-24,1I_E.1,1I_E,1I,OQ426696,10176,99.97052756,2017,Viet Nam: Nha Trang,Viet Nam,OQ426696,2017
1098,OQ426697.1|2017-06-15,1I_E,1I_E,1I,OQ426697,10176,99.97052756,2017,Viet Nam: Nha Trang,Viet Nam,OQ426697,2017
1099,OQ426698.1|2017-08-25,1I_E,1I_E,1I,OQ426698,10176,99.97052756,2017,Viet Nam: Nha Trang,Viet Nam,OQ426698,2017
1100,OQ426699.1|2018-01-04,1I_E,1I_E,1I,OQ426699,10176,99.97052756,2018,Viet Nam: Nha Trang,Viet Nam,OQ426699,2018
1101,OQ426700.1|2018-01-05,1I_E.1,1I_E,1I,OQ426700,10176,99.97052756,2018,Viet Nam: Nha Trang,Viet Nam,OQ426700,2018
1102,OQ426701.1|2018-01-16,1I_E.1,1I_E,1I,OQ426701,10176,99.97052756,2018,Viet Nam: Nha Trang,Viet Nam,OQ426701,2018
1103,OQ426702.1|2017-03-29,1I_E.1,1I_E,1I,OQ426702,10176,99.97052756,2017,Viet Nam: Nha Trang,Viet Nam,OQ426702,2017
1104,OQ426703.1|2017-04-01,1I_E.1,1I_E,1I,OQ426703,10176,99.97052756,2017,Viet Nam: Nha Trang,Viet Nam,OQ426703,2017
1105,OQ426704.1|2017-04-13,1I_E.1,1I_E,1I,OQ426704,10176,99.97052756,2017,Viet Nam: Nha Trang,Viet Nam,OQ426704,2017
1106,OQ426705.1|2017-04-25,1I_E.1,1I_E,1I,OQ426705,10176,99.97052756,2017,Viet Nam: Nha Trang,Viet Nam,OQ426705,2017
1107,OQ426706.1|2017-05-17,1I_E.1,1I_E,1I,OQ426706,10176,99.97052756,2017,Viet Nam: Nha Trang,Viet Nam,OQ426706,2017
1108,OQ426707.1|2017-07-06,1I_E.3,1I_E,1I,OQ426707,10176,99.97052756,2017,Viet Nam: Nha Trang,Viet Nam,OQ426707,2017
1109,OQ426708.1|2017-07-13,1I_E.1,1I_E,1I,OQ426708,10176,99.97052756,2017,Viet Nam: Nha Trang,Viet Nam,OQ426708,2017
1110,OQ426709.1|2017-07-21,1I_E.1,1I_E,1I,OQ426709,10176,99.97052756,2017,Viet Nam: Nha Trang,Viet Nam,OQ426709,2017
1111,OQ426710.1|2017-07-21,1I_E.1,1I_E,1I,OQ426710,10176,99.97052756,2017,Viet Nam: Nha Trang,Viet Nam,OQ426710,2017
1112,OQ426711.1|2017-07-26,1I_E.1,1I_E,1I,OQ426711,10176,99.97052756,2017,Viet Nam: Nha Trang,Viet Nam,OQ426711,2017
1113,OQ426712.1|2017-07-31,1I_E.3,1I_E,1I,OQ426712,10176,99.97052756,2017,Viet Nam: Nha Trang,Viet Nam,OQ426712,2017
1114,OQ426713.1|2017-05-31,1I_E.1,1I_E,1I,OQ426713,10176,99.97052756,2017,Viet Nam: Nha Trang,Viet Nam,OQ426713,2017
1115,OQ426714.1|2017-08-16,1I_E.1,1I_E,1I,OQ426714,10176,99.97052756,2017,Viet Nam: Nha Trang,Viet Nam,OQ426714,2017
1116,OQ426715.1|2017-08-26,1I_E,1I_E,1I,OQ426715,10176,99.97052756,2017,Viet Nam: Nha Trang,Viet Nam,OQ426715,2017
1117,OQ426716.1|2017-08-31,1I_E,1I_E,1I,OQ426716,10176,99.97052756,2017,Viet Nam: Nha Trang,Viet Nam,OQ426716,2017
1118,OQ426717.1|2017-09-06,1I_E.1,1I_E,1I,OQ426717,10176,99.97052756,2017,Viet Nam: Nha Trang,Viet Nam,OQ426717,2017
1119,OQ426718.1|2018-11-02,1I_E.1,1I_E,1I,OQ426718,10176,99.97052756,2018,Viet Nam: Nha Trang,Viet Nam,OQ426718,2018
1120,OQ426719.1|2018-11-19,1I_E.1,1I_E,1I,OQ426719,10176,99.97052756,2018,Viet Nam: Nha Trang,Viet Nam,OQ426719,2018
1121,OQ426720.1|2019-01-08,1I_E.1,1I_E,1I,OQ426720,10176,99.97052756,2019,Viet Nam: Nha Trang,Viet Nam,OQ426720,2019
1122,OQ426722.1|2019-03-25,1I_E.1,1I_E,1I,OQ426722,10176,99.97052756,2019,Viet Nam: Nha Trang,Viet Nam,OQ426722,2019
1123,OQ426723.1|2019-02-13,1I_E.1,1I_E,1I,OQ426723,10176,99.97052756,2019,Viet Nam: Nha Trang,Viet Nam,OQ426723,2019
1124,OQ426724.1|2018-10-10,1I_E.1,1I_E,1I,OQ426724,10176,99.97052756,2018,Viet Nam: Nha Trang,Viet Nam,OQ426724,2018
1125,OQ426725.1|2018-10-12,1I_E.1,1I_E,1I,OQ426725,10176,99.97052756,2018,Viet Nam: Nha Trang,Viet Nam,OQ426725,2018
1126,OQ426726.1|2018-10-26,1I_E.1,1I_E,1I,OQ426726,10176,99.97052756,2018,Viet Nam: Nha Trang,Viet Nam,OQ426726,2018
1127,OQ426727.1|2018-11-01,1I_E.1,1I_E,1I,OQ426727,10176,99.97052756,2018,Viet Nam: Nha Trang,Viet Nam,OQ426727,2018
1128,OQ426728.1|2018-11-06,1I_E.1,1I_E,1I,OQ426728,10176,99.97052756,2018,Viet Nam: Nha Trang,Viet Nam,OQ426728,2018
1129,OQ426729.1|2018-11-07,1I_E.1,1I_E,1I,OQ426729,10176,99.97052756,2018,Viet Nam: Nha Trang,Viet Nam,OQ426729,2018
1130,OQ426730.1|2018-11-09,1I_E.1,1I_E,1I,OQ426730,10176,99.97052756,2018,Viet Nam: Nha Trang,Viet Nam,OQ426730,2018
1131,OQ426731.1|2018-11-15,1I_E.1,1I_E,1I,OQ426731,10176,99.97052756,2018,Viet Nam: Nha Trang,Viet Nam,OQ426731,2018
1132,OQ426732.1|2018-11-20,1I_E.1,1I_E,1I,OQ426732,10176,99.97052756,2018,Viet Nam: Nha Trang,Viet Nam,OQ426732,2018
1133,OQ426733.1|2018-11-21,1I_E.1,1I_E,1I,OQ426733,10176,99.97052756,2018,Viet Nam: Nha Trang,Viet Nam,OQ426733,2018
1134,OQ426734.1|2018-11-21,1I_E.1,1I_E,1I,OQ426734,10176,99.97052756,2018,Viet Nam: Nha Trang,Viet Nam,OQ426734,2018
1135,OQ426735.1|2018-11-22,1I_E.1,1I_E,1I,OQ426735,10176,99.97052756,2018,Viet Nam: Nha Trang,Viet Nam,OQ426735,2018
1136,OQ426736.1|2018-11-26,1I_E.1,1I_E,1I,OQ426736,10176,99.97052756,2018,Viet Nam: Nha Trang,Viet Nam,OQ426736,2018
1137,OQ426737.1|2018-11-28,1I_E.1,1I_E,1I,OQ426737,10176,99.97052756,2018,Viet Nam: Nha Trang,Viet Nam,OQ426737,2018
1138,OQ426738.1|2018-11-28,1I_E.1,1I_E,1I,OQ426738,10176,99.97052756,2018,Viet Nam: Nha Trang,Viet Nam,OQ426738,2018
1139,OQ426739.1|2018-11-30,1I_E.1,1I_E,1I,OQ426739,10176,99.97052756,2018,Viet Nam: Nha Trang,Viet Nam,OQ426739,2018
1140,OQ426740.1|2018-12-03,1I_E.1,1I_E,1I,OQ426740,10176,99.97052756,2018,Viet Nam: Nha Trang,Viet Nam,OQ426740,2018
1141,OQ426741.1|2018-10-12,1I_E.1,1I_E,1I,OQ426741,10176,99.97052756,2018,Viet Nam: Nha Trang,Viet Nam,OQ426741,2018
1142,OQ426742.1|2018-10-19,1I_E.1,1I_E,1I,OQ426742,10176,99.97052756,2018,Viet Nam: Nha Trang,Viet Nam,OQ426742,2018
1143,OQ426744.1|2018-10-29,1I_E.1,1I_E,1I,OQ426744,10176,99.97052756,2018,Viet Nam: Nha Trang,Viet Nam,OQ426744,2018
1144,OQ426745.1|2018-11-01,1I_E.1,1I_E,1I,OQ426745,10176,99.97052756,2018,Viet Nam: Nha Trang,Viet Nam,OQ426745,2018
1145,OQ426746.1|2018-11-02,1I_E.1,1I_E,1I,OQ426746,10176,99.97052756,2018,Viet Nam: Nha Trang,Viet Nam,OQ426746,2018
1146,OQ426747.1|2018-11-06,1I_E.1,1I_E,1I,OQ426747,10176,99.97052756,2018,Viet Nam: Nha Trang,Viet Nam,OQ426747,2018
1147,OQ426748.1|2018-11-07,1I_E.1,1I_E,1I,OQ426748,10176,99.97052756,2018,Viet Nam: Nha Trang,Viet Nam,OQ426748,2018
1148,OQ426749.1|2018-11-16,1I_E.1,1I_E,1I,OQ426749,10176,99.97052756,2018,Viet Nam: Nha Trang,Viet Nam,OQ426749,2018
1149,OQ426750.1|2018-11-19,1I_E.1,1I_E,1I,OQ426750,10176,99.97052756,2018,Viet Nam: Nha Trang,Viet Nam,OQ426750,2018
1150,OQ426751.1|2018-11-23,1I_E.1,1I_E,1I,OQ426751,10176,99.97052756,2018,Viet Nam: Nha Trang,Viet Nam,OQ426751,2018
1151,OQ426752.1|2018-11-28,1I_E.1,1I_E,1I,OQ426752,10176,99.97052756,2018,Viet Nam: Nha Trang,Viet Nam,OQ426752,2018
1152,OQ426753.1|2018-11-28,1I_E.1,1I_E,1I,OQ426753,10176,99.97052756,2018,Viet Nam: Nha Trang,Viet Nam,OQ426753,2018
1153,OQ426754.1|2018-11-30,1I_E.1,1I_E,1I,OQ426754,10176,99.97052756,2018,Viet Nam: Nha Trang,Viet Nam,OQ426754,2018
1154,OQ426755.1|2018-11-30,1I_E.1,1I_E,1I,OQ426755,10176,99.97052756,2018,Viet Nam: Nha Trang,Viet Nam,OQ426755,2018
1155,OQ426756.1|2019-04-19,1I_E.1,1I_E,1I,OQ426756,10176,99.97052756,2019,Viet Nam: Nha Trang,Viet Nam,OQ426756,2019
1156,OQ339083.1|2021,1III_A.3,1III_A,1III,OQ339083,10711,105.2264466,2021,India,India,OQ339083,2021
1157,OQ339084.1|2021,1III_A.3,1III_A,1III,OQ339084,10702,105.1380293,2021,India,India,OQ339084,2021
1158,OQ339085.1|2021,1III_A.3,1III_A,1III,OQ339085,10709,105.2067983,2021,India,India,OQ339085,2021
1159,OQ080031.1|2019-07-29,1III_A.4,1III_A,1III,OQ080031,8333,81.86462324,2019,Sri Lanka,Sri Lanka,OQ080031,2019
1160,OQ080034.1|2020-08-17,1I_H.1,1I_H,1I,OQ080034,10721,105.3246881,2020,Sri Lanka,Sri Lanka,OQ080034,2020
1161,OQ080036.1|2021-10-29,1III_A.4,1III_A,1III,OQ080036,8335,81.88427154,2021,Sri Lanka,Sri Lanka,OQ080036,2021
1162,OQ080037.1|2022-03-15,1III_A.4,1III_A,1III,OQ080037,8322,81.75655762,2022,Sri Lanka,Sri Lanka,OQ080037,2022
1163,OM281569.1|2018-12,1I_E.1,1I_E,1I,OM281569,10735,105.4622262,2018,Cambodia,Cambodia,OM281569,2018
1164,OM281570.1|2018-12,1I_E.1,1I_E,1I,OM281570,10735,105.4622262,2018,China: Shanghai,China,OM281570,2018
1165,OM281571.1|2018-12,1I_K.3,1I_K,1I,OM281571,10734,105.452402,2018,China: Shanghai,China,OM281571,2018
1166,OM281572.1|2018-12,1I_K.1.1,1I_K,1I,OM281572,10735,105.4622262,2018,Thailand,Thailand,OM281572,2018
1167,OM281573.1|2018-12,1I_K.3,1I_K,1I,OM281573,10734,105.452402,2018,China: Shanghai,China,OM281573,2018
1168,OM281574.1|2018-12,1I_E.1,1I_E,1I,OM281574,10735,105.4622262,2018,Cambodia,Cambodia,OM281574,2018
1169,OM281575.1|2019-12,1I_E.1,1I_E,1I,OM281575,10735,105.4622262,2019,Cambodia,Cambodia,OM281575,2019
1170,OM281576.1|2019-12,1I_E.1,1I_E,1I,OM281576,10735,105.4622262,2019,Cambodia,Cambodia,OM281576,2019
1171,OM281577.1|2019-12,1I_E.1,1I_E,1I,OM281577,10735,105.4622262,2019,Cambodia,Cambodia,OM281577,2019
1172,OM281578.1|2019-12,1I_E.1,1I_E,1I,OM281578,10735,105.4622262,2019,Cambodia,Cambodia,OM281578,2019
1173,OM281579.1|2019-12,1I_E.1,1I_E,1I,OM281579,10735,105.4622262,2019,Cambodia,Cambodia,OM281579,2019
1174,OM281580.1|2019-12,1I_E.1,1I_E,1I,OM281580,10735,105.4622262,2019,Cambodia,Cambodia,OM281580,2019
1175,OM281581.1|2019-12,1I_E.1,1I_E,1I,OM281581,10735,105.4622262,2019,Cambodia,Cambodia,OM281581,2019
1176,OM281582.1|2019-12,1I_E.1,1I_E,1I,OM281582,10735,105.4622262,2019,Cambodia,Cambodia,OM281582,2019
1177,OM281583.1|2019-12,1I_E.1,1I_E,1I,OM281583,10735,105.4622262,2019,Cambodia,Cambodia,OM281583,2019
1178,OM281584.1|2019-12,1I_E.1,1I_E,1I,OM281584,10735,105.4622262,2019,Cambodia,Cambodia,OM281584,2019
1179,OM281585.1|2019-12,1I_K.1.1,1I_K,1I,OM281585,10735,105.4622262,2019,Thailand,Thailand,OM281585,2019
1180,OM281586.1|2019-12,1I_E.1,1I_E,1I,OM281586,10735,105.4622262,2019,Thailand,Thailand,OM281586,2019
1181,OM281587.1|2019-12,1I_K.1.1,1I_K,1I,OM281587,10735,105.4622262,2019,Cambodia,Cambodia,OM281587,2019
1182,OM281588.1|2019-12,1I_K.1.1,1I_K,1I,OM281588,10735,105.4622262,2019,Cambodia,Cambodia,OM281588,2019
1183,OM281589.1|2019-12,1IV_B.2,1IV_B,1IV,OM281589,10735,105.4622262,2019,Philippines,Philippines,OM281589,2019
1184,OM281590.1|2019-12,1I_K.2,1I_K,1I,OM281590,10735,105.4622262,2019,Cambodia,Cambodia,OM281590,2019
1185,OM281591.1|2019-12,1I_E.1,1I_E,1I,OM281591,10735,105.4622262,2019,Cambodia,Cambodia,OM281591,2019
1186,OM281592.1|2019-12,1I_E.1,1I_E,1I,OM281592,10735,105.4622262,2019,Cambodia,Cambodia,OM281592,2019
1187,OM281593.1|2019-12,1I_K.1.1,1I_K,1I,OM281593,10735,105.4622262,2019,Thailand,Thailand,OM281593,2019
1188,OM281594.1|2019-12,1I_E.1,1I_E,1I,OM281594,10735,105.4622262,2019,China: Guangdong province,China,OM281594,2019
1189,OM281595.1|2019-12,1I_E.1,1I_E,1I,OM281595,10735,105.4622262,2019,Viet Nam,Viet Nam,OM281595,2019
1190,OM281596.1|2019-12,1I_K.2,1I_K,1I,OM281596,10735,105.4622262,2019,Maldives,Maldives,OM281596,2019
1191,OM281597.1|2019-12,1IV_B.1,1IV_B,1IV,OM281597,10736,105.4720503,2019,Philippines,Philippines,OM281597,2019
1192,OM281598.1|2019-12,1I_K.1.1,1I_K,1I,OM281598,10735,105.4622262,2019,Thailand,Thailand,OM281598,2019
1193,OM281599.1|2020-12,1IV_B.1,1IV_B,1IV,OM281599,10736,105.4720503,2020,Philippines,Philippines,OM281599,2020
1194,OQ061266.1|1983,1IV,1IV,1IV,OQ061266,10614,104.2735043,1983,Sri Lanka,Sri Lanka,OQ061266,1983
1195,OQ061315.1|1997,1III,1III,1III,OQ061315,10594,104.0770213,1997,Sri Lanka,Sri Lanka,OQ061315,1997
1196,OP984871.1|2022-08-12,1I_K.1.1,1I_K,1I,OP984871,10680,104.921898,2022,Myanmar,Myanmar,OP984871,2022
1197,OP898557.1|2022-04,1III_A.1,1III_A,1III,OP898557,10510,103.2517929,2022,Pakistan,Pakistan,OP898557,2022
1198,OP898558.1|2022-10,1III_A.1,1III_A,1III,OP898558,10510,103.2517929,2022,Pakistan,Pakistan,OP898558,2022
1199,OP895911.1|2021-01,1V_E.2,1V_E,1V,OP895911,10675,104.8727773,2021,Saint Martin,Saint Martin,OP895911,2021
1200,OP895912.1|2021-01,1V_E.2,1V_E,1V,OP895912,10669,104.8138324,2021,Saint Martin,Saint Martin,OP895912,2021
1201,OP895913.1|2017-01,1IV_B.2,1IV_B,1IV,OP895913,10656,104.6861185,2017,Malaysia,Malaysia,OP895913,2017
1202,OP895914.1|2017-02,1I_K.1.2,1I_K,1I,OP895914,10689,105.0103154,2017,Thailand,Thailand,OP895914,2017
1203,OP895915.1|2019-03,1I_K.1.1,1I_K,1I,OP895915,10687,104.9906671,2019,Thailand,Thailand,OP895915,2019
1204,OP895916.1|2017-10,1I_K.2,1I_K,1I,OP895916,10689,105.0103154,2017,Borneo,Borneo,OP895916,2017
1205,ON631274.1|2019-04,1I_K.2,1I_K,1I,ON631274,10004,98.28077414,2019,Reunion,Reunion,ON631274,2019
1206,ON631275.1|2019-04,1I_K.2,1I_K,1I,ON631275,10004,98.28077414,2019,Reunion,Reunion,ON631275,2019
1207,ON631276.1|2020-02,1I_K.2,1I_K,1I,ON631276,10549,103.6349347,2020,Reunion,Reunion,ON631276,2020
1208,ON631277.1|2019-04,1I_K.2,1I_K,1I,ON631277,10516,103.3107378,2019,Reunion,Reunion,ON631277,2019
1209,ON631278.1|2021,1I_K.2,1I_K,1I,ON631278,10693,105.0496119,2021,Reunion,Reunion,ON631278,2021
1210,ON631279.1|2021,1I_K.2,1I_K,1I,ON631279,10708,105.1969742,2021,Reunion,Reunion,ON631279,2021
1211,ON631280.1|2020,1I_K.2,1I_K,1I,ON631280,10690,105.0201395,2020,Reunion,Reunion,ON631280,2020
1212,ON631281.1|2020,1I_K.2,1I_K,1I,ON631281,10668,104.8040083,2020,Reunion,Reunion,ON631281,2020
1213,ON631282.1|2020,1I_K.2,1I_K,1I,ON631282,10678,104.9022497,2020,Reunion,Reunion,ON631282,2020
1214,ON631283.1|2020,1I_K.2,1I_K,1I,ON631283,10688,105.0004912,2020,Reunion,Reunion,ON631283,2020
1215,OP809580.1|2021,1III_A.3,1III_A,1III,OP809580,10599,104.1261421,2021,India,India,OP809580,2021
1216,OP315653.1|2019-09-04,1I_E.1,1I_E,1I,OP315653,10464,102.7998821,2019,China,China,OP315653,2019
1217,OP315654.1|2019-09-04,1I_E.1,1I_E,1I,OP315654,10735,105.4622262,2019,China,China,OP315654,2019
1218,OP410985.1|2010-03,1I_K,1I_K,1I,OP410985,10735,105.4622262,2010,Singapore,Singapore,OP410985,2010
1219,OP410986.1|2016-02,1I_K.3,1I_K,1I,OP410986,10735,105.4622262,2016,Singapore,Singapore,OP410986,2016
1220,OP410987.1|2013-11,1III_A,1III_A,1III,OP410987,10714,105.255919,2013,Singapore,Singapore,OP410987,2013
1221,OP410988.1|2019-05,1I_K.1.1,1I_K,1I,OP410988,10735,105.4622262,2019,Singapore,Singapore,OP410988,2019
1222,OP310803.1|2019,1III_A.3,1III_A,1III,OP310803,10731,105.4229296,2019,India,India,OP310803,2019
1223,OP310804.1|2018,1III_A.3,1III_A,1III,OP310804,10721,105.3246881,2018,India,India,OP310804,2018
1224,LC707382.1|2021-06-30,1VII_B,1VII_B,1VII,LC707382,10670,104.8236565,2021,Gabon: Lambarene,Gabon,LC707382,2021
1225,ON426261.1|2021-04-26,1V_E.1,1V_E,1V,ON426261,10421,102.3774438,2021,"Brazil: Sao Paulo, Alambari",Brazil,ON426261,2021
1226,ON426262.1|2021-05-25,1V_E.1,1V_E,1V,ON426262,10421,102.3774438,2021,"Brazil: Sao Paulo, Paulinia",Brazil,ON426262,2021
1227,ON426263.1|2021-06-01,1V_E.1,1V_E,1V,ON426263,10421,102.3774438,2021,"Brazil: Sao Paulo, Aracatuba",Brazil,ON426263,2021
1228,ON426264.1|2021-06-01,1V_E.1,1V_E,1V,ON426264,10421,102.3774438,2021,"Brazil: Sao Paulo, Itirepina",Brazil,ON426264,2021
1229,ON426265.1|2021-05-25,1V_E.1,1V_E,1V,ON426265,10421,102.3774438,2021,"Brazil: Sao Paulo, Capao Bonito",Brazil,ON426265,2021
1230,ON426266.1|2021-05-31,1V_E.1,1V_E,1V,ON426266,10421,102.3774438,2021,"Brazil: Sao Paulo, Tupa",Brazil,ON426266,2021
1231,ON426267.1|2021-05-26,1V_E.1,1V_E,1V,ON426267,10421,102.3774438,2021,"Brazil: Sao Paulo, Capao Bonito",Brazil,ON426267,2021
1232,ON426268.1|2022-01-13,1V_E.1,1V_E,1V,ON426268,10353,101.7094017,2022,"Brazil: Sao Paulo, Buritama",Brazil,ON426268,2022
1233,ON426269.1|2022-01-28,1V_E.1,1V_E,1V,ON426269,10179,100,2022,"Brazil: Sao Paulo, Aracatuba",Brazil,ON426269,2022
1234,ON426270.1|2022-01-31,1V_E.1,1V_E,1V,ON426270,10247,100.668042,2022,"Brazil: Sao Paulo, Alto Alegre",Brazil,ON426270,2022
1235,ON426271.1|2022-02-09,1V_E.1,1V_E,1V,ON426271,10247,100.668042,2022,"Brazil: Sao Paulo, Galia",Brazil,ON426271,2022
1236,ON426272.1|2022-02-09,1V_E.1,1V_E,1V,ON426272,10337,101.5522153,2022,"Brazil: Sao Paulo, Sao Jose dos Campos",Brazil,ON426272,2022
1237,ON426273.1|2022-02-16,1V_A,1V_A,1V,ON426273,10421,102.3774438,2022,"Brazil: Sao Paulo, Birigui",Brazil,ON426273,2022
1238,ON426274.1|2022-02-21,1V_E.1,1V_E,1V,ON426274,10421,102.3774438,2022,"Brazil: Sao Paulo, Porto Feliz",Brazil,ON426274,2022
1239,ON426275.1|2022-02-21,1V_E.1,1V_E,1V,ON426275,10421,102.3774438,2022,"Brazil: Sao Paulo, Sao Jose dos Campos",Brazil,ON426275,2022
1240,ON426276.1|2022-03-02,1V_E.1,1V_E,1V,ON426276,10421,102.3774438,2022,"Brazil: Sao Paulo, Rio Claro",Brazil,ON426276,2022
1241,ON426277.1|2022-02-22,1V_E.1,1V_E,1V,ON426277,10247,100.668042,2022,"Brazil: Sao Paulo, Bauru",Brazil,ON426277,2022
1242,ON426278.1|2022-02-24,1V_E.1,1V_E,1V,ON426278,10179,100,2022,"Brazil: Sao Paulo, Bauru",Brazil,ON426278,2022
1243,ON426279.1|2022-02-21,1V_E.1,1V_E,1V,ON426279,10248,100.6778662,2022,"Brazil: Sao Paulo, Bauru",Brazil,ON426279,2022
1244,ON426280.1|2022-03-07,1V_E.1,1V_E,1V,ON426280,10353,101.7094017,2022,"Brazil: Sao Paulo, Garca",Brazil,ON426280,2022
1245,ON426281.1|2022-03-07,1V_E.1,1V_E,1V,ON426281,10421,102.3774438,2022,"Brazil: Sao Paulo, Itapetininga",Brazil,ON426281,2022
1246,ON426282.1|2022-03-08,1V_E.1,1V_E,1V,ON426282,10337,101.5522153,2022,"Brazil: Sao Paulo, Marilia",Brazil,ON426282,2022
1247,ON426283.1|2022-03-14,1V_A,1V_A,1V,ON426283,10353,101.7094017,2022,"Brazil: Sao Paulo, Taubate",Brazil,ON426283,2022
1248,ON426284.1|2022-03-11,1V_E.1,1V_E,1V,ON426284,10421,102.3774438,2022,"Brazil: Sao Paulo, Sao Jose dos Campos",Brazil,ON426284,2022
1249,ON426285.1|2022-02-23,1V_E.1,1V_E,1V,ON426285,10179,100,2022,"Brazil: Sao Paulo, Tiete",Brazil,ON426285,2022
1250,ON426286.1|2022-03-11,1V_E.1,1V_E,1V,ON426286,10353,101.7094017,2022,"Brazil: Sao Paulo, Aracatuba",Brazil,ON426286,2022
1251,ON426287.1|2022-03-04,1V_E.1,1V_E,1V,ON426287,10179,100,2022,"Brazil: Sao Paulo, Ilha Solteira",Brazil,ON426287,2022
1252,ON426288.1|2022-02-17,1V_E.1,1V_E,1V,ON426288,10217,100.3733176,2022,"Brazil: Sao Paulo, Andradina",Brazil,ON426288,2022
1253,ON426289.1|2022-02-25,1V_E.1,1V_E,1V,ON426289,10421,102.3774438,2022,"Brazil: Sao Paulo, Aracatuba",Brazil,ON426289,2022
1254,ON426290.1|2022-03-16,1V_E.1,1V_E,1V,ON426290,10353,101.7094017,2022,"Brazil: Sao Paulo, Campinas",Brazil,ON426290,2022
1255,ON426291.1|2022-03-11,1V_E.1,1V_E,1V,ON426291,10179,100,2022,"Brazil: Sao Paulo, Paulinia",Brazil,ON426291,2022
1256,ON426292.1|2020-01-22,1V_C,1V_C,1V,ON426292,10421,102.3774438,2020,"Brazil: Sao Paulo, Sao Pedro",Brazil,ON426292,2020
1257,ON426293.1|2020-02-09,1V_A,1V_A,1V,ON426293,10421,102.3774438,2020,"Brazil: Sao Paulo, Sao Pedro",Brazil,ON426293,2020
1258,ON426294.1|2021-01-20,1V_E.1,1V_E,1V,ON426294,10421,102.3774438,2021,"Brazil: Sao Paulo, Santos",Brazil,ON426294,2021
1259,ON426295.1|2021-02-18,1V_E.1,1V_E,1V,ON426295,10421,102.3774438,2021,"Brazil: Sao Paulo, Sao Vicente",Brazil,ON426295,2021
1260,ON426296.1|2021-02-21,1V_E.1,1V_E,1V,ON426296,10421,102.3774438,2021,"Brazil: Sao Paulo, Sao Vicente",Brazil,ON426296,2021
1261,ON426297.1|2021-03-15,1V_A,1V_A,1V,ON426297,10421,102.3774438,2021,"Brazil: Sao Paulo, Sumare",Brazil,ON426297,2021
1262,ON426298.1|2021-03-15,1V_E.1,1V_E,1V,ON426298,10421,102.3774438,2021,"Brazil: Sao Paulo, Miracatu",Brazil,ON426298,2021
1263,ON426299.1|2021-03-20,1V_A,1V_A,1V,ON426299,10421,102.3774438,2021,"Brazil: Sao Paulo, Louveira",Brazil,ON426299,2021
1264,ON426300.1|2021-03-26,1V_D.2,1V_D,1V,ON426300,10421,102.3774438,2021,"Brazil: Sao Paulo, Nazare Paulista",Brazil,ON426300,2021
1265,ON426301.1|2021-03-16,1V_E.1,1V_E,1V,ON426301,10421,102.3774438,2021,"Brazil: Sao Paulo, Buritama",Brazil,ON426301,2021
1266,ON426302.1|2021-03-24,1V_E.1,1V_E,1V,ON426302,10421,102.3774438,2021,"Brazil: Sao Paulo, Tiete",Brazil,ON426302,2021
1267,ON426303.1|2021-03-23,1V_E.1,1V_E,1V,ON426303,10421,102.3774438,2021,"Brazil: Sao Paulo, Porto Feliz",Brazil,ON426303,2021
1268,ON426304.1|2021-04-04,1V_E.1,1V_E,1V,ON426304,10421,102.3774438,2021,"Brazil: Sao Paulo, Buri",Brazil,ON426304,2021
1269,ON426305.1|2021-03-26,1V_F,1V_F,1V,ON426305,10421,102.3774438,2021,"Brazil: Sao Paulo, Campinas",Brazil,ON426305,2021
1270,ON426306.1|2021-03-23,1V_E.1,1V_E,1V,ON426306,10421,102.3774438,2021,"Brazil: Sao Paulo, Porto Feliz",Brazil,ON426306,2021
1271,ON426307.1|2021-03-15,1V_E.1,1V_E,1V,ON426307,10421,102.3774438,2021,"Brazil: Sao Paulo, Porto Feliz",Brazil,ON426307,2021
1272,ON426308.1|2021-04-07,1V_E.1,1V_E,1V,ON426308,10421,102.3774438,2021,"Brazil: Sao Paulo, Itai",Brazil,ON426308,2021
1273,ON426309.1|2021-04-16,1V_E.1,1V_E,1V,ON426309,10421,102.3774438,2021,"Brazil: Sao Paulo, Cordeiropolis",Brazil,ON426309,2021
1274,ON426310.1|2021-04-13,1V_E.1,1V_E,1V,ON426310,10421,102.3774438,2021,"Brazil: Sao Paulo, Ilhabela",Brazil,ON426310,2021
1275,ON426311.1|2021-04-19,1V_E.1,1V_E,1V,ON426311,10421,102.3774438,2021,"Brazil: Sao Paulo, Sao Caetano do Sul",Brazil,ON426311,2021
1276,ON426312.1|2021-04-16,1V_E.1,1V_E,1V,ON426312,10421,102.3774438,2021,"Brazil: Sao Paulo, Guaruja",Brazil,ON426312,2021
1277,ON426313.1|2021-04-19,1V_E.1,1V_E,1V,ON426313,10421,102.3774438,2021,"Brazil: Sao Paulo, Araras",Brazil,ON426313,2021
1278,ON426314.1|2021-04-27,1V_E.1,1V_E,1V,ON426314,10421,102.3774438,2021,"Brazil: Sao Paulo, Mairipora",Brazil,ON426314,2021
1279,ON426315.1|2021-04-23,1V_E.1,1V_E,1V,ON426315,10421,102.3774438,2021,"Brazil: Sao Paulo, Cordeiropolis",Brazil,ON426315,2021
1280,ON426316.1|2021-05-05,1V_E.1,1V_E,1V,ON426316,10421,102.3774438,2021,"Brazil: Sao Paulo, Val Paraiso",Brazil,ON426316,2021
1281,ON426317.1|2021-05-08,1V_D.1.1,1V_D,1V,ON426317,10421,102.3774438,2021,"Brazil: Sao Paulo, Taubate",Brazil,ON426317,2021
1282,ON426318.1|2021-04-27,1V_A,1V_A,1V,ON426318,10421,102.3774438,2021,"Brazil: Sao Paulo, Itanhaem",Brazil,ON426318,2021
1283,ON426319.1|2021-05-10,1V_E.1,1V_E,1V,ON426319,10421,102.3774438,2021,"Brazil: Sao Paulo, Ipaussu",Brazil,ON426319,2021
1284,ON426320.1|2021-04-18,1V_E.1,1V_E,1V,ON426320,10421,102.3774438,2021,"Brazil: Sao Paulo, Buritama",Brazil,ON426320,2021
1285,ON426321.1|2021-05-12,1V_E.1,1V_E,1V,ON426321,10421,102.3774438,2021,"Brazil: Sao Paulo, Chavantes",Brazil,ON426321,2021
1286,ON426322.1|2021-05-09,1V_E.1,1V_E,1V,ON426322,10421,102.3774438,2021,"Brazil: Sao Paulo, Sorocaba",Brazil,ON426322,2021
1287,ON426323.1|2020-01-26,1V_E.1,1V_E,1V,ON426323,10421,102.3774438,2020,"Brazil: Sao Paulo, Piracicaba",Brazil,ON426323,2020
1288,ON426324.1|2020-01-20,1V_E.1,1V_E,1V,ON426324,10421,102.3774438,2020,"Brazil: Sao Paulo, Piracicaba",Brazil,ON426324,2020
1289,ON426325.1|2020-02-25,1V_E.1,1V_E,1V,ON426325,10421,102.3774438,2020,"Brazil: Sao Paulo, Presidente Prudente",Brazil,ON426325,2020
1290,ON426326.1|2020-03-04,1V_E.1,1V_E,1V,ON426326,10421,102.3774438,2020,"Brazil: Sao Paulo, Limeira",Brazil,ON426326,2020
1291,ON426327.1|2020-03-02,1V_E.1,1V_E,1V,ON426327,10421,102.3774438,2020,"Brazil: Sao Paulo, Cubatao",Brazil,ON426327,2020
1292,ON426328.1|2020-04-04,1V_E.1,1V_E,1V,ON426328,10421,102.3774438,2020,"Brazil: Sao Paulo, Piracicaba",Brazil,ON426328,2020
1293,ON426329.1|2021-03-15,1V_E.1,1V_E,1V,ON426329,10421,102.3774438,2021,"Brazil: Sao Paulo, Miracatu",Brazil,ON426329,2021
1294,ON426330.1|2021-03-22,1V_E.1,1V_E,1V,ON426330,10421,102.3774438,2021,"Brazil: Sao Paulo, Sao Jose do Rio Preto",Brazil,ON426330,2021
1295,ON426331.1|2021-03-29,1V_A,1V_A,1V,ON426331,10421,102.3774438,2021,"Brazil: Sao Paulo, Osasco",Brazil,ON426331,2021
1296,ON426332.1|2021-04-09,1V_E.1,1V_E,1V,ON426332,10421,102.3774438,2021,"Brazil: Sao Paulo, Sao Jose do Rio Preto",Brazil,ON426332,2021
1297,ON426333.1|2021-04-12,1V_E.1,1V_E,1V,ON426333,10421,102.3774438,2021,"Brazil: Sao Paulo, Praia Grande",Brazil,ON426333,2021
1298,ON426334.1|2021-04-26,1V_E.1,1V_E,1V,ON426334,10421,102.3774438,2021,"Brazil: Sao Paulo, Fernandopolis",Brazil,ON426334,2021
1299,ON426335.1|2021-05-17,1V_E.1,1V_E,1V,ON426335,10421,102.3774438,2021,"Brazil: Sao Paulo, Diadema",Brazil,ON426335,2021
1300,ON426336.1|2021-04-16,1V_E.1,1V_E,1V,ON426336,10421,102.3774438,2021,"Brazil: Sao Paulo, Santo andre",Brazil,ON426336,2021
1301,ON426337.1|2021-06-05,1V_E.1,1V_E,1V,ON426337,10421,102.3774438,2021,"Brazil: Sao Paulo, Campinas",Brazil,ON426337,2021
1302,ON426338.1|2021-06-18,1V_E.1,1V_E,1V,ON426338,10421,102.3774438,2021,"Brazil: Sao Paulo, Buri",Brazil,ON426338,2021
1303,ON426339.1|2022-02-14,1V_E.1,1V_E,1V,ON426339,10421,102.3774438,2022,"Brazil: Sao Paulo, Guarulhos",Brazil,ON426339,2022
1304,ON426340.1|2022-02-18,1V_E.1,1V_E,1V,ON426340,10353,101.7094017,2022,"Brazil: Sao Paulo, Votuporanga",Brazil,ON426340,2022
1305,ON426341.1|2022-02-15,1V_E.1,1V_E,1V,ON426341,10179,100,2022,"Brazil: Sao Paulo, Sao Jose do Rio Preto",Brazil,ON426341,2022
1306,ON426342.1|2022-02-25,1V_D.1.1,1V_D,1V,ON426342,10353,101.7094017,2022,"Brazil: Sao Paulo, Araras",Brazil,ON426342,2022
1307,ON426343.1|2022-02-25,1V_E.1,1V_E,1V,ON426343,10353,101.7094017,2022,"Brazil: Sao Paulo, Limeira",Brazil,ON426343,2022
1308,ON426344.1|2022-03-11,1V_E.1,1V_E,1V,ON426344,10421,102.3774438,2022,"Brazil: Sao Paulo, Zacarias",Brazil,ON426344,2022
1309,ON426345.1|2022-03-08,1V_E.1,1V_E,1V,ON426345,10421,102.3774438,2022,"Brazil: Sao Paulo, Urania",Brazil,ON426345,2022
1310,ON426346.1|2021-04-27,1V_E.1,1V_E,1V,ON426346,10421,102.3774438,2021,"Brazil: Sao Paulo, Ribeirao Preto",Brazil,ON426346,2021
1311,ON426347.1|2021-04-27,1V_E.1,1V_E,1V,ON426347,10421,102.3774438,2021,"Brazil: Sao Paulo, Ribeirao Preto",Brazil,ON426347,2021
1312,ON426348.1|2021-03-22,1V_E.1,1V_E,1V,ON426348,10421,102.3774438,2021,"Brazil: Sao Paulo, Ribeirao Preto",Brazil,ON426348,2021
1313,ON426349.1|2021-03-16,1V_E.1,1V_E,1V,ON426349,10421,102.3774438,2021,"Brazil: Sao Paulo, Ribeirao Preto",Brazil,ON426349,2021
1314,ON426350.1|2021-04-06,1V_E.1,1V_E,1V,ON426350,10421,102.3774438,2021,"Brazil: Sao Paulo, Ribeirao Preto",Brazil,ON426350,2021
1315,ON426351.1|2021-04-04,1V_E.1,1V_E,1V,ON426351,10421,102.3774438,2021,"Brazil: Sao Paulo, Ribeirao Preto",Brazil,ON426351,2021
1316,ON426352.1|2021-03-25,1V_E.1,1V_E,1V,ON426352,10421,102.3774438,2021,"Brazil: Sao Paulo, Ribeirao Preto",Brazil,ON426352,2021
1317,ON426353.1|2021-04-20,1V_E.1,1V_E,1V,ON426353,10421,102.3774438,2021,"Brazil: Sao Paulo, Ribeirao Preto",Brazil,ON426353,2021
1318,ON426354.1|2021-04-07,1V_E.1,1V_E,1V,ON426354,10421,102.3774438,2021,"Brazil: Sao Paulo, Ribeirao Preto",Brazil,ON426354,2021
1319,ON426355.1|2021-04-13,1V_E.1,1V_E,1V,ON426355,10421,102.3774438,2021,"Brazil: Sao Paulo, Ribeirao Preto",Brazil,ON426355,2021
1320,ON426356.1|2021-04-07,1V_F,1V_F,1V,ON426356,10421,102.3774438,2021,"Brazil: Sao Paulo, Ribeirao Preto",Brazil,ON426356,2021
1321,ON426357.1|2021-04-20,1V_E.1,1V_E,1V,ON426357,10421,102.3774438,2021,"Brazil: Sao Paulo, Ribeirao Preto",Brazil,ON426357,2021
1322,ON426358.1|2021-04-05,1V_A,1V_A,1V,ON426358,10421,102.3774438,2021,"Brazil: Sao Paulo, Ribeirao Preto",Brazil,ON426358,2021
1323,ON426359.1|2021-04-20,1V_E.1,1V_E,1V,ON426359,10421,102.3774438,2021,"Brazil: Sao Paulo, Ribeirao Preto",Brazil,ON426359,2021
1324,ON632040.1|2022-04-12,1V_D.1.1,1V_D,1V,ON632040,10179,100,2022,"Brazil: Amazonas, Manaus",Brazil,ON632040,2022
1325,ON632041.1|2022-03-17,1V_A,1V_A,1V,ON632041,10451,102.6721682,2022,"Brazil: Sao Paulo, Zacarias",Brazil,ON632041,2022
1326,ON632042.1|2022-03-25,1V_E.1,1V_E,1V,ON632042,10398,102.1514884,2022,"Brazil: Sao Paulo, Catanduva",Brazil,ON632042,2022
1327,ON632043.1|2022-03-26,1V_E.1,1V_E,1V,ON632043,10356,101.7388742,2022,"Brazil: Sao Paulo, Aracatuba",Brazil,ON632043,2022
1328,ON632044.1|2022-03-29,1V_E.1,1V_E,1V,ON632044,10360,101.7781707,2022,"Brazil: Sao Paulo, Itu",Brazil,ON632044,2022
1329,ON632045.1|2022-03-28,1V_E.1,1V_E,1V,ON632045,10187,100.0785932,2022,"Brazil: Sao Paulo, Santa Barbara D Oeste",Brazil,ON632045,2022
1330,ON632046.1|2022-04-01,1V_E.1,1V_E,1V,ON632046,10350,101.6799293,2022,"Brazil: Sao Paulo, Guarulhos",Brazil,ON632046,2022
1331,ON632047.1|2022-03-22,1V_E.1,1V_E,1V,ON632047,10423,102.3970921,2022,"Brazil: Sao Paulo, Garca",Brazil,ON632047,2022
1332,ON632048.1|2022-04-03,1V_F,1V_F,1V,ON632048,10350,101.6799293,2022,"Brazil: Sao Paulo, Paulinia",Brazil,ON632048,2022
1333,ON632049.1|2022-03-27,1V_E.1,1V_E,1V,ON632049,10431,102.4756852,2022,"Brazil: Sao Paulo, Campinas",Brazil,ON632049,2022
1334,ON632050.1|2022-03-26,1V_E.1,1V_E,1V,ON632050,10402,102.1907849,2022,"Brazil: Sao Paulo, Sao Jose do Rio Preto",Brazil,ON632050,2022
1335,ON632051.1|2022-04-05,1V_E.1,1V_E,1V,ON632051,10436,102.524806,2022,"Brazil: Sao Paulo, Mogi Mirin",Brazil,ON632051,2022
1336,ON632052.1|2022-04-04,1V_E.1,1V_E,1V,ON632052,10427,102.4363886,2022,"Brazil: Sao Paulo, Itapeva",Brazil,ON632052,2022
1337,ON632053.1|2022-04-04,1V_E.1,1V_E,1V,ON632053,10179,100,2022,"Brazil: Sao Paulo, Nova Granada",Brazil,ON632053,2022
1338,ON632054.1|2022-04-05,1V_E.1,1V_E,1V,ON632054,10270,100.8939974,2022,"Brazil: Sao Paulo, Imbituba",Brazil,ON632054,2022
1339,ON632055.1|2022-03-29,1V_E.1,1V_E,1V,ON632055,10187,100.0785932,2022,"Brazil: Sao Paulo, Balsamo",Brazil,ON632055,2022
1340,ON632056.1|2022-03-26,1V_E.1,1V_E,1V,ON632056,10436,102.524806,2022,"Brazil: Sao Paulo, Itanhaem",Brazil,ON632056,2022
1341,ON632057.1|2022-04-04,1V_E.1,1V_E,1V,ON632057,10179,100,2022,"Brazil: Sao Paulo, Itapeva",Brazil,ON632057,2022
1342,ON632058.1|2022-04-04,1V_E.1,1V_E,1V,ON632058,10382,101.994302,2022,"Brazil: Sao Paulo, Itu",Brazil,ON632058,2022
1343,ON632059.1|2022-03-30,1V_E.1,1V_E,1V,ON632059,10344,101.6209844,2022,"Brazil: Sao Paulo, Garca",Brazil,ON632059,2022
1344,ON632060.1|2022-03-28,1V_D.1.1,1V_D,1V,ON632060,10452,102.6819923,2022,"Brazil: Sao Paulo, Ourinhos",Brazil,ON632060,2022
1345,ON632061.1|2022-04-06,1V_E.1,1V_E,1V,ON632061,10225,100.4519108,2022,"Brazil: Sao Paulo, Monte Alto",Brazil,ON632061,2022
1346,ON632062.1|2022-03-31,1V_E.1,1V_E,1V,ON632062,10179,100,2022,"Brazil: Sao Paulo, Americana",Brazil,ON632062,2022
1347,ON632063.1|2022-04-11,1V_E.1,1V_E,1V,ON632063,10433,102.4953335,2022,"Brazil: Sao Paulo, Americana",Brazil,ON632063,2022
1348,ON632064.1|2022-04-09,1V_E.1,1V_E,1V,ON632064,10334,101.5227429,2022,"Brazil: Sao Paulo, Ubarana",Brazil,ON632064,2022
1349,ON632065.1|2022-04-08,1V_E.1,1V_E,1V,ON632065,10261,100.8055801,2022,"Brazil: Sao Paulo, Campinas",Brazil,ON632065,2022
1350,ON632066.1|2022-04-13,1V_E.1,1V_E,1V,ON632066,10331,101.4932705,2022,"Brazil: Sao Paulo, Campinas",Brazil,ON632066,2022
1351,ON632067.1|2022-04-09,1V_E.1,1V_E,1V,ON632067,10433,102.4953335,2022,"Brazil: Sao Paulo, Americana",Brazil,ON632067,2022
1352,ON632068.1|2022-04-13,1V_E.1,1V_E,1V,ON632068,10218,100.3831418,2022,"Brazil: Sao Paulo, Osasco",Brazil,ON632068,2022
1353,ON632069.1|2022-04-08,1V_D.1.1,1V_D,1V,ON632069,10418,102.3479713,2022,"Brazil: Sao Paulo, Itaquaquecetuba",Brazil,ON632069,2022
1354,ON632070.1|2022-04-11,1V_E.1,1V_E,1V,ON632070,10179,100,2022,"Brazil: Sao Paulo, Carapicuiba",Brazil,ON632070,2022
1355,ON632071.1|2022-04-11,1V_E.1,1V_E,1V,ON632071,10418,102.3479713,2022,"Brazil: Sao Paulo, Garca",Brazil,ON632071,2022
1356,ON632072.1|2022-04-12,1V_E.1,1V_E,1V,ON632072,10493,103.0847824,2022,"Brazil: Sao Paulo, Itajobi",Brazil,ON632072,2022
1357,ON632073.1|2022-04-12,1V_E.1,1V_E,1V,ON632073,10429,102.4560369,2022,"Brazil: Sao Paulo, Murutinga do Sul",Brazil,ON632073,2022
1358,ON632074.1|2022-04-18,1V_E.1,1V_E,1V,ON632074,10347,101.6504568,2022,"Brazil: Sao Paulo, Santa Barbara D Oeste",Brazil,ON632074,2022
1359,ON632075.1|2022-04-21,1V_E.1,1V_E,1V,ON632075,10329,101.4736222,2022,"Brazil: Sao Paulo, Mairipora",Brazil,ON632075,2022
1360,ON632076.1|2022-04-13,1V_E.1,1V_E,1V,ON632076,10243,100.6287455,2022,"Brazil: Sao Paulo, Mairipora",Brazil,ON632076,2022
1361,ON632077.1|2022-04-19,1V_E.1,1V_E,1V,ON632077,10431,102.4756852,2022,"Brazil: Sao Paulo, Itaquaquecetuba",Brazil,ON632077,2022
1362,ON632078.1|2022-04-18,1V_E.1,1V_E,1V,ON632078,10269,100.8841733,2022,"Brazil: Sao Paulo, Bady Bassitt",Brazil,ON632078,2022
1363,ON632079.1|2022-04-19,1V_E.1,1V_E,1V,ON632079,10218,100.3831418,2022,"Brazil: Sao Paulo, Santa Barbara D Oeste",Brazil,ON632079,2022
1364,ON632080.1|2022-04-12,1V_E.1,1V_E,1V,ON632080,10520,103.3500344,2022,"Brazil: Sao Paulo, Murutinga do Sul",Brazil,ON632080,2022
1365,ON632081.1|2022-02-24,1V_E.1,1V_E,1V,ON632081,10179,100,2022,"Brazil: Sao Paulo, Campinas",Brazil,ON632081,2022
1366,ON632082.1|2022-03-11,1V_A,1V_A,1V,ON632082,10353,101.7094017,2022,"Brazil: Sao Paulo, Ourinhos",Brazil,ON632082,2022
1367,ON632083.1|2022-03-16,1V_E.1,1V_E,1V,ON632083,10436,102.524806,2022,"Brazil: Sao Paulo, Taubate",Brazil,ON632083,2022
1368,ON632084.1|2022-03-14,1V_E.1,1V_E,1V,ON632084,10427,102.4363886,2022,"Brazil: Sao Paulo, Taubate",Brazil,ON632084,2022
1369,ON632085.1|2022-03-17,1V_E.1,1V_E,1V,ON632085,10182,100.0294724,2022,"Brazil: Sao Paulo, Tremembe",Brazil,ON632085,2022
1370,ON632086.1|2022-03-25,1V_E.1,1V_E,1V,ON632086,10347,101.6504568,2022,"Brazil: Sao Paulo, Sao Jose dos Campos",Brazil,ON632086,2022
1371,ON632087.1|2022-03-18,1V_E.1,1V_E,1V,ON632087,10290,101.0904804,2022,"Brazil: Sao Paulo, Bauru",Brazil,ON632087,2022
1372,ON632088.1|2022-03-19,1V_E.1,1V_E,1V,ON632088,10418,102.3479713,2022,"Brazil: Sao Paulo, Guarulhos",Brazil,ON632088,2022
1373,ON632089.1|2022-03-17,1V_E.1,1V_E,1V,ON632089,10342,101.6013361,2022,"Brazil: Sao Paulo, Taubate",Brazil,ON632089,2022
1374,ON632090.1|2022-03-25,1V_F,1V_F,1V,ON632090,10422,102.3872679,2022,"Brazil: Sao Paulo, Sao Jose dos Campos",Brazil,ON632090,2022
1375,ON632091.1|2022-03-30,1V_E.1,1V_E,1V,ON632091,10182,100.0294724,2022,"Brazil: Sao Paulo, Duartina",Brazil,ON632091,2022
1376,ON632092.1|2022-03-26,1V_E.1,1V_E,1V,ON632092,10344,101.6209844,2022,"Brazil: Sao Paulo, Bauru",Brazil,ON632092,2022
1377,ON632093.1|2022-04-03,1V_E.1,1V_E,1V,ON632093,10179,100,2022,"Brazil: Sao Paulo, Itu",Brazil,ON632093,2022
1378,ON632094.1|2022-04-04,1V_E.1,1V_E,1V,ON632094,10263,100.8252284,2022,"Brazil: Sao Paulo, Taubate",Brazil,ON632094,2022
1379,ON632095.1|2022-03-30,1V_E.1,1V_E,1V,ON632095,10340,101.5816878,2022,"Brazil: Sao Paulo, Gabriel Monteiro",Brazil,ON632095,2022
1380,ON632096.1|2022-04-01,1V_E.1,1V_E,1V,ON632096,10439,102.5542784,2022,"Brazil: Sao Paulo, Duartina",Brazil,ON632096,2022
1381,ON632097.1|2022-04-10,1V_E.1,1V_E,1V,ON632097,10433,102.4953335,2022,"Brazil: Sao Paulo, Nova Odessa",Brazil,ON632097,2022
1382,ON632098.1|2022-04-12,1V_E.1,1V_E,1V,ON632098,10425,102.4167403,2022,"Brazil: Sao Paulo, Itu",Brazil,ON632098,2022
1383,ON632099.1|2022-04-07,1V_A,1V_A,1V,ON632099,10438,102.5444543,2022,"Brazil: Sao Paulo, Taubate",Brazil,ON632099,2022
1384,ON632100.1|2022-04-05,1V_E.1,1V_E,1V,ON632100,10387,102.0434227,2022,"Brazil: Sao Paulo, Taubate",Brazil,ON632100,2022
1385,ON632101.1|2022-04-04,1V_E.1,1V_E,1V,ON632101,10363,101.8076432,2022,"Brazil: Sao Paulo, Taubate",Brazil,ON632101,2022
1386,ON632102.1|2022-04-11,1V_E.1,1V_E,1V,ON632102,10179,100,2022,"Brazil: Sao Paulo, Taubate",Brazil,ON632102,2022
1387,ON632103.1|2022-04-01,1V_E.1,1V_E,1V,ON632103,10450,102.662344,2022,"Brazil: Sao Paulo, Sao Jose dos Campos",Brazil,ON632103,2022
1388,ON632104.1|2022-04-04,1V_E.1,1V_E,1V,ON632104,10269,100.8841733,2022,"Brazil: Sao Paulo, Taubate",Brazil,ON632104,2022
1389,ON632105.1|2022-04-02,1V_E.1,1V_E,1V,ON632105,10179,100,2022,"Brazil: Sao Paulo, Sao Jose dos Campos",Brazil,ON632105,2022
1390,ON632106.1|2022-04-04,1V_E.1,1V_E,1V,ON632106,10381,101.9844778,2022,"Brazil: Sao Paulo, Nova Odessa",Brazil,ON632106,2022
1391,ON632107.1|2022-04-09,1V_E.1,1V_E,1V,ON632107,10368,101.8567639,2022,"Brazil: Sao Paulo, Taubate",Brazil,ON632107,2022
1392,ON632108.1|2022-04-19,1V_E.1,1V_E,1V,ON632108,10441,102.5739267,2022,"Brazil: Sao Paulo, Rosana",Brazil,ON632108,2022
1393,ON632109.1|2022-04-19,1V_E.1,1V_E,1V,ON632109,10350,101.6799293,2022,"Brazil: Sao Paulo, Rosana",Brazil,ON632109,2022
1394,ON632110.1|2022-04-01,1V_D.1.1,1V_D,1V,ON632110,10378,101.9550054,2022,"Brazil: Sao Paulo, Ilhabela",Brazil,ON632110,2022
1395,ON632111.1|2022-04-06,1V_A,1V_A,1V,ON632111,10446,102.6230475,2022,"Brazil: Sao Paulo, Taubate",Brazil,ON632111,2022
1396,ON632112.1|2022-04-02,1V_E.1,1V_E,1V,ON632112,10422,102.3872679,2022,"Brazil: Sao Paulo, Sao Jose dos Campos",Brazil,ON632112,2022
1397,ON632113.1|2022-04-11,1V_E.1,1V_E,1V,ON632113,10420,102.3676196,2022,"Brazil: Sao Paulo, Taubate",Brazil,ON632113,2022
1398,ON632114.1|2022-04-11,1V_E.1,1V_E,1V,ON632114,10179,100,2022,"Brazil: Sao Paulo, Taubate",Brazil,ON632114,2022
1399,ON632115.1|2022-04-12,1V_E.1,1V_E,1V,ON632115,10252,100.7171628,2022,"Brazil: Sao Paulo, Taruma",Brazil,ON632115,2022
1400,ON632116.1|2022-04-24,1V_E.1,1V_E,1V,ON632116,10179,100,2022,"Brazil: Sao Paulo, Sao Paulo",Brazil,ON632116,2022
1401,ON632117.1|2022-04-18,1V_E.1,1V_E,1V,ON632117,10316,101.3459082,2022,"Brazil: Sao Paulo, Ferraz de Vasconcelos",Brazil,ON632117,2022
1402,ON632118.1|2022-04-14,1V_E.1,1V_E,1V,ON632118,10179,100,2022,"Brazil: Sao Paulo, Francisco Morato",Brazil,ON632118,2022
1403,ON632119.1|2022-03-07,1V_E.1,1V_E,1V,ON632119,10441,102.5739267,2022,"Brazil: Sao Paulo, Americana",Brazil,ON632119,2022
1404,ON632120.1|2022-03-15,1V_A,1V_A,1V,ON632120,10529,103.4384517,2022,"Brazil: Sao Paulo, Coroados",Brazil,ON632120,2022
1405,ON632121.1|2022-03-17,1V_E.1,1V_E,1V,ON632121,10353,101.7094017,2022,"Brazil: Sao Paulo, Araraquara",Brazil,ON632121,2022
1406,ON632122.1|2022-03-17,1V_E.1,1V_E,1V,ON632122,10225,100.4519108,2022,"Brazil: Sao Paulo, Olimpia",Brazil,ON632122,2022
1407,ON632123.1|2022-03-10,1V_E.1,1V_E,1V,ON632123,10348,101.660281,2022,"Brazil: Sao Paulo, Descalvado",Brazil,ON632123,2022
1408,ON632124.1|2022-04-12,1V_E.1,1V_E,1V,ON632124,10329,101.4736222,2022,"Brazil: Sao Paulo, Matao",Brazil,ON632124,2022
1409,OL321179.1|2016-02-02,1IV_A,1IV_A,1IV,OL321179,10247,100.668042,2016,"Papua New Guinea: Western Province, Tupensome",Papua New Guinea,OL321179,2016
1410,OL321180.1|2016-02-08,1IV_A,1IV_A,1IV,OL321180,10464,102.7998821,2016,"Papua New Guinea: Western Province, Kiunga",Papua New Guinea,OL321180,2016
1411,OL321181.1|2016-02-08,1IV_A,1IV_A,1IV,OL321181,10400,102.1711367,2016,"Papua New Guinea: Western Province, St Gabriel",Papua New Guinea,OL321181,2016
1412,ON911333.1|2019-06-13,1I_E.1,1I_E,1I,ON911333,10449,102.6525199,2019,Cambodia,Cambodia,ON911333,2019
1413,ON907577.1|2019-06-13,1I_E.1,1I_E,1I,ON907577,10426,102.4265645,2019,Cambodia,Cambodia,ON907577,2019
1414,ON907578.1|2019-09-18,1IV_B.1,1IV_B,1IV,ON907578,10660,104.7254151,2019,China,China,ON907578,2019
1415,ON908212.1|2019-06-18,1I_K.1.1,1I_K,1I,ON908212,10493,103.0847824,2019,China,China,ON908212,2019
1416,ON908213.1|2019-06-21,1I_K.1.1,1I_K,1I,ON908213,10493,103.0847824,2019,China,China,ON908213,2019
1417,ON908214.1|2019-11-16,1I_H.1,1I_H,1I,ON908214,10582,103.9591315,2019,Myanmar,Myanmar,ON908214,2019
1418,ON908215.1|2019-09-18,1IV_B.1,1IV_B,1IV,ON908215,10601,104.1457904,2019,China,China,ON908215,2019
1419,ON908216.1|2019-08-26,1IV_B.1,1IV_B,1IV,ON908216,10486,103.0160134,2019,Philippines,Philippines,ON908216,2019
1420,ON908217.1|2019-08-09,1III_A,1III_A,1III,ON908217,10570,103.8412418,2019,Pakistan,Pakistan,ON908217,2019
1421,ON908218.1|2019-05-24,1I_E.1,1I_E,1I,ON908218,10481,102.9668926,2019,Cambodia,Cambodia,ON908218,2019
1422,ON908219.1|2019-06-13,1I_E.1,1I_E,1I,ON908219,10577,103.9100108,2019,Cambodia,Cambodia,ON908219,2019
1423,ON908220.1|2019-10-18,1III_A.2,1III_A,1III,ON908220,10578,103.919835,2019,India,India,ON908220,2019
1424,ON908243.1|2019-10-25,1I_K.1.1,1I_K,1I,ON908243,10622,104.3520975,2019,China,China,ON908243,2019
1425,ON881145.1|2019-11-16,1I_H.1,1I_H,1I,ON881145,10624,104.3717458,2019,Myanmar,Myanmar,ON881145,2019
1426,ON881244.1|2019-09-18,1IV_B.1,1IV_B,1IV,ON881244,10660,104.7254151,2019,China: Guangzhou,China,ON881244,2019
1427,ON891144.1|2019-10-25,1I_K.1.1,1I_K,1I,ON891144,10646,104.587877,2019,China: Guangzhou,China,ON891144,2019
1428,ON873885.1|2019-06-21,1I_K.1.1,1I_K,1I,ON873885,10175,99.96070341,2019,China: Guangzhou,China,ON873885,2019
1429,ON873938.1|2019-08-09,1III_A,1III_A,1III,ON873938,10477,102.927596,2019,Pakistan,Pakistan,ON873938,2019
1430,ON867003.1|2019-05-24,1I_E.1,1I_E,1I,ON867003,10636,104.4896355,2019,Cambodia,Cambodia,ON867003,2019
1431,ON868498.1|2019-06-13,1I_E.1,1I_E,1I,ON868498,10426,102.4265645,2019,China: Guangzhou,China,ON868498,2019
1432,ON845601.1|2021-08-31,1I_E.1,1I_E,1I,ON845601,10685,104.9710188,2021,Viet Nam,Viet Nam,ON845601,2021
1433,ON799266.1|2019,1III_A.3,1III_A,1III,ON799266,10735,105.4622262,2019,India,India,ON799266,2019
1434,ON680908.1|2020-08-24,1III_A.4,1III_A,1III,ON680908,10728,105.3934571,2020,Sri Lanka,Sri Lanka,ON680908,2020
1435,OM909246.1|2020-01-31,1V_E.2,1V_E,1V,OM909246,10666,104.78436,2020,USA: Florida,USA,OM909246,2020
1436,ON123582.1|2021-07-23,1V_D.1.1,1V_D,1V,ON123582,10636,104.4896355,2021,Peru,Peru,ON123582,2021
1437,ON123583.1|2021-08-11,1V_D.2,1V_D,1V,ON123583,10636,104.4896355,2021,Peru,Peru,ON123583,2021
1438,ON123584.1|2021-05-04,1V_D.2,1V_D,1V,ON123584,10636,104.4896355,2021,Peru,Peru,ON123584,2021
1439,ON123585.1|2021-05-07,1V_D.1.1,1V_D,1V,ON123585,10636,104.4896355,2021,Peru,Peru,ON123585,2021
1440,ON123586.1|2021-05-07,1V_D.1.2,1V_D,1V,ON123586,10636,104.4896355,2021,Peru,Peru,ON123586,2021
1441,ON123587.1|2021-05-10,1V_D.2,1V_D,1V,ON123587,10636,104.4896355,2021,Peru,Peru,ON123587,2021
1442,ON123589.1|2021-07-13,1V_D.1.2,1V_D,1V,ON123589,10636,104.4896355,2021,Peru,Peru,ON123589,2021
1443,ON123590.1|2021-07-16,1V_D.1.2,1V_D,1V,ON123590,10636,104.4896355,2021,Peru,Peru,ON123590,2021
1444,ON123591.1|2021-07-16,1V_D.1.2,1V_D,1V,ON123591,10636,104.4896355,2021,Peru,Peru,ON123591,2021
1445,ON123592.1|2021-08-20,1V_D.1.2,1V_D,1V,ON123592,10636,104.4896355,2021,Peru,Peru,ON123592,2021
1446,ON123593.1|2021-09-07,1V_D.1.2,1V_D,1V,ON123593,10636,104.4896355,2021,Peru,Peru,ON123593,2021
1447,ON123594.1|2021-05-20,1V_D.1.1,1V_D,1V,ON123594,10636,104.4896355,2021,Peru,Peru,ON123594,2021
1448,ON123595.1|2021-08-19,1V_D.1.1,1V_D,1V,ON123595,10636,104.4896355,2021,Peru,Peru,ON123595,2021
1449,ON123596.1|2021-08-20,1V_D.2,1V_D,1V,ON123596,10636,104.4896355,2021,Peru,Peru,ON123596,2021
1450,ON123597.1|2021-08-23,1V_D.1.1,1V_D,1V,ON123597,10636,104.4896355,2021,Peru,Peru,ON123597,2021
1451,ON123598.1|2021-08-27,1V_D.1.1,1V_D,1V,ON123598,10636,104.4896355,2021,Peru,Peru,ON123598,2021
1452,ON123599.1|2021-08-28,1V_D.1.1,1V_D,1V,ON123599,10636,104.4896355,2021,Peru,Peru,ON123599,2021
1453,ON123600.1|2021-08-30,1V_D.1.1,1V_D,1V,ON123600,10636,104.4896355,2021,Peru,Peru,ON123600,2021
1454,ON123601.1|2021-09-08,1V_D.1.1,1V_D,1V,ON123601,10636,104.4896355,2021,Peru,Peru,ON123601,2021
1455,ON123602.1|2021-09-17,1V_D.1.1,1V_D,1V,ON123602,10636,104.4896355,2021,Peru,Peru,ON123602,2021
1456,ON123603.1|2021-09-17,1V_D.1.1,1V_D,1V,ON123603,10636,104.4896355,2021,Peru,Peru,ON123603,2021
1457,ON123604.1|2021-09-18,1V_D.1.1,1V_D,1V,ON123604,10636,104.4896355,2021,Peru,Peru,ON123604,2021
1458,ON123646.1|2020,1III_A.3,1III_A,1III,ON123646,10735,105.4622262,2020,India,India,ON123646,2020
1459,ON123647.1|2019,1III_A.3,1III_A,1III,ON123647,10588,104.0180764,2019,India,India,ON123647,2019
1460,ON123648.1|2019,1III_A.3,1III_A,1III,ON123648,10586,103.9984281,2019,India,India,ON123648,2019
1461,ON123650.1|2020,1III_A.3,1III_A,1III,ON123650,10735,105.4622262,2020,India,India,ON123650,2020
1462,ON123653.1|2020,1III_A,1III_A,1III,ON123653,10586,103.9984281,2020,India,India,ON123653,2020
1463,ON123654.1|2020,1III_A,1III_A,1III,ON123654,10735,105.4622262,2020,India,India,ON123654,2020
1464,ON123657.1|2019,1III_A.3,1III_A,1III,ON123657,10735,105.4622262,2019,India,India,ON123657,2019
1465,ON123661.1|2018,1III_A.4,1III_A,1III,ON123661,10735,105.4622262,2018,India,India,ON123661,2018
1466,ON123664.1|2018,1III_A,1III_A,1III,ON123664,10735,105.4622262,2018,India,India,ON123664,2018
1467,ON123666.1|2018,1I_H.1,1I_H,1I,ON123666,10735,105.4622262,2018,India,India,ON123666,2018
1468,ON123667.1|2018,1III_A.3,1III_A,1III,ON123667,10735,105.4622262,2018,India,India,ON123667,2018
1469,ON123671.1|2018,1III_A,1III_A,1III,ON123671,10586,103.9984281,2018,India,India,ON123671,2018
1470,ON109597.1|2021,1III_A.3,1III_A,1III,ON109597,10735,105.4622262,2021,India,India,ON109597,2021
1471,ON038478.1|2003-05-24,1I_H,1I_H,1I,ON038478,10459,102.7507614,2003,Thailand,Thailand,ON038478,2003
1472,ON038479.1|2003-09-28,1I_H,1I_H,1I,ON038479,10459,102.7507614,2003,Thailand,Thailand,ON038479,2003
1473,ON038480.1|2004-06-13,1I_H,1I_H,1I,ON038480,10459,102.7507614,2004,Thailand,Thailand,ON038480,2004
1474,ON038481.1|2004-11-03,1I_J,1I_J,1I,ON038481,10459,102.7507614,2004,Thailand,Thailand,ON038481,2004
1475,ON038482.1|2005-01-30,1I_H,1I_H,1I,ON038482,10459,102.7507614,2005,Thailand,Thailand,ON038482,2005
1476,ON038483.1|2009-05-13,1I_E,1I_E,1I,ON038483,10459,102.7507614,2009,Thailand,Thailand,ON038483,2009
1477,ON038484.1|2009-12-14,1I_F,1I_F,1I,ON038484,10459,102.7507614,2009,Thailand,Thailand,ON038484,2009
1478,ON038485.1|2010-11-12,1I_H,1I_H,1I,ON038485,10459,102.7507614,2010,Thailand,Thailand,ON038485,2010
1479,ON038486.1|2011-05-19,1I_K.5,1I_K,1I,ON038486,10459,102.7507614,2011,Thailand,Thailand,ON038486,2011
1480,ON038487.1|2011-06-09,1I_K.6,1I_K,1I,ON038487,10459,102.7507614,2011,Thailand,Thailand,ON038487,2011
1481,ON038488.1|2011-09-18,1I_H.1,1I_H,1I,ON038488,10459,102.7507614,2011,Thailand,Thailand,ON038488,2011
1482,ON038489.1|2012-01-26,1I_K,1I_K,1I,ON038489,10459,102.7507614,2012,Thailand,Thailand,ON038489,2012
1483,ON038490.1|2012-11-26,1I_K.5,1I_K,1I,ON038490,10459,102.7507614,2012,Thailand,Thailand,ON038490,2012
1484,ON038491.1|2013-04-14,1I_H.1,1I_H,1I,ON038491,10459,102.7507614,2013,Thailand,Thailand,ON038491,2013
1485,ON005141.1|2011-07-23,1I_K,1I_K,1I,ON005141,10671,104.8334807,2011,Thailand,Thailand,ON005141,2011
1486,OM980196.1|2020-09-06,1III_A.4,1III_A,1III,OM980196,8308,81.61901955,2020,Sri Lanka,Sri Lanka,OM980196,2020
1487,OM833055.1|2020-02-18,1V_E.2,1V_E,1V,OM833055,10311,101.2967875,2020,USA,USA,OM833055,2020
1488,OM833056.1|2020-06-23,1V_E.2,1V_E,1V,OM833056,10311,101.2967875,2020,USA,USA,OM833056,2020
1489,OM833057.1|2020-07-29,1V_E.2,1V_E,1V,OM833057,10311,101.2967875,2020,USA,USA,OM833057,2020
1490,OM833058.1|2020-06-27,1V_E.2,1V_E,1V,OM833058,10311,101.2967875,2020,USA,USA,OM833058,2020
1491,OM833059.1|2013-07-24,1V_E.3,1V_E,1V,OM833059,10311,101.2967875,2013,USA,USA,OM833059,2013
1492,OK469341.1|1992,1IV_A,1IV_A,1IV,OK469341,10690,105.0201395,1992,Singapore,Singapore,OK469341,1992
1493,OK469342.1|1997,1IV,1IV,1IV,OK469342,10690,105.0201395,1997,Malaysia,Malaysia,OK469342,1997
1494,OK469343.1|1994,1III,1III,1III,OK469343,10691,105.0299637,1994,Pakistan,Pakistan,OK469343,1994
1495,OK469344.1|1975,1IV_B,1IV_B,1IV,OK469344,10690,105.0201395,1975,Fiji,Fiji,OK469344,1975
1496,OM666557.1|2021-11-16,1III_A.3,1III_A,1III,OM666557,10706,105.1773259,2021,India,India,OM666557,2021
1497,OM666558.1|2021-11-16,1III_A.3,1III_A,1III,OM666558,10723,105.3443364,2021,India,India,OM666558,2021
1498,OM654347.1|2021-01-25,1V_D.1,1V_D,1V,OM654347,10669,104.8138324,2021,Colombia,Colombia,OM654347,2021
1499,OM654348.1|2021-01-25,1V_D.1,1V_D,1V,OM654348,10637,104.4994597,2021,Colombia,Colombia,OM654348,2021
0,OM349567.1|2019-05-24,1I_E.1,1I_E,1I,OM349567,10388,102.0532469,2019,China: Guangzhou,China,OM349567,2019
1,OM349568.1|2019-06-13,1I_E.1,1I_E,1I,OM349568,10347,101.6504568,2019,China: Guangzhou,China,OM349568,2019
2,LC652827.1|2015-11,1I_K,1I_K,1I,LC652827,10735,105.4622262,2015,Thailand,Thailand,LC652827,2015
3,LC652828.1|2015-11,1I_K,1I_K,1I,LC652828,10735,105.4622262,2015,Thailand,Thailand,LC652828,2015
4,OK605753.1|1983,1IV,1IV,1IV,OK605753,10735,105.4622262,1983,Australia,Australia,OK605753,1983
5,OK605754.1|1997,1V_H,1V_H,1V,OK605754,10735,105.4622262,1997,Brazil,Brazil,OK605754,1997
6,OK605755.1|1996,1I_F,1I_F,1I,OK605755,10735,105.4622262,1996,Thailand,Thailand,OK605755,1996
7,OK605756.1|2007,1V_E,1V_E,1V,OK605756,10735,105.4622262,2007,Ecuador,Ecuador,OK605756,2007
8,OL452067.1|1988,1V,1V,1V,OL452067,10705,105.1675017,1988,Angola,Angola,OL452067,1988
9,OM033409.1|2019-09,1I_E.1,1I_E,1I,OM033409,10677,104.8924256,2019,Cambodia,Cambodia,OM033409,2019
10,MW793678.1|2017-07,1I_H.1,1I_H,1I,MW793678,10551,103.654583,2017,Myanmar: Yangon,Myanmar,MW793678,2017
11,MW793679.1|2017-09,1I_H.1,1I_H,1I,MW793679,10543,103.5759898,2017,Myanmar: Yangon,Myanmar,MW793679,2017
12,MW793680.1|2018-01,1I_H.1,1I_H,1I,MW793680,10543,103.5759898,2018,Myanmar: Yangon,Myanmar,MW793680,2018
13,MW793681.1|2018-04,1I_H.1,1I_H,1I,MW793681,10543,103.5759898,2018,Myanmar: Yangon,Myanmar,MW793681,2018
14,MW793682.1|2018-09,1I_H.1,1I_H,1I,MW793682,10543,103.5759898,2018,Myanmar: Yangon,Myanmar,MW793682,2018
15,MW793683.1|2017-07,1I_H.1,1I_H,1I,MW793683,10543,103.5759898,2017,Myanmar: Yangon,Myanmar,MW793683,2017
16,MW793684.1|2019-04,1I_H.1,1I_H,1I,MW793684,10543,103.5759898,2019,Myanmar: Yangon,Myanmar,MW793684,2019
17,MW793685.1|2018-05,1I_H.1,1I_H,1I,MW793685,10543,103.5759898,2018,Myanmar: Yangon,Myanmar,MW793685,2018
18,MW793686.1|2019-08,1I_H.1,1I_H,1I,MW793686,10543,103.5759898,2019,Myanmar: Yangon,Myanmar,MW793686,2019
19,MW793687.1|2018-07,1I_H.1,1I_H,1I,MW793687,10543,103.5759898,2018,Myanmar: Yangon,Myanmar,MW793687,2018
20,MW793688.1|2019-01,1I_H.1,1I_H,1I,MW793688,10543,103.5759898,2019,Myanmar: Yangon,Myanmar,MW793688,2019
21,MW793689.1|2018-07,1I_H.1,1I_H,1I,MW793689,10543,103.5759898,2018,Myanmar: Yangon,Myanmar,MW793689,2018
22,MW793690.1|2019-03,1I_H.1,1I_H,1I,MW793690,10543,103.5759898,2019,Myanmar: Yangon,Myanmar,MW793690,2019
23,MW793691.1|2019-09,1I_H.1,1I_H,1I,MW793691,10543,103.5759898,2019,Myanmar: Yangon,Myanmar,MW793691,2019
24,MW793692.1|2019-10,1I_H.1,1I_H,1I,MW793692,10543,103.5759898,2019,Myanmar: Yangon,Myanmar,MW793692,2019
25,MW793693.1|2018-06,1I_H.1,1I_H,1I,MW793693,10543,103.5759898,2018,Myanmar: Yangon,Myanmar,MW793693,2018
26,MW793694.1|2018-07,1I_H.1,1I_H,1I,MW793694,10543,103.5759898,2018,Myanmar: Yangon,Myanmar,MW793694,2018
27,MW793695.1|2018-08,1I_H.1,1I_H,1I,MW793695,10543,103.5759898,2018,Myanmar: Yangon,Myanmar,MW793695,2018
28,MW793696.1|2017-09,1I_H.1,1I_H,1I,MW793696,10543,103.5759898,2017,Myanmar: Yangon,Myanmar,MW793696,2017
29,MW793697.1|2017-06,1I_H.1,1I_H,1I,MW793697,10543,103.5759898,2017,Myanmar: Yangon,Myanmar,MW793697,2017
30,MW793698.1|2019-06,1I_H.1,1I_H,1I,MW793698,10543,103.5759898,2019,Myanmar: Yangon,Myanmar,MW793698,2019
31,MW793699.1|2018-12,1I_H.1,1I_H,1I,MW793699,10543,103.5759898,2018,Myanmar: Yangon,Myanmar,MW793699,2018
32,MW793700.1|2018-08,1I_H.1,1I_H,1I,MW793700,10543,103.5759898,2018,Myanmar: Yangon,Myanmar,MW793700,2018
33,MW793701.1|2018-07,1I_H.1,1I_H,1I,MW793701,10543,103.5759898,2018,Myanmar: Yangon,Myanmar,MW793701,2018
34,MW793702.1|2018-10,1I_H.1,1I_H,1I,MW793702,10543,103.5759898,2018,Myanmar: Yangon,Myanmar,MW793702,2018
35,MW793703.1|2019-07,1I_H.1,1I_H,1I,MW793703,10543,103.5759898,2019,Myanmar: Yangon,Myanmar,MW793703,2019
36,MW793704.1|2018-11,1I_H.1,1I_H,1I,MW793704,10543,103.5759898,2018,Myanmar: Yangon,Myanmar,MW793704,2018
37,MW793705.1|2019-05,1I_H.1,1I_H,1I,MW793705,10543,103.5759898,2019,Myanmar: Yangon,Myanmar,MW793705,2019
38,MW793706.1|2019-04,1I_H.1,1I_H,1I,MW793706,10543,103.5759898,2019,Myanmar: Yangon,Myanmar,MW793706,2019
39,MW793707.1|2017-06,1I_H.1,1I_H,1I,MW793707,10543,103.5759898,2017,Myanmar: Yangon,Myanmar,MW793707,2017
40,MW793708.1|2017-07,1I_H.1,1I_H,1I,MW793708,10543,103.5759898,2017,Myanmar: Yangon,Myanmar,MW793708,2017
41,MW793709.1|2018-07,1I_J,1I_J,1I,MW793709,10543,103.5759898,2018,Myanmar: Yangon,Myanmar,MW793709,2018
42,MW793710.1|2019-11,1I_K.1.1,1I_K,1I,MW793710,10543,103.5759898,2019,Myanmar: Yangon,Myanmar,MW793710,2019
43,OK448162.1|2019-09,1I_E.1,1I_E,1I,OK448162,10738,105.4916986,2019,China: Zhejiang Whenzhou,China,OK448162,2019
44,OL752439.1|2020-06-29,1I_K.2,1I_K,1I,OL752439,8321,81.74673347,2020,Sri Lanka,Sri Lanka,OL752439,2020
45,OL587817.1|2020-09-16,1III_A.4,1III_A,1III,OL587817,8320,81.73690932,2020,Sri Lanka,Sri Lanka,OL587817,2020
46,MZ857203.1|2010,1I_H,1I_H,1I,MZ857203,10179,100,2010,Gambia,Gambia,MZ857203,2010
47,MZ857205.1|2013,1VII_A,1VII_A,1VII,MZ857205,10179,100,2013,Angola,Angola,MZ857205,2013
48,MZ857206.1|2013,1I_B,1I_B,1I,MZ857206,10179,100,2013,Kenya,Kenya,MZ857206,2013
49,MZ857216.1|2015,1III_A,1III_A,1III,MZ857216,10179,100,2015,Eritrea,Eritrea,MZ857216,2015
50,MZ857223.1|2006,1I_B,1I_B,1I,MZ857223,10179,100,2006,Indonesia,Indonesia,MZ857223,2006
51,MZ857224.1|1990-05-23,1I_B,1I_B,1I,MZ857224,10179,100,1990,Thailand,Thailand,MZ857224,1990
52,MZ857227.1|1992-02-12,1I_B,1I_B,1I,MZ857227,10179,100,1992,Thailand,Thailand,MZ857227,1992
53,OK040059.1|2016,1III_A,1III_A,1III,OK040059,10161,99.82316534,2016,Kenya,Kenya,OK040059,2016
54,OK040060.1|2011,1I_B,1I_B,1I,OK040060,10173,99.94105511,2011,Somalia,Somalia,OK040060,2011
55,OL411495.1|2020-07,1I_K.1.1,1I_K,1I,OL411495,10682,104.9415463,2020,Cambodia,Cambodia,OL411495,2020
56,OL411496.1|2019-07,1I_E.1,1I_E,1I,OL411496,10687,104.9906671,2019,Cambodia,Cambodia,OL411496,2019
57,OL411497.1|2020-03,1I_E.1,1I_E,1I,OL411497,10700,105.118381,2020,Cambodia,Cambodia,OL411497,2020
58,OL411498.1|2019-08,1I_E.1,1I_E,1I,OL411498,10622,104.3520975,2019,Cambodia,Cambodia,OL411498,2019
59,OL411499.1|2019-07,1I_E.1,1I_E,1I,OL411499,10680,104.921898,2019,Cambodia,Cambodia,OL411499,2019
60,OL412140.1|2019-08,1I_E.1,1I_E,1I,OL412140,10690,105.0201395,2019,Cambodia,Cambodia,OL412140,2019
61,OL412678.1|2019-07,1I_E.1,1I_E,1I,OL412678,10685,104.9710188,2019,Cambodia,Cambodia,OL412678,2019
62,OL412703.1|2019-07,1I_E.1,1I_E,1I,OL412703,10680,104.921898,2019,Cambodia,Cambodia,OL412703,2019
63,MW165877.1|2005-11,1I_K,1I_K,1I,MW165877,10705,105.1675017,2005,Thailand,Thailand,MW165877,2005
64,OK562728.1|2019-09-26,1I_K.1.1,1I_K,1I,OK562728,10739,105.5015227,2019,China,China,OK562728,2019
65,OK562731.1|2014-09-26,1III_A,1III_A,1III,OK562731,10581,103.9493074,2014,China,China,OK562731,2014
66,OK562744.1|2019-09-26,1I_K.1.1,1I_K,1I,OK562744,10731,105.4229296,2019,China,China,OK562744,2019
67,OK534154.1|2019-09-26,1I_K.1.1,1I_K,1I,OK534154,10734,105.452402,2019,China,China,OK534154,2019
68,MZ619036.1|2019-11-16,1I_K.1.1,1I_K,1I,MZ619036,10725,105.3639847,2019,Thailand: Bangkok,Thailand,MZ619036,2019
69,MZ619037.1|2019-11-19,1I_K.1.1,1I_K,1I,MZ619037,10725,105.3639847,2019,Thailand: Bangkok,Thailand,MZ619037,2019
70,MZ619038.1|2019-11-27,1I_K.1.1,1I_K,1I,MZ619038,10725,105.3639847,2019,Thailand: Bangkok,Thailand,MZ619038,2019
71,MZ619039.1|2019-11-29,1I_K.1.1,1I_K,1I,MZ619039,10725,105.3639847,2019,Thailand: Bangkok,Thailand,MZ619039,2019
72,MZ619040.1|2019-12-23,1I_K.1.1,1I_K,1I,MZ619040,10725,105.3639847,2019,Thailand: Bangkok,Thailand,MZ619040,2019
73,MZ619041.1|2019-12-28,1I_K.1.1,1I_K,1I,MZ619041,10725,105.3639847,2019,Thailand: Bangkok,Thailand,MZ619041,2019
74,MZ229304.1|2016-08-10,1III_A.3,1III_A,1III,MZ229304,10519,103.3402102,2016,India,India,MZ229304,2016
75,MZ229305.1|2016-09-10,1III_A.3,1III_A,1III,MZ229305,10714,105.255919,2016,India,India,MZ229305,2016
76,MZ312922.1|2018-08-21,1III_A.4,1III_A,1III,MZ312922,10431,102.4756852,2018,India,India,MZ312922,2018
77,MZ312923.1|2018-08-27,1III_A,1III_A,1III,MZ312923,10713,105.2460949,2018,India,India,MZ312923,2018
78,MZ312924.1|2018-08-28,1III_A,1III_A,1III,MZ312924,10713,105.2460949,2018,India,India,MZ312924,2018
79,MZ312925.1|2018-09-05,1III_A,1III_A,1III,MZ312925,10482,102.9767168,2018,India,India,MZ312925,2018
80,MZ312926.1|2018-09-17,1III_A,1III_A,1III,MZ312926,10713,105.2460949,2018,India,India,MZ312926,2018
81,MZ312927.1|2018-09-28,1III_A,1III_A,1III,MZ312927,10713,105.2460949,2018,India,India,MZ312927,2018
82,MZ312928.1|2018-10-25,1III_A,1III_A,1III,MZ312928,10412,102.2890264,2018,India,India,MZ312928,2018
83,MZ312929.1|2018-10-25,1III_A,1III_A,1III,MZ312929,10427,102.4363886,2018,India,India,MZ312929,2018
84,MZ312930.1|2018-10-26,1III_A,1III_A,1III,MZ312930,10620,104.3324492,2018,India,India,MZ312930,2018
85,OK159935.1|2019-08,1I_E.1,1I_E,1I,OK159935,10641,104.5387563,2019,Cambodia,Cambodia,OK159935,2019
86,OK159936.1|2019-07,1I_E.1,1I_E,1I,OK159936,10641,104.5387563,2019,Cambodia,Cambodia,OK159936,2019
87,OK159937.1|2019-07,1I_E.1,1I_E,1I,OK159937,10677,104.8924256,2019,Cambodia,Cambodia,OK159937,2019
88,OK159938.1|2019-07,1I_E.1,1I_E,1I,OK159938,10693,105.0496119,2019,Cambodia,Cambodia,OK159938,2019
89,OK159939.1|2019-07,1I_E.1,1I_E,1I,OK159939,10706,105.1773259,2019,Cambodia,Cambodia,OK159939,2019
90,OK159940.1|2019-07,1I_E.1,1I_E,1I,OK159940,10668,104.8040083,2019,Cambodia,Cambodia,OK159940,2019
91,OK159941.1|2019-06,1I_E.1,1I_E,1I,OK159941,10706,105.1773259,2019,Cambodia,Cambodia,OK159941,2019
92,OK159942.1|2019-06,1I_E.1,1I_E,1I,OK159942,10641,104.5387563,2019,Cambodia,Cambodia,OK159942,2019
93,OK159943.1|2019-05,1I_E.1,1I_E,1I,OK159943,10689,105.0103154,2019,Cambodia,Cambodia,OK159943,2019
94,OK159944.1|2019-04,1I_E.1,1I_E,1I,OK159944,10677,104.8924256,2019,Cambodia,Cambodia,OK159944,2019
95,OK159945.1|2019-05,1I_E.1,1I_E,1I,OK159945,10684,104.9611946,2019,Cambodia,Cambodia,OK159945,2019
96,OK159946.1|2019-08,1I_K.1.1,1I_K,1I,OK159946,10707,105.18715,2019,Cambodia,Cambodia,OK159946,2019
97,OK159947.1|2019-08,1I_E.1,1I_E,1I,OK159947,10179,100,2019,Cambodia,Cambodia,OK159947,2019
98,OK159948.1|2019-08,1I_E.1,1I_E,1I,OK159948,10641,104.5387563,2019,Cambodia,Cambodia,OK159948,2019
99,OK159949.1|2019-08,1I_E.1,1I_E,1I,OK159949,10677,104.8924256,2019,Cambodia,Cambodia,OK159949,2019
100,OK159950.1|2019-08,1I_E.1,1I_E,1I,OK159950,10688,105.0004912,2019,Cambodia,Cambodia,OK159950,2019
101,OK159951.1|2019-08,1I_E.1,1I_E,1I,OK159951,10678,104.9022497,2019,Cambodia,Cambodia,OK159951,2019
102,OK159952.1|2019-08,1I_E.1,1I_E,1I,OK159952,10706,105.1773259,2019,Cambodia,Cambodia,OK159952,2019
103,OK159953.1|2019-08,1I_E.1,1I_E,1I,OK159953,10648,104.6075253,2019,Cambodia,Cambodia,OK159953,2019
104,OK159954.1|2019-08,1I_E.1,1I_E,1I,OK159954,10179,100,2019,Cambodia,Cambodia,OK159954,2019
105,OK159955.1|2019-08,1I_E.1,1I_E,1I,OK159955,10680,104.921898,2019,Cambodia,Cambodia,OK159955,2019
106,OK159956.1|2019-07,1I_E.1,1I_E,1I,OK159956,10693,105.0496119,2019,Cambodia,Cambodia,OK159956,2019
107,OK159957.1|2019-07,1I_K.1.1,1I_K,1I,OK159957,10647,104.5977011,2019,Cambodia,Cambodia,OK159957,2019
108,OK159958.1|2019-07,1I_E.1,1I_E,1I,OK159958,10680,104.921898,2019,Cambodia,Cambodia,OK159958,2019
109,OK159959.1|2019-07,1I_E.1,1I_E,1I,OK159959,10647,104.5977011,2019,Cambodia,Cambodia,OK159959,2019
110,OK159960.1|2020-02,1I_E.1,1I_E,1I,OK159960,10641,104.5387563,2020,Cambodia,Cambodia,OK159960,2020
111,OK159961.1|2020-02,1I_E.1,1I_E,1I,OK159961,10646,104.587877,2020,Cambodia,Cambodia,OK159961,2020
112,OK159962.1|2019-08,1I_E.1,1I_E,1I,OK159962,10698,105.0987327,2019,Cambodia,Cambodia,OK159962,2019
113,OK159963.1|2019-07,1I_E.1,1I_E,1I,OK159963,10646,104.587877,2019,Cambodia,Cambodia,OK159963,2019
114,OK159964.1|2019-08,1I_E.1,1I_E,1I,OK159964,10179,100,2019,Cambodia,Cambodia,OK159964,2019
115,OK159965.1|2019-06,1I_E.1,1I_E,1I,OK159965,10698,105.0987327,2019,Cambodia,Cambodia,OK159965,2019
116,OK159966.1|2019-07,1I_E.1,1I_E,1I,OK159966,10641,104.5387563,2019,Cambodia,Cambodia,OK159966,2019
117,OK159967.1|2019-07,1I_E.1,1I_E,1I,OK159967,10641,104.5387563,2019,Cambodia,Cambodia,OK159967,2019
118,OK159968.1|2019-03,1I_K.1.1,1I_K,1I,OK159968,10686,104.9808429,2019,Cambodia,Cambodia,OK159968,2019
119,OK159969.1|2019-07,1I_E.1,1I_E,1I,OK159969,10647,104.5977011,2019,Cambodia,Cambodia,OK159969,2019
120,OK159970.1|2019-08,1I_E.1,1I_E,1I,OK159970,10179,100,2019,Cambodia,Cambodia,OK159970,2019
121,OK159971.1|2019-08,1I_E.1,1I_E,1I,OK159971,10647,104.5977011,2019,Cambodia,Cambodia,OK159971,2019
122,OK159972.1|2019-08,1I_E.1,1I_E,1I,OK159972,10641,104.5387563,2019,Cambodia,Cambodia,OK159972,2019
123,OK159973.1|2019-08,1I_E.1,1I_E,1I,OK159973,10648,104.6075253,2019,Cambodia,Cambodia,OK159973,2019
124,OK159974.1|2019-08,1I_E.1,1I_E,1I,OK159974,10179,100,2019,Cambodia,Cambodia,OK159974,2019
125,OK159975.1|2019-07,1I_E.1,1I_E,1I,OK159975,10698,105.0987327,2019,Cambodia,Cambodia,OK159975,2019
126,OK159976.1|2019-07,1I_E.1,1I_E,1I,OK159976,10179,100,2019,Cambodia,Cambodia,OK159976,2019
127,MN428889.1|2019-06,1I_E.1,1I_E,1I,MN428889,10679,104.9120739,2019,China,China,MN428889,2019
128,MZ945530.1|2020-11-18,1V_D.1,1V_D,1V,MZ945530,10389,102.063071,2020,USA: Texas,USA,MZ945530,2020
129,MZ773407.1|2019-09,1V_D.1,1V_D,1V,MZ773407,10669,104.8138324,2019,Colombia,Colombia,MZ773407,2019
130,LC646544.1|2019-09-18,1I_E.1,1I_E,1I,LC646544,10706,105.1773259,2019,China: Sichuan,China,LC646544,2019
131,MW315172.1|2013-04-21,1I_E,1I_E,1I,MW315172,10735,105.4622262,2013,New Caledonia,New Caledonia,MW315172,2013
132,MW315173.1|2014-05-17,1I_E,1I_E,1I,MW315173,10728,105.3934571,2014,New Caledonia,New Caledonia,MW315173,2014
133,MW315174.1|2014-06-14,1I_E,1I_E,1I,MW315174,10719,105.3050398,2014,New Caledonia,New Caledonia,MW315174,2014
134,MW315175.1|2016-02-01,1I_E.2,1I_E,1I,MW315175,10741,105.521171,2016,New Caledonia,New Caledonia,MW315175,2016
135,MW315176.1|2016-03-14,1I_E.2,1I_E,1I,MW315176,10735,105.4622262,2016,New Caledonia,New Caledonia,MW315176,2016
136,MW315177.1|2016-04-18,1I_E.2,1I_E,1I,MW315177,10735,105.4622262,2016,New Caledonia,New Caledonia,MW315177,2016
137,MW315178.1|2016-05-23,1I_E.2,1I_E,1I,MW315178,10734,105.452402,2016,New Caledonia,New Caledonia,MW315178,2016
138,MW315179.1|2016-06-06,1I_E.2,1I_E,1I,MW315179,10692,105.0397878,2016,New Caledonia,New Caledonia,MW315179,2016
139,MW315180.1|2016-07-12,1I_E.2,1I_E,1I,MW315180,10719,105.3050398,2016,New Caledonia,New Caledonia,MW315180,2016
140,MW315181.1|2016-09-21,1I_E.2,1I_E,1I,MW315181,10745,105.5604676,2016,New Caledonia,New Caledonia,MW315181,2016
141,MW315182.1|2017-03-10,1I_E.2,1I_E,1I,MW315182,10734,105.452402,2017,New Caledonia,New Caledonia,MW315182,2017
142,MW315183.1|2017-03-30,1I_E.2,1I_E,1I,MW315183,10735,105.4622262,2017,New Caledonia,New Caledonia,MW315183,2017
143,MW315184.1|2017-04-12,1I_E.2,1I_E,1I,MW315184,10657,104.6959426,2017,New Caledonia,New Caledonia,MW315184,2017
144,MW315185.1|2017-03-20,1I_E.2,1I_E,1I,MW315185,10735,105.4622262,2017,New Caledonia,New Caledonia,MW315185,2017
145,MW315186.1|2017-03-08,1I_E.2,1I_E,1I,MW315186,10723,105.3443364,2017,New Caledonia,New Caledonia,MW315186,2017
146,MW315187.1|2017-03-17,1I_E.2,1I_E,1I,MW315187,10700,105.118381,2017,New Caledonia,New Caledonia,MW315187,2017
147,MW315188.1|2017-03-17,1I_E.2,1I_E,1I,MW315188,10735,105.4622262,2017,New Caledonia,New Caledonia,MW315188,2017
148,MW315189.1|2017-03-07,1I_E.2,1I_E,1I,MW315189,10735,105.4622262,2017,New Caledonia,New Caledonia,MW315189,2017
149,MW315190.1|2017-03-29,1I_E.2,1I_E,1I,MW315190,10635,104.4798114,2017,New Caledonia,New Caledonia,MW315190,2017
150,MW315191.1|2017-03-24,1I_E.2,1I_E,1I,MW315191,10735,105.4622262,2017,New Caledonia,New Caledonia,MW315191,2017
151,MW315192.1|2017-02-17,1I_E.2,1I_E,1I,MW315192,10695,105.0692602,2017,New Caledonia,New Caledonia,MW315192,2017
152,MW315193.1|2017-03-11,1I_E.2,1I_E,1I,MW315193,10616,104.2931526,2017,New Caledonia,New Caledonia,MW315193,2017
153,MW315194.1|2017-05-18,1I_E.2,1I_E,1I,MW315194,10745,105.5604676,2017,New Caledonia,New Caledonia,MW315194,2017
154,MW315195.1|2017-06-05,1I_E.2,1I_E,1I,MW315195,10734,105.452402,2017,New Caledonia,New Caledonia,MW315195,2017
155,MW265664.1|2016-04-06,1I_E.4,1I_E,1I,MW265664,10678,104.9022497,2016,Cambodia: Mondulkiri,Cambodia,MW265664,2016
156,MW265665.1|2016-08-07,1I_E.4,1I_E,1I,MW265665,10627,104.4012182,2016,Cambodia: Tbaung Khmom,Cambodia,MW265665,2016
157,MW265666.1|2016-08-22,1I_E.4,1I_E,1I,MW265666,10674,104.8629531,2016,Cambodia: Kampong Cham,Cambodia,MW265666,2016
158,MW265667.1|2016-02-09,1I_E,1I_E,1I,MW265667,10605,104.1850869,2016,Cambodia: Seam Reap,Cambodia,MW265667,2016
159,MW265668.1|2011-05-23,1I_E,1I_E,1I,MW265668,10235,100.5501523,2011,Cambodia: Battambong,Cambodia,MW265668,2011
160,MW265669.1|2011-02-06,1I_E,1I_E,1I,MW265669,10468,102.8391787,2011,Cambodia: Prey Veng,Cambodia,MW265669,2011
161,MW265670.1|2012-01-19,1I_E,1I_E,1I,MW265670,10627,104.4012182,2012,Cambodia: Phnom Penh,Cambodia,MW265670,2012
162,MW265671.1|2012-04-29,1I_E,1I_E,1I,MW265671,10675,104.8727773,2012,Cambodia: Battambong,Cambodia,MW265671,2012
163,MW265672.1|2013-01-28,1I_E,1I_E,1I,MW265672,10230,100.5010315,2013,Cambodia: Phnom Penh,Cambodia,MW265672,2013
164,MW265673.1|2014-05-22,1I_E,1I_E,1I,MW265673,10617,104.3029767,2014,Cambodia: Phnom Penh,Cambodia,MW265673,2014
165,MW265674.1|2014-06-25,1I_E,1I_E,1I,MW265674,10442,102.5837509,2014,Cambodia: Takeo,Cambodia,MW265674,2014
166,MW265675.1|2014-08-07,1I_E,1I_E,1I,MW265675,10606,104.1949111,2014,Cambodia: Kampong Speu,Cambodia,MW265675,2014
167,MW265676.1|2014-11-25,1I_E.4,1I_E,1I,MW265676,10587,104.0082523,2014,Cambodia: Phnom Penh,Cambodia,MW265676,2014
168,MW265677.1|2015-06-19,1I_E,1I_E,1I,MW265677,10562,103.7626486,2015,Cambodia: Battambong,Cambodia,MW265677,2015
169,MW265678.1|2015-09-28,1I_E,1I_E,1I,MW265678,10432,102.4855094,2015,Cambodia: Kampong Cham,Cambodia,MW265678,2015
170,MW265679.1|2015-10-06,1I_E.1,1I_E,1I,MW265679,10604,104.1752628,2015,Cambodia: Kampong Cham,Cambodia,MW265679,2015
171,MW265682.1|2009-01-05,1IV_A,1IV_A,1IV,MW265682,10547,103.6152864,2009,New Caledonia,New Caledonia,MW265682,2009
172,MW265683.1|2009-01-06,1IV_A,1IV_A,1IV,MW265683,10605,104.1850869,2009,New Caledonia,New Caledonia,MW265683,2009
173,MW265684.1|2009-01-08,1IV_A,1IV_A,1IV,MW265684,10553,103.6742313,2009,New Caledonia,New Caledonia,MW265684,2009
174,MW265685.1|2009-05-30,1IV_A,1IV_A,1IV,MW265685,10622,104.3520975,2009,New Caledonia,New Caledonia,MW265685,2009
175,MW265686.1|2010-08-08,1IV_A,1IV_A,1IV,MW265686,10639,104.519108,2010,New Caledonia,New Caledonia,MW265686,2010
176,MW265687.1|2012-02-17,1I_E,1I_E,1I,MW265687,10474,102.8981236,2012,New Caledonia,New Caledonia,MW265687,2012
177,MW265688.1|2012-02-17,1IV_A,1IV_A,1IV,MW265688,10584,103.9787798,2012,New Caledonia,New Caledonia,MW265688,2012
178,MW265689.1|2012-03-13,1I_E,1I_E,1I,MW265689,10611,104.2440318,2012,New Caledonia,New Caledonia,MW265689,2012
179,MW265690.1|2012-03-27,1I_E,1I_E,1I,MW265690,10180,100.0098241,2012,New Caledonia,New Caledonia,MW265690,2012
180,MW265691.1|2012-04-24,1IV_A,1IV_A,1IV,MW265691,10550,103.6447588,2012,New Caledonia,New Caledonia,MW265691,2012
181,MW265692.1|2012-04-26,1I_E,1I_E,1I,MW265692,10618,104.3128009,2012,New Caledonia,New Caledonia,MW265692,2012
182,MW265693.1|2012-04-28,1IV_A,1IV_A,1IV,MW265693,10268,100.8743492,2012,New Caledonia,New Caledonia,MW265693,2012
183,MW265694.1|2012-05-16,1I_E,1I_E,1I,MW265694,10603,104.1654386,2012,New Caledonia,New Caledonia,MW265694,2012
184,MW265695.1|2012-10-25,1I_E,1I_E,1I,MW265695,10632,104.4503389,2012,New Caledonia,New Caledonia,MW265695,2012
185,MW265696.1|2013-03-12,1I_E,1I_E,1I,MW265696,10637,104.4994597,2013,New Caledonia,New Caledonia,MW265696,2013
186,MW265697.1|2013-03-13,1I_E,1I_E,1I,MW265697,10626,104.391394,2013,New Caledonia,New Caledonia,MW265697,2013
187,MW265698.1|2013-03-13,1I_E,1I_E,1I,MW265698,10603,104.1654386,2013,New Caledonia,New Caledonia,MW265698,2013
188,MW265699.1|2013-08-22,1I_E,1I_E,1I,MW265699,10446,102.6230475,2013,New Caledonia,New Caledonia,MW265699,2013
189,MW265700.1|2014-02-04,1I_E,1I_E,1I,MW265700,10618,104.3128009,2014,New Caledonia,New Caledonia,MW265700,2014
190,MW265701.1|2014-02-17,1I_E,1I_E,1I,MW265701,10631,104.4405148,2014,New Caledonia,New Caledonia,MW265701,2014
191,MW265702.1|2014-02-21,1I_E,1I_E,1I,MW265702,10608,104.2145594,2014,New Caledonia,New Caledonia,MW265702,2014
192,MW265703.1|2014-04-01,1I_E,1I_E,1I,MW265703,10608,104.2145594,2014,New Caledonia,New Caledonia,MW265703,2014
193,MW265704.1|2014-05-14,1I_E,1I_E,1I,MW265704,10613,104.2636801,2014,New Caledonia,New Caledonia,MW265704,2014
194,MW265705.1|2014-05-20,1I_E,1I_E,1I,MW265705,10581,103.9493074,2014,New Caledonia,New Caledonia,MW265705,2014
195,MW265706.1|2014-05-20,1I_E,1I_E,1I,MW265706,10614,104.2735043,2014,New Caledonia,New Caledonia,MW265706,2014
196,MW265707.1|2014-07-07,1I_E,1I_E,1I,MW265707,10618,104.3128009,2014,New Caledonia,New Caledonia,MW265707,2014
197,MW265708.1|2014-08-01,1I_E,1I_E,1I,MW265708,10608,104.2145594,2014,New Caledonia,New Caledonia,MW265708,2014
198,MW265709.1|2016-04-11,1I_E.2,1I_E,1I,MW265709,10627,104.4012182,2016,New Caledonia,New Caledonia,MW265709,2016
199,MW265710.1|2016-04-27,1I_E.2,1I_E,1I,MW265710,10450,102.662344,2016,New Caledonia,New Caledonia,MW265710,2016
200,MW265711.1|2016-05-09,1I_E.2,1I_E,1I,MW265711,10608,104.2145594,2016,New Caledonia,New Caledonia,MW265711,2016
201,MW265712.1|2017-02-03,1I_E.2,1I_E,1I,MW265712,10632,104.4503389,2017,New Caledonia,New Caledonia,MW265712,2017
202,MW265713.1|2017-02-17,1I_E.2,1I_E,1I,MW265713,10652,104.6468219,2017,New Caledonia,New Caledonia,MW265713,2017
203,MW265714.1|2017-03-17,1I_E.2,1I_E,1I,MW265714,10618,104.3128009,2017,New Caledonia,New Caledonia,MW265714,2017
204,MW191720.1|2016-08,1III_A,1III_A,1III,MW191720,10533,103.4777483,2016,India,India,MW191720,2016
205,MW191721.1|2016-08,1III_A,1III_A,1III,MW191721,10533,103.4777483,2016,India,India,MW191721,2016
206,MW191722.1|2016-08,1III_A,1III_A,1III,MW191722,10578,103.919835,2016,India,India,MW191722,2016
207,MW191723.1|2016-07,1III_A,1III_A,1III,MW191723,10533,103.4777483,2016,India,India,MW191723,2016
208,MW191724.1|2017-08,1III_A,1III_A,1III,MW191724,10533,103.4777483,2017,India,India,MW191724,2017
209,MW191725.1|2017-09,1III_A,1III_A,1III,MW191725,10533,103.4777483,2017,India,India,MW191725,2017
210,MZ343259.1|2015-11,1V_B,1V_B,1V,MZ343259,10613,104.2636801,2015,Mexico,Mexico,MZ343259,2015
211,MZ291446.1|2020-08,1I_K.2,1I_K,1I,MZ291446,10617,104.3029767,2020,Italy,Italy,MZ291446,2020
212,MZ008438.1|2013,1V_C,1V_C,1V,MZ008438,10477,102.927596,2013,Nicaragua,Nicaragua,MZ008438,2013
213,MZ008439.1|2013,1V_B,1V_B,1V,MZ008439,10731,105.4229296,2013,Nicaragua,Nicaragua,MZ008439,2013
214,MZ008440.1|2013,1V_C,1V_C,1V,MZ008440,10628,104.4110423,2013,Nicaragua,Nicaragua,MZ008440,2013
215,MZ008441.1|2013,1V_C,1V_C,1V,MZ008441,10729,105.4032813,2013,Nicaragua,Nicaragua,MZ008441,2013
216,MZ008442.1|2013,1V_B,1V_B,1V,MZ008442,10731,105.4229296,2013,Nicaragua,Nicaragua,MZ008442,2013
217,MZ008443.1|2013,1V_B,1V_B,1V,MZ008443,10731,105.4229296,2013,Nicaragua,Nicaragua,MZ008443,2013
218,MZ008444.1|2013,1V_C,1V_C,1V,MZ008444,10731,105.4229296,2013,Nicaragua,Nicaragua,MZ008444,2013
219,MZ008445.1|2013,1V_B,1V_B,1V,MZ008445,10679,104.9120739,2013,Nicaragua,Nicaragua,MZ008445,2013
220,MZ008446.1|2013,1V_C,1V_C,1V,MZ008446,10721,105.3246881,2013,Nicaragua,Nicaragua,MZ008446,2013
221,MZ008447.1|2013,1V_B,1V_B,1V,MZ008447,10697,105.0889085,2013,Nicaragua,Nicaragua,MZ008447,2013
222,MZ008448.1|2013,1V_B,1V_B,1V,MZ008448,10732,105.4327537,2013,Nicaragua,Nicaragua,MZ008448,2013
223,MZ008449.1|2013,1V_B,1V_B,1V,MZ008449,10693,105.0496119,2013,Nicaragua,Nicaragua,MZ008449,2013
224,MZ008450.1|2013,1V_B,1V_B,1V,MZ008450,10615,104.2833284,2013,Nicaragua,Nicaragua,MZ008450,2013
225,MZ008451.1|2013,1V_B,1V_B,1V,MZ008451,10689,105.0103154,2013,Nicaragua,Nicaragua,MZ008451,2013
226,MZ008452.1|2014,1V_B,1V_B,1V,MZ008452,10678,104.9022497,2014,Nicaragua,Nicaragua,MZ008452,2014
227,MZ008453.1|2013,1V_C,1V_C,1V,MZ008453,10630,104.4306906,2013,Nicaragua,Nicaragua,MZ008453,2013
228,MW945425.1|2008,1I_C,1I_C,1I,MW945425,10179,100,2008,Viet Nam,Viet Nam,MW945425,2008
229,MW945426.1|2006,1V_E,1V_E,1V,MW945426,10179,100,2006,Puerto Rico,USA,MW945426,2006
230,MW945772.1|1998,1I,1I,1I,MW945772,10179,100,1998,Thailand,Thailand,MW945772,1998
231,MW945773.1|2001,1I_A,1I_A,1I,MW945773,10179,100,2001,Thailand,Thailand,MW945773,2001
232,MW945774.1|2006,1I_K,1I_K,1I,MW945774,10179,100,2006,Thailand,Thailand,MW945774,2006
233,MW945775.1|2006,1I_H.1,1I_H,1I,MW945775,10179,100,2006,Thailand,Thailand,MW945775,2006
234,MW945776.1|1997,1I,1I,1I,MW945776,10179,100,1997,Thailand,Thailand,MW945776,1997
235,MW945777.1|1996,1I,1I,1I,MW945777,10179,100,1996,Thailand,Thailand,MW945777,1996
236,MW945778.1|2004,1I_H,1I_H,1I,MW945778,10179,100,2004,Thailand,Thailand,MW945778,2004
237,MW945779.1|1995,1I_B,1I_B,1I,MW945779,10179,100,1995,Thailand,Thailand,MW945779,1995
238,MW945780.1|2002,1I_H,1I_H,1I,MW945780,10179,100,2002,Thailand,Thailand,MW945780,2002
239,MW945781.1|1994,1I_B,1I_B,1I,MW945781,10179,100,1994,Thailand,Thailand,MW945781,1994
240,MW945782.1|2000,1I_J,1I_J,1I,MW945782,10179,100,2000,Thailand,Thailand,MW945782,2000
241,MW945783.1|1994,1I,1I,1I,MW945783,10179,100,1994,Thailand,Thailand,MW945783,1994
242,MW945784.1|2006,1I_H.1,1I_H,1I,MW945784,10179,100,2006,Thailand,Thailand,MW945784,2006
243,MW945785.1|2010,1I_H.1,1I_H,1I,MW945785,10179,100,2010,Thailand,Thailand,MW945785,2010
244,MW945786.1|2006,1I_J,1I_J,1I,MW945786,10179,100,2006,Thailand,Thailand,MW945786,2006
245,MW945787.1|2003,1I_H,1I_H,1I,MW945787,10179,100,2003,Thailand,Thailand,MW945787,2003
246,MW945788.1|2001,1I_J,1I_J,1I,MW945788,10179,100,2001,Thailand,Thailand,MW945788,2001
247,MW945789.1|2006,1I_H,1I_H,1I,MW945789,10179,100,2006,Thailand,Thailand,MW945789,2006
248,MW945790.1|1996,1I,1I,1I,MW945790,10179,100,1996,Thailand,Thailand,MW945790,1996
249,MW945791.1|1999,1I_F,1I_F,1I,MW945791,10179,100,1999,Thailand,Thailand,MW945791,1999
250,MW945792.1|2003,1I_H,1I_H,1I,MW945792,10179,100,2003,Thailand,Thailand,MW945792,2003
251,MW945793.1|1994,1I_B,1I_B,1I,MW945793,10179,100,1994,Thailand,Thailand,MW945793,1994
252,MW945794.1|1997,1I,1I,1I,MW945794,10179,100,1997,Thailand,Thailand,MW945794,1997
253,MW945795.1|1997,1I,1I,1I,MW945795,10179,100,1997,Thailand,Thailand,MW945795,1997
254,MW945796.1|1996,1I,1I,1I,MW945796,10179,100,1996,Thailand,Thailand,MW945796,1996
255,MW945797.1|2006,1I_K,1I_K,1I,MW945797,10179,100,2006,Thailand,Thailand,MW945797,2006
256,MW945798.1|1999,1I_K,1I_K,1I,MW945798,10179,100,1999,Thailand,Thailand,MW945798,1999
257,MW945799.1|2013,1I_E,1I_E,1I,MW945799,10179,100,2013,Thailand,Thailand,MW945799,2013
258,MW945800.1|2004,1I_H,1I_H,1I,MW945800,10179,100,2004,Thailand,Thailand,MW945800,2004
259,MW945801.1|1998,1I_G,1I_G,1I,MW945801,10179,100,1998,Thailand,Thailand,MW945801,1998
260,MW945802.1|2010,1I_K,1I_K,1I,MW945802,10179,100,2010,Thailand,Thailand,MW945802,2010
261,MW945803.1|2006,1I_H.3,1I_H,1I,MW945803,10179,100,2006,Thailand,Thailand,MW945803,2006
262,MW945804.1|2006,1I_H.1,1I_H,1I,MW945804,10179,100,2006,Thailand,Thailand,MW945804,2006
263,MW945805.1|2005,1I_H,1I_H,1I,MW945805,10179,100,2005,Thailand,Thailand,MW945805,2005
264,MW945806.1|1998,1I,1I,1I,MW945806,10179,100,1998,Thailand,Thailand,MW945806,1998
265,MW945807.1|2012,1I_K,1I_K,1I,MW945807,10179,100,2012,Thailand,Thailand,MW945807,2012
266,MW945808.1|1999,1I,1I,1I,MW945808,10179,100,1999,Thailand,Thailand,MW945808,1999
267,MW945809.1|1995,1I_H,1I_H,1I,MW945809,10179,100,1995,Thailand,Thailand,MW945809,1995
268,MW945810.1|2013,1I_H.1,1I_H,1I,MW945810,10179,100,2013,Thailand,Thailand,MW945810,2013
269,MW945811.1|2005,1I_J,1I_J,1I,MW945811,10179,100,2005,Thailand,Thailand,MW945811,2005
270,MW945812.1|1999,1I,1I,1I,MW945812,10179,100,1999,Thailand,Thailand,MW945812,1999
271,MW945813.1|1997,1I,1I,1I,MW945813,10179,100,1997,Thailand,Thailand,MW945813,1997
272,MW945814.1|2014,1I_K,1I_K,1I,MW945814,10179,100,2014,Thailand,Thailand,MW945814,2014
273,MW945815.1|2005,1I_J,1I_J,1I,MW945815,10179,100,2005,Thailand,Thailand,MW945815,2005
274,MW945816.1|2010,1I_K,1I_K,1I,MW945816,10179,100,2010,Thailand,Thailand,MW945816,2010
275,MW945817.1|2012,1I_H.1,1I_H,1I,MW945817,10179,100,2012,Thailand,Thailand,MW945817,2012
276,MW945818.1|1994,1I,1I,1I,MW945818,10179,100,1994,Thailand,Thailand,MW945818,1994
277,MW945819.1|2006,1I_K.5,1I_K,1I,MW945819,10179,100,2006,Thailand,Thailand,MW945819,2006
278,MW945820.1|1995,1I_K,1I_K,1I,MW945820,10179,100,1995,Thailand,Thailand,MW945820,1995
279,MW945821.1|2001,1I,1I,1I,MW945821,10179,100,2001,Thailand,Thailand,MW945821,2001
280,MW945822.1|2000,1I,1I,1I,MW945822,10179,100,2000,Thailand,Thailand,MW945822,2000
281,MW945823.1|2006,1I_H.3,1I_H,1I,MW945823,10179,100,2006,Thailand,Thailand,MW945823,2006
282,MW945824.1|2004,1I_K,1I_K,1I,MW945824,10179,100,2004,Thailand,Thailand,MW945824,2004
283,MW945825.1|2006,1I_H,1I_H,1I,MW945825,10179,100,2006,Thailand,Thailand,MW945825,2006
284,MW945826.1|1997,1I_A,1I_A,1I,MW945826,10179,100,1997,Thailand,Thailand,MW945826,1997
285,MW945827.1|2000,1I,1I,1I,MW945827,10179,100,2000,Thailand,Thailand,MW945827,2000
286,MW945828.1|2006,1I_H,1I_H,1I,MW945828,10179,100,2006,Thailand,Thailand,MW945828,2006
287,MW945829.1|1995,1I_B,1I_B,1I,MW945829,10179,100,1995,Thailand,Thailand,MW945829,1995
288,MW945830.1|1996,1I,1I,1I,MW945830,10179,100,1996,Thailand,Thailand,MW945830,1996
289,MW945831.1|2005,1I_H,1I_H,1I,MW945831,10179,100,2005,Thailand,Thailand,MW945831,2005
290,MW945832.1|1997,1I,1I,1I,MW945832,10179,100,1997,Thailand,Thailand,MW945832,1997
291,MW945833.1|2012,1I_J,1I_J,1I,MW945833,10179,100,2012,Thailand,Thailand,MW945833,2012
292,MW945834.1|1996,1I_A,1I_A,1I,MW945834,10179,100,1996,Thailand,Thailand,MW945834,1996
293,MW945835.1|1997,1I_A,1I_A,1I,MW945835,10179,100,1997,Thailand,Thailand,MW945835,1997
294,MW945836.1|2000,1I,1I,1I,MW945836,10179,100,2000,Thailand,Thailand,MW945836,2000
295,MW945837.1|2006,1I_H,1I_H,1I,MW945837,10179,100,2006,Thailand,Thailand,MW945837,2006
296,MW945838.1|2006,1I_H,1I_H,1I,MW945838,10179,100,2006,Thailand,Thailand,MW945838,2006
297,MW945839.1|2011,1I_K.5,1I_K,1I,MW945839,10179,100,2011,Thailand,Thailand,MW945839,2011
298,MW945840.1|1994,1I_B,1I_B,1I,MW945840,10179,100,1994,Thailand,Thailand,MW945840,1994
299,MW945841.1|1995,1I_B,1I_B,1I,MW945841,10179,100,1995,Thailand,Thailand,MW945841,1995
300,MW945842.1|1998,1I,1I,1I,MW945842,10179,100,1998,Thailand,Thailand,MW945842,1998
301,MW945843.1|2006,1I_H.1,1I_H,1I,MW945843,10179,100,2006,Thailand,Thailand,MW945843,2006
302,MW945844.1|1964,1II,1II,1II,MW945844,10179,100,1964,Thailand,Thailand,MW945844,1964
303,MW945845.1|1994,1I_A,1I_A,1I,MW945845,10179,100,1994,Thailand,Thailand,MW945845,1994
304,MW945846.1|1999,1I_H,1I_H,1I,MW945846,10179,100,1999,Thailand,Thailand,MW945846,1999
305,MW945847.1|1998,1I_G,1I_G,1I,MW945847,10179,100,1998,Thailand,Thailand,MW945847,1998
306,MW945848.1|1998,1I,1I,1I,MW945848,10179,100,1998,Thailand,Thailand,MW945848,1998
307,MW945849.1|1998,1I,1I,1I,MW945849,10179,100,1998,Thailand,Thailand,MW945849,1998
308,MW945850.1|1994,1I_B,1I_B,1I,MW945850,10179,100,1994,Thailand,Thailand,MW945850,1994
309,MW945851.1|2001,1I_H,1I_H,1I,MW945851,10179,100,2001,Thailand,Thailand,MW945851,2001
310,MW945852.1|2012,1I_E,1I_E,1I,MW945852,10179,100,2012,Thailand,Thailand,MW945852,2012
311,MW945853.1|1999,1I,1I,1I,MW945853,10179,100,1999,Thailand,Thailand,MW945853,1999
312,MW945854.1|1994,1I,1I,1I,MW945854,10179,100,1994,Thailand,Thailand,MW945854,1994
313,MW945855.1|2001,1I_H,1I_H,1I,MW945855,10179,100,2001,Thailand,Thailand,MW945855,2001
314,MW945856.1|2005,1I_J,1I_J,1I,MW945856,10179,100,2005,Myanmar,Myanmar,MW945856,2005
315,MW945857.1|2006,1I_H,1I_H,1I,MW945857,10179,100,2006,Thailand,Thailand,MW945857,2006
316,MW945858.1|1997,1I,1I,1I,MW945858,10179,100,1997,Thailand,Thailand,MW945858,1997
317,MW945859.1|1995,1I_A,1I_A,1I,MW945859,10179,100,1995,Thailand,Thailand,MW945859,1995
318,MW945860.1|2013,1I_K.6,1I_K,1I,MW945860,10179,100,2013,Thailand,Thailand,MW945860,2013
319,MW945861.1|1995,1I,1I,1I,MW945861,10179,100,1995,Thailand,Thailand,MW945861,1995
320,MW945862.1|2004,1I_H,1I_H,1I,MW945862,10179,100,2004,Thailand,Thailand,MW945862,2004
321,MW945863.1|1994,1I_A,1I_A,1I,MW945863,10179,100,1994,Thailand,Thailand,MW945863,1994
322,MW945864.1|2003,1I_H,1I_H,1I,MW945864,10179,100,2003,Thailand,Thailand,MW945864,2003
323,MW945865.1|2006,1I_K,1I_K,1I,MW945865,10179,100,2006,Thailand,Thailand,MW945865,2006
324,MW945866.1|1997,1I_G,1I_G,1I,MW945866,10179,100,1997,Thailand,Thailand,MW945866,1997
325,MW945867.1|1994,1I_A,1I_A,1I,MW945867,10179,100,1994,Thailand,Thailand,MW945867,1994
326,MW945868.1|1999,1I,1I,1I,MW945868,10179,100,1999,Thailand,Thailand,MW945868,1999
327,MW945869.1|2000,1I_J,1I_J,1I,MW945869,10179,100,2000,Thailand,Thailand,MW945869,2000
328,MW945870.1|1999,1I,1I,1I,MW945870,10179,100,1999,Thailand,Thailand,MW945870,1999
329,MW945871.1|1994,1I_B,1I_B,1I,MW945871,10179,100,1994,Thailand,Thailand,MW945871,1994
330,MW945872.1|2002,1I_H,1I_H,1I,MW945872,10179,100,2002,Thailand,Thailand,MW945872,2002
331,MW945873.1|2006,1I_K,1I_K,1I,MW945873,10179,100,2006,Thailand,Thailand,MW945873,2006
332,MW945874.1|1995,1I,1I,1I,MW945874,10179,100,1995,Thailand,Thailand,MW945874,1995
333,MW945875.1|2000,1I,1I,1I,MW945875,10179,100,2000,Thailand,Thailand,MW945875,2000
334,MW945876.1|2003,1I_H,1I_H,1I,MW945876,10179,100,2003,Thailand,Thailand,MW945876,2003
335,MW945877.1|1997,1I_F,1I_F,1I,MW945877,10179,100,1997,Thailand,Thailand,MW945877,1997
336,MW945878.1|1994,1I_B,1I_B,1I,MW945878,10179,100,1994,Thailand,Thailand,MW945878,1994
337,MW945879.1|1994,1I_B,1I_B,1I,MW945879,10179,100,1994,Thailand,Thailand,MW945879,1994
338,MW945880.1|2003,1I_H,1I_H,1I,MW945880,10179,100,2003,Thailand,Thailand,MW945880,2003
339,MW945881.1|1996,1I_G,1I_G,1I,MW945881,10179,100,1996,Thailand,Thailand,MW945881,1996
340,MW945882.1|2000,1I_J,1I_J,1I,MW945882,10179,100,2000,Thailand,Thailand,MW945882,2000
341,MW945883.1|2013,1I_H.1,1I_H,1I,MW945883,10179,100,2013,Thailand,Thailand,MW945883,2013
342,MW945884.1|2012,1I_E,1I_E,1I,MW945884,10179,100,2012,Thailand,Thailand,MW945884,2012
343,MW945885.1|2004,1I_K,1I_K,1I,MW945885,10179,100,2004,Thailand,Thailand,MW945885,2004
344,MW945886.1|2004,1I_H,1I_H,1I,MW945886,10179,100,2004,Thailand,Thailand,MW945886,2004
345,MW945887.1|2007,1I_K,1I_K,1I,MW945887,10179,100,2007,Thailand,Thailand,MW945887,2007
346,MW945888.1|2011,1I_H.1,1I_H,1I,MW945888,10179,100,2011,Thailand,Thailand,MW945888,2011
347,MW945889.1|1998,1I_F,1I_F,1I,MW945889,10179,100,1998,Thailand,Thailand,MW945889,1998
348,MW945890.1|1999,1I_F,1I_F,1I,MW945890,10179,100,1999,Thailand,Thailand,MW945890,1999
349,MW945891.1|1995,1I_A,1I_A,1I,MW945891,10179,100,1995,Thailand,Thailand,MW945891,1995
350,MW945892.1|1996,1I,1I,1I,MW945892,10179,100,1996,Thailand,Thailand,MW945892,1996
351,MW945893.1|1994,1I_A,1I_A,1I,MW945893,10179,100,1994,Thailand,Thailand,MW945893,1994
352,MW945894.1|2002,1I_H,1I_H,1I,MW945894,10179,100,2002,Thailand,Thailand,MW945894,2002
353,MW945895.1|2000,1I,1I,1I,MW945895,10179,100,2000,Thailand,Thailand,MW945895,2000
354,MW945896.1|1998,1I,1I,1I,MW945896,10179,100,1998,Thailand,Thailand,MW945896,1998
355,MW945897.1|1997,1I,1I,1I,MW945897,10179,100,1997,Thailand,Thailand,MW945897,1997
356,MW945898.1|2002,1I_H,1I_H,1I,MW945898,10179,100,2002,Thailand,Thailand,MW945898,2002
357,MW945899.1|2006,1I_H.1,1I_H,1I,MW945899,10179,100,2006,Thailand,Thailand,MW945899,2006
358,MW945900.1|2000,1I_A,1I_A,1I,MW945900,10179,100,2000,Thailand,Thailand,MW945900,2000
359,MW945901.1|1995,1I_A,1I_A,1I,MW945901,10179,100,1995,Thailand,Thailand,MW945901,1995
360,MW945902.1|2006,1I_K,1I_K,1I,MW945902,10179,100,2006,Thailand,Thailand,MW945902,2006
361,MW945903.1|2006,1I_H.1,1I_H,1I,MW945903,10179,100,2006,Thailand,Thailand,MW945903,2006
362,MW945904.1|2004,1I_H,1I_H,1I,MW945904,10179,100,2004,Thailand,Thailand,MW945904,2004
363,MW945905.1|1995,1I_H,1I_H,1I,MW945905,10179,100,1995,Thailand,Thailand,MW945905,1995
364,MW945906.1|1995,1I_A,1I_A,1I,MW945906,10179,100,1995,Thailand,Thailand,MW945906,1995
365,MW945907.1|1998,1I_G,1I_G,1I,MW945907,10179,100,1998,Thailand,Thailand,MW945907,1998
366,MW945908.1|2006,1I_F,1I_F,1I,MW945908,10179,100,2006,Thailand,Thailand,MW945908,2006
367,MW945909.1|2012,1I_H.1,1I_H,1I,MW945909,10179,100,2012,Thailand,Thailand,MW945909,2012
368,MW945910.1|2006,1I_K,1I_K,1I,MW945910,10179,100,2006,Thailand,Thailand,MW945910,2006
369,MW945911.1|1998,1I,1I,1I,MW945911,10179,100,1998,Thailand,Thailand,MW945911,1998
370,MW945912.1|2006,1I_F,1I_F,1I,MW945912,10179,100,2006,Thailand,Thailand,MW945912,2006
371,MW945913.1|2010,1I_H.1,1I_H,1I,MW945913,10179,100,2010,Thailand,Thailand,MW945913,2010
372,MW945914.1|1998,1I,1I,1I,MW945914,10179,100,1998,Thailand,Thailand,MW945914,1998
373,MW945915.1|1994,1I_B,1I_B,1I,MW945915,10179,100,1994,Thailand,Thailand,MW945915,1994
374,MW945916.1|2004,1I_H,1I_H,1I,MW945916,10179,100,2004,Thailand,Thailand,MW945916,2004
375,MW945917.1|2003,1I_H,1I_H,1I,MW945917,10179,100,2003,Thailand,Thailand,MW945917,2003
376,MW945918.1|2006,1I_H.3,1I_H,1I,MW945918,10179,100,2006,Thailand,Thailand,MW945918,2006
377,MW945919.1|2006,1I_K.5,1I_K,1I,MW945919,10179,100,2006,Thailand,Thailand,MW945919,2006
378,MW945920.1|2000,1I,1I,1I,MW945920,10179,100,2000,Thailand,Thailand,MW945920,2000
379,MW945921.1|1999,1I,1I,1I,MW945921,10179,100,1999,Thailand,Thailand,MW945921,1999
380,MW945922.1|2006,1I_H,1I_H,1I,MW945922,10179,100,2006,Thailand,Thailand,MW945922,2006
381,MW945923.1|2001,1I_G,1I_G,1I,MW945923,10179,100,2001,Thailand,Thailand,MW945923,2001
382,MW945924.1|2005,1I_H,1I_H,1I,MW945924,10179,100,2005,Thailand,Thailand,MW945924,2005
383,MW945925.1|1995,1I_A,1I_A,1I,MW945925,10179,100,1995,Thailand,Thailand,MW945925,1995
384,MW945926.1|1994,1I_B,1I_B,1I,MW945926,10179,100,1994,Thailand,Thailand,MW945926,1994
385,MW945927.1|2000,1I_H,1I_H,1I,MW945927,10179,100,2000,Thailand,Thailand,MW945927,2000
386,MW945928.1|2004,1I_H,1I_H,1I,MW945928,10179,100,2004,Thailand,Thailand,MW945928,2004
387,MW945929.1|2006,1I_H,1I_H,1I,MW945929,10179,100,2006,Thailand,Thailand,MW945929,2006
388,MW945930.1|2006,1I_H,1I_H,1I,MW945930,10179,100,2006,Thailand,Thailand,MW945930,2006
389,MW945931.1|2006,1I_K,1I_K,1I,MW945931,10179,100,2006,Thailand,Thailand,MW945931,2006
390,MW945932.1|2003,1I_H,1I_H,1I,MW945932,10179,100,2003,Thailand,Thailand,MW945932,2003
391,MW945933.1|2012,1I_K,1I_K,1I,MW945933,10179,100,2012,Thailand,Thailand,MW945933,2012
392,MW945934.1|1994,1I_A,1I_A,1I,MW945934,10179,100,1994,Thailand,Thailand,MW945934,1994
393,MW945935.1|2014,1I_H.1,1I_H,1I,MW945935,10179,100,2014,Thailand,Thailand,MW945935,2014
394,MW945936.1|2011,1I_H,1I_H,1I,MW945936,10179,100,2011,Thailand,Thailand,MW945936,2011
395,MW945937.1|1995,1I_A,1I_A,1I,MW945937,10179,100,1995,Thailand,Thailand,MW945937,1995
396,MW945938.1|2003,1I_H,1I_H,1I,MW945938,10179,100,2003,Thailand,Thailand,MW945938,2003
397,MW945939.1|1995,1I_H,1I_H,1I,MW945939,10179,100,1995,Thailand,Thailand,MW945939,1995
398,MW945940.1|1995,1I,1I,1I,MW945940,10179,100,1995,Thailand,Thailand,MW945940,1995
399,MW945941.1|2001,1I_H,1I_H,1I,MW945941,10179,100,2001,Thailand,Thailand,MW945941,2001
400,MW945942.1|2014,1I_H.1,1I_H,1I,MW945942,10179,100,2014,Thailand,Thailand,MW945942,2014
401,MW945943.1|2014,1I_H.1,1I_H,1I,MW945943,10179,100,2014,Thailand,Thailand,MW945943,2014
402,MW945944.1|2004,1I_H,1I_H,1I,MW945944,10179,100,2004,Thailand,Thailand,MW945944,2004
403,MW945945.1|2014,1I_H.1,1I_H,1I,MW945945,10179,100,2014,Thailand,Thailand,MW945945,2014
404,MW945946.1|2014,1I_K.3,1I_K,1I,MW945946,10179,100,2014,Thailand,Thailand,MW945946,2014
405,MW945947.1|2006,1I_K,1I_K,1I,MW945947,10179,100,2006,Thailand,Thailand,MW945947,2006
406,MW945948.1|2006,1I_K,1I_K,1I,MW945948,10179,100,2006,Thailand,Thailand,MW945948,2006
407,MW945949.1|2001,1I_H,1I_H,1I,MW945949,10179,100,2001,Thailand,Thailand,MW945949,2001
408,MW945950.1|1998,1I,1I,1I,MW945950,10179,100,1998,Thailand,Thailand,MW945950,1998
409,MW945951.1|1998,1I,1I,1I,MW945951,10179,100,1998,Thailand,Thailand,MW945951,1998
410,MW945952.1|1974,1IV_B,1IV_B,1IV,MW945952,10179,100,1974,Nauru,Nauru,MW945952,1974
411,MW945953.1|2006,1I_F,1I_F,1I,MW945953,10179,100,2006,Thailand,Thailand,MW945953,2006
412,MW945954.1|2006,1I_H,1I_H,1I,MW945954,10179,100,2006,Thailand,Thailand,MW945954,2006
413,MW945955.1|2003,1I_H,1I_H,1I,MW945955,10179,100,2003,Thailand,Thailand,MW945955,2003
414,MW945956.1|2006,1I_K,1I_K,1I,MW945956,10179,100,2006,Thailand,Thailand,MW945956,2006
415,MW945957.1|2006,1I_H,1I_H,1I,MW945957,10179,100,2006,Thailand,Thailand,MW945957,2006
416,MW945958.1|2003,1I_H,1I_H,1I,MW945958,10179,100,2003,Thailand,Thailand,MW945958,2003
417,MW945959.1|2014,1I_K,1I_K,1I,MW945959,10179,100,2014,Thailand,Thailand,MW945959,2014
418,MW945960.1|2011,1I_K,1I_K,1I,MW945960,10179,100,2011,Thailand,Thailand,MW945960,2011
419,MW945961.1|1994,1I_B,1I_B,1I,MW945961,10179,100,1994,Thailand,Thailand,MW945961,1994
420,MW945962.1|2003,1I_H,1I_H,1I,MW945962,10179,100,2003,Thailand,Thailand,MW945962,2003
421,MW945963.1|2010,1I_J,1I_J,1I,MW945963,10179,100,2010,Thailand,Thailand,MW945963,2010
422,MW945964.1|2010,1I_K.5,1I_K,1I,MW945964,10179,100,2010,Thailand,Thailand,MW945964,2010
423,MW945965.1|2011,1I_H.1,1I_H,1I,MW945965,10179,100,2011,Thailand,Thailand,MW945965,2011
424,MW945966.1|2006,1I_H,1I_H,1I,MW945966,10179,100,2006,Thailand,Thailand,MW945966,2006
425,MW945967.1|2000,1I,1I,1I,MW945967,10179,100,2000,Thailand,Thailand,MW945967,2000
426,MW945968.1|2010,1I_J,1I_J,1I,MW945968,10179,100,2010,Thailand,Thailand,MW945968,2010
427,MW945969.1|2010,1I_K,1I_K,1I,MW945969,10179,100,2010,Thailand,Thailand,MW945969,2010
428,MW945970.1|2006,1I_K,1I_K,1I,MW945970,10179,100,2006,Thailand,Thailand,MW945970,2006
429,MW945971.1|1997,1I,1I,1I,MW945971,10179,100,1997,Thailand,Thailand,MW945971,1997
430,MW945972.1|1995,1I,1I,1I,MW945972,10179,100,1995,Thailand,Thailand,MW945972,1995
431,MW945973.1|1997,1I_H,1I_H,1I,MW945973,10179,100,1997,Thailand,Thailand,MW945973,1997
432,MW945974.1|2001,1I_G,1I_G,1I,MW945974,10179,100,2001,Thailand,Thailand,MW945974,2001
433,MW945975.1|2005,1I_K,1I_K,1I,MW945975,10179,100,2005,Thailand,Thailand,MW945975,2005
434,MW945976.1|1991,1I_B,1I_B,1I,MW945976,10179,100,1991,Thailand,Thailand,MW945976,1991
435,MW945977.1|2013,1I_E,1I_E,1I,MW945977,10179,100,2013,Thailand,Thailand,MW945977,2013
436,MW945978.1|2000,1I_H,1I_H,1I,MW945978,10179,100,2000,Thailand,Thailand,MW945978,2000
437,MW945979.1|2000,1I_G,1I_G,1I,MW945979,10179,100,2000,Thailand,Thailand,MW945979,2000
438,MW945980.1|2005,1I_F,1I_F,1I,MW945980,10179,100,2005,Thailand,Thailand,MW945980,2005
439,MW945981.1|2010,1I_H,1I_H,1I,MW945981,10179,100,2010,Thailand,Thailand,MW945981,2010
440,MW945982.1|2014,1I_H.1,1I_H,1I,MW945982,10179,100,2014,Thailand,Thailand,MW945982,2014
441,MW945983.1|2004,1I_H,1I_H,1I,MW945983,10179,100,2004,Thailand,Thailand,MW945983,2004
442,MW945984.1|2006,1I_F,1I_F,1I,MW945984,10179,100,2006,Thailand,Thailand,MW945984,2006
443,MW945985.1|2012,1I_H.1,1I_H,1I,MW945985,10179,100,2012,Thailand,Thailand,MW945985,2012
444,MW945986.1|2002,1I_G,1I_G,1I,MW945986,10179,100,2002,Thailand,Thailand,MW945986,2002
445,MW945987.1|1995,1I_A,1I_A,1I,MW945987,10179,100,1995,Thailand,Thailand,MW945987,1995
446,MW945988.1|2006,1I_H,1I_H,1I,MW945988,10179,100,2006,Thailand,Thailand,MW945988,2006
447,MW945989.1|1994,1I,1I,1I,MW945989,10179,100,1994,Thailand,Thailand,MW945989,1994
448,MW945990.1|1998,1I,1I,1I,MW945990,10179,100,1998,Thailand,Thailand,MW945990,1998
449,MW945991.1|2011,1I_H.1,1I_H,1I,MW945991,10179,100,2011,Thailand,Thailand,MW945991,2011
450,MW945992.1|2000,1I,1I,1I,MW945992,10179,100,2000,Thailand,Thailand,MW945992,2000
451,MW945993.1|1994,1I,1I,1I,MW945993,10179,100,1994,Thailand,Thailand,MW945993,1994
452,MW945994.1|2006,1I_H.1,1I_H,1I,MW945994,10179,100,2006,Thailand,Thailand,MW945994,2006
453,MW945995.1|2002,1I_K,1I_K,1I,MW945995,10179,100,2002,Thailand,Thailand,MW945995,2002
454,MW945996.1|2001,1I_H,1I_H,1I,MW945996,10179,100,2001,Thailand,Thailand,MW945996,2001
455,MW945997.1|2002,1I_H,1I_H,1I,MW945997,10179,100,2002,Thailand,Thailand,MW945997,2002
456,MW945998.1|2013,1I_H.1,1I_H,1I,MW945998,10179,100,2013,Thailand,Thailand,MW945998,2013
457,MW945999.1|2005,1I_H.3,1I_H,1I,MW945999,10179,100,2005,Thailand,Thailand,MW945999,2005
458,MW946000.1|2001,1I_H,1I_H,1I,MW946000,10179,100,2001,Thailand,Thailand,MW946000,2001
459,MW946001.1|2003,1I_H,1I_H,1I,MW946001,10179,100,2003,Thailand,Thailand,MW946001,2003
460,MW946002.1|2003,1I_H,1I_H,1I,MW946002,10179,100,2003,Thailand,Thailand,MW946002,2003
461,MW946003.1|2002,1I_H,1I_H,1I,MW946003,10179,100,2002,Thailand,Thailand,MW946003,2002
462,MW946004.1|2000,1I_G,1I_G,1I,MW946004,10179,100,2000,Thailand,Thailand,MW946004,2000
463,MW946005.1|2004,1I_H,1I_H,1I,MW946005,10179,100,2004,Thailand,Thailand,MW946005,2004
464,MW946006.1|2010,1I_H.1,1I_H,1I,MW946006,10179,100,2010,Thailand,Thailand,MW946006,2010
465,MW946007.1|1994,1I_B,1I_B,1I,MW946007,10179,100,1994,Thailand,Thailand,MW946007,1994
466,MW946008.1|2011,1I_K,1I_K,1I,MW946008,10179,100,2011,Thailand,Thailand,MW946008,2011
467,MW946009.1|2002,1I_H,1I_H,1I,MW946009,10179,100,2002,Thailand,Thailand,MW946009,2002
468,MW946010.1|1983,1III,1III,1III,MW946010,10179,100,1983,Thailand,Thailand,MW946010,1983
469,MW946011.1|2000,1I,1I,1I,MW946011,10179,100,2000,Thailand,Thailand,MW946011,2000
470,MW946012.1|1999,1I,1I,1I,MW946012,10179,100,1999,Thailand,Thailand,MW946012,1999
471,MW946013.1|1996,1I,1I,1I,MW946013,10179,100,1996,Thailand,Thailand,MW946013,1996
472,MW946014.1|1995,1I_B,1I_B,1I,MW946014,10179,100,1995,Thailand,Thailand,MW946014,1995
473,MW946015.1|2002,1I_H,1I_H,1I,MW946015,10179,100,2002,Thailand,Thailand,MW946015,2002
474,MW946016.1|1995,1I_A,1I_A,1I,MW946016,10179,100,1995,Thailand,Thailand,MW946016,1995
475,MW946017.1|2006,1I_H,1I_H,1I,MW946017,10179,100,2006,Thailand,Thailand,MW946017,2006
476,MW946018.1|2006,1I_F,1I_F,1I,MW946018,10179,100,2006,Thailand,Thailand,MW946018,2006
477,MW946019.1|2013,1I_J,1I_J,1I,MW946019,10179,100,2013,Thailand,Thailand,MW946019,2013
478,MW946020.1|1995,1I,1I,1I,MW946020,10179,100,1995,Thailand,Thailand,MW946020,1995
479,MW946021.1|1999,1I,1I,1I,MW946021,10179,100,1999,Thailand,Thailand,MW946021,1999
480,MW946022.1|2002,1I_H,1I_H,1I,MW946022,10179,100,2002,Thailand,Thailand,MW946022,2002
481,MW946023.1|2004,1I_H,1I_H,1I,MW946023,10179,100,2004,Thailand,Thailand,MW946023,2004
482,MW946024.1|1995,1I,1I,1I,MW946024,10179,100,1995,Thailand,Thailand,MW946024,1995
483,MW946025.1|2004,1I_H,1I_H,1I,MW946025,10179,100,2004,Thailand,Thailand,MW946025,2004
484,MW946026.1|2012,1I_J,1I_J,1I,MW946026,10179,100,2012,Thailand,Thailand,MW946026,2012
485,MW946027.1|1994,1I_A,1I_A,1I,MW946027,10179,100,1994,Thailand,Thailand,MW946027,1994
486,MW946028.1|2005,1I_H,1I_H,1I,MW946028,10179,100,2005,Thailand,Thailand,MW946028,2005
487,MW946029.1|2000,1I,1I,1I,MW946029,10179,100,2000,Thailand,Thailand,MW946029,2000
488,MW946030.1|1980,1III,1III,1III,MW946030,10179,100,1980,Thailand,Thailand,MW946030,1980
489,MW946031.1|2005,1I_H,1I_H,1I,MW946031,10179,100,2005,Thailand,Thailand,MW946031,2005
490,MW946032.1|1994,1I_A,1I_A,1I,MW946032,10179,100,1994,Thailand,Thailand,MW946032,1994
491,MW946033.1|2006,1I_H.1,1I_H,1I,MW946033,10179,100,2006,Thailand,Thailand,MW946033,2006
492,MW946034.1|2002,1I_H,1I_H,1I,MW946034,10179,100,2002,Thailand,Thailand,MW946034,2002
493,MW946035.1|1996,1I,1I,1I,MW946035,10179,100,1996,Thailand,Thailand,MW946035,1996
494,MW946036.1|1996,1I_A,1I_A,1I,MW946036,10179,100,1996,Thailand,Thailand,MW946036,1996
495,MW946037.1|2003,1I_H,1I_H,1I,MW946037,10179,100,2003,Thailand,Thailand,MW946037,2003
496,MW946038.1|1988,1I_B,1I_B,1I,MW946038,10179,100,1988,Thailand,Thailand,MW946038,1988
497,MW946039.1|2005,1I_H,1I_H,1I,MW946039,10179,100,2005,Thailand,Thailand,MW946039,2005
498,MW946040.1|2006,1I_F,1I_F,1I,MW946040,10179,100,2006,Thailand,Thailand,MW946040,2006
499,MW946041.1|2011,1I_K.5,1I_K,1I,MW946041,10179,100,2011,Thailand,Thailand,MW946041,2011
500,MW946042.1|2006,1I_H,1I_H,1I,MW946042,10179,100,2006,Thailand,Thailand,MW946042,2006
501,MW946043.1|2011,1I_H.1,1I_H,1I,MW946043,10179,100,2011,Thailand,Thailand,MW946043,2011
502,MW946044.1|2006,1I_K,1I_K,1I,MW946044,10179,100,2006,Thailand,Thailand,MW946044,2006
503,MW946045.1|1998,1I_A,1I_A,1I,MW946045,10179,100,1998,Thailand,Thailand,MW946045,1998
504,MW946046.1|1997,1I,1I,1I,MW946046,10179,100,1997,Thailand,Thailand,MW946046,1997
505,MW946047.1|2011,1I_H.1,1I_H,1I,MW946047,10179,100,2011,Thailand,Thailand,MW946047,2011
506,MW946048.1|1996,1I_A,1I_A,1I,MW946048,10179,100,1996,Thailand,Thailand,MW946048,1996
507,MW946049.1|2012,1I_E,1I_E,1I,MW946049,10179,100,2012,Thailand,Thailand,MW946049,2012
508,MW946050.1|2011,1I_H.1,1I_H,1I,MW946050,10179,100,2011,Thailand,Thailand,MW946050,2011
509,MW946051.1|2004,1I_H,1I_H,1I,MW946051,10179,100,2004,Thailand,Thailand,MW946051,2004
510,MW946052.1|1994,1I_B,1I_B,1I,MW946052,10179,100,1994,Thailand,Thailand,MW946052,1994
511,MW946053.1|2010,1V_E,1V_E,1V,MW946053,10179,100,2010,Bolivia,Bolivia,MW946053,2010
512,MW946054.1|1995,1I,1I,1I,MW946054,10179,100,1995,Thailand,Thailand,MW946054,1995
513,MW946055.1|2003,1I_F,1I_F,1I,MW946055,10179,100,2003,Thailand,Thailand,MW946055,2003
514,MW946056.1|2003,1I_H,1I_H,1I,MW946056,10179,100,2003,Thailand,Thailand,MW946056,2003
515,MW946057.1|2006,1I_H,1I_H,1I,MW946057,10179,100,2006,Thailand,Thailand,MW946057,2006
516,MW946058.1|2000,1V,1V,1V,MW946058,10179,100,2000,Venezuela,Venezuela,MW946058,2000
517,MW946059.1|2006,1I_F,1I_F,1I,MW946059,10179,100,2006,Thailand,Thailand,MW946059,2006
518,MW946060.1|2006,1I_K,1I_K,1I,MW946060,10179,100,2006,Thailand,Thailand,MW946060,2006
519,MW946061.1|1996,1I,1I,1I,MW946061,10179,100,1996,Thailand,Thailand,MW946061,1996
520,MW946062.1|1997,1I_G,1I_G,1I,MW946062,10179,100,1997,Thailand,Thailand,MW946062,1997
521,MW946063.1|2004,1I_H,1I_H,1I,MW946063,10179,100,2004,Thailand,Thailand,MW946063,2004
522,MW946064.1|2011,1I_H.1,1I_H,1I,MW946064,10179,100,2011,Thailand,Thailand,MW946064,2011
523,MW946065.1|1996,1I_B,1I_B,1I,MW946065,10179,100,1996,Thailand,Thailand,MW946065,1996
524,MW946066.1|2005,1I_H,1I_H,1I,MW946066,10179,100,2005,Thailand,Thailand,MW946066,2005
525,MW946067.1|2003,1I_H,1I_H,1I,MW946067,10179,100,2003,Thailand,Thailand,MW946067,2003
526,MW946068.1|2003,1I_H,1I_H,1I,MW946068,10179,100,2003,Thailand,Thailand,MW946068,2003
527,MW946069.1|1999,1I,1I,1I,MW946069,10179,100,1999,Thailand,Thailand,MW946069,1999
528,MW946070.1|2006,1I_H.3,1I_H,1I,MW946070,10179,100,2006,Thailand,Thailand,MW946070,2006
529,MW946071.1|1996,1I_A,1I_A,1I,MW946071,10179,100,1996,Thailand,Thailand,MW946071,1996
530,MW946072.1|2004,1I_H,1I_H,1I,MW946072,10179,100,2004,Thailand,Thailand,MW946072,2004
531,MW946073.1|2000,1I,1I,1I,MW946073,10179,100,2000,Thailand,Thailand,MW946073,2000
532,MW946074.1|2006,1I_K,1I_K,1I,MW946074,10179,100,2006,Thailand,Thailand,MW946074,2006
533,MW946075.1|2010,1I_F,1I_F,1I,MW946075,10179,100,2010,Thailand,Thailand,MW946075,2010
534,MW946076.1|2001,1I_H,1I_H,1I,MW946076,10179,100,2001,Thailand,Thailand,MW946076,2001
535,MW946077.1|2011,1I_H.1,1I_H,1I,MW946077,10179,100,2011,Thailand,Thailand,MW946077,2011
536,MW946078.1|2013,1I_H.1,1I_H,1I,MW946078,10179,100,2013,Thailand,Thailand,MW946078,2013
537,MW946079.1|1980,1III,1III,1III,MW946079,10179,100,1980,Thailand,Thailand,MW946079,1980
538,MW946080.1|2011,1I_H.1,1I_H,1I,MW946080,10179,100,2011,Thailand,Thailand,MW946080,2011
539,MW946081.1|2004,1I_H,1I_H,1I,MW946081,10179,100,2004,Thailand,Thailand,MW946081,2004
540,MW946082.1|1995,1I_A,1I_A,1I,MW946082,10179,100,1995,Thailand,Thailand,MW946082,1995
541,MW946083.1|1999,1I,1I,1I,MW946083,10179,100,1999,Thailand,Thailand,MW946083,1999
542,MW946084.1|2006,1I_H.1,1I_H,1I,MW946084,10179,100,2006,Thailand,Thailand,MW946084,2006
543,MW946085.1|2002,1I,1I,1I,MW946085,10179,100,2002,Thailand,Thailand,MW946085,2002
544,MW946086.1|1994,1I,1I,1I,MW946086,10179,100,1994,Thailand,Thailand,MW946086,1994
545,MW946087.1|2012,1I_K,1I_K,1I,MW946087,10179,100,2012,Thailand,Thailand,MW946087,2012
546,MW946088.1|1999,1I_F,1I_F,1I,MW946088,10179,100,1999,Thailand,Thailand,MW946088,1999
547,MW946089.1|2005,1I_H,1I_H,1I,MW946089,10179,100,2005,Thailand,Thailand,MW946089,2005
548,MW946090.1|2000,1I,1I,1I,MW946090,10179,100,2000,Thailand,Thailand,MW946090,2000
549,MW946091.1|1996,1I,1I,1I,MW946091,10179,100,1996,Thailand,Thailand,MW946091,1996
550,MW946092.1|2001,1I_J,1I_J,1I,MW946092,10179,100,2001,Thailand,Thailand,MW946092,2001
551,MW946093.1|1996,1I_F,1I_F,1I,MW946093,10179,100,1996,Thailand,Thailand,MW946093,1996
552,MW946094.1|2012,1I_H.1,1I_H,1I,MW946094,10179,100,2012,Thailand,Thailand,MW946094,2012
553,MW946095.1|2006,1I_H,1I_H,1I,MW946095,10179,100,2006,Thailand,Thailand,MW946095,2006
554,MW946096.1|2010,1I_H.1,1I_H,1I,MW946096,10179,100,2010,Thailand,Thailand,MW946096,2010
555,MW946097.1|2005,1I_H,1I_H,1I,MW946097,10179,100,2005,Thailand,Thailand,MW946097,2005
556,MW946098.1|1994,1I_A,1I_A,1I,MW946098,10179,100,1994,Thailand,Thailand,MW946098,1994
557,MW946099.1|1997,1I_F,1I_F,1I,MW946099,10179,100,1997,Thailand,Thailand,MW946099,1997
558,MW946100.1|1994,1I,1I,1I,MW946100,10179,100,1994,Thailand,Thailand,MW946100,1994
559,MW946101.1|1995,1I_B,1I_B,1I,MW946101,10179,100,1995,Thailand,Thailand,MW946101,1995
560,MW946102.1|1994,1I,1I,1I,MW946102,10179,100,1994,Thailand,Thailand,MW946102,1994
561,MW946103.1|1997,1I,1I,1I,MW946103,10179,100,1997,Thailand,Thailand,MW946103,1997
562,MW946104.1|1995,1I_A,1I_A,1I,MW946104,10179,100,1995,Thailand,Thailand,MW946104,1995
563,MW946105.1|2006,1I_H.3,1I_H,1I,MW946105,10179,100,2006,Thailand,Thailand,MW946105,2006
564,MW946106.1|2002,1I_H,1I_H,1I,MW946106,10179,100,2002,Thailand,Thailand,MW946106,2002
565,MW946107.1|2006,1I_K,1I_K,1I,MW946107,10179,100,2006,Thailand,Thailand,MW946107,2006
566,MW946108.1|2001,1I_H,1I_H,1I,MW946108,10179,100,2001,Thailand,Thailand,MW946108,2001
567,MW946109.1|2003,1I_H,1I_H,1I,MW946109,10179,100,2003,Thailand,Thailand,MW946109,2003
568,MW946110.1|2010,1I_H,1I_H,1I,MW946110,10179,100,2010,Thailand,Thailand,MW946110,2010
569,MW946111.1|1997,1I,1I,1I,MW946111,10179,100,1997,Thailand,Thailand,MW946111,1997
570,MW946112.1|2006,1I_H,1I_H,1I,MW946112,10179,100,2006,Thailand,Thailand,MW946112,2006
571,MW946113.1|2006,1I_H,1I_H,1I,MW946113,10179,100,2006,Thailand,Thailand,MW946113,2006
572,MW946114.1|2002,1I_H,1I_H,1I,MW946114,10179,100,2002,Thailand,Thailand,MW946114,2002
573,MW946115.1|2001,1I,1I,1I,MW946115,10179,100,2001,Thailand,Thailand,MW946115,2001
574,MW946116.1|2006,1I_F,1I_F,1I,MW946116,10179,100,2006,Thailand,Thailand,MW946116,2006
575,MW946117.1|1996,1I_G,1I_G,1I,MW946117,10179,100,1996,Thailand,Thailand,MW946117,1996
576,MW946118.1|2013,1I_K,1I_K,1I,MW946118,10179,100,2013,Thailand,Thailand,MW946118,2013
577,MW946119.1|1994,1I_A,1I_A,1I,MW946119,10179,100,1994,Thailand,Thailand,MW946119,1994
578,MW946120.1|1982,1I_B,1I_B,1I,MW946120,10179,100,1982,Thailand,Thailand,MW946120,1982
579,MW946121.1|1999,1I,1I,1I,MW946121,10176,99.97052756,1999,Thailand,Thailand,MW946121,1999
580,MW946122.1|1996,1I,1I,1I,MW946122,10179,100,1996,Thailand,Thailand,MW946122,1996
581,MW946123.1|1994,1I_A,1I_A,1I,MW946123,10179,100,1994,Thailand,Thailand,MW946123,1994
582,MW946124.1|2011,1I_K,1I_K,1I,MW946124,10179,100,2011,Thailand,Thailand,MW946124,2011
583,MW946125.1|1997,1I_F,1I_F,1I,MW946125,10179,100,1997,Thailand,Thailand,MW946125,1997
584,MW946126.1|1994,1I_A,1I_A,1I,MW946126,10179,100,1994,Thailand,Thailand,MW946126,1994
585,MW946127.1|1998,1I_G,1I_G,1I,MW946127,10179,100,1998,Thailand,Thailand,MW946127,1998
586,MW946128.1|2006,1I_K,1I_K,1I,MW946128,10179,100,2006,Thailand,Thailand,MW946128,2006
587,MW946129.1|2014,1I_K,1I_K,1I,MW946129,10179,100,2014,Thailand,Thailand,MW946129,2014
588,MW946130.1|2006,1I_K,1I_K,1I,MW946130,10179,100,2006,Thailand,Thailand,MW946130,2006
589,MW946131.1|2002,1I_G,1I_G,1I,MW946131,10179,100,2002,Thailand,Thailand,MW946131,2002
590,MW946132.1|2006,1I_H.3,1I_H,1I,MW946132,10179,100,2006,Thailand,Thailand,MW946132,2006
591,MW946133.1|2011,1I_H.1,1I_H,1I,MW946133,10179,100,2011,Thailand,Thailand,MW946133,2011
592,MW946134.1|1996,1I,1I,1I,MW946134,10179,100,1996,Thailand,Thailand,MW946134,1996
593,MW946135.1|1999,1I,1I,1I,MW946135,10179,100,1999,Thailand,Thailand,MW946135,1999
594,MW946136.1|2006,1I_K,1I_K,1I,MW946136,10179,100,2006,Thailand,Thailand,MW946136,2006
595,MW946137.1|2001,1I_H,1I_H,1I,MW946137,10179,100,2001,Thailand,Thailand,MW946137,2001
596,MW946138.1|1980,1III,1III,1III,MW946138,10179,100,1980,Thailand,Thailand,MW946138,1980
597,MW946139.1|2006,1I_H,1I_H,1I,MW946139,10179,100,2006,Thailand,Thailand,MW946139,2006
598,MW946140.1|2001,1I,1I,1I,MW946140,10179,100,2001,Thailand,Thailand,MW946140,2001
599,MW946141.1|2006,1I_K,1I_K,1I,MW946141,10179,100,2006,Thailand,Thailand,MW946141,2006
600,MW946142.1|2006,1I_H,1I_H,1I,MW946142,10179,100,2006,Thailand,Thailand,MW946142,2006
601,MW946143.1|2006,1I_H.1,1I_H,1I,MW946143,10179,100,2006,Thailand,Thailand,MW946143,2006
602,MW946144.1|2002,1I_H,1I_H,1I,MW946144,10179,100,2002,Thailand,Thailand,MW946144,2002
603,MW946145.1|2004,1I_K,1I_K,1I,MW946145,10179,100,2004,Thailand,Thailand,MW946145,2004
604,MW946146.1|1995,1I_A,1I_A,1I,MW946146,10179,100,1995,Thailand,Thailand,MW946146,1995
605,MW946147.1|2005,1I_H,1I_H,1I,MW946147,10179,100,2005,Thailand,Thailand,MW946147,2005
606,MW946148.1|2001,1I,1I,1I,MW946148,10179,100,2001,Thailand,Thailand,MW946148,2001
607,MW946149.1|2003,1I_H,1I_H,1I,MW946149,10179,100,2003,Thailand,Thailand,MW946149,2003
608,MW946150.1|2006,1I_H.1,1I_H,1I,MW946150,10179,100,2006,Thailand,Thailand,MW946150,2006
609,MW946151.1|2006,1I_F,1I_F,1I,MW946151,10179,100,2006,Thailand,Thailand,MW946151,2006
610,MW946152.1|2005,1I_H,1I_H,1I,MW946152,10179,100,2005,Thailand,Thailand,MW946152,2005
611,MW946153.1|2006,1I_F,1I_F,1I,MW946153,10179,100,2006,Thailand,Thailand,MW946153,2006
612,MW946154.1|1996,1I,1I,1I,MW946154,10179,100,1996,Thailand,Thailand,MW946154,1996
613,MW946155.1|2006,1I_H.1,1I_H,1I,MW946155,10179,100,2006,Thailand,Thailand,MW946155,2006
614,MW946156.1|2003,1I_H,1I_H,1I,MW946156,10179,100,2003,Thailand,Thailand,MW946156,2003
615,MW946157.1|2006,1I_H.1,1I_H,1I,MW946157,10179,100,2006,Thailand,Thailand,MW946157,2006
616,MW946158.1|1999,1I_G,1I_G,1I,MW946158,10179,100,1999,Thailand,Thailand,MW946158,1999
617,MW946159.1|1996,1I_G,1I_G,1I,MW946159,10179,100,1996,Thailand,Thailand,MW946159,1996
618,MW946160.1|1998,1I_A,1I_A,1I,MW946160,10179,100,1998,Thailand,Thailand,MW946160,1998
619,MW946161.1|2006,1I_H,1I_H,1I,MW946161,10179,100,2006,Thailand,Thailand,MW946161,2006
620,MW946162.1|2001,1I_H,1I_H,1I,MW946162,10179,100,2001,Thailand,Thailand,MW946162,2001
621,MW946163.1|2005,1I_F,1I_F,1I,MW946163,10179,100,2005,Thailand,Thailand,MW946163,2005
622,MW946164.1|2006,1I_H.3,1I_H,1I,MW946164,10179,100,2006,Thailand,Thailand,MW946164,2006
623,MW946165.1|2001,1I,1I,1I,MW946165,10179,100,2001,Thailand,Thailand,MW946165,2001
624,MW946166.1|2012,1I_E,1I_E,1I,MW946166,10179,100,2012,Thailand,Thailand,MW946166,2012
625,MW946167.1|1994,1I_A,1I_A,1I,MW946167,10179,100,1994,Thailand,Thailand,MW946167,1994
626,MW946168.1|1995,1I_H,1I_H,1I,MW946168,10179,100,1995,Thailand,Thailand,MW946168,1995
627,MW946169.1|2000,1I,1I,1I,MW946169,10179,100,2000,Thailand,Thailand,MW946169,2000
628,MW946170.1|2002,1I_H,1I_H,1I,MW946170,10179,100,2002,Thailand,Thailand,MW946170,2002
629,MW946171.1|2005,1I_J,1I_J,1I,MW946171,10179,100,2005,Thailand,Thailand,MW946171,2005
630,MW946172.1|2011,1I_H,1I_H,1I,MW946172,10179,100,2011,Thailand,Thailand,MW946172,2011
631,MW946173.1|2006,1I_H,1I_H,1I,MW946173,10179,100,2006,Thailand,Thailand,MW946173,2006
632,MW946174.1|2006,1I_F,1I_F,1I,MW946174,10179,100,2006,Thailand,Thailand,MW946174,2006
633,MW946175.1|1994,1I_A,1I_A,1I,MW946175,10179,100,1994,Thailand,Thailand,MW946175,1994
634,MW946176.1|2002,1I_H,1I_H,1I,MW946176,10179,100,2002,Thailand,Thailand,MW946176,2002
635,MW946177.1|1994,1I_A,1I_A,1I,MW946177,10179,100,1994,Thailand,Thailand,MW946177,1994
636,MW946178.1|1997,1I_H,1I_H,1I,MW946178,10179,100,1997,Thailand,Thailand,MW946178,1997
637,MW946179.1|2012,1I_K,1I_K,1I,MW946179,10179,100,2012,Thailand,Thailand,MW946179,2012
638,MW946180.1|2013,1I_K.5,1I_K,1I,MW946180,10179,100,2013,Thailand,Thailand,MW946180,2013
639,MW946181.1|2005,1I_H,1I_H,1I,MW946181,10179,100,2005,Thailand,Thailand,MW946181,2005
640,MW946182.1|2004,1I_H,1I_H,1I,MW946182,10179,100,2004,Thailand,Thailand,MW946182,2004
641,MW946183.1|2006,1I_H,1I_H,1I,MW946183,10179,100,2006,Thailand,Thailand,MW946183,2006
642,MW946184.1|2012,1I_E,1I_E,1I,MW946184,10179,100,2012,Thailand,Thailand,MW946184,2012
643,MW946185.1|2006,1I_K,1I_K,1I,MW946185,10179,100,2006,Thailand,Thailand,MW946185,2006
644,MW946186.1|2006,1I_H.1,1I_H,1I,MW946186,10179,100,2006,Thailand,Thailand,MW946186,2006
645,MW946187.1|2006,1I_H.1,1I_H,1I,MW946187,10179,100,2006,Thailand,Thailand,MW946187,2006
646,MW946188.1|2001,1I_H,1I_H,1I,MW946188,10179,100,2001,Thailand,Thailand,MW946188,2001
647,MW946189.1|2002,1I_K,1I_K,1I,MW946189,10179,100,2002,Thailand,Thailand,MW946189,2002
648,MW946190.1|1994,1I_A,1I_A,1I,MW946190,10179,100,1994,Thailand,Thailand,MW946190,1994
649,MW946191.1|1998,1I_E,1I_E,1I,MW946191,10179,100,1998,Thailand,Thailand,MW946191,1998
650,MW946192.1|2003,1I_F,1I_F,1I,MW946192,10179,100,2003,Thailand,Thailand,MW946192,2003
651,MW946193.1|1997,1I,1I,1I,MW946193,10179,100,1997,Thailand,Thailand,MW946193,1997
652,MW946194.1|2012,1I_E,1I_E,1I,MW946194,10179,100,2012,Thailand,Thailand,MW946194,2012
653,MW946195.1|1994,1I_A,1I_A,1I,MW946195,10179,100,1994,Thailand,Thailand,MW946195,1994
654,MW946196.1|1995,1I,1I,1I,MW946196,10179,100,1995,Thailand,Thailand,MW946196,1995
655,MW946197.1|2003,1I_H,1I_H,1I,MW946197,10179,100,2003,Thailand,Thailand,MW946197,2003
656,MW946198.1|2005,1I_H,1I_H,1I,MW946198,10179,100,2005,Thailand,Thailand,MW946198,2005
657,MW946199.1|2000,1I_H,1I_H,1I,MW946199,10179,100,2000,Thailand,Thailand,MW946199,2000
658,MW946200.1|2006,1I_K,1I_K,1I,MW946200,10179,100,2006,Thailand,Thailand,MW946200,2006
659,MW946201.1|2000,1I_J,1I_J,1I,MW946201,10179,100,2000,Thailand,Thailand,MW946201,2000
660,MW946202.1|1994,1I,1I,1I,MW946202,10179,100,1994,Thailand,Thailand,MW946202,1994
661,MW946203.1|1995,1I_A,1I_A,1I,MW946203,10179,100,1995,Thailand,Thailand,MW946203,1995
662,MW946204.1|2002,1I_H,1I_H,1I,MW946204,10179,100,2002,Thailand,Thailand,MW946204,2002
663,MW946205.1|2013,1I_K,1I_K,1I,MW946205,10179,100,2013,Thailand,Thailand,MW946205,2013
664,MW946206.1|1999,1I_F,1I_F,1I,MW946206,10179,100,1999,Thailand,Thailand,MW946206,1999
665,MW946207.1|2000,1I_G,1I_G,1I,MW946207,10179,100,2000,Thailand,Thailand,MW946207,2000
666,MW946208.1|2013,1I_E,1I_E,1I,MW946208,10179,100,2013,Thailand,Thailand,MW946208,2013
667,MW946209.1|1999,1I,1I,1I,MW946209,10179,100,1999,Thailand,Thailand,MW946209,1999
668,MW946210.1|1995,1I_A,1I_A,1I,MW946210,10179,100,1995,Thailand,Thailand,MW946210,1995
669,MW946211.1|2003,1I_H,1I_H,1I,MW946211,10179,100,2003,Thailand,Thailand,MW946211,2003
670,MW946212.1|1994,1I_A,1I_A,1I,MW946212,10179,100,1994,Thailand,Thailand,MW946212,1994
671,MW946213.1|2006,1I_H,1I_H,1I,MW946213,10179,100,2006,Thailand,Thailand,MW946213,2006
672,MW946214.1|1996,1I_F,1I_F,1I,MW946214,10179,100,1996,Thailand,Thailand,MW946214,1996
673,MW946215.1|2006,1I_F,1I_F,1I,MW946215,10179,100,2006,Thailand,Thailand,MW946215,2006
674,MW946216.1|2005,1I_H,1I_H,1I,MW946216,10179,100,2005,Thailand,Thailand,MW946216,2005
675,MW946217.1|2011,1I_H.1,1I_H,1I,MW946217,10179,100,2011,Thailand,Thailand,MW946217,2011
676,MW946218.1|2010,1I_H,1I_H,1I,MW946218,10179,100,2010,Thailand,Thailand,MW946218,2010
677,MW946219.1|2000,1I_J,1I_J,1I,MW946219,10179,100,2000,Thailand,Thailand,MW946219,2000
678,MW946220.1|1994,1I_A,1I_A,1I,MW946220,10179,100,1994,Thailand,Thailand,MW946220,1994
679,MW946221.1|2006,1I_K.7,1I_K,1I,MW946221,10179,100,2006,Thailand,Thailand,MW946221,2006
680,MW946222.1|2010,1I_H.1,1I_H,1I,MW946222,10179,100,2010,Thailand,Thailand,MW946222,2010
681,MW946223.1|2003,1I_H,1I_H,1I,MW946223,10179,100,2003,Thailand,Thailand,MW946223,2003
682,MW946224.1|1994,1I_A,1I_A,1I,MW946224,10179,100,1994,Thailand,Thailand,MW946224,1994
683,MW946225.1|1997,1I,1I,1I,MW946225,10179,100,1997,Thailand,Thailand,MW946225,1997
684,MW946226.1|1998,1I,1I,1I,MW946226,10179,100,1998,Thailand,Thailand,MW946226,1998
685,MW946227.1|2002,1I_H,1I_H,1I,MW946227,10179,100,2002,Thailand,Thailand,MW946227,2002
686,MW946228.1|2011,1I_K,1I_K,1I,MW946228,10179,100,2011,Thailand,Thailand,MW946228,2011
687,MW946229.1|2006,1I_H,1I_H,1I,MW946229,10179,100,2006,Thailand,Thailand,MW946229,2006
688,MW946230.1|1995,1I_K,1I_K,1I,MW946230,10179,100,1995,Thailand,Thailand,MW946230,1995
689,MW946231.1|2005,1I_H,1I_H,1I,MW946231,10179,100,2005,Thailand,Thailand,MW946231,2005
690,MW946232.1|2011,1I_H.1,1I_H,1I,MW946232,10179,100,2011,Thailand,Thailand,MW946232,2011
691,MW946233.1|2011,1I_K,1I_K,1I,MW946233,10179,100,2011,Thailand,Thailand,MW946233,2011
692,MW946234.1|2002,1I_H,1I_H,1I,MW946234,10179,100,2002,Thailand,Thailand,MW946234,2002
693,MW946235.1|2001,1I_H,1I_H,1I,MW946235,10179,100,2001,Thailand,Thailand,MW946235,2001
694,MW946236.1|2001,1I_H,1I_H,1I,MW946236,10179,100,2001,Thailand,Thailand,MW946236,2001
695,MW946237.1|2004,1I_H,1I_H,1I,MW946237,10179,100,2004,Thailand,Thailand,MW946237,2004
696,MW946238.1|2014,1I_K.1.2,1I_K,1I,MW946238,10179,100,2014,Thailand,Thailand,MW946238,2014
697,MW946239.1|1999,1I_F,1I_F,1I,MW946239,10179,100,1999,Thailand,Thailand,MW946239,1999
698,MW946240.1|2013,1I_E,1I_E,1I,MW946240,10179,100,2013,Thailand,Thailand,MW946240,2013
699,MW946241.1|1996,1I,1I,1I,MW946241,10179,100,1996,Thailand,Thailand,MW946241,1996
700,MW946242.1|2013,1I_H.1,1I_H,1I,MW946242,10179,100,2013,Thailand,Thailand,MW946242,2013
701,MW946243.1|2002,1I_H,1I_H,1I,MW946243,10179,100,2002,Thailand,Thailand,MW946243,2002
702,MW946244.1|2013,1I_J,1I_J,1I,MW946244,10179,100,2013,Thailand,Thailand,MW946244,2013
703,MW946245.1|1998,1I_F,1I_F,1I,MW946245,10179,100,1998,Thailand,Thailand,MW946245,1998
704,MW946246.1|1997,1I_F,1I_F,1I,MW946246,10179,100,1997,Thailand,Thailand,MW946246,1997
705,MW946247.1|1997,1I,1I,1I,MW946247,10179,100,1997,Thailand,Thailand,MW946247,1997
706,MW946248.1|2006,1I_H,1I_H,1I,MW946248,10179,100,2006,Thailand,Thailand,MW946248,2006
707,MW946249.1|2001,1I_J,1I_J,1I,MW946249,10179,100,2001,Thailand,Thailand,MW946249,2001
708,MW946250.1|2006,1I_K,1I_K,1I,MW946250,10179,100,2006,Thailand,Thailand,MW946250,2006
709,MW946251.1|1999,1I,1I,1I,MW946251,10179,100,1999,Thailand,Thailand,MW946251,1999
710,MW946252.1|2014,1I_K.2,1I_K,1I,MW946252,10179,100,2014,Thailand,Thailand,MW946252,2014
711,MW946253.1|2000,1V,1V,1V,MW946253,10179,100,2000,Peru,Peru,MW946253,2000
712,MW946254.1|1995,1I_A,1I_A,1I,MW946254,10179,100,1995,Thailand,Thailand,MW946254,1995
713,MN954554.1|2019,1III_A,1III_A,1III,MN954554,10678,104.9022497,2019,India: Karnataka State,India,MN954554,2019
714,MN954555.1|2019,1III_A,1III_A,1III,MN954555,10565,103.792121,2019,India: Karnataka State,India,MN954555,2019
715,MT929528.1|2015-11-06,1V_F,1V_F,1V,MT929528,10053,98.76215738,2015,Brazil: Aparecida de Goiania,Brazil,MT929528,2015
716,MT929529.1|2015-08-05,1V_F,1V_F,1V,MT929529,9621,94.51812555,2015,Brazil: Goiania,Brazil,MT929529,2015
717,MT929530.1|2019-01-16,1V_F,1V_F,1V,MT929530,10041,98.64426761,2019,Brazil: Feira de Santana,Brazil,MT929530,2019
718,MT929531.1|2019-01-17,1V_F,1V_F,1V,MT929531,10057,98.80145397,2019,Brazil: Feira de Santana,Brazil,MT929531,2019
719,MT929532.1|2019-01-17,1V_F,1V_F,1V,MT929532,10051,98.74250909,2019,Brazil: Feira de Santana,Brazil,MT929532,2019
720,MT929533.1|2019-01-18,1V_F,1V_F,1V,MT929533,10048,98.71303664,2019,Brazil: Feira de Santana,Brazil,MT929533,2019
721,MT929534.1|2019-01-17,1V_F,1V_F,1V,MT929534,10048,98.71303664,2019,Brazil: Feira de Santana,Brazil,MT929534,2019
722,MT929535.1|2019-01-17,1V_F,1V_F,1V,MT929535,10049,98.72286079,2019,Brazil: Feira de Santana,Brazil,MT929535,2019
723,MT929536.1|2019-01-18,1V_F,1V_F,1V,MT929536,10049,98.72286079,2019,Brazil: Feira de Santana,Brazil,MT929536,2019
724,MT929537.1|2019-01-17,1V_F,1V_F,1V,MT929537,10050,98.73268494,2019,Brazil: Feira de Santana,Brazil,MT929537,2019
725,MT929538.1|2019-01-21,1V_F,1V_F,1V,MT929538,9621,94.51812555,2019,Brazil: Feira de Santana,Brazil,MT929538,2019
726,MT929539.1|2019-01-15,1V_F,1V_F,1V,MT929539,10052,98.75233324,2019,Brazil: Feira de Santana,Brazil,MT929539,2019
727,MT929540.1|2019-05-16,1V_F,1V_F,1V,MT929540,9621,94.51812555,2019,Brazil: Coracao de Maria,Brazil,MT929540,2019
728,MT929541.1|2019-04-08,1V_F,1V_F,1V,MT929541,10048,98.71303664,2019,Brazil: Barreiras,Brazil,MT929541,2019
729,MT929542.1|2019-04-25,1V_F,1V_F,1V,MT929542,9623,94.53777385,2019,Brazil: Feira de Santana,Brazil,MT929542,2019
730,MT929543.1|2019-01-09,1V_F,1V_F,1V,MT929543,10048,98.71303664,2019,Brazil: Feira de Santana,Brazil,MT929543,2019
731,MT929544.1|2019-02-06,1V_F,1V_F,1V,MT929544,10049,98.72286079,2019,Brazil: Coracao de Maria,Brazil,MT929544,2019
732,MT929545.1|2019-05-07,1V_F,1V_F,1V,MT929545,9621,94.51812555,2019,Brazil: Coracao de Maria,Brazil,MT929545,2019
733,MT929546.1|2019-05-16,1V_F,1V_F,1V,MT929546,10048,98.71303664,2019,Brazil: Coracao de Maria,Brazil,MT929546,2019
734,MT929547.1|2019-03-27,1V_F,1V_F,1V,MT929547,10048,98.71303664,2019,Brazil: Coracao de Maria,Brazil,MT929547,2019
735,MT929548.1|2019-05-14,1V_F,1V_F,1V,MT929548,10048,98.71303664,2019,Brazil: Coracao de Maria,Brazil,MT929548,2019
736,MT929549.1|2016-02-13,1V_E,1V_E,1V,MT929549,10049,98.72286079,2016,Brazil: Conselheiro Lafaiete,Brazil,MT929549,2016
737,MT929550.1|2016-03-14,1V_A,1V_A,1V,MT929550,10172,99.93123097,2016,Brazil: Juiz de Fora,Brazil,MT929550,2016
738,MT929551.1|2018-04-19,1V_A,1V_A,1V,MT929551,8857,87.01247667,2018,Brazil: Montes Claros,Brazil,MT929551,2018
739,MT929552.1|2018-04-12,1V_A,1V_A,1V,MT929552,10041,98.64426761,2018,Brazil: Janauba,Brazil,MT929552,2018
740,MT929553.1|2018-04-12,1V_A,1V_A,1V,MT929553,9494,93.27045879,2018,Brazil: Janauba,Brazil,MT929553,2018
741,MT929554.1|2018-03-22,1V_A,1V_A,1V,MT929554,10175,99.96070341,2018,Brazil: Belo Horizonte,Brazil,MT929554,2018
742,MT929555.1|2018-07-05,1V_A,1V_A,1V,MT929555,10048,98.71303664,2018,Brazil: Coracao de Jesus,Brazil,MT929555,2018
743,MT929556.1|2019-03-07,1V_E.1,1V_E,1V,MT929556,10048,98.71303664,2019,Brazil: Valparaiso,Brazil,MT929556,2019
744,MT929557.1|2019-04-03,1V_E.1,1V_E,1V,MT929557,9621,94.51812555,2019,Brazil: Novo Gama,Brazil,MT929557,2019
745,MT929558.1|2019-04-02,1V_E.1,1V_E,1V,MT929558,9622,94.5279497,2019,Brazil: Valparaiso,Brazil,MT929558,2019
746,MT929559.1|2019-04-09,1V_F,1V_F,1V,MT929559,10048,98.71303664,2019,Brazil: Goiania,Brazil,MT929559,2019
747,MT929560.1|2019-02-13,1V_E.1,1V_E,1V,MT929560,9621,94.51812555,2019,Brazil: Rio Verde,Brazil,MT929560,2019
748,MT929561.1|2019-02-15,1V_E.1,1V_E,1V,MT929561,10048,98.71303664,2019,Brazil: Caldas Novas,Brazil,MT929561,2019
749,MT929562.1|2019-02-21,1V_E.1,1V_E,1V,MT929562,9622,94.5279497,2019,Brazil: Rio Verde,Brazil,MT929562,2019
750,MT929563.1|2019-03-29,1V_E.1,1V_E,1V,MT929563,9621,94.51812555,2019,Brazil: Valparaiso,Brazil,MT929563,2019
751,MT929564.1|2019-04-28,1V_E.1,1V_E,1V,MT929564,9621,94.51812555,2019,Brazil: Recife,Brazil,MT929564,2019
752,MT929565.1|2019-05-29,1V_E.1,1V_E,1V,MT929565,9621,94.51812555,2019,Brazil: Cabo de Santo Agostino,Brazil,MT929565,2019
753,MT929566.1|2019-05-28,1V_E.1,1V_E,1V,MT929566,9621,94.51812555,2019,Brazil: Buique,Brazil,MT929566,2019
754,MT929567.1|2019-06-18,1V_E.1,1V_E,1V,MT929567,9621,94.51812555,2019,Brazil: Ipojuca,Brazil,MT929567,2019
755,MT929568.1|2019-06-22,1V_F,1V_F,1V,MT929568,9621,94.51812555,2019,Brazil: Sertania,Brazil,MT929568,2019
756,MT929569.1|2019-07-18,1V_F,1V_F,1V,MT929569,9618,94.48865311,2019,Brazil: Recife,Brazil,MT929569,2019
757,MT929570.1|2019-07-24,1V_E.1,1V_E,1V,MT929570,9621,94.51812555,2019,Brazil: Carpina,Brazil,MT929570,2019
758,MT929571.1|2019-05-09,1V_E.1,1V_E,1V,MT929571,10048,98.71303664,2019,Brazil: Custodia,Brazil,MT929571,2019
759,MT929572.1|2019-05-29,1V_E.1,1V_E,1V,MT929572,9622,94.5279497,2019,Brazil: Jaboatao dos Guararapes,Brazil,MT929572,2019
760,MT929573.1|2019-04-05,1V_E.1,1V_E,1V,MT929573,10048,98.71303664,2019,Brazil: Brasilia,Brazil,MT929573,2019
761,MT929574.1|2019-07-18,1V_E.1,1V_E,1V,MT929574,10048,98.71303664,2019,Brazil: Brasilia,Brazil,MT929574,2019
762,MT929575.1|2019-03-22,1V_F,1V_F,1V,MT929575,9621,94.51812555,2019,Brazil: Bom Conselho,Brazil,MT929575,2019
763,MT929576.1|2019-04-25,1V_E.1,1V_E,1V,MT929576,9621,94.51812555,2019,Brazil: Timbauba,Brazil,MT929576,2019
764,MT929577.1|2017-03-21,1V_F,1V_F,1V,MT929577,10049,98.72286079,2017,Brazil: Brasilia de Minas,Brazil,MT929577,2017
765,MT929578.1|2017-05-09,1V_E,1V_E,1V,MT929578,10064,98.87022301,2017,Brazil: Sao Francisco,Brazil,MT929578,2017
766,MT929579.1|2017-05-08,1V_E.1,1V_E,1V,MT929579,10053,98.76215738,2017,Brazil: Varzelandia,Brazil,MT929579,2017
767,MT929580.1|2017-05-08,1V_E.1,1V_E,1V,MT929580,10049,98.72286079,2017,Brazil: Varzelandia,Brazil,MT929580,2017
768,MT929581.1|2016-01-19,1V_E,1V_E,1V,MT929581,9621,94.51812555,2016,Brazil: Ribeirao Preto,Brazil,MT929581,2016
769,MT929582.1|2016-01-29,1V_A,1V_A,1V,MT929582,8384,82.36565478,2016,Brazil: Ribeirao Preto,Brazil,MT929582,2016
770,MT929583.1|2016-02-13,1V_A,1V_A,1V,MT929583,8852,86.96335593,2016,Brazil: Ribeirao Preto,Brazil,MT929583,2016
771,MT929584.1|2016-02-20,1V_F,1V_F,1V,MT929584,10048,98.71303664,2016,Brazil: Ribeirao Preto,Brazil,MT929584,2016
772,MW261824.1|2019-11-30,1I_K.1.1,1I_K,1I,MW261824,10701,105.1282051,2019,China,China,MW261824,2019
773,MW261825.1|2019-11-30,1I_K.1.1,1I_K,1I,MW261825,10693,105.0496119,2019,China,China,MW261825,2019
774,MW261826.1|2019-11-30,1I_K.1.1,1I_K,1I,MW261826,10700,105.118381,2019,China,China,MW261826,2019
775,MW261827.1|2019-11-30,1I_K.1.1,1I_K,1I,MW261827,10690,105.0201395,2019,China,China,MW261827,2019
776,MW261828.1|2019-11-30,1I_K.1.1,1I_K,1I,MW261828,10704,105.1576776,2019,China,China,MW261828,2019
777,MW261829.1|2019-11-30,1I_E.1,1I_E,1I,MW261829,10691,105.0299637,2019,China,China,MW261829,2019
778,MW261830.1|2019-11-30,1I_E.1,1I_E,1I,MW261830,10690,105.0201395,2019,China,China,MW261830,2019
779,MW261831.1|2019-11-30,1I_E.1,1I_E,1I,MW261831,10691,105.0299637,2019,China,China,MW261831,2019
780,MW261832.1|2019-11-30,1III_A.2,1III_A,1III,MW261832,10669,104.8138324,2019,China,China,MW261832,2019
781,MW261833.1|2019-11-30,1I_E.1,1I_E,1I,MW261833,10682,104.9415463,2019,China,China,MW261833,2019
782,MW261834.1|2019-11-30,1I_E.1,1I_E,1I,MW261834,10679,104.9120739,2019,China,China,MW261834,2019
783,MW261835.1|2019-11-30,1I_E.1,1I_E,1I,MW261835,10684,104.9611946,2019,China,China,MW261835,2019
784,MW261836.1|2019-11-30,1IV_B.1,1IV_B,1IV,MW261836,10679,104.9120739,2019,China,China,MW261836,2019
785,MW261837.1|2019-11-30,1I_K.1.1,1I_K,1I,MW261837,10680,104.921898,2019,China,China,MW261837,2019
786,MW261838.1|2019-11-30,1I_E.1,1I_E,1I,MW261838,10678,104.9022497,2019,China,China,MW261838,2019
787,MW261839.1|2019-11-30,1I_E.1,1I_E,1I,MW261839,10687,104.9906671,2019,China,China,MW261839,2019
788,MW261840.1|2019-11-30,1I_K.3,1I_K,1I,MW261840,10690,105.0201395,2019,China,China,MW261840,2019
789,MW261841.1|2019-11-30,1I_E.1,1I_E,1I,MW261841,10712,105.2362708,2019,China,China,MW261841,2019
790,MW261842.1|2019-11-30,1I_E.1,1I_E,1I,MW261842,10690,105.0201395,2019,China,China,MW261842,2019
791,MW261843.1|2019-11-30,1I_E.1,1I_E,1I,MW261843,10682,104.9415463,2019,China,China,MW261843,2019
792,MW261844.1|2019-11-30,1I_E.1,1I_E,1I,MW261844,10695,105.0692602,2019,China,China,MW261844,2019
793,MW261845.1|2019-11-30,1I_E.1,1I_E,1I,MW261845,10692,105.0397878,2019,China,China,MW261845,2019
794,MW261846.1|2019-11-30,1I_E.1,1I_E,1I,MW261846,10712,105.2362708,2019,China,China,MW261846,2019
795,MW261847.1|2019-11-30,1I_E.1,1I_E,1I,MW261847,10701,105.1282051,2019,China,China,MW261847,2019
796,MW261848.1|2019-11-30,1I_E.1,1I_E,1I,MW261848,10680,104.921898,2019,China,China,MW261848,2019
797,MW362471.1|2005-11,1I_K,1I_K,1I,MW362471,10735,105.4622262,2005,Thailand,Thailand,MW362471,2005
798,MW362472.1|2005-11,1I_K,1I_K,1I,MW362472,10727,105.383633,2005,Thailand,Thailand,MW362472,2005
799,MW362473.1|2005-11,1I_K,1I_K,1I,MW362473,10725,105.3639847,2005,Thailand,Thailand,MW362473,2005
800,MW362474.1|2005-11,1I_K,1I_K,1I,MW362474,10735,105.4622262,2005,Thailand,Thailand,MW362474,2005
801,MW362475.1|2005-11,1I_K,1I_K,1I,MW362475,10708,105.1969742,2005,Thailand,Thailand,MW362475,2005
802,MW362476.1|2005-11,1I_K,1I_K,1I,MW362476,10708,105.1969742,2005,Thailand,Thailand,MW362476,2005
803,MW362477.1|2005-11,1I_K,1I_K,1I,MW362477,10716,105.2755673,2005,Thailand,Thailand,MW362477,2005
804,MW582813.1|2019-06-21,1IV,1IV,1IV,MW582813,10735,105.4622262,2019,"China: Wenzhou,Zhejiang",China,MW582813,2019
805,MW582815.1|2019-08-30,1I_E.1,1I_E,1I,MW582815,10735,105.4622262,2019,"China: Wenzhou,Zhejiang",China,MW582815,2019
806,MW582816.1|2019-08-30,1I_E.1,1I_E,1I,MW582816,10735,105.4622262,2019,"China: Wenzhou,Zhejiang",China,MW582816,2019
807,MW553079.1|2019-09-05,1I_K.1.1,1I_K,1I,MW553079,10682,104.9415463,2019,China: Hainan HK,China,MW553079,2019
808,MW553080.1|2019-09-11,1I_K.1.1,1I_K,1I,MW553080,10682,104.9415463,2019,China: Hainan HK,China,MW553080,2019
809,MW547779.1|2019-09-07,1I_K.1.1,1I_K,1I,MW547779,10695,105.0692602,2019,China: Hainan HK,China,MW547779,2019
810,MW547780.1|2019-09-10,1I_K.1.1,1I_K,1I,MW547780,10684,104.9611946,2019,China: Hainan HK,China,MW547780,2019
811,MW547783.1|2019-09-11,1I_K.1.1,1I_K,1I,MW547783,10691,105.0299637,2019,China: Hainan HK,China,MW547783,2019
812,MW548420.1|2019-09-12,1I_E.1,1I_E,1I,MW548420,10679,104.9120739,2019,China: Hainan,China,MW548420,2019
813,MT832032.1|2013,1IV_B.1,1IV_B,1IV,MT832032,10179,100,2013,Philippines,Philippines,MT832032,2013
814,MT832033.1|2015,1IV_B.2,1IV_B,1IV,MT832033,10179,100,2015,Philippines,Philippines,MT832033,2015
815,MT832034.1|2015,1IV_B.2,1IV_B,1IV,MT832034,10141,99.62668239,2015,Philippines,Philippines,MT832034,2015
816,MT832035.1|2012,1IV_B.1,1IV_B,1IV,MT832035,10179,100,2012,Philippines,Philippines,MT832035,2012
817,MT832036.1|2012,1IV_B.1,1IV_B,1IV,MT832036,10179,100,2012,Philippines,Philippines,MT832036,2012
818,MT832037.1|2012,1IV_B.2,1IV_B,1IV,MT832037,10179,100,2012,Philippines,Philippines,MT832037,2012
819,MT832038.1|2012,1IV_B.2,1IV_B,1IV,MT832038,10179,100,2012,Philippines,Philippines,MT832038,2012
820,MT832039.1|2012,1IV_B.2,1IV_B,1IV,MT832039,10179,100,2012,Philippines,Philippines,MT832039,2012
821,MT832040.1|2012,1IV_B.2,1IV_B,1IV,MT832040,10179,100,2012,Philippines,Philippines,MT832040,2012
822,MT832041.1|2012,1IV_B.1,1IV_B,1IV,MT832041,10179,100,2012,Philippines,Philippines,MT832041,2012
823,MT832042.1|2012,1IV_B.1,1IV_B,1IV,MT832042,10179,100,2012,Philippines,Philippines,MT832042,2012
824,MT832043.1|2013,1IV_B.1,1IV_B,1IV,MT832043,10179,100,2013,Philippines,Philippines,MT832043,2013
825,MT832044.1|2013,1IV_B.1,1IV_B,1IV,MT832044,10179,100,2013,Philippines,Philippines,MT832044,2013
826,MT832045.1|2013,1IV_B.2,1IV_B,1IV,MT832045,10179,100,2013,Philippines,Philippines,MT832045,2013
827,MT832046.1|2013,1IV_B.2,1IV_B,1IV,MT832046,10179,100,2013,Philippines,Philippines,MT832046,2013
828,MT832047.1|2013,1IV_B.1,1IV_B,1IV,MT832047,10179,100,2013,Philippines,Philippines,MT832047,2013
829,MT832048.1|2013,1IV_B.1,1IV_B,1IV,MT832048,10179,100,2013,Philippines,Philippines,MT832048,2013
830,MT832049.1|2012,1IV_B.2,1IV_B,1IV,MT832049,10179,100,2012,Philippines,Philippines,MT832049,2012
831,MT832050.1|2012,1IV_B.2,1IV_B,1IV,MT832050,10179,100,2012,Philippines,Philippines,MT832050,2012
832,MT832051.1|2012,1IV_B.2,1IV_B,1IV,MT832051,10179,100,2012,Philippines,Philippines,MT832051,2012
833,MT832052.1|2012,1IV_B.2,1IV_B,1IV,MT832052,10179,100,2012,Philippines,Philippines,MT832052,2012
834,MN567692.1|2017-08-26,1III_A,1III_A,1III,MN567692,10383,102.0041261,2017,China,China,MN567692,2017
835,MN567693.1|2017-08-26,1III_A,1III_A,1III,MN567693,10383,102.0041261,2017,China,China,MN567693,2017
836,MN567694.1|2017-08-26,1III_A,1III_A,1III,MN567694,10383,102.0041261,2017,China,China,MN567694,2017
837,MN567695.1|2017-08-26,1III_A,1III_A,1III,MN567695,10383,102.0041261,2017,China,China,MN567695,2017
838,MN567696.1|2017-08-26,1III_A,1III_A,1III,MN567696,10383,102.0041261,2017,China,China,MN567696,2017
839,MN567697.1|2017-08-26,1III_A,1III_A,1III,MN567697,10383,102.0041261,2017,China,China,MN567697,2017
840,MW386862.1|2019-10,1I_E.1,1I_E,1I,MW386862,10735,105.4622262,2019,China: Yunnan,China,MW386862,2019
841,MW386863.1|2019-10,1I_E.1,1I_E,1I,MW386863,10707,105.18715,2019,China: Yunnan,China,MW386863,2019
842,MW386864.1|2019-10,1I_E.1,1I_E,1I,MW386864,10721,105.3246881,2019,China: Yunnan,China,MW386864,2019
843,MW386865.1|2019-10,1I_E.1,1I_E,1I,MW386865,10742,105.5309952,2019,China: Yunnan,China,MW386865,2019
844,MW386866.1|2019-10,1I_E.1,1I_E,1I,MW386866,10396,102.1318401,2019,China: Yunnan,China,MW386866,2019
845,MW386867.1|2019-10,1I_H.1,1I_H,1I,MW386867,10739,105.5015227,2019,China: Yunnan,China,MW386867,2019
846,MW386902.1|2009-01,1I_K.6,1I_K,1I,MW386902,10710,105.2166225,2009,China: Yunnan,China,MW386902,2009
847,MW377899.1|2014-12-10,1V_F,1V_F,1V,MW377899,10348,101.660281,2014,Brazil: Amapa,Brazil,MW377899,2014
848,MW377900.1|2014-10-24,1V_F,1V_F,1V,MW377900,10334,101.5227429,2014,Brazil: Amapa,Brazil,MW377900,2014
849,MW377901.1|2015-02-23,1V_F,1V_F,1V,MW377901,10324,101.4245014,2015,Brazil: Amapa,Brazil,MW377901,2015
850,MW377902.1|2014-07-07,1V_F,1V_F,1V,MW377902,10353,101.7094017,2014,Brazil: Amapa,Brazil,MW377902,2014
851,MW377903.1|2014-09-14,1V_F,1V_F,1V,MW377903,10339,101.5718636,2014,Brazil: Amapa,Brazil,MW377903,2014
852,MW377904.1|2015-06-19,1V_F,1V_F,1V,MW377904,10352,101.6995776,2015,Brazil: Amapa,Brazil,MW377904,2015
853,MW377905.1|2015-05-29,1V_F,1V_F,1V,MW377905,9884,97.10187641,2015,Brazil: Amapa,Brazil,MW377905,2015
854,MW377906.1|2015-07-10,1V_F,1V_F,1V,MW377906,10339,101.5718636,2015,Brazil: Amapa,Brazil,MW377906,2015
855,MW377907.1|2015-02-23,1V_F,1V_F,1V,MW377907,10352,101.6995776,2015,Brazil: Amapa,Brazil,MW377907,2015
856,MW377908.1|2015-02-25,1V_F,1V_F,1V,MW377908,10335,101.532567,2015,Brazil: Amapa,Brazil,MW377908,2015
857,MW377909.1|2015-02-27,1V_F,1V_F,1V,MW377909,10343,101.6111602,2015,Brazil: Amapa,Brazil,MW377909,2015
858,MW377910.1|2014-10-01,1V_F,1V_F,1V,MW377910,9345,91.80666077,2014,Brazil: Amapa,Brazil,MW377910,2014
859,MW364630.1|2014-02-04,1I_E,1I_E,1I,MW364630,10732,105.4327537,2014,New Caledonia,New Caledonia,MW364630,2014
860,MW364631.1|2014-02-17,1I_E,1I_E,1I,MW364631,10732,105.4327537,2014,New Caledonia,New Caledonia,MW364631,2014
861,MT040682.1|2018-05-04,1V_E.4,1V_E,1V,MT040682,9577,94.08586305,2018,Paraguay: San Pedro de Ycuamamdyju,Paraguay,MT040682,2018
862,MT040683.1|2018-05-31,1V_E.4,1V_E,1V,MT040683,9577,94.08586305,2018,Paraguay: Asuncion,Paraguay,MT040683,2018
863,MT040684.1|2018-06-08,1V_E.4,1V_E,1V,MT040684,9577,94.08586305,2018,Paraguay: Encarnacion,Paraguay,MT040684,2018
864,MT040685.1|2018-06-04,1V_E.4,1V_E,1V,MT040685,9577,94.08586305,2018,Paraguay: Villarrica,Paraguay,MT040685,2018
865,MT040686.1|2018-06-07,1V_E.4,1V_E,1V,MT040686,9577,94.08586305,2018,Paraguay: Encarnacion,Paraguay,MT040686,2018
866,MT040687.1|2018-06-08,1V_E.4,1V_E,1V,MT040687,9577,94.08586305,2018,Paraguay: Cambyreta,Paraguay,MT040687,2018
867,MW295817.1|2020-07-12,1III_A.3,1III_A,1III,MW295817,10637,104.4994597,2020,China: Guangzhou,China,MW295817,2020
868,MW288032.1|2018-11,1III_A,1III_A,1III,MW288032,10693,105.0496119,2018,Senegal,Senegal,MW288032,2018
869,MW288036.1|2018-11,1III_A,1III_A,1III,MW288036,10683,104.9513705,2018,Senegal,Senegal,MW288036,2018
870,MN886900.1|2013-12-30,1I_K.6,1I_K,1I,MN886900,10731,105.4229296,2013,China,China,MN886900,2013
871,MN886901.1|2013-12-30,1I_K.6,1I_K,1I,MN886901,10704,105.1576776,2013,China,China,MN886901,2013
872,MN886902.1|2013-12-30,1I_K.6,1I_K,1I,MN886902,10707,105.18715,2013,China,China,MN886902,2013
873,MN886903.1|2013-12-30,1I_K.6,1I_K,1I,MN886903,10725,105.3639847,2013,China,China,MN886903,2013
874,MN886904.1|2013-12-30,1I_K.6,1I_K,1I,MN886904,10724,105.3541605,2013,China,China,MN886904,2013
875,MN886905.1|2013-12-30,1I_K.6,1I_K,1I,MN886905,10731,105.4229296,2013,China,China,MN886905,2013
876,MN886906.1|2013-12-30,1I_K.6,1I_K,1I,MN886906,10728,105.3934571,2013,China,China,MN886906,2013
877,MN886907.1|2013-12-30,1I_K.6,1I_K,1I,MN886907,10705,105.1675017,2013,China,China,MN886907,2013
878,MN886908.1|2013-12-30,1I_K.6,1I_K,1I,MN886908,10712,105.2362708,2013,China,China,MN886908,2013
879,MN886909.1|2013-12-30,1I_K.6,1I_K,1I,MN886909,10714,105.255919,2013,China,China,MN886909,2013
880,MN886910.1|2013-12-30,1I_K.6,1I_K,1I,MN886910,10733,105.4425779,2013,China,China,MN886910,2013
881,MN886911.1|2013-12-30,1I_K.6,1I_K,1I,MN886911,10730,105.4131054,2013,China,China,MN886911,2013
882,MN886912.1|2013-12-30,1I_K.6,1I_K,1I,MN886912,10726,105.3738088,2013,China,China,MN886912,2013
883,MN886913.1|2013-12-30,1I_K.6,1I_K,1I,MN886913,10714,105.255919,2013,China,China,MN886913,2013
884,MN886914.1|2013-12-30,1I_H.1,1I_H,1I,MN886914,10700,105.118381,2013,China,China,MN886914,2013
885,MW243006.1|2016-06-19,1VII_A,1VII_A,1VII,MW243006,10568,103.8215935,2016,Republic of the Congo,Republic of the Congo,MW243006,2016
886,MW243050.1|2017-10-30,1III_A,1III_A,1III,MW243050,10646,104.587877,2017,Burkina Faso,Burkina Faso,MW243050,2017
887,MW243051.1|2019-03-30,1III_A,1III_A,1III,MW243051,10673,104.853129,2019,Cote d'Ivoire,Cote d'Ivoire,MW243051,2019
888,MW243052.1|2019-06-16,1III_A,1III_A,1III,MW243052,10649,104.6173494,2019,Cote d'Ivoire,Cote d'Ivoire,MW243052,2019
889,MW243053.1|2019-07-13,1III_A,1III_A,1III,MW243053,10647,104.5977011,2019,Cote d'Ivoire,Cote d'Ivoire,MW243053,2019
890,MW243062.1|2019-09-18,1III_A,1III_A,1III,MW243062,10646,104.587877,2019,Senegal,Senegal,MW243062,2019
891,MW243063.1|2015-10-22,1III_A,1III_A,1III,MW243063,10646,104.587877,2015,Mauritania,Mauritania,MW243063,2015
892,MW208042.1|2018-10-01,1V_A,1V_A,1V,MW208042,9592,94.23322527,2018,"Brazil: Sao Paulo, Ribeirao Preto",Brazil,MW208042,2018
893,MW208043.1|2018-11-11,1V_A,1V_A,1V,MW208043,10179,100,2018,"Brazil: Sao Paulo, Ribeirao Preto",Brazil,MW208043,2018
894,MW208044.1|2018-11-18,1V_A,1V_A,1V,MW208044,10179,100,2018,"Brazil: Sao Paulo, Ribeirao Preto",Brazil,MW208044,2018
895,MW208056.1|2019-06-05,1V_E.1,1V_E,1V,MW208056,10179,100,2019,"Brazil: Sao Paulo, Ribeirao Preto",Brazil,MW208056,2019
896,MN886879.1|2014-11-30,1I_K.6,1I_K,1I,MN886879,10706,105.1773259,2014,China,China,MN886879,2014
897,MN886880.1|2014-11-30,1I_K.2,1I_K,1I,MN886880,10694,105.0594361,2014,China,China,MN886880,2014
898,MN886881.1|2014-11-30,1I_K.6,1I_K,1I,MN886881,10698,105.0987327,2014,China,China,MN886881,2014
899,MN886882.1|2014-11-30,1I_K.2,1I_K,1I,MN886882,10701,105.1282051,2014,China,China,MN886882,2014
900,MN886883.1|2014-11-30,1I_K.2,1I_K,1I,MN886883,10701,105.1282051,2014,China,China,MN886883,2014
901,MN886884.1|2014-11-30,1I_K.6,1I_K,1I,MN886884,10693,105.0496119,2014,China,China,MN886884,2014
902,MN886885.1|2014-11-30,1I_K.2,1I_K,1I,MN886885,10692,105.0397878,2014,China,China,MN886885,2014
903,MN886886.1|2014-11-30,1I_K.6,1I_K,1I,MN886886,10714,105.255919,2014,China,China,MN886886,2014
904,MN886887.1|2014-11-30,1I_K.6,1I_K,1I,MN886887,10710,105.2166225,2014,China,China,MN886887,2014
905,MN886888.1|2014-11-30,1I_K.6,1I_K,1I,MN886888,10696,105.0790844,2014,China,China,MN886888,2014
906,MN886889.1|2014-11-30,1I_K.6,1I_K,1I,MN886889,10726,105.3738088,2014,China,China,MN886889,2014
907,MN886890.1|2014-11-30,1I_K.6,1I_K,1I,MN886890,10699,105.1085568,2014,China,China,MN886890,2014
908,MN886891.1|2014-11-30,1I_K.6,1I_K,1I,MN886891,10717,105.2853915,2014,China,China,MN886891,2014
909,MN886892.1|2014-11-30,1I_K.6,1I_K,1I,MN886892,10694,105.0594361,2014,China,China,MN886892,2014
910,MN886893.1|2014-11-30,1I_K.2,1I_K,1I,MN886893,10725,105.3639847,2014,China,China,MN886893,2014
911,MN886894.1|2014-11-30,1I_K.6,1I_K,1I,MN886894,10708,105.1969742,2014,China,China,MN886894,2014
912,MN886895.1|2014-11-30,1I_K.6,1I_K,1I,MN886895,10725,105.3639847,2014,China,China,MN886895,2014
913,MN886896.1|2014-11-30,1I_K.6,1I_K,1I,MN886896,10702,105.1380293,2014,China,China,MN886896,2014
914,MN886897.1|2014-11-30,1I_K.6,1I_K,1I,MN886897,10723,105.3443364,2014,China,China,MN886897,2014
915,MN886898.1|2014-11-30,1I_K.6,1I_K,1I,MN886898,10729,105.4032813,2014,China,China,MN886898,2014
916,MN886899.1|2014-11-30,1I_K.6,1I_K,1I,MN886899,10709,105.2067983,2014,China,China,MN886899,2014
917,MN886915.1|2006-12-30,1I_H.1,1I_H,1I,MN886915,10699,105.1085568,2006,China,China,MN886915,2006
918,MN886916.1|2006-12-30,1I_E,1I_E,1I,MN886916,10702,105.1380293,2006,China,China,MN886916,2006
919,MN886917.1|2006-12-30,1I_E,1I_E,1I,MN886917,10725,105.3639847,2006,China,China,MN886917,2006
920,MN886918.1|2006-12-30,1I_E,1I_E,1I,MN886918,10692,105.0397878,2006,China,China,MN886918,2006
921,MN886919.1|2006-12-30,1I_E,1I_E,1I,MN886919,10703,105.1478534,2006,China,China,MN886919,2006
922,MN886920.1|2006-12-30,1I_E,1I_E,1I,MN886920,10701,105.1282051,2006,China,China,MN886920,2006
923,MN886921.1|2006-12-30,1I_E,1I_E,1I,MN886921,10692,105.0397878,2006,China,China,MN886921,2006
924,MN886922.1|2006-12-30,1I_E,1I_E,1I,MN886922,10718,105.2952156,2006,China,China,MN886922,2006
925,MN886923.1|2006-12-30,1I_E,1I_E,1I,MN886923,10692,105.0397878,2006,China,China,MN886923,2006
926,MN886924.1|2006-12-30,1I_H.1,1I_H,1I,MN886924,10698,105.0987327,2006,China,China,MN886924,2006
927,MN448597.1|2009-11-11,1I_H.1,1I_H,1I,MN448597,10179,100,2009,Thailand,Thailand,MN448597,2009
928,MN448598.1|2010-09-28,1I_H.1,1I_H,1I,MN448598,10179,100,2010,Thailand,Thailand,MN448598,2010
929,MN448599.1|2011-02-07,1I_K,1I_K,1I,MN448599,10179,100,2011,Thailand,Thailand,MN448599,2011
930,MN448600.1|2011-02-08,1I_K,1I_K,1I,MN448600,10179,100,2011,Thailand,Thailand,MN448600,2011
931,MN448601.1|2011-02-08,1I_K,1I_K,1I,MN448601,10179,100,2011,Thailand,Thailand,MN448601,2011
932,MN448602.1|2011-04-21,1I_K,1I_K,1I,MN448602,10179,100,2011,Thailand,Thailand,MN448602,2011
933,MN448603.1|2011-04-21,1I_K,1I_K,1I,MN448603,10179,100,2011,Thailand,Thailand,MN448603,2011
934,MN448604.1|2011-04-26,1I_K,1I_K,1I,MN448604,10179,100,2011,Thailand,Thailand,MN448604,2011
935,MN448605.1|2011-06-03,1I_K,1I_K,1I,MN448605,10179,100,2011,Thailand,Thailand,MN448605,2011
936,MN448607.1|2011-06-04,1I_K,1I_K,1I,MN448607,10179,100,2011,Thailand,Thailand,MN448607,2011
937,MN448608.1|2011-06-03,1I_K,1I_K,1I,MN448608,10179,100,2011,Thailand,Thailand,MN448608,2011
938,MN448609.1|2011-06-15,1I_K,1I_K,1I,MN448609,10179,100,2011,Thailand,Thailand,MN448609,2011
939,MN448610.1|2011-06-14,1I_K,1I_K,1I,MN448610,10179,100,2011,Thailand,Thailand,MN448610,2011
940,MN448611.1|2011-06-15,1I_K,1I_K,1I,MN448611,10179,100,2011,Thailand,Thailand,MN448611,2011
941,MN448612.1|2011-06-21,1I_K,1I_K,1I,MN448612,10179,100,2011,Thailand,Thailand,MN448612,2011
942,MN448613.1|2011-06-21,1I_K,1I_K,1I,MN448613,10179,100,2011,Thailand,Thailand,MN448613,2011
943,MN448614.1|2011-06-22,1I_K,1I_K,1I,MN448614,10179,100,2011,Thailand,Thailand,MN448614,2011
944,MN448615.1|2011-06-30,1I_K,1I_K,1I,MN448615,10179,100,2011,Thailand,Thailand,MN448615,2011
945,MN448616.1|2011-07-01,1I_H.1,1I_H,1I,MN448616,10179,100,2011,Thailand,Thailand,MN448616,2011
946,MN448617.1|2011-07-07,1I_K,1I_K,1I,MN448617,10179,100,2011,Thailand,Thailand,MN448617,2011
947,MN448618.1|2011-07-28,1I_H.1,1I_H,1I,MN448618,10179,100,2011,Thailand,Thailand,MN448618,2011
948,MN448619.1|2011-07-28,1I_H.1,1I_H,1I,MN448619,10179,100,2011,Thailand,Thailand,MN448619,2011
949,MN448620.1|2011-08-02,1I_K,1I_K,1I,MN448620,10179,100,2011,Thailand,Thailand,MN448620,2011
950,MN448621.1|2011-08-11,1I_K,1I_K,1I,MN448621,10179,100,2011,Thailand,Thailand,MN448621,2011
951,MN448622.1|2011-08-11,1I_K,1I_K,1I,MN448622,10179,100,2011,Thailand,Thailand,MN448622,2011
952,MN448623.1|2011-11-29,1I_H.1,1I_H,1I,MN448623,10179,100,2011,Thailand,Thailand,MN448623,2011
953,MN448624.1|2012-10-10,1I_H.1,1I_H,1I,MN448624,10179,100,2012,Thailand,Thailand,MN448624,2012
954,MN448625.1|2012-10-10,1I_H.1,1I_H,1I,MN448625,10179,100,2012,Thailand,Thailand,MN448625,2012
955,MN448626.1|2012-10-10,1I_H.1,1I_H,1I,MN448626,10179,100,2012,Thailand,Thailand,MN448626,2012
956,MN448628.1|2012-10-10,1I_H.1,1I_H,1I,MN448628,10179,100,2012,Thailand,Thailand,MN448628,2012
957,MN448630.1|2012-11-06,1I_K.5,1I_K,1I,MN448630,10179,100,2012,Thailand,Thailand,MN448630,2012
958,MN448631.1|2009-11-09,1I_H.1,1I_H,1I,MN448631,10179,100,2009,Thailand,Thailand,MN448631,2009
959,MN448632.1|2010-06-15,1I_F,1I_F,1I,MN448632,10179,100,2010,Thailand,Thailand,MN448632,2010
960,MN448633.1|2010-07-06,1I_K,1I_K,1I,MN448633,10179,100,2010,Thailand,Thailand,MN448633,2010
961,MN448634.1|2010-07-07,1I_K,1I_K,1I,MN448634,10179,100,2010,Thailand,Thailand,MN448634,2010
962,MN448635.1|2010-08-03,1I_K.5,1I_K,1I,MN448635,10179,100,2010,Thailand,Thailand,MN448635,2010
963,MN448636.1|2010-08-10,1I_K,1I_K,1I,MN448636,10179,100,2010,Thailand,Thailand,MN448636,2010
964,MN448637.1|2010-09-14,1I_H.1,1I_H,1I,MN448637,10179,100,2010,Thailand,Thailand,MN448637,2010
965,MN448638.1|2010-09-23,1I_H.1,1I_H,1I,MN448638,10179,100,2010,Thailand,Thailand,MN448638,2010
966,MN448639.1|2010-09-27,1I_H.1,1I_H,1I,MN448639,10179,100,2010,Thailand,Thailand,MN448639,2010
967,MN448640.1|2010-10-20,1I_H.1,1I_H,1I,MN448640,10179,100,2010,Thailand,Thailand,MN448640,2010
968,MN448641.1|2010-11-01,1I_H.1,1I_H,1I,MN448641,10179,100,2010,Thailand,Thailand,MN448641,2010
969,MN448642.1|2010-12-07,1I_H.1,1I_H,1I,MN448642,10179,100,2010,Thailand,Thailand,MN448642,2010
970,MN448643.1|2011-02-07,1I_K,1I_K,1I,MN448643,10179,100,2011,Thailand,Thailand,MN448643,2011
971,MN448644.1|2011-02-11,1I_K,1I_K,1I,MN448644,10179,100,2011,Thailand,Thailand,MN448644,2011
972,MN448645.1|2011-04-18,1I_K,1I_K,1I,MN448645,10179,100,2011,Thailand,Thailand,MN448645,2011
973,MN448646.1|2011-04-20,1I_K,1I_K,1I,MN448646,10179,100,2011,Thailand,Thailand,MN448646,2011
974,MN448647.1|2011-06-01,1I_K,1I_K,1I,MN448647,10179,100,2011,Thailand,Thailand,MN448647,2011
975,MN448648.1|2011-06-13,1I_K,1I_K,1I,MN448648,10179,100,2011,Thailand,Thailand,MN448648,2011
976,MN448649.1|2011-06-13,1I_K,1I_K,1I,MN448649,10179,100,2011,Thailand,Thailand,MN448649,2011
977,MN448650.1|2011-06-14,1I_K,1I_K,1I,MN448650,10179,100,2011,Thailand,Thailand,MN448650,2011
978,MN448651.1|2011-06-15,1I_K,1I_K,1I,MN448651,10179,100,2011,Thailand,Thailand,MN448651,2011
979,MN448652.1|2011-06-22,1I_K,1I_K,1I,MN448652,10179,100,2011,Thailand,Thailand,MN448652,2011
980,MN448653.1|2011-06-20,1I_K,1I_K,1I,MN448653,10179,100,2011,Thailand,Thailand,MN448653,2011
981,MN448654.1|2011-06-27,1I_K,1I_K,1I,MN448654,10179,100,2011,Thailand,Thailand,MN448654,2011
982,MN448655.1|2011-06-27,1I_K,1I_K,1I,MN448655,10179,100,2011,Thailand,Thailand,MN448655,2011
983,MN448656.1|2011-06-29,1I_H.1,1I_H,1I,MN448656,10179,100,2011,Thailand,Thailand,MN448656,2011
984,MN448657.1|2011-07-05,1I_K,1I_K,1I,MN448657,10179,100,2011,Thailand,Thailand,MN448657,2011
985,MN448658.1|2011-07-05,1I_K,1I_K,1I,MN448658,10179,100,2011,Thailand,Thailand,MN448658,2011
986,MN448659.1|2011-07-11,1I_H.1,1I_H,1I,MN448659,10179,100,2011,Thailand,Thailand,MN448659,2011
987,MN448660.1|2011-07-12,1I_H.1,1I_H,1I,MN448660,10179,100,2011,Thailand,Thailand,MN448660,2011
988,MN448661.1|2011-07-19,1I_K,1I_K,1I,MN448661,10179,100,2011,Thailand,Thailand,MN448661,2011
989,MN448662.1|2011-07-20,1I_F,1I_F,1I,MN448662,10179,100,2011,Thailand,Thailand,MN448662,2011
990,MN448663.1|2011-07-26,1I_H.1,1I_H,1I,MN448663,10179,100,2011,Thailand,Thailand,MN448663,2011
991,MN448664.1|2011-07-26,1I_K,1I_K,1I,MN448664,10179,100,2011,Thailand,Thailand,MN448664,2011
992,MN448665.1|2011-08-01,1I_K,1I_K,1I,MN448665,10179,100,2011,Thailand,Thailand,MN448665,2011
993,MN448666.1|2011-08-02,1I_H.1,1I_H,1I,MN448666,10179,100,2011,Thailand,Thailand,MN448666,2011
994,MN448667.1|2011-08-03,1I_H.1,1I_H,1I,MN448667,10179,100,2011,Thailand,Thailand,MN448667,2011
995,MN448668.1|2011-08-08,1I_K,1I_K,1I,MN448668,10179,100,2011,Thailand,Thailand,MN448668,2011
996,MN448669.1|2011-08-08,1I_K,1I_K,1I,MN448669,10179,100,2011,Thailand,Thailand,MN448669,2011
997,MN448670.1|2011-08-09,1I_K,1I_K,1I,MN448670,10179,100,2011,Thailand,Thailand,MN448670,2011
998,MN448671.1|2011-08-15,1I_K,1I_K,1I,MN448671,10179,100,2011,Thailand,Thailand,MN448671,2011
999,MN448672.1|2011-08-22,1I_K,1I_K,1I,MN448672,10179,100,2011,Thailand,Thailand,MN448672,2011
1000,MN448673.1|2011-08-30,1I_K,1I_K,1I,MN448673,10179,100,2011,Thailand,Thailand,MN448673,2011
1001,MN448674.1|2011-09-05,1I_K,1I_K,1I,MN448674,10179,100,2011,Thailand,Thailand,MN448674,2011
1002,MN448675.1|2011-09-26,1I_H.1,1I_H,1I,MN448675,10179,100,2011,Thailand,Thailand,MN448675,2011
1003,MN448676.1|2011-11-07,1I_K,1I_K,1I,MN448676,10179,100,2011,Thailand,Thailand,MN448676,2011
1004,MN448677.1|2011-11-09,1I_H.1,1I_H,1I,MN448677,10179,100,2011,Thailand,Thailand,MN448677,2011
1005,MN448678.1|2011-11-14,1I_H.1,1I_H,1I,MN448678,10179,100,2011,Thailand,Thailand,MN448678,2011
1006,MN448679.1|2011-11-28,1I_H.1,1I_H,1I,MN448679,10179,100,2011,Thailand,Thailand,MN448679,2011
1007,MN448680.1|2011-11-28,1I_H.1,1I_H,1I,MN448680,10179,100,2011,Thailand,Thailand,MN448680,2011
1008,MN448681.1|2012-05-01,1I_K.5,1I_K,1I,MN448681,10179,100,2012,Thailand,Thailand,MN448681,2012
1009,MN448682.1|2012-05-28,1I_K.5,1I_K,1I,MN448682,10179,100,2012,Thailand,Thailand,MN448682,2012
1010,MN448683.1|2012-06-06,1I_K.5,1I_K,1I,MN448683,10179,100,2012,Thailand,Thailand,MN448683,2012
1011,MN448684.1|2012-06-25,1I_K.5,1I_K,1I,MN448684,10179,100,2012,Thailand,Thailand,MN448684,2012
1012,MN448685.1|2012-06-26,1I_K.5,1I_K,1I,MN448685,10179,100,2012,Thailand,Thailand,MN448685,2012
1013,MN448686.1|2012-06-27,1I_K.5,1I_K,1I,MN448686,10179,100,2012,Thailand,Thailand,MN448686,2012
1014,MN448687.1|2012-07-03,1I_K,1I_K,1I,MN448687,10179,100,2012,Thailand,Thailand,MN448687,2012
1015,MN448688.1|2012-08-27,1I_K,1I_K,1I,MN448688,10179,100,2012,Thailand,Thailand,MN448688,2012
1016,MN448689.1|2012-09-10,1I_K,1I_K,1I,MN448689,10179,100,2012,Thailand,Thailand,MN448689,2012
1017,MN448690.1|2012-09-11,1I_K,1I_K,1I,MN448690,10179,100,2012,Thailand,Thailand,MN448690,2012
1018,MN448691.1|2012-09-18,1I_K,1I_K,1I,MN448691,10179,100,2012,Thailand,Thailand,MN448691,2012
1019,MN448692.1|2012-10-01,1I_K.5,1I_K,1I,MN448692,10179,100,2012,Thailand,Thailand,MN448692,2012
1020,MN448693.1|2012-10-02,1I_K,1I_K,1I,MN448693,10179,100,2012,Thailand,Thailand,MN448693,2012
1021,MN448694.1|2012-10-09,1I_H.1,1I_H,1I,MN448694,10179,100,2012,Thailand,Thailand,MN448694,2012
1022,MN448695.1|2012-11-05,1I_K.5,1I_K,1I,MN448695,10179,100,2012,Thailand,Thailand,MN448695,2012
1023,MN448696.1|2012-11-26,1I_E,1I_E,1I,MN448696,10179,100,2012,Thailand,Thailand,MN448696,2012
1024,MN449007.1|2015-06-10,1V_D.1.2,1V_D,1V,MN449007,10176,99.97052756,2015,Ecuador,Ecuador,MN449007,2015
1025,MN449008.1|2015-05-07,1V_D.1.2,1V_D,1V,MN449008,10176,99.97052756,2015,Ecuador,Ecuador,MN449008,2015
1026,MN449009.1|2015-04-16,1V_D.1.2,1V_D,1V,MN449009,10176,99.97052756,2015,Ecuador,Ecuador,MN449009,2015
1027,MN449010.1|2015-07-30,1V_D.1.2,1V_D,1V,MN449010,10176,99.97052756,2015,Ecuador,Ecuador,MN449010,2015
1028,MN449011.1|2015-04-22,1V_D.1.2,1V_D,1V,MN449011,10176,99.97052756,2015,Ecuador,Ecuador,MN449011,2015
1029,MN449012.1|2015-05-12,1V_D.1.2,1V_D,1V,MN449012,10176,99.97052756,2015,Ecuador,Ecuador,MN449012,2015
1030,MN449013.1|2014-04-16,1V_D.1.2,1V_D,1V,MN449013,10176,99.97052756,2014,Ecuador,Ecuador,MN449013,2014
1031,MN449014.1|2015-04-20,1V_D.1.2,1V_D,1V,MN449014,10176,99.97052756,2015,Ecuador,Ecuador,MN449014,2015
1032,MN449015.1|2015-05-20,1V_D.1.2,1V_D,1V,MN449015,10176,99.97052756,2015,Ecuador,Ecuador,MN449015,2015
1033,MN449016.1|2015-04-08,1V_D.1.2,1V_D,1V,MN449016,10176,99.97052756,2015,Ecuador,Ecuador,MN449016,2015
1034,MT862854.1|2018-05-07,1V_E.1,1V_E,1V,MT862854,10164,99.85263778,2018,Brazil: PB,Brazil,MT862854,2018
1035,MT862855.1|2019-03-25,1V_E.1,1V_E,1V,MT862855,10164,99.85263778,2019,Brazil: PB,Brazil,MT862855,2019
1036,MT862856.1|2018-06-10,1V_E.1,1V_E,1V,MT862856,10176,99.97052756,2018,Brazil: PB,Brazil,MT862856,2018
1037,MT862857.1|2019-05-13,1V_E.1,1V_E,1V,MT862857,10158,99.7936929,2019,Brazil: AL,Brazil,MT862857,2019
1038,MT862858.1|2019-03-19,1V_E.1,1V_E,1V,MT862858,10152,99.73474801,2019,Brazil: PB,Brazil,MT862858,2019
1039,MT862859.1|2019-05-06,1V_E.1,1V_E,1V,MT862859,10161,99.82316534,2019,Brazil: PB,Brazil,MT862859,2019
1040,MT862860.1|2019-05-13,1V_F,1V_F,1V,MT862860,10161,99.82316534,2019,Brazil: AL,Brazil,MT862860,2019
1041,MT862861.1|2019-05-13,1V_E.1,1V_E,1V,MT862861,10161,99.82316534,2019,Brazil: AL,Brazil,MT862861,2019
1042,MT862862.1|2018-04-21,1V_E.1,1V_E,1V,MT862862,10149,99.70527557,2018,Brazil: PB,Brazil,MT862862,2018
1043,MT862863.1|2018-06-17,1V_E.1,1V_E,1V,MT862863,10176,99.97052756,2018,Brazil: PB,Brazil,MT862863,2018
1044,MT862864.1|2018-05-13,1V_E.1,1V_E,1V,MT862864,10176,99.97052756,2018,Brazil: PB,Brazil,MT862864,2018
1045,MT862865.1|2019-05-29,1V_E.1,1V_E,1V,MT862865,10170,99.91158267,2019,Brazil: PB,Brazil,MT862865,2019
1046,MT862866.1|2019-06-18,1V_E.1,1V_E,1V,MT862866,10173,99.94105511,2019,Brazil: PB,Brazil,MT862866,2019
1047,MT862867.1|2019-06-18,1V_E.1,1V_E,1V,MT862867,10170,99.91158267,2019,Brazil: PB,Brazil,MT862867,2019
1048,MT862868.1|2019-06-14,1V_E.1,1V_E,1V,MT862868,10176,99.97052756,2019,Brazil: PB,Brazil,MT862868,2019
1049,MT862869.1|2019-06-18,1V_E.1,1V_E,1V,MT862869,10173,99.94105511,2019,Brazil: PB,Brazil,MT862869,2019
1050,MT862870.1|2019-05-06,1V_E.1,1V_E,1V,MT862870,10173,99.94105511,2019,Brazil: PB,Brazil,MT862870,2019
1051,MT862871.1|2018-05-26,1V_E.1,1V_E,1V,MT862871,10176,99.97052756,2018,Brazil: PB,Brazil,MT862871,2018
1052,MT862872.1|2018-06-20,1V_E.1,1V_E,1V,MT862872,10164,99.85263778,2018,Brazil: PB,Brazil,MT862872,2018
1053,MT862873.1|2018-10-01,1V_E.1,1V_E,1V,MT862873,10161,99.82316534,2018,Brazil: PB,Brazil,MT862873,2018
1054,MT862874.1|2018-06-07,1V_E.1,1V_E,1V,MT862874,10164,99.85263778,2018,Brazil: PB,Brazil,MT862874,2018
1055,MT862875.1|2018-05-13,1V_E.1,1V_E,1V,MT862875,10164,99.85263778,2018,Brazil: PB,Brazil,MT862875,2018
1056,MT862876.1|2018-05-12,1V_E.1,1V_E,1V,MT862876,10161,99.82316534,2018,Brazil: PB,Brazil,MT862876,2018
1057,MT862877.1|2018-06-16,1V_E.1,1V_E,1V,MT862877,10176,99.97052756,2018,Brazil: PB,Brazil,MT862877,2018
1058,MT862878.1|2018-06-01,1V_E.1,1V_E,1V,MT862878,10164,99.85263778,2018,Brazil: PB,Brazil,MT862878,2018
1059,MT862879.1|2018-05-18,1V_E.1,1V_E,1V,MT862879,10161,99.82316534,2018,Brazil: PB,Brazil,MT862879,2018
1060,MT862880.1|2018-05-27,1V_E.1,1V_E,1V,MT862880,10164,99.85263778,2018,Brazil: PB,Brazil,MT862880,2018
1061,MT862881.1|2018-05-26,1V_E.1,1V_E,1V,MT862881,10164,99.85263778,2018,Brazil: PB,Brazil,MT862881,2018
1062,MT862882.1|2018-06-04,1V_E.1,1V_E,1V,MT862882,10161,99.82316534,2018,Brazil: PB,Brazil,MT862882,2018
1063,MT862883.1|2018-04-23,1V_E.1,1V_E,1V,MT862883,10161,99.82316534,2018,Brazil: PB,Brazil,MT862883,2018
1064,MT862884.1|2018-05-04,1V_E.1,1V_E,1V,MT862884,10161,99.82316534,2018,Brazil: PB,Brazil,MT862884,2018
1065,MT862885.1|2018-05-09,1V_E.1,1V_E,1V,MT862885,10164,99.85263778,2018,Brazil: PB,Brazil,MT862885,2018
1066,MT862886.1|2018-05-04,1V_E.1,1V_E,1V,MT862886,10161,99.82316534,2018,Brazil: PB,Brazil,MT862886,2018
1067,MT862887.1|2018-11-28,1V_E.1,1V_E,1V,MT862887,10161,99.82316534,2018,Brazil: PB,Brazil,MT862887,2018
1068,MT862888.1|2018-06-03,1V_E.1,1V_E,1V,MT862888,10173,99.94105511,2018,Brazil: PB,Brazil,MT862888,2018
1069,MT862889.1|2018-04-21,1V_E.1,1V_E,1V,MT862889,10161,99.82316534,2018,Brazil: PB,Brazil,MT862889,2018
1070,MT862890.1|2018-04-22,1V_E.1,1V_E,1V,MT862890,10161,99.82316534,2018,Brazil: PB,Brazil,MT862890,2018
1071,MT862891.1|2018-04-21,1V_E.1,1V_E,1V,MT862891,10161,99.82316534,2018,Brazil: PB,Brazil,MT862891,2018
1072,MT862892.1|2018-05-07,1V_E.1,1V_E,1V,MT862892,10170,99.91158267,2018,Brazil: PB,Brazil,MT862892,2018
1073,MT862893.1|2018-04-21,1V_E.1,1V_E,1V,MT862893,10161,99.82316534,2018,Brazil: PB,Brazil,MT862893,2018
1074,MT862894.1|2018-04-22,1V_E.1,1V_E,1V,MT862894,10161,99.82316534,2018,Brazil: PB,Brazil,MT862894,2018
1075,MT862895.1|2018-04-20,1V_E.1,1V_E,1V,MT862895,10164,99.85263778,2018,Brazil: PB,Brazil,MT862895,2018
1076,MT459980.1|2011,1I_K,1I_K,1I,MT459980,10586,103.9984281,2011,South Korea,South Korea,MT459980,2011
1077,MT929160.1|2019-10-07,1V_B,1V_B,1V,MT929160,10304,101.2280185,2019,Mexico: Jalisco,Mexico,MT929160,2019
1078,MT921569.1|2013,1I_H.1,1I_H,1I,MT921569,10733,105.4425779,2013,Australia: Queensland,Australia,MT921569,2013
1079,MN886843.1|2014-11-30,1III_A,1III_A,1III,MN886843,10680,104.921898,2014,China,China,MN886843,2014
1080,MN886844.1|2014-11-30,1III_A,1III_A,1III,MN886844,10690,105.0201395,2014,China,China,MN886844,2014
1081,MN886845.1|2014-11-30,1III_A,1III_A,1III,MN886845,10687,104.9906671,2014,China,China,MN886845,2014
1082,MN886846.1|2014-11-30,1III_A,1III_A,1III,MN886846,10723,105.3443364,2014,China,China,MN886846,2014
1083,MN886847.1|2014-11-30,1III_A,1III_A,1III,MN886847,10697,105.0889085,2014,China,China,MN886847,2014
1084,MN886848.1|2014-11-30,1III_A,1III_A,1III,MN886848,10690,105.0201395,2014,China,China,MN886848,2014
1085,MN886849.1|2014-11-30,1III_A,1III_A,1III,MN886849,10699,105.1085568,2014,China,China,MN886849,2014
1086,MN886850.1|2014-11-30,1III_A,1III_A,1III,MN886850,10690,105.0201395,2014,China,China,MN886850,2014
1087,MN886851.1|2014-11-30,1III_A,1III_A,1III,MN886851,10691,105.0299637,2014,China,China,MN886851,2014
1088,MN886852.1|2014-11-30,1III_A,1III_A,1III,MN886852,10698,105.0987327,2014,China,China,MN886852,2014
1089,MN886853.1|2014-11-30,1III_A,1III_A,1III,MN886853,10688,105.0004912,2014,China,China,MN886853,2014
1090,MN886854.1|2014-11-30,1III_A,1III_A,1III,MN886854,10687,104.9906671,2014,China,China,MN886854,2014
1091,MN886855.1|2014-11-30,1III_A,1III_A,1III,MN886855,10692,105.0397878,2014,China,China,MN886855,2014
1092,MN886856.1|2014-11-30,1III_A,1III_A,1III,MN886856,10697,105.0889085,2014,China,China,MN886856,2014
1093,MN886857.1|2014-11-30,1III_A,1III_A,1III,MN886857,10689,105.0103154,2014,China,China,MN886857,2014
1094,MN886858.1|2014-11-30,1III_A,1III_A,1III,MN886858,10717,105.2853915,2014,China,China,MN886858,2014
1095,MN886859.1|2014-11-30,1III_A,1III_A,1III,MN886859,10698,105.0987327,2014,China,China,MN886859,2014
1096,MN886860.1|2014-11-30,1III_A,1III_A,1III,MN886860,10712,105.2362708,2014,China,China,MN886860,2014
1097,MN886861.1|2014-11-30,1III_A,1III_A,1III,MN886861,10693,105.0496119,2014,China,China,MN886861,2014
1098,MN886862.1|2014-11-30,1III_A,1III_A,1III,MN886862,10695,105.0692602,2014,China,China,MN886862,2014
1099,MN886863.1|2014-11-30,1III_A,1III_A,1III,MN886863,10694,105.0594361,2014,China,China,MN886863,2014
1100,MN886864.1|2014-11-30,1III_A,1III_A,1III,MN886864,10704,105.1576776,2014,China,China,MN886864,2014
1101,MN886865.1|2014-11-30,1III_A,1III_A,1III,MN886865,10721,105.3246881,2014,China,China,MN886865,2014
1102,MN886866.1|2014-11-30,1III_A,1III_A,1III,MN886866,10719,105.3050398,2014,China,China,MN886866,2014
1103,MN886867.1|2014-11-30,1III_A,1III_A,1III,MN886867,10706,105.1773259,2014,China,China,MN886867,2014
1104,MN886868.1|2014-11-30,1III_A,1III_A,1III,MN886868,10718,105.2952156,2014,China,China,MN886868,2014
1105,MN886869.1|2014-11-30,1III_A,1III_A,1III,MN886869,10711,105.2264466,2014,China,China,MN886869,2014
1106,MN886870.1|2014-11-30,1III_A,1III_A,1III,MN886870,10722,105.3345122,2014,China,China,MN886870,2014
1107,MN886871.1|2014-11-30,1III_A,1III_A,1III,MN886871,10686,104.9808429,2014,China,China,MN886871,2014
1108,MN886872.1|2014-11-30,1III_A,1III_A,1III,MN886872,10705,105.1675017,2014,China,China,MN886872,2014
1109,MN886873.1|2014-11-30,1III_A,1III_A,1III,MN886873,10695,105.0692602,2014,China,China,MN886873,2014
1110,MN886874.1|2014-11-30,1III_A,1III_A,1III,MN886874,10722,105.3345122,2014,China,China,MN886874,2014
1111,MN886875.1|2014-11-30,1III_A,1III_A,1III,MN886875,10705,105.1675017,2014,China,China,MN886875,2014
1112,MN886876.1|2014-11-30,1III_A,1III_A,1III,MN886876,10720,105.3148639,2014,China,China,MN886876,2014
1113,MN886877.1|2014-11-30,1III_A,1III_A,1III,MN886877,10728,105.3934571,2014,China,China,MN886877,2014
1114,MN886878.1|2014-11-30,1III_A,1III_A,1III,MN886878,10697,105.0889085,2014,China,China,MN886878,2014
1115,MT899083.1|2019-09-29,1V_D.1,1V_D,1V,MT899083,10327,101.4539739,2019,Mexico: Jalisco,Mexico,MT899083,2019
1116,MT006147.1|2018-05-06,1I_H.1,1I_H,1I,MT006147,10176,99.97052756,2018,Sri Lanka,Sri Lanka,MT006147,2018
1117,MT006151.1|2018-06-08,1III_A.4,1III_A,1III,MT006151,10176,99.97052756,2018,Sri Lanka,Sri Lanka,MT006151,2018
1118,MT006154.1|2018-06-13,1III_A.4,1III_A,1III,MT006154,10176,99.97052756,2018,Sri Lanka,Sri Lanka,MT006154,2018
1119,MT006156.1|2018-06-18,1III_A.4,1III_A,1III,MT006156,10176,99.97052756,2018,Sri Lanka,Sri Lanka,MT006156,2018
1120,MT006166.1|2018-08-04,1III_A.4,1III_A,1III,MT006166,10176,99.97052756,2018,Sri Lanka,Sri Lanka,MT006166,2018
1121,MT006182.1|2018-03-30,1III_A.4,1III_A,1III,MT006182,10176,99.97052756,2018,Sri Lanka,Sri Lanka,MT006182,2018
1122,MT006183.1|2018-04-01,1III_A.4,1III_A,1III,MT006183,10176,99.97052756,2018,Sri Lanka,Sri Lanka,MT006183,2018
1123,MN886824.1|2017-11-30,1I_K.1.2,1I_K,1I,MN886824,10707,105.18715,2017,China,China,MN886824,2017
1124,MN886825.1|2017-11-30,1I_K.1.2,1I_K,1I,MN886825,10695,105.0692602,2017,China,China,MN886825,2017
1125,MN886826.1|2017-11-30,1I_K.1.2,1I_K,1I,MN886826,10708,105.1969742,2017,China,China,MN886826,2017
1126,MN886827.1|2017-11-30,1I_K.1.2,1I_K,1I,MN886827,10722,105.3345122,2017,China,China,MN886827,2017
1127,MN886828.1|2017-11-30,1I_K.1.2,1I_K,1I,MN886828,10728,105.3934571,2017,China,China,MN886828,2017
1128,MN886829.1|2017-11-30,1I_K.1.2,1I_K,1I,MN886829,10702,105.1380293,2017,China,China,MN886829,2017
1129,MN886830.1|2017-11-30,1I_K.1.2,1I_K,1I,MN886830,10710,105.2166225,2017,China,China,MN886830,2017
1130,MN886831.1|2017-11-30,1I_K.1.2,1I_K,1I,MN886831,10700,105.118381,2017,China,China,MN886831,2017
1131,MN886832.1|2017-11-30,1I_K.1.2,1I_K,1I,MN886832,10692,105.0397878,2017,China,China,MN886832,2017
1132,MN886833.1|2017-11-30,1I_K.1.2,1I_K,1I,MN886833,10700,105.118381,2017,China,China,MN886833,2017
1133,MN886834.1|2017-11-30,1I_K.1.2,1I_K,1I,MN886834,10713,105.2460949,2017,China,China,MN886834,2017
1134,MN886835.1|2017-11-30,1I_K.1.2,1I_K,1I,MN886835,10692,105.0397878,2017,China,China,MN886835,2017
1135,MN886836.1|2017-11-30,1I_K.1.2,1I_K,1I,MN886836,10705,105.1675017,2017,China,China,MN886836,2017
1136,MN886837.1|2017-11-30,1I_K.1.2,1I_K,1I,MN886837,10721,105.3246881,2017,China,China,MN886837,2017
1137,MN886838.1|2017-11-30,1I_K.1.2,1I_K,1I,MN886838,10703,105.1478534,2017,China,China,MN886838,2017
1138,MN886839.1|2017-11-30,1I_E.1,1I_E,1I,MN886839,10704,105.1576776,2017,China,China,MN886839,2017
1139,MN886840.1|2017-11-30,1I_K.1.2,1I_K,1I,MN886840,10706,105.1773259,2017,China,China,MN886840,2017
1140,MN886841.1|2017-11-30,1I_K.1.2,1I_K,1I,MN886841,10705,105.1675017,2017,China,China,MN886841,2017
1141,MN886842.1|2017-11-30,1I_K.1.2,1I_K,1I,MN886842,10709,105.2067983,2017,China,China,MN886842,2017
1142,MN869904.1|2018-11-30,1I_K.1.1,1I_K,1I,MN869904,10709,105.2067983,2018,China,China,MN869904,2018
1143,MN869905.1|2018-11-30,1I_K.3,1I_K,1I,MN869905,10700,105.118381,2018,China,China,MN869905,2018
1144,MN869906.1|2018-11-30,1I_K.1.1,1I_K,1I,MN869906,10693,105.0496119,2018,China,China,MN869906,2018
1145,MN869907.1|2018-11-30,1I_K.1.1,1I_K,1I,MN869907,10692,105.0397878,2018,China,China,MN869907,2018
1146,MN869908.1|2018-11-30,1I_K.1.1,1I_K,1I,MN869908,10691,105.0299637,2018,China,China,MN869908,2018
1147,MN869909.1|2018-11-30,1I_K.1.1,1I_K,1I,MN869909,10697,105.0889085,2018,China,China,MN869909,2018
1148,MN869910.1|2018-11-30,1I_K.1.1,1I_K,1I,MN869910,10706,105.1773259,2018,China,China,MN869910,2018
1149,MN869911.1|2018-11-30,1I_K.1.2,1I_K,1I,MN869911,10702,105.1380293,2018,China,China,MN869911,2018
1150,MN869912.1|2018-11-30,1I_K.1.1,1I_K,1I,MN869912,10691,105.0299637,2018,China,China,MN869912,2018
1151,MN869913.1|2018-11-30,1I_K.1.1,1I_K,1I,MN869913,10699,105.1085568,2018,China,China,MN869913,2018
1152,MN869914.1|2018-11-30,1I_K.1.1,1I_K,1I,MN869914,10711,105.2264466,2018,China,China,MN869914,2018
1153,MK858117.2|2016-08-26,1III_A,1III_A,1III,MK858117,10714,105.255919,2016,India,India,MK858117,2016
1154,MK858118.2|2016-08-25,1III_A,1III_A,1III,MK858118,10680,104.921898,2016,India,India,MK858118,2016
1155,MK858119.2|2016-08-11,1III_A,1III_A,1III,MK858119,10668,104.8040083,2016,India,India,MK858119,2016
1156,MK858120.2|2016-08-06,1III_A,1III_A,1III,MK858120,10658,104.7057668,2016,India,India,MK858120,2016
1157,MK858122.1|2016-08-07,1III_B,1III_B,1III,MK858122,10557,103.7135279,2016,India,India,MK858122,2016
1158,MK858123.2|2016-08-09,1III_B,1III_B,1III,MK858123,10643,104.5584046,2016,India,India,MK858123,2016
1159,MK858125.2|2016-08-08,1III_A.3,1III_A,1III,MK858125,10597,104.1064938,2016,India,India,MK858125,2016
1160,MK858126.2|2016-08-09,1III_B,1III_B,1III,MK858126,10737,105.4818744,2016,India,India,MK858126,2016
1161,MK858127.2|2016-10-27,1III_A.3,1III_A,1III,MK858127,10714,105.255919,2016,India,India,MK858127,2016
1162,MK858128.2|2016-04-09,1III_A.3,1III_A,1III,MK858128,10714,105.255919,2016,India,India,MK858128,2016
1163,MK858130.1|2016-10-25,1III_B,1III_B,1III,MK858130,10737,105.4818744,2016,India,India,MK858130,2016
1164,MK858131.2|2016-10-24,1III_B,1III_B,1III,MK858131,10688,105.0004912,2016,India,India,MK858131,2016
1165,MK858132.2|2016-08-10,1III_A.3,1III_A,1III,MK858132,10570,103.8412418,2016,India,India,MK858132,2016
1166,MK858133.2|2016-08-10,1III_A,1III_A,1III,MK858133,10714,105.255919,2016,India,India,MK858133,2016
1167,MK858134.1|2016-10-21,1III_B,1III_B,1III,MK858134,10542,103.5661656,2016,India,India,MK858134,2016
1168,MK858135.2|2016-10-20,1III_A,1III_A,1III,MK858135,10714,105.255919,2016,India,India,MK858135,2016
1169,MK858136.2|2016-10-17,1III_A,1III_A,1III,MK858136,10518,103.3303861,2016,India,India,MK858136,2016
1170,MK858137.1|2016-10-07,1III_B,1III_B,1III,MK858137,10737,105.4818744,2016,India,India,MK858137,2016
1171,MK858138.2|2016-10-05,1I_H.1,1I_H,1I,MK858138,10735,105.4622262,2016,India,India,MK858138,2016
1172,MK858139.2|2016-10-06,1III_A,1III_A,1III,MK858139,10714,105.255919,2016,India,India,MK858139,2016
1173,MK858140.2|2016-09-10,1III_A,1III_A,1III,MK858140,10586,103.9984281,2016,India,India,MK858140,2016
1174,MK858141.2|2017-09-22,1III_A,1III_A,1III,MK858141,10525,103.3991551,2017,India,India,MK858141,2017
1175,MT397276.1|2015-11,1I_J,1I_J,1I,MT397276,10176,99.97052756,2015,Thailand,Thailand,MT397276,2015
1176,MT397277.1|2015-11,1I_J,1I_J,1I,MT397277,10176,99.97052756,2015,Thailand,Thailand,MT397277,2015
1177,LC436667.1|2017-10,1III_A,1III_A,1III,LC436667,10673,104.853129,2017,Bangladesh,Bangladesh,LC436667,2017
1178,LC436668.1|2017-11,1III_A,1III_A,1III,LC436668,10673,104.853129,2017,Bangladesh,Bangladesh,LC436668,2017
1179,MT447147.1|2019-10-25,1I_K.1.1,1I_K,1I,MT447147,10737,105.4818744,2019,China: Hainan,China,MT447147,2019
1180,MN556095.1|2017-04,1V_D.1.2,1V_D,1V,MN556095,10694,105.0594361,2017,Ecuador,Ecuador,MN556095,2017
1181,MT261951.1|2017-10-23,1III_A,1III_A,1III,MT261951,10705,105.1675017,2017,Burkina Faso: Ouagadougou,Burkina Faso,MT261951,2017
1182,MT261952.1|2017-11-09,1III_A,1III_A,1III,MT261952,10659,104.7155909,2017,Burkina Faso: Ouagadougou,Burkina Faso,MT261952,2017
1183,MT261953.1|2017-10-09,1III_A,1III_A,1III,MT261953,10690,105.0201395,2017,Burkina Faso: Ouagadougou,Burkina Faso,MT261953,2017
1184,MT261954.1|2017-11-02,1III_A,1III_A,1III,MT261954,10701,105.1282051,2017,Burkina Faso: Ouagadougou,Burkina Faso,MT261954,2017
1185,MT261955.1|2017-12-12,1III_A,1III_A,1III,MT261955,10577,103.9100108,2017,Burkina Faso: Ouagadougou,Burkina Faso,MT261955,2017
1186,MH048668.1|2014,1I_K,1I_K,1I,MH048668,9270,91.06984969,2014,Malaysia,Malaysia,MH048668,2014
1187,MH048669.1|2014-12,1I_K,1I_K,1I,MH048669,10674,104.8629531,2014,Malaysia,Malaysia,MH048669,2014
1188,MH048670.1|2014-12,1I_K,1I_K,1I,MH048670,10803,106.1302682,2014,Malaysia,Malaysia,MH048670,2014
1189,MN567709.1|2019-03-27,1V_A,1V_A,1V,MN567709,8413,82.65055506,2019,"Brazil: Espirito Santo, BR",Brazil,MN567709,2019
1190,MK588396.1|2016-09,1III_A.3,1III_A,1III,MK588396,10734,105.452402,2016,India,India,MK588396,2016
1191,MK588397.1|2017-04-22,1III_A.3,1III_A,1III,MK588397,10624,104.3717458,2017,India,India,MK588397,2017
1192,MN960676.1|2019-11-16,1I_H.1,1I_H,1I,MN960676,10624,104.3717458,2019,China: Guangzhou,China,MN960676,2019
1193,MN960677.1|2019-12-11,1I_E.1,1I_E,1I,MN960677,10636,104.4896355,2019,China: Guangzhou,China,MN960677,2019
1194,MN018285.1|2015-09-11,1I_K.3,1I_K,1I,MN018285,10735,105.4622262,2015,China: Guangdong Province,China,MN018285,2015
1195,MN018286.1|2016-09-23,1III_A,1III_A,1III,MN018286,10735,105.4622262,2016,China: Guangdong Province,China,MN018286,2016
1196,MN018287.1|2014-05-08,1III_A,1III_A,1III,MN018287,10735,105.4622262,2014,China: Guangdong Province,China,MN018287,2014
1197,MN018288.1|2016-01-05,1I_K.3,1I_K,1I,MN018288,10735,105.4622262,2016,China: Guangdong Province,China,MN018288,2016
1198,MN018289.1|2016,1I_K.2,1I_K,1I,MN018289,10735,105.4622262,2016,China: Guangdong Province,China,MN018289,2016
1199,MN018290.1|2016-10-18,1IV_B.1,1IV_B,1IV,MN018290,10735,105.4622262,2016,China: Guangdong Province,China,MN018290,2016
1200,MN018291.1|2017-04-25,1I_K.1.2,1I_K,1I,MN018291,10735,105.4622262,2017,China: Guangdong Province,China,MN018291,2017
1201,MN018292.1|2017-06-26,1I_K.3,1I_K,1I,MN018292,10735,105.4622262,2017,China: Guangdong Province,China,MN018292,2017
1202,MN018293.1|2014-04-27,1I_K.3,1I_K,1I,MN018293,10735,105.4622262,2014,China: Guangdong Province,China,MN018293,2014
1203,MN018294.1|2014-09-11,1III_A,1III_A,1III,MN018294,10735,105.4622262,2014,China: Guangdong Province,China,MN018294,2014
1204,MN018295.1|2015-05-23,1I_K.6,1I_K,1I,MN018295,10735,105.4622262,2015,China: Guangdong Province,China,MN018295,2015
1205,MN018296.1|2015-09-10,1I_J,1I_J,1I,MN018296,10735,105.4622262,2015,China: Guangdong Province,China,MN018296,2015
1206,MN018297.1|2017-05-08,1IV_B.1,1IV_B,1IV,MN018297,10735,105.4622262,2017,China: Guangdong Province,China,MN018297,2017
1207,MN018298.1|2017-08-21,1I_K.1.2,1I_K,1I,MN018298,10735,105.4622262,2017,China: Guangdong Province,China,MN018298,2017
1208,MN018299.1|2014-09-24,1I_K.2,1I_K,1I,MN018299,10735,105.4622262,2014,China: Guangdong Province,China,MN018299,2014
1209,MN018300.1|2014-09-29,1I_K.6,1I_K,1I,MN018300,10735,105.4622262,2014,China: Guangdong Province,China,MN018300,2014
1210,MN018301.1|2014-10-02,1I_K.6,1I_K,1I,MN018301,10735,105.4622262,2014,China: Guangdong Province,China,MN018301,2014
1211,MN018302.1|2015-04-08,1III_A,1III_A,1III,MN018302,10735,105.4622262,2015,China: Guangdong Province,China,MN018302,2015
1212,MN018303.1|2015-01-10,1I_H.1,1I_H,1I,MN018303,10735,105.4622262,2015,China: Guangdong Province,China,MN018303,2015
1213,MN018304.1|2015-04-23,1I_K.3,1I_K,1I,MN018304,10735,105.4622262,2015,China: Guangdong Province,China,MN018304,2015
1214,MN018305.1|2016-06-06,1I_K.2,1I_K,1I,MN018305,10735,105.4622262,2016,China: Guangdong Province,China,MN018305,2016
1215,MN018306.1|2017-08-16,1I_K.1.2,1I_K,1I,MN018306,10735,105.4622262,2017,China: Guangdong Province,China,MN018306,2017
1216,MN018307.1|2015-10-09,1I_E.1,1I_E,1I,MN018307,10735,105.4622262,2015,China: Guangdong Province,China,MN018307,2015
1217,MN018308.1|2014-08-29,1III_A,1III_A,1III,MN018308,10735,105.4622262,2014,China: Guangdong Province,China,MN018308,2014
1218,MN018309.1|2014-09-24,1III_A,1III_A,1III,MN018309,10735,105.4622262,2014,China: Guangdong Province,China,MN018309,2014
1219,MN018310.1|2014-09-27,1I_K.6,1I_K,1I,MN018310,10735,105.4622262,2014,China: Guangdong Province,China,MN018310,2014
1220,MN018311.1|2015-08-29,1I_J,1I_J,1I,MN018311,10735,105.4622262,2015,China: Guangdong Province,China,MN018311,2015
1221,MN018312.1|2015-09-05,1I_J,1I_J,1I,MN018312,10735,105.4622262,2015,China: Guangdong Province,China,MN018312,2015
1222,MN018313.1|2015-09-08,1I_J,1I_J,1I,MN018313,10735,105.4622262,2015,China: Guangdong Province,China,MN018313,2015
1223,MN018314.1|2016-04-07,1I_K.2,1I_K,1I,MN018314,10735,105.4622262,2016,China: Guangdong Province,China,MN018314,2016
1224,MN018315.1|2015-09-25,1I_K.3,1I_K,1I,MN018315,10735,105.4622262,2015,China: Guangdong Province,China,MN018315,2015
1225,MN018316.1|2015-10-13,1I_K.3,1I_K,1I,MN018316,10735,105.4622262,2015,China: Guangdong Province,China,MN018316,2015
1226,MN018317.1|2016-09-01,1I_K.2,1I_K,1I,MN018317,10735,105.4622262,2016,China: Guangdong Province,China,MN018317,2016
1227,MN018318.1|2016-09-06,1IV_B.1,1IV_B,1IV,MN018318,10735,105.4622262,2016,China: Guangdong Province,China,MN018318,2016
1228,MN018319.1|2015-03-18,1III_A,1III_A,1III,MN018319,10735,105.4622262,2015,China: Guangdong Province,China,MN018319,2015
1229,MN018320.1|2015-05-27,1I_H.1,1I_H,1I,MN018320,10735,105.4622262,2015,China: Guangdong Province,China,MN018320,2015
1230,MN018321.1|2015-04-02,1I_K,1I_K,1I,MN018321,10735,105.4622262,2015,China: Guangdong Province,China,MN018321,2015
1231,MN018322.1|2015-09-22,1I_K.3,1I_K,1I,MN018322,10735,105.4622262,2015,China: Guangdong Province,China,MN018322,2015
1232,MN018323.1|2016-05-24,1I_K.2,1I_K,1I,MN018323,10735,105.4622262,2016,China: Guangdong Province,China,MN018323,2016
1233,MN018324.1|2014-09-19,1I_K.2,1I_K,1I,MN018324,10735,105.4622262,2014,China: Guangdong Province,China,MN018324,2014
1234,MN018325.1|2014-08-23,1I_K.6,1I_K,1I,MN018325,10735,105.4622262,2014,China: Guangdong Province,China,MN018325,2014
1235,MN018326.1|2017-09-19,1I_E.1,1I_E,1I,MN018326,10735,105.4622262,2017,China: Guangdong Province,China,MN018326,2017
1236,MN018327.1|2017-10-10,1I_E.1,1I_E,1I,MN018327,10735,105.4622262,2017,China: Guangdong Province,China,MN018327,2017
1237,MN018328.1|2014-08-19,1III_A,1III_A,1III,MN018328,10735,105.4622262,2014,China: Guangdong Province,China,MN018328,2014
1238,MN018329.1|2015-07-18,1I_K.3,1I_K,1I,MN018329,10735,105.4622262,2015,China: Guangdong Province,China,MN018329,2015
1239,MN018330.1|2015-08-09,1I_K.3,1I_K,1I,MN018330,10735,105.4622262,2015,China: Guangdong Province,China,MN018330,2015
1240,MN018331.1|2015-08-10,1I_K.3,1I_K,1I,MN018331,10735,105.4622262,2015,China: Guangdong Province,China,MN018331,2015
1241,MN018332.1|2016-02-25,1I_E.1,1I_E,1I,MN018332,10735,105.4622262,2016,China: Guangdong Province,China,MN018332,2016
1242,MN018333.1|2016-02-25,1I_E.1,1I_E,1I,MN018333,10735,105.4622262,2016,China: Guangdong Province,China,MN018333,2016
1243,MN018334.1|2016-02-25,1I_E.1,1I_E,1I,MN018334,10735,105.4622262,2016,China: Guangdong Province,China,MN018334,2016
1244,MN018335.1|2016-03-11,1I_K,1I_K,1I,MN018335,10735,105.4622262,2016,China: Guangdong Province,China,MN018335,2016
1245,MN018336.1|2016-07-06,1I_K.3,1I_K,1I,MN018336,10735,105.4622262,2016,China: Guangdong Province,China,MN018336,2016
1246,MN945984.1|2019-12-05,1I_E.1,1I_E,1I,MN945984,10660,104.7254151,2019,China: Guangzhou,China,MN945984,2019
1247,MN933652.1|2013-08-13,1I_E,1I_E,1I,MN933652,10701,105.1282051,2013,China,China,MN933652,2013
1248,MN933653.1|2013-10-22,1III_A,1III_A,1III,MN933653,10701,105.1282051,2013,China,China,MN933653,2013
1249,MN933654.1|2014-07-24,1I_K.6,1I_K,1I,MN933654,10701,105.1282051,2014,China,China,MN933654,2014
1250,MN933655.1|2014-08-21,1I_K.2,1I_K,1I,MN933655,10701,105.1282051,2014,China,China,MN933655,2014
1251,MN933656.1|2014-09-23,1I_J,1I_J,1I,MN933656,10701,105.1282051,2014,China,China,MN933656,2014
1252,MN933657.1|2014-09-24,1III_A,1III_A,1III,MN933657,10701,105.1282051,2014,China,China,MN933657,2014
1253,MN933658.1|2015-04-10,1III_A,1III_A,1III,MN933658,10701,105.1282051,2015,China,China,MN933658,2015
1254,MN933659.1|2015-04-21,1I_K.6,1I_K,1I,MN933659,10701,105.1282051,2015,China,China,MN933659,2015
1255,MN933660.1|2016-04-28,1I_K.3,1I_K,1I,MN933660,10701,105.1282051,2016,China,China,MN933660,2016
1256,MN933661.1|2016-07-29,1I_K.2,1I_K,1I,MN933661,10701,105.1282051,2016,China,China,MN933661,2016
1257,MN933662.1|2016-08-17,1III_A,1III_A,1III,MN933662,10701,105.1282051,2016,China,China,MN933662,2016
1258,MN933663.1|2016-09-28,1I_K.2,1I_K,1I,MN933663,10701,105.1282051,2016,China,China,MN933663,2016
1259,MN933664.1|2017-08-15,1I_K.1.2,1I_K,1I,MN933664,10701,105.1282051,2017,China,China,MN933664,2017
1260,MN933665.1|2017-07-31,1I_K.3,1I_K,1I,MN933665,10701,105.1282051,2017,China,China,MN933665,2017
1261,MN933666.1|2018-06-21,1I_K.1.1,1I_K,1I,MN933666,10701,105.1282051,2018,China,China,MN933666,2018
1262,MN933667.1|2018-08-09,1I_K.1.2,1I_K,1I,MN933667,10701,105.1282051,2018,China,China,MN933667,2018
1263,MN933668.1|2018-10-08,1I_K.3,1I_K,1I,MN933668,10701,105.1282051,2018,China,China,MN933668,2018
1264,MN933669.1|2018-10-16,1I_E.1,1I_E,1I,MN933669,10701,105.1282051,2018,China,China,MN933669,2018
1265,MN923077.1|2019-09-23,1I_E.1,1I_E,1I,MN923077,10646,104.587877,2019,China,China,MN923077,2019
1266,MN923078.1|2019-09-20,1I_K.1.1,1I_K,1I,MN923078,10661,104.7352392,2019,China,China,MN923078,2019
1267,MN923079.1|2019-09-25,1I_E.1,1I_E,1I,MN923079,10648,104.6075253,2019,China,China,MN923079,2019
1268,MN923080.1|2019-09-18,1IV_B.1,1IV_B,1IV,MN923080,10659,104.7155909,2019,China,China,MN923080,2019
1269,MN923081.1|2019-09-28,1I_H.1,1I_H,1I,MN923081,10647,104.5977011,2019,China,China,MN923081,2019
1270,MN923082.1|2019-09-25,1III_A,1III_A,1III,MN923082,10637,104.4994597,2019,China,China,MN923082,2019
1271,MN923083.1|2019-09-25,1I_E.1,1I_E,1I,MN923083,10646,104.587877,2019,China,China,MN923083,2019
1272,MN923084.1|2019-10-03,1I_E.1,1I_E,1I,MN923084,10641,104.5387563,2019,China,China,MN923084,2019
1273,MN923085.1|2019-10-17,1III_A.2,1III_A,1III,MN923085,10626,104.391394,2019,China,China,MN923085,2019
1274,MN923086.1|2019-10-18,1III_A.3,1III_A,1III,MN923086,10638,104.5092838,2019,China,China,MN923086,2019
1275,MN923087.1|2019-10-19,1I_E.1,1I_E,1I,MN923087,10659,104.7155909,2019,China,China,MN923087,2019
1276,MN923088.1|2019-10-25,1I_K.1.1,1I_K,1I,MN923088,10646,104.587877,2019,China,China,MN923088,2019
1277,MN923089.1|2019-08-25,1I_E.1,1I_E,1I,MN923089,10646,104.587877,2019,China,China,MN923089,2019
1278,MN923090.1|2019-08-30,1I_E.1,1I_E,1I,MN923090,10646,104.587877,2019,China,China,MN923090,2019
1279,MN923091.1|2019-10-02,1I_K.3,1I_K,1I,MN923091,10645,104.5780529,2019,China,China,MN923091,2019
1280,MN923092.1|2019-09-30,1I_E.1,1I_E,1I,MN923092,10641,104.5387563,2019,China,China,MN923092,2019
1281,MN923093.1|2019-09-28,1I_E.1,1I_E,1I,MN923093,10646,104.587877,2019,China,China,MN923093,2019
1282,MN923094.1|2019-10-02,1I_E.1,1I_E,1I,MN923094,10646,104.587877,2019,China,China,MN923094,2019
1283,MN923095.1|2019-10-04,1I_E.1,1I_E,1I,MN923095,10649,104.6173494,2019,China,China,MN923095,2019
1284,MN923096.1|2019-10-18,1III_A.2,1III_A,1III,MN923096,10628,104.4110423,2019,China,China,MN923096,2019
1285,MN923097.1|2019-08-30,1I_E.1,1I_E,1I,MN923097,10643,104.5584046,2019,China,China,MN923097,2019
1286,MN923098.1|2019-01-20,1I_K.1.1,1I_K,1I,MN923098,10647,104.5977011,2019,China,China,MN923098,2019
1287,MN923099.1|2019-04-08,1I_E.1,1I_E,1I,MN923099,10648,104.6075253,2019,China,China,MN923099,2019
1288,MN923100.1|2019-04-07,1I_K.2,1I_K,1I,MN923100,10648,104.6075253,2019,China,China,MN923100,2019
1289,MN923101.1|2019-04-25,1III_A.2,1III_A,1III,MN923101,10625,104.3815699,2019,China,China,MN923101,2019
1290,MN923102.1|2019-05-09,1III_A.2,1III_A,1III,MN923102,10621,104.3422733,2019,China,China,MN923102,2019
1291,MN923103.1|2019-06-18,1I_K.1.1,1I_K,1I,MN923103,10648,104.6075253,2019,China,China,MN923103,2019
1292,MN923104.1|2019-06-30,1I_K.1.1,1I_K,1I,MN923104,10646,104.587877,2019,China,China,MN923104,2019
1293,MN923105.1|2019-08-26,1IV_B.1,1IV_B,1IV,MN923105,10645,104.5780529,2019,China,China,MN923105,2019
1294,MN923106.1|2019-06-16,1I_K.1.1,1I_K,1I,MN923106,10647,104.5977011,2019,China,China,MN923106,2019
1295,MN912109.1|2017-07-06,1I_E.1,1I_E,1I,MN912109,10176,99.97052756,2017,Viet Nam,Viet Nam,MN912109,2017
1296,MN912110.1|2017-07-06,1I_E.1,1I_E,1I,MN912110,10176,99.97052756,2017,Viet Nam,Viet Nam,MN912110,2017
1297,MN912111.1|2017-07-06,1I_E.1,1I_E,1I,MN912111,10176,99.97052756,2017,Viet Nam,Viet Nam,MN912111,2017
1298,MN912112.1|2017-07-06,1I_E.1,1I_E,1I,MN912112,10176,99.97052756,2017,Viet Nam,Viet Nam,MN912112,2017
1299,MN912114.1|2017-07-06,1I_E.1,1I_E,1I,MN912114,10176,99.97052756,2017,Viet Nam,Viet Nam,MN912114,2017
1300,MN912115.1|2017-07-06,1I_E.1,1I_E,1I,MN912115,10176,99.97052756,2017,Viet Nam,Viet Nam,MN912115,2017
1301,MN912117.1|2017-07-06,1I_E.1,1I_E,1I,MN912117,10176,99.97052756,2017,Viet Nam,Viet Nam,MN912117,2017
1302,MN912119.1|2017-07-06,1I_E.1,1I_E,1I,MN912119,10176,99.97052756,2017,Viet Nam,Viet Nam,MN912119,2017
1303,MN912130.1|2017-07-06,1I_E.1,1I_E,1I,MN912130,10176,99.97052756,2017,Viet Nam,Viet Nam,MN912130,2017
1304,MN912131.1|2017-07-12,1I_E.1,1I_E,1I,MN912131,10176,99.97052756,2017,Viet Nam,Viet Nam,MN912131,2017
1305,MN912132.1|2017-07-12,1I_E.1,1I_E,1I,MN912132,10176,99.97052756,2017,Viet Nam,Viet Nam,MN912132,2017
1306,MN912133.1|2017-07-12,1I_E.1,1I_E,1I,MN912133,10176,99.97052756,2017,Viet Nam,Viet Nam,MN912133,2017
1307,MN912134.1|2017-07-12,1I_E.1,1I_E,1I,MN912134,10176,99.97052756,2017,Viet Nam,Viet Nam,MN912134,2017
1308,MN912135.1|2017-07-12,1I_E.1,1I_E,1I,MN912135,10176,99.97052756,2017,Viet Nam,Viet Nam,MN912135,2017
1309,MN912136.1|2017-07-12,1I_E.1,1I_E,1I,MN912136,10176,99.97052756,2017,Viet Nam,Viet Nam,MN912136,2017
1310,MN912137.1|2017-07-12,1I_E.1,1I_E,1I,MN912137,10176,99.97052756,2017,Viet Nam,Viet Nam,MN912137,2017
1311,MN912139.1|2017-07-12,1I_E.1,1I_E,1I,MN912139,10176,99.97052756,2017,Viet Nam,Viet Nam,MN912139,2017
1312,MN912141.1|2017-07-12,1I_E.1,1I_E,1I,MN912141,10176,99.97052756,2017,Viet Nam,Viet Nam,MN912141,2017
1313,MN912142.1|2017-07-12,1I_E.1,1I_E,1I,MN912142,10176,99.97052756,2017,Viet Nam,Viet Nam,MN912142,2017
1314,MN912143.1|2017-07-12,1I_E.1,1I_E,1I,MN912143,10176,99.97052756,2017,Viet Nam,Viet Nam,MN912143,2017
1315,MN912152.1|2017-07-18,1I_E.1.2,1I_E,1I,MN912152,10176,99.97052756,2017,Viet Nam,Viet Nam,MN912152,2017
1316,MN912159.1|2017-07-18,1I_E.1.2,1I_E,1I,MN912159,10176,99.97052756,2017,Viet Nam,Viet Nam,MN912159,2017
1317,MN912163.1|2017-07-18,1I_E.1.2,1I_E,1I,MN912163,10176,99.97052756,2017,Viet Nam,Viet Nam,MN912163,2017
1318,MN912165.1|2017-07-18,1I_E.1.2,1I_E,1I,MN912165,10176,99.97052756,2017,Viet Nam,Viet Nam,MN912165,2017
1319,MN912166.1|2017-07-18,1I_E.1.2,1I_E,1I,MN912166,10176,99.97052756,2017,Viet Nam,Viet Nam,MN912166,2017
1320,MN912168.1|2017-07-18,1I_E.1.2,1I_E,1I,MN912168,10176,99.97052756,2017,Viet Nam,Viet Nam,MN912168,2017
1321,MN912169.1|2017-07-18,1I_E.1.2,1I_E,1I,MN912169,10176,99.97052756,2017,Viet Nam,Viet Nam,MN912169,2017
1322,MN912171.1|2017-07-18,1I_E.1.2,1I_E,1I,MN912171,10176,99.97052756,2017,Viet Nam,Viet Nam,MN912171,2017
1323,MN912174.1|2017-07-18,1I_E.1.2,1I_E,1I,MN912174,10176,99.97052756,2017,Viet Nam,Viet Nam,MN912174,2017
1324,MN912175.1|2017-07-18,1I_E.1.2,1I_E,1I,MN912175,10176,99.97052756,2017,Viet Nam,Viet Nam,MN912175,2017
1325,MN912176.1|2017-07-18,1I_E.1.2,1I_E,1I,MN912176,10176,99.97052756,2017,Viet Nam,Viet Nam,MN912176,2017
1326,MN912177.1|2017-07-31,1I_E.1.1,1I_E,1I,MN912177,10176,99.97052756,2017,Viet Nam,Viet Nam,MN912177,2017
1327,MN912178.1|2017-07-31,1I_E.1.1,1I_E,1I,MN912178,10176,99.97052756,2017,Viet Nam,Viet Nam,MN912178,2017
1328,MN912179.1|2017-07-31,1I_E.1.1,1I_E,1I,MN912179,10176,99.97052756,2017,Viet Nam,Viet Nam,MN912179,2017
1329,MN912180.1|2017-07-31,1I_E.1.1,1I_E,1I,MN912180,10176,99.97052756,2017,Viet Nam,Viet Nam,MN912180,2017
1330,MN912181.1|2017-07-31,1I_E.1.1,1I_E,1I,MN912181,10176,99.97052756,2017,Viet Nam,Viet Nam,MN912181,2017
1331,MN912182.1|2017-07-31,1I_E.1.1,1I_E,1I,MN912182,10176,99.97052756,2017,Viet Nam,Viet Nam,MN912182,2017
1332,MN912183.1|2017-07-31,1I_E.1.1,1I_E,1I,MN912183,10176,99.97052756,2017,Viet Nam,Viet Nam,MN912183,2017
1333,MN912184.1|2017-07-31,1I_E.1.1,1I_E,1I,MN912184,10176,99.97052756,2017,Viet Nam,Viet Nam,MN912184,2017
1334,MN912185.1|2017-07-31,1I_E.1.1,1I_E,1I,MN912185,10176,99.97052756,2017,Viet Nam,Viet Nam,MN912185,2017
1335,MN912188.1|2017-07-31,1I_E.1.1,1I_E,1I,MN912188,10176,99.97052756,2017,Viet Nam,Viet Nam,MN912188,2017
1336,MN912189.1|2017-07-31,1I_E.1.1,1I_E,1I,MN912189,10176,99.97052756,2017,Viet Nam,Viet Nam,MN912189,2017
1337,MN912191.1|2017-07-31,1I_E.1.1,1I_E,1I,MN912191,10176,99.97052756,2017,Viet Nam,Viet Nam,MN912191,2017
1338,MN912192.1|2017-07-31,1I_E.1.1,1I_E,1I,MN912192,10176,99.97052756,2017,Viet Nam,Viet Nam,MN912192,2017
1339,MN912202.1|2017-08-09,1I_E.1,1I_E,1I,MN912202,10176,99.97052756,2017,Viet Nam,Viet Nam,MN912202,2017
1340,MN912203.1|2017-08-09,1I_E.1,1I_E,1I,MN912203,10176,99.97052756,2017,Viet Nam,Viet Nam,MN912203,2017
1341,MN912211.1|2017-08-09,1I_E.1,1I_E,1I,MN912211,10176,99.97052756,2017,Viet Nam,Viet Nam,MN912211,2017
1342,MN912214.1|2017-08-09,1I_E.1,1I_E,1I,MN912214,10176,99.97052756,2017,Viet Nam,Viet Nam,MN912214,2017
1343,MN912215.1|2017-08-09,1I_E.1,1I_E,1I,MN912215,10176,99.97052756,2017,Viet Nam,Viet Nam,MN912215,2017
1344,MN912219.1|2017-08-09,1I_E.1,1I_E,1I,MN912219,10176,99.97052756,2017,Viet Nam,Viet Nam,MN912219,2017
1345,MN912220.1|2017-08-09,1I_E.1,1I_E,1I,MN912220,10176,99.97052756,2017,Viet Nam,Viet Nam,MN912220,2017
1346,MN912222.1|2017-08-09,1I_E.1,1I_E,1I,MN912222,10176,99.97052756,2017,Viet Nam,Viet Nam,MN912222,2017
1347,MN912223.1|2017-08-09,1I_E.1,1I_E,1I,MN912223,10176,99.97052756,2017,Viet Nam,Viet Nam,MN912223,2017
1348,MN912224.1|2017-08-16,1I_E.1,1I_E,1I,MN912224,10176,99.97052756,2017,Viet Nam,Viet Nam,MN912224,2017
1349,MN912225.1|2017-08-16,1I_E.1,1I_E,1I,MN912225,10176,99.97052756,2017,Viet Nam,Viet Nam,MN912225,2017
1350,MN912231.1|2017-08-16,1I_E.1,1I_E,1I,MN912231,10176,99.97052756,2017,Viet Nam,Viet Nam,MN912231,2017
1351,MN912233.1|2017-08-16,1I_E.1,1I_E,1I,MN912233,10176,99.97052756,2017,Viet Nam,Viet Nam,MN912233,2017
1352,MN912236.1|2017-08-16,1I_E.1,1I_E,1I,MN912236,10176,99.97052756,2017,Viet Nam,Viet Nam,MN912236,2017
1353,MN912237.1|2017-08-16,1I_E.1,1I_E,1I,MN912237,10176,99.97052756,2017,Viet Nam,Viet Nam,MN912237,2017
1354,MN912240.1|2017-08-16,1I_E.1,1I_E,1I,MN912240,10176,99.97052756,2017,Viet Nam,Viet Nam,MN912240,2017
1355,MN912242.1|2017-08-16,1I_E.1,1I_E,1I,MN912242,10176,99.97052756,2017,Viet Nam,Viet Nam,MN912242,2017
1356,MN912244.1|2017-08-16,1I_E.1,1I_E,1I,MN912244,10176,99.97052756,2017,Viet Nam,Viet Nam,MN912244,2017
1357,MN912246.1|2017-08-16,1I_E.1,1I_E,1I,MN912246,10176,99.97052756,2017,Viet Nam,Viet Nam,MN912246,2017
1358,MN912247.1|2017-08-16,1I_E.1,1I_E,1I,MN912247,10176,99.97052756,2017,Viet Nam,Viet Nam,MN912247,2017
1359,MN912248.1|2017-08-16,1I_E.1,1I_E,1I,MN912248,10176,99.97052756,2017,Viet Nam,Viet Nam,MN912248,2017
1360,MG840530.1|2014,1I_K.3,1I_K,1I,MG840530,10735,105.4622262,2014,China,China,MG840530,2014
1361,MG840531.1|2014,1III_A,1III_A,1III,MG840531,10714,105.255919,2014,China,China,MG840531,2014
1362,MG840532.1|2014,1I_K.6,1I_K,1I,MG840532,10735,105.4622262,2014,China,China,MG840532,2014
1363,MG840533.1|2014,1III_A,1III_A,1III,MG840533,10714,105.255919,2014,China,China,MG840533,2014
1364,MG840534.1|2014,1I_K.2,1I_K,1I,MG840534,10735,105.4622262,2014,China,China,MG840534,2014
1365,MG840535.1|2014,1I_K.2,1I_K,1I,MG840535,10735,105.4622262,2014,China,China,MG840535,2014
1366,MG840536.1|2014,1III_A,1III_A,1III,MG840536,10714,105.255919,2014,China,China,MG840536,2014
1367,MG840537.1|2014,1III_A,1III_A,1III,MG840537,10714,105.255919,2014,China,China,MG840537,2014
1368,MG840538.1|2014,1I_K.6,1I_K,1I,MG840538,10735,105.4622262,2014,China,China,MG840538,2014
1369,MG840539.1|2014,1I_K.6,1I_K,1I,MG840539,10735,105.4622262,2014,China,China,MG840539,2014
1370,MG840540.1|2014,1III_A,1III_A,1III,MG840540,10714,105.255919,2014,China,China,MG840540,2014
1371,MG840541.1|2014,1I_K.6,1I_K,1I,MG840541,10735,105.4622262,2014,China,China,MG840541,2014
1372,MG840542.1|2015,1III_A,1III_A,1III,MG840542,10735,105.4622262,2015,China,China,MG840542,2015
1373,MG840543.1|2015,1III_A,1III_A,1III,MG840543,10735,105.4622262,2015,China,China,MG840543,2015
1374,MG840544.1|2015,1I_K.6,1I_K,1I,MG840544,10735,105.4622262,2015,China,China,MG840544,2015
1375,MG840545.1|2015,1I_K.3,1I_K,1I,MG840545,10735,105.4622262,2015,China,China,MG840545,2015
1376,MG840546.1|2015,1I_K.3,1I_K,1I,MG840546,10735,105.4622262,2015,China,China,MG840546,2015
1377,MG840547.1|2015,1I_K.3,1I_K,1I,MG840547,10735,105.4622262,2015,China,China,MG840547,2015
1378,MG840548.1|2015,1I_J,1I_J,1I,MG840548,10735,105.4622262,2015,China,China,MG840548,2015
1379,MG840549.1|2015,1I_J,1I_J,1I,MG840549,10735,105.4622262,2015,China,China,MG840549,2015
1380,MG840550.1|2015,1I_J,1I_J,1I,MG840550,10735,105.4622262,2015,China,China,MG840550,2015
1381,MG840551.1|2015,1I_H.1,1I_H,1I,MG840551,10735,105.4622262,2015,China,China,MG840551,2015
1382,MG840552.1|2015,1I_J,1I_J,1I,MG840552,10735,105.4622262,2015,China,China,MG840552,2015
1383,MG840553.1|2015,1I_H.1,1I_H,1I,MG840553,10735,105.4622262,2015,China,China,MG840553,2015
1384,MG840554.1|2015,1I_K.3,1I_K,1I,MG840554,10735,105.4622262,2015,China,China,MG840554,2015
1385,MG840555.1|2015,1I_K,1I_K,1I,MG840555,10735,105.4622262,2015,China,China,MG840555,2015
1386,MG840556.1|2015,1I_K.3,1I_K,1I,MG840556,10735,105.4622262,2015,China,China,MG840556,2015
1387,MG840557.1|2015,1I_K.3,1I_K,1I,MG840557,10735,105.4622262,2015,China,China,MG840557,2015
1388,MG840558.1|2015,1I_E.1,1I_E,1I,MG840558,10735,105.4622262,2015,China,China,MG840558,2015
1389,MG840559.1|2015,1I_K.3,1I_K,1I,MG840559,10735,105.4622262,2015,China,China,MG840559,2015
1390,MG840560.1|2015,1I_K.3,1I_K,1I,MG840560,10735,105.4622262,2015,China,China,MG840560,2015
1391,MG840561.1|2016,1I_K.3,1I_K,1I,MG840561,10735,105.4622262,2016,China,China,MG840561,2016
1392,MG840562.1|2016,1I_K.2,1I_K,1I,MG840562,10735,105.4622262,2016,China,China,MG840562,2016
1393,MG840563.1|2016,1I_K.2,1I_K,1I,MG840563,10735,105.4622262,2016,China,China,MG840563,2016
1394,MG840564.1|2016,1I_K.2,1I_K,1I,MG840564,10735,105.4622262,2016,China,China,MG840564,2016
1395,MG840565.1|2016,1I_K.2,1I_K,1I,MG840565,10735,105.4622262,2016,China,China,MG840565,2016
1396,MG840566.1|2016,1I_K.2,1I_K,1I,MG840566,10735,105.4622262,2016,China,China,MG840566,2016
1397,MG840567.1|2016,1IV_B.1,1IV_B,1IV,MG840567,10735,105.4622262,2016,China,China,MG840567,2016
1398,MG840568.1|2016,1III_A,1III_A,1III,MG840568,10714,105.255919,2016,China,China,MG840568,2016
1399,MG840569.1|2016,1I_E.1,1I_E,1I,MG840569,10735,105.4622262,2016,China,China,MG840569,2016
1400,MG840570.1|2016,1I_E.1,1I_E,1I,MG840570,10735,105.4622262,2016,China,China,MG840570,2016
1401,MG840571.1|2016,1I_E.1,1I_E,1I,MG840571,10735,105.4622262,2016,China,China,MG840571,2016
1402,MG840572.1|2016,1I_K,1I_K,1I,MG840572,10735,105.4622262,2016,China,China,MG840572,2016
1403,MG840573.1|2016,1I_K.3,1I_K,1I,MG840573,10735,105.4622262,2016,China,China,MG840573,2016
1404,MG840574.1|2016,1IV_B.1,1IV_B,1IV,MG840574,10735,105.4622262,2016,China,China,MG840574,2016
1405,MG840575.1|2017,1I_K.1.2,1I_K,1I,MG840575,10735,105.4622262,2017,China,China,MG840575,2017
1406,MG840576.1|2017,1I_K.1.2,1I_K,1I,MG840576,10735,105.4622262,2017,China,China,MG840576,2017
1407,MG840577.1|2017,1I_K.1.2,1I_K,1I,MG840577,10735,105.4622262,2017,China,China,MG840577,2017
1408,MG840578.1|2017,1I_E.1,1I_E,1I,MG840578,10735,105.4622262,2017,China,China,MG840578,2017
1409,MG840579.1|2017,1IV_B.1,1IV_B,1IV,MG840579,10735,105.4622262,2017,China,China,MG840579,2017
1410,MG840580.1|2017,1I_K.3,1I_K,1I,MG840580,10735,105.4622262,2017,China,China,MG840580,2017
1411,MN621140.1|2013-05-10,1I_E,1I_E,1I,MN621140,10723,105.3443364,2013,New Caledonia,New Caledonia,MN621140,2013
1412,MN621141.1|2012-02-14,1I_H.1,1I_H,1I,MN621141,10675,104.8727773,2012,Thailand,Thailand,MN621141,2012
1413,MN639764.1|2018-10,1I_K.1.2,1I_K,1I,MN639764,10504,103.192848,2018,China,China,MN639764,2018
1414,MN639765.1|2018-10,1I_K.1.2,1I_K,1I,MN639765,10494,103.0946065,2018,China,China,MN639765,2018
1415,MN639766.1|2018-10,1I_K.1.2,1I_K,1I,MN639766,10491,103.0651341,2018,China,China,MN639766,2018
1416,MN639767.1|2018-10,1I_K.1.2,1I_K,1I,MN639767,10502,103.1731997,2018,China,China,MN639767,2018
1417,MN639768.1|2018-10,1I_K.1.2,1I_K,1I,MN639768,10503,103.1830239,2018,China,China,MN639768,2018
1418,MN639769.1|2018-10,1I_K.1.2,1I_K,1I,MN639769,10503,103.1830239,2018,China,China,MN639769,2018
1419,MN577472.1|2019-07,1VII_A,1VII_A,1VII,MN577472,10568,103.8215935,2019,Italy,Italy,MN577472,2019
1420,MN600714.1|2019-02-28,1III_A,1III_A,1III,MN600714,10646,104.587877,2019,Benin,Benin,MN600714,2019
1421,MH891767.1|2017-04-26,1III_A.3,1III_A,1III,MH891767,10764,105.7471264,2017,"India: Nilgiri,Tamil Nadu",India,MH891767,2017
1422,MH891771.1|2017-10-22,1III_A.3,1III_A,1III,MH891771,10623,104.3619216,2017,"India: Sonapur, Assam",India,MH891771,2017
1423,MN556094.1|2019-09-01,1I_K.3,1I_K,1I,MN556094,10694,105.0594361,2019,China,China,MN556094,2019
1424,LC428053.1|2017,1I_E.1,1I_E,1I,LC428053,10179,100,2017,Viet Nam,Viet Nam,LC428053,2017
1425,LC428054.1|2017,1I_E.1,1I_E,1I,LC428054,10179,100,2017,Viet Nam,Viet Nam,LC428054,2017
1426,LC428055.1|2017,1I_E.1,1I_E,1I,LC428055,10179,100,2017,Viet Nam,Viet Nam,LC428055,2017
1427,LC428056.1|2017,1I_E.1,1I_E,1I,LC428056,10179,100,2017,Viet Nam,Viet Nam,LC428056,2017
1428,LC428057.1|2017,1I_E.1,1I_E,1I,LC428057,10179,100,2017,Viet Nam,Viet Nam,LC428057,2017
1429,LC428058.1|2017,1I_E.1,1I_E,1I,LC428058,10179,100,2017,Viet Nam,Viet Nam,LC428058,2017
1430,LC428059.1|2017,1I_E.1,1I_E,1I,LC428059,10179,100,2017,Viet Nam,Viet Nam,LC428059,2017
1431,LC428060.1|2017,1I_E.1,1I_E,1I,LC428060,10179,100,2017,Viet Nam,Viet Nam,LC428060,2017
1432,LC428061.1|2017,1I_E.3,1I_E,1I,LC428061,10179,100,2017,Viet Nam,Viet Nam,LC428061,2017
1433,LC428062.1|2017,1I_E.1,1I_E,1I,LC428062,10179,100,2017,Viet Nam,Viet Nam,LC428062,2017
1434,LC428063.1|2017,1I_E.3,1I_E,1I,LC428063,10179,100,2017,Viet Nam,Viet Nam,LC428063,2017
1435,LC428064.1|2017,1I_E.3,1I_E,1I,LC428064,10179,100,2017,Viet Nam,Viet Nam,LC428064,2017
1436,LC428065.1|2017,1I_E.3,1I_E,1I,LC428065,10179,100,2017,Viet Nam,Viet Nam,LC428065,2017
1437,LC428066.1|2017,1I_E.3,1I_E,1I,LC428066,10179,100,2017,Viet Nam,Viet Nam,LC428066,2017
1438,LC428067.1|2017,1I_E.3,1I_E,1I,LC428067,10179,100,2017,Viet Nam,Viet Nam,LC428067,2017
1439,LC428068.1|2017,1I_E.3,1I_E,1I,LC428068,10179,100,2017,Viet Nam,Viet Nam,LC428068,2017
1440,LC428069.1|2017,1I_E,1I_E,1I,LC428069,10179,100,2017,Viet Nam,Viet Nam,LC428069,2017
1441,LC428070.1|2017,1I_E.3,1I_E,1I,LC428070,10179,100,2017,Viet Nam,Viet Nam,LC428070,2017
1442,LC428071.1|2017,1I_E.1,1I_E,1I,LC428071,10179,100,2017,Viet Nam,Viet Nam,LC428071,2017
1443,LC428072.1|2017,1I_E.1,1I_E,1I,LC428072,10179,100,2017,Viet Nam,Viet Nam,LC428072,2017
1444,LC428073.1|2017,1I_E.1,1I_E,1I,LC428073,10179,100,2017,Viet Nam,Viet Nam,LC428073,2017
1445,LC428074.1|2017,1I_E.3,1I_E,1I,LC428074,10179,100,2017,Viet Nam,Viet Nam,LC428074,2017
1446,LC428075.1|2017,1I_E.3,1I_E,1I,LC428075,10179,100,2017,Viet Nam,Viet Nam,LC428075,2017
1447,LC428076.1|2017,1I_E.3,1I_E,1I,LC428076,10179,100,2017,Viet Nam,Viet Nam,LC428076,2017
1448,LC428077.1|2017,1I_E.3,1I_E,1I,LC428077,10179,100,2017,Viet Nam,Viet Nam,LC428077,2017
1449,LC428078.1|2017,1I_E,1I_E,1I,LC428078,10179,100,2017,Viet Nam,Viet Nam,LC428078,2017
1450,LC428079.1|2017,1I_E.1,1I_E,1I,LC428079,10179,100,2017,Viet Nam,Viet Nam,LC428079,2017
1451,LC428080.1|2017,1I_E.1,1I_E,1I,LC428080,10179,100,2017,Viet Nam,Viet Nam,LC428080,2017
1452,MN444623.1|2019-06-11,1I_K.1.1,1I_K,1I,MN444623,10696,105.0790844,2019,China: Zhejiang province,China,MN444623,2019
1453,MN444624.1|2019-06-07,1I_E.1,1I_E,1I,MN444624,10687,104.9906671,2019,China: Zhejiang province,China,MN444624,2019
1454,MG181997.1|2008-01-08,1IV_A,1IV_A,1IV,MG181997,10715,105.2657432,2008,French Polynesia,French Polynesia,MG181997,2008
1455,MK905537.1|2019-04-09,1I_E.1,1I_E,1I,MK905537,10696,105.0790844,2019,China: Henan province,China,MK905537,2019
1456,MK166992.1|2017-10-20,1I_H.1,1I_H,1I,MK166992,7946,78.06267806,2017,China,China,MK166992,2017
1457,MK166993.1|2017-10-26,1I_K.1.2,1I_K,1I,MK166993,7959,78.19039198,2017,China,China,MK166993,2017
1458,MK166994.1|2017-10-25,1I_K.1.2,1I_K,1I,MK166994,7954,78.14127124,2017,China,China,MK166994,2017
1459,MK166995.1|2017-11-14,1I_K.1.2,1I_K,1I,MK166995,7963,78.22968857,2017,China,China,MK166995,2017
1460,MK166996.1|2017-11-04,1I_K.1.2,1I_K,1I,MK166996,7953,78.1314471,2017,China,China,MK166996,2017
1461,MK166997.1|2017-10-29,1I_H.1,1I_H,1I,MK166997,7955,78.15109539,2017,China,China,MK166997,2017
1462,MK166998.1|2017-10-29,1I_K.1.2,1I_K,1I,MK166998,7972,78.3181059,2017,China,China,MK166998,2017
1463,MK166999.1|2017-10-30,1I_K.1.2,1I_K,1I,MK166999,7979,78.38687494,2017,China,China,MK166999,2017
1464,MK167000.1|2017-10-26,1I_K.1.2,1I_K,1I,MK167000,7957,78.17074369,2017,China,China,MK167000,2017
1465,MK167001.1|2017-11-02,1I_K.1.2,1I_K,1I,MK167001,7954,78.14127124,2017,China,China,MK167001,2017
1466,MK167002.1|2017-10-29,1I_K.1.2,1I_K,1I,MK167002,7972,78.3181059,2017,China,China,MK167002,2017
1467,MK167003.1|2017-10-23,1I_H.1,1I_H,1I,MK167003,7937,77.97426073,2017,China,China,MK167003,2017
1468,MK167004.1|2017-10-26,1I_K.1.2,1I_K,1I,MK167004,7960,78.20021613,2017,China,China,MK167004,2017
1469,MK167005.1|2017-10-10,1I_H.1,1I_H,1I,MK167005,7949,78.09215051,2017,China,China,MK167005,2017
1470,MK167006.1|2017-10-21,1I_H.1,1I_H,1I,MK167006,7948,78.08232636,2017,China,China,MK167006,2017
1471,MK167007.1|2017-11-06,1I_K.1.2,1I_K,1I,MK167007,7955,78.15109539,2017,China,China,MK167007,2017
1472,MK167008.1|2017-11-11,1I_K.1.2,1I_K,1I,MK167008,7971,78.30828176,2017,China,China,MK167008,2017
1473,MK167009.1|2017-10-25,1I_K.1.2,1I_K,1I,MK167009,7921,77.81707437,2017,China,China,MK167009,2017
1474,MK167010.1|2017-10-26,1I_K.1.2,1I_K,1I,MK167010,7960,78.20021613,2017,China,China,MK167010,2017
1475,MK167011.1|2017-11-03,1I_K.1.2,1I_K,1I,MK167011,7968,78.27880931,2017,China,China,MK167011,2017
1476,MK167012.1|2017-11-02,1I_K.1.2,1I_K,1I,MK167012,7960,78.20021613,2017,China,China,MK167012,2017
1477,MK167013.1|2017-10-29,1I_H.1,1I_H,1I,MK167013,7956,78.16091954,2017,China,China,MK167013,2017
1478,MK167014.1|2017-10-30,1I_K.1.2,1I_K,1I,MK167014,7959,78.19039198,2017,China,China,MK167014,2017
1479,MK167015.1|2017-10-27,1I_K.1.2,1I_K,1I,MK167015,7958,78.18056784,2017,China,China,MK167015,2017
1480,MK167016.1|2017-11-05,1I_K.1.2,1I_K,1I,MK167016,7955,78.15109539,2017,China,China,MK167016,2017
1481,MK167017.1|2017-11-05,1I_K.1.2,1I_K,1I,MK167017,7959,78.19039198,2017,China,China,MK167017,2017
1482,MK167018.1|2017-10-31,1I_H.1,1I_H,1I,MK167018,7958,78.18056784,2017,China,China,MK167018,2017
1483,MK167019.1|2017-11-12,1I_K.1.2,1I_K,1I,MK167019,7953,78.1314471,2017,China,China,MK167019,2017
1484,MG097875.1|2012-05,1III_A,1III_A,1III,MG097875,10705,105.1675017,2012,Singapore,Singapore,MG097875,2012
1485,MG097876.1|2014-07,1I_K,1I_K,1I,MG097876,10735,105.4622262,2014,Singapore,Singapore,MG097876,2014
1486,MH271402.1|2014,1I_K.6,1I_K,1I,MH271402,10630,104.4306906,2014,China,China,MH271402,2014
1487,MH271403.1|2014,1I_K.2,1I_K,1I,MH271403,10711,105.2264466,2014,China,China,MH271403,2014
1488,MH271404.1|2014,1I_K.3,1I_K,1I,MH271404,10690,105.0201395,2014,China,China,MH271404,2014
1489,MH271405.1|2014,1III_A,1III_A,1III,MH271405,10638,104.5092838,2014,China,China,MH271405,2014
1490,MH271406.1|2014,1III_A,1III_A,1III,MH271406,10625,104.3815699,2014,China,China,MH271406,2014
1491,KY672931.1|2015-06-09,1I_H.1,1I_H,1I,KY672931,10738,105.4916986,2015,China: Yunnan,China,KY672931,2015
1492,KY672932.1|2015-06-14,1I_H.1,1I_H,1I,KY672932,10704,105.1576776,2015,China: Yunnan,China,KY672932,2015
1493,KY672933.1|2015-08-08,1I_J,1I_J,1I,KY672933,10714,105.255919,2015,China: Yunnan,China,KY672933,2015
1494,KY672934.1|2015-10-22,1I_H.1,1I_H,1I,KY672934,10738,105.4916986,2015,China: Yunnan,China,KY672934,2015
1495,KY672935.1|2015-10-17,1I_H.1,1I_H,1I,KY672935,10738,105.4916986,2015,China: Yunnan,China,KY672935,2015
1496,KY672936.1|2015-07-06,1I_H.1,1I_H,1I,KY672936,10738,105.4916986,2015,China: Yunnan,China,KY672936,2015
1497,KY672937.1|2014-08-01,1I_J,1I_J,1I,KY672937,10738,105.4916986,2014,China: Yunnan,China,KY672937,2014
1498,KY672938.1|2014-08-08,1I_J,1I_J,1I,KY672938,10738,105.4916986,2014,China: Yunnan,China,KY672938,2014
1499,KY672939.1|2014-08-13,1I_J,1I_J,1I,KY672939,10707,105.18715,2014,China: Yunnan,China,KY672939,2014
0,KY672940.1|2014-09-18,1I_J,1I_J,1I,KY672940,10707,105.18715,2014,China: Yunnan,China,KY672940,2014
1,KY672941.1|2014-09-21,1I_H.1,1I_H,1I,KY672941,10714,105.255919,2014,China: Yunnan,China,KY672941,2014
2,KY672942.1|2014-09-27,1I_H.1,1I_H,1I,KY672942,10737,105.4818744,2014,China: Yunnan,China,KY672942,2014
3,KY672943.1|2013-10-08,1I_H.1,1I_H,1I,KY672943,10737,105.4818744,2013,China: Yunnan,China,KY672943,2013
4,KY672944.1|2013-10-08,1III_A,1III_A,1III,KY672944,10709,105.2067983,2013,China: Yunnan,China,KY672944,2013
5,MH823207.1|2015,1I_K,1I_K,1I,MH823207,10728,105.3934571,2015,Indonesia,Indonesia,MH823207,2015
6,MG721060.2|2016,1III_A.3,1III_A,1III,MG721060,10615,104.2833284,2016,India,India,MG721060,2016
7,MG721063.2|2016,1III_B,1III_B,1III,MG721063,10736,105.4720503,2016,India,India,MG721063,2016
8,MH822958.2|2012,1III_A,1III_A,1III,MH822958,10619,104.322625,2012,India,India,MH822958,2012
9,MH822959.2|2012,1III_A,1III_A,1III,MH822959,10714,105.255919,2012,India,India,MH822959,2012
10,MH921566.1|2015,1IV_A,1IV_A,1IV,MH921566,10706,105.1773259,2015,Australia: Queensland,Australia,MH921566,2015
11,MH921567.1|2016,1IV_A,1IV_A,1IV,MH921567,10706,105.1773259,2016,Australia: Queensland,Australia,MH921567,2016
12,LC410183.1|2017-04,1I_H.1,1I_H,1I,LC410183,10694,105.0594361,2017,Thailand,Thailand,LC410183,2017
13,KY057365.1|2012,1I_K,1I_K,1I,KY057365,10735,105.4622262,2012,Indonesia: Surabaya,Indonesia,KY057365,2012
14,KY057366.1|2012,1IV_B,1IV_B,1IV,KY057366,10735,105.4622262,2012,Indonesia: Surabaya,Indonesia,KY057366,2012
15,KY057367.1|2012,1I_K.2,1I_K,1I,KY057367,10735,105.4622262,2012,Indonesia: Surabaya,Indonesia,KY057367,2012
16,KY057368.1|2012,1IV_B,1IV_B,1IV,KY057368,10735,105.4622262,2012,Indonesia: Surabaya,Indonesia,KY057368,2012
17,KY057369.1|2012,1I_K,1I_K,1I,KY057369,10735,105.4622262,2012,Indonesia: Surabaya,Indonesia,KY057369,2012
18,KY057370.1|2012,1I_K.2,1I_K,1I,KY057370,10735,105.4622262,2012,Indonesia: Surabaya,Indonesia,KY057370,2012
19,KY057371.1|2012,1IV_B,1IV_B,1IV,KY057371,10735,105.4622262,2012,Indonesia: Surabaya,Indonesia,KY057371,2012
20,KY057372.1|2012,1I_K,1I_K,1I,KY057372,10735,105.4622262,2012,Indonesia: Surabaya,Indonesia,KY057372,2012
21,KY057373.1|2012,1I_K,1I_K,1I,KY057373,10735,105.4622262,2012,Indonesia: Surabaya,Indonesia,KY057373,2012
22,MG767211.1|2017-09-04,1I_K.3,1I_K,1I,MG767211,10700,105.118381,2017,China,China,MG767211,2017
23,MG518567.1|2010-09,1V_E,1V_E,1V,MG518567,10080,99.02740937,2010,France: Nice,France,MG518567,2010
24,MG877552.1|2012,1I_E,1I_E,1I,MG877552,10625,104.3815699,2012,Laos,Laos,MG877552,2012
25,MG877553.1|2012,1V_E,1V_E,1V,MG877553,10719,105.3050398,2012,Haiti,Haiti,MG877553,2012
26,MG877554.1|2012,1I_E,1I_E,1I,MG877554,10719,105.3050398,2012,Thailand,Thailand,MG877554,2012
27,MG877555.1|2013,1I_E,1I_E,1I,MG877555,10719,105.3050398,2013,New Caledonia,New Caledonia,MG877555,2013
28,MG877556.1|2013,1I_K,1I_K,1I,MG877556,10718,105.2952156,2013,Thailand,Thailand,MG877556,2013
29,MG877557.1|2012,1VII_B,1VII_B,1VII,MG877557,10751,105.6194125,2012,Gabon,Gabon,MG877557,2012
30,MF033196.1|2011-10,1I_H.1,1I_H,1I,MF033196,10735,105.4622262,2011,Singapore,Singapore,MF033196,2011
31,MF033197.1|2012-03,1III_B,1III_B,1III,MF033197,10735,105.4622262,2012,Singapore,Singapore,MF033197,2012
32,MF033198.1|2012-05,1III_A,1III_A,1III,MF033198,10714,105.255919,2012,Singapore,Singapore,MF033198,2012
33,MF033199.1|2012-05,1I_E,1I_E,1I,MF033199,10735,105.4622262,2012,Singapore,Singapore,MF033199,2012
34,MF033200.1|2012-07,1III_A,1III_A,1III,MF033200,10714,105.255919,2012,Singapore,Singapore,MF033200,2012
35,MF033201.1|2012-08,1I_H.1,1I_H,1I,MF033201,10735,105.4622262,2012,Singapore,Singapore,MF033201,2012
36,MF033202.1|2012-08,1I_H.1,1I_H,1I,MF033202,10735,105.4622262,2012,Singapore,Singapore,MF033202,2012
37,MF033203.1|2012-10,1I_H.1,1I_H,1I,MF033203,10735,105.4622262,2012,Singapore,Singapore,MF033203,2012
38,MF033204.1|2012-11,1III_A,1III_A,1III,MF033204,10714,105.255919,2012,Singapore,Singapore,MF033204,2012
39,MF033205.1|2012-12,1III_A,1III_A,1III,MF033205,10714,105.255919,2012,Singapore,Singapore,MF033205,2012
40,MF033206.1|2013-03,1I_K.3,1I_K,1I,MF033206,10735,105.4622262,2013,Singapore,Singapore,MF033206,2013
41,MF033207.1|2013-04,1I_K.3,1I_K,1I,MF033207,10735,105.4622262,2013,Singapore,Singapore,MF033207,2013
42,MF033208.1|2013-06,1I_K.3,1I_K,1I,MF033208,10735,105.4622262,2013,Singapore,Singapore,MF033208,2013
43,MF033209.1|2013-08,1I_K.3,1I_K,1I,MF033209,10735,105.4622262,2013,Singapore,Singapore,MF033209,2013
44,MF033210.1|2013-08,1I_H.1,1I_H,1I,MF033210,10735,105.4622262,2013,Singapore,Singapore,MF033210,2013
45,MF033211.1|2013-10,1III_A,1III_A,1III,MF033211,10714,105.255919,2013,Singapore,Singapore,MF033211,2013
46,MF033212.1|2013-12,1III_A.3,1III_A,1III,MF033212,10714,105.255919,2013,Singapore,Singapore,MF033212,2013
47,MF033213.1|2014-02,1III_A,1III_A,1III,MF033213,10714,105.255919,2014,Singapore,Singapore,MF033213,2014
48,MF033214.1|2014-02,1I_K,1I_K,1I,MF033214,10735,105.4622262,2014,Singapore,Singapore,MF033214,2014
49,MF033215.1|2014-03,1I_H.1,1I_H,1I,MF033215,10735,105.4622262,2014,Singapore,Singapore,MF033215,2014
50,MF033216.1|2014-05,1I_K.3,1I_K,1I,MF033216,10735,105.4622262,2014,Singapore,Singapore,MF033216,2014
51,MF033217.1|2014-05,1I_K.3,1I_K,1I,MF033217,10710,105.2166225,2014,Singapore,Singapore,MF033217,2014
52,MF033218.1|2014-06,1I_K,1I_K,1I,MF033218,10735,105.4622262,2014,Singapore,Singapore,MF033218,2014
53,MF033219.1|2014-06,1I_H.1,1I_H,1I,MF033219,10735,105.4622262,2014,Singapore,Singapore,MF033219,2014
54,MF033220.1|2014-06,1I_K.2,1I_K,1I,MF033220,10735,105.4622262,2014,Singapore,Singapore,MF033220,2014
55,MF033221.1|2014-07,1I_H.1,1I_H,1I,MF033221,10685,104.9710188,2014,Singapore,Singapore,MF033221,2014
56,MF033222.1|2014-07,1I_J,1I_J,1I,MF033222,10735,105.4622262,2014,Singapore,Singapore,MF033222,2014
57,MF033223.1|2014-07,1I_K,1I_K,1I,MF033223,10735,105.4622262,2014,Singapore,Singapore,MF033223,2014
58,MF033224.1|2014-07,1III_A,1III_A,1III,MF033224,10661,104.7352392,2014,Singapore,Singapore,MF033224,2014
59,MF033225.1|2014-08,1I_K.2,1I_K,1I,MF033225,10735,105.4622262,2014,Singapore,Singapore,MF033225,2014
60,MF033226.1|2014-09,1III_A.3,1III_A,1III,MF033226,10714,105.255919,2014,Singapore,Singapore,MF033226,2014
61,MF033227.1|2015-01,1III_A,1III_A,1III,MF033227,10714,105.255919,2015,Singapore,Singapore,MF033227,2015
62,MF033228.1|2015-03,1I_K.3,1I_K,1I,MF033228,10735,105.4622262,2015,Singapore,Singapore,MF033228,2015
63,MF033229.1|2015-02,1III_A,1III_A,1III,MF033229,10714,105.255919,2015,Singapore,Singapore,MF033229,2015
64,MF033230.1|2015-02,1I_K.3,1I_K,1I,MF033230,10735,105.4622262,2015,Singapore,Singapore,MF033230,2015
65,MF033231.1|2015-03,1IV_B,1IV_B,1IV,MF033231,10735,105.4622262,2015,Singapore,Singapore,MF033231,2015
66,MF033232.1|2015-03,1I_K.2,1I_K,1I,MF033232,10735,105.4622262,2015,Singapore,Singapore,MF033232,2015
67,MF033233.1|2015-03,1I_K,1I_K,1I,MF033233,10735,105.4622262,2015,Singapore,Singapore,MF033233,2015
68,MF033234.1|2015-02,1III_A,1III_A,1III,MF033234,10714,105.255919,2015,Singapore,Singapore,MF033234,2015
69,MF033235.1|2015-04,1I_K.2,1I_K,1I,MF033235,10735,105.4622262,2015,Singapore,Singapore,MF033235,2015
70,MF033236.1|2015-04,1I_K,1I_K,1I,MF033236,10735,105.4622262,2015,Singapore,Singapore,MF033236,2015
71,MF033237.1|2015-06,1III_A,1III_A,1III,MF033237,10714,105.255919,2015,Singapore,Singapore,MF033237,2015
72,MF033238.1|2015-07,1III_A,1III_A,1III,MF033238,10714,105.255919,2015,Singapore,Singapore,MF033238,2015
73,MF033239.1|2015-11,1I_E.1,1I_E,1I,MF033239,10735,105.4622262,2015,Singapore,Singapore,MF033239,2015
74,MF033240.1|2015-11,1I_K.3,1I_K,1I,MF033240,10735,105.4622262,2015,Singapore,Singapore,MF033240,2015
75,MF033241.1|2015-12,1III_A,1III_A,1III,MF033241,10686,104.9808429,2015,Singapore,Singapore,MF033241,2015
76,MF033242.1|2015-07,1III_A,1III_A,1III,MF033242,10714,105.255919,2015,Singapore,Singapore,MF033242,2015
77,MF033243.1|2016-01,1III_A,1III_A,1III,MF033243,10714,105.255919,2016,Singapore,Singapore,MF033243,2016
78,MF033244.1|2016-02,1I_K,1I_K,1I,MF033244,10735,105.4622262,2016,Singapore,Singapore,MF033244,2016
79,MF033245.1|2016-02,1I_K.3,1I_K,1I,MF033245,10735,105.4622262,2016,Singapore,Singapore,MF033245,2016
80,MF033246.1|2016-02,1I_K.2,1I_K,1I,MF033246,10735,105.4622262,2016,Singapore,Singapore,MF033246,2016
81,MF033247.1|2016-02,1I_K.3,1I_K,1I,MF033247,10735,105.4622262,2016,Singapore,Singapore,MF033247,2016
82,MF033248.1|2016-02,1I_K,1I_K,1I,MF033248,10735,105.4622262,2016,Singapore,Singapore,MF033248,2016
83,MF033249.1|2016-02,1I_K.3,1I_K,1I,MF033249,10680,104.921898,2016,Singapore,Singapore,MF033249,2016
84,MF033250.1|2016-03,1I_K.2,1I_K,1I,MF033250,10681,104.9317222,2016,Singapore,Singapore,MF033250,2016
85,MF033251.1|2016-03,1III_A,1III_A,1III,MF033251,10714,105.255919,2016,Singapore,Singapore,MF033251,2016
86,MF033252.1|2016-04,1III_A,1III_A,1III,MF033252,10714,105.255919,2016,Singapore,Singapore,MF033252,2016
87,MF033253.1|2016-05,1III_A,1III_A,1III,MF033253,10714,105.255919,2016,Singapore,Singapore,MF033253,2016
88,MF033254.1|2016-06,1I_E.1,1I_E,1I,MF033254,10690,105.0201395,2016,Singapore,Singapore,MF033254,2016
89,MF033255.1|2016-08,1III_A,1III_A,1III,MF033255,10714,105.255919,2016,Singapore,Singapore,MF033255,2016
90,MF033256.1|2016-08,1III_A.3,1III_A,1III,MF033256,10714,105.255919,2016,Singapore,Singapore,MF033256,2016
91,MF033257.1|2016-08,1I_K.2,1I_K,1I,MF033257,10735,105.4622262,2016,Singapore,Singapore,MF033257,2016
92,MF033258.1|2016-10,1I_K.2,1I_K,1I,MF033258,10676,104.8826014,2016,Singapore,Singapore,MF033258,2016
93,MF033259.1|2016-11,1I_K.3,1I_K,1I,MF033259,10677,104.8924256,2016,Singapore,Singapore,MF033259,2016
94,MF033260.1|2016-11,1I_K.1.2,1I_K,1I,MF033260,10735,105.4622262,2016,Singapore,Singapore,MF033260,2016
95,MF033261.1|2016-12,1III_A.3,1III_A,1III,MF033261,10714,105.255919,2016,Singapore,Singapore,MF033261,2016
96,MG560265.1|2014-10-01,1I_K.6,1I_K,1I,MG560265,10604,104.1752628,2014,"China: Heyuan, Guangdong Province",China,MG560265,2014
97,MG560266.1|2014-09-11,1I_K.6,1I_K,1I,MG560266,10583,103.9689557,2014,"China: Zhongshan, Guangdong Province",China,MG560266,2014
98,MG560267.1|2014-10-20,1III_A,1III_A,1III,MG560267,10583,103.9689557,2014,"China: Chaozhou, Guangdong Province",China,MG560267,2014
99,MG560268.1|2014-10-20,1III_A,1III_A,1III,MG560268,10583,103.9689557,2014,"China: Chaozhou, Guangdong Province",China,MG560268,2014
100,MG560269.1|2014-10-16,1III_A,1III_A,1III,MG560269,10583,103.9689557,2014,"China: Chaozhou, Guangdong Province",China,MG560269,2014
101,MG679800.1|2017-10-27,1I_H.1,1I_H,1I,MG679800,10735,105.4622262,2017,Myanmar,Myanmar,MG679800,2017
102,MG679801.1|2017-10-27,1I_H.1,1I_H,1I,MG679801,10735,105.4622262,2017,Myanmar,Myanmar,MG679801,2017
103,MH450297.1|2015-09-25,1V_D.1,1V_D,1V,MH450297,10700,105.118381,2015,Venezuela: Carabobo,Venezuela,MH450297,2015
104,MH450301.2|2015-10-06,1V_D.1,1V_D,1V,MH450301,10481,102.9668926,2015,Venezuela: Carabobo,Venezuela,MH450301,2015
105,MH450303.1|2015-10-02,1V_D.1,1V_D,1V,MH450303,10672,104.8433048,2015,Venezuela: Carabobo,Venezuela,MH450303,2015
106,MH450304.1|2010-08-30,1V_D.1,1V_D,1V,MH450304,10701,105.1282051,2010,Venezuela: Aragua,Venezuela,MH450304,2010
107,MH450306.1|2010-09-07,1V_F,1V_F,1V,MH450306,10711,105.2264466,2010,Venezuela: Aragua,Venezuela,MH450306,2010
108,MH450312.1|2015-10-19,1V_D.1,1V_D,1V,MH450312,10752,105.6292367,2015,Venezuela: Carabobo,Venezuela,MH450312,2015
109,KX618705.1|2014,1III_B,1III_B,1III,KX618705,10735,105.4622262,2014,India,India,KX618705,2014
110,KX618706.1|2014,1III_B,1III_B,1III,KX618706,10735,105.4622262,2014,India,India,KX618706,2014
111,LC335871.1|2014-09-04,1I_K.3,1I_K,1I,LC335871,10179,100,2014,"Japan:Tokyo, Shibuya, Yoyogi park",Japan,LC335871,2014
112,LC335872.1|2014-09-04,1I_K.3,1I_K,1I,LC335872,10179,100,2014,"Japan:Tokyo, Shibuya, Yoyogi park",Japan,LC335872,2014
113,LC335873.1|2014-09-04,1I_K.3,1I_K,1I,LC335873,10179,100,2014,"Japan:Tokyo, Shibuya, Yoyogi park",Japan,LC335873,2014
114,LC335875.1|2014-09-05,1I_K.3,1I_K,1I,LC335875,10179,100,2014,"Japan:Tokyo, Shibuya, Meiji Jingu",Japan,LC335875,2014
115,LC335877.1|2014-09-05,1I_K.3,1I_K,1I,LC335877,10179,100,2014,"Japan:Tokyo, Shibuya, Meiji Jingu",Japan,LC335877,2014
116,LC335879.1|2014-09-04,1I_K.3,1I_K,1I,LC335879,10179,100,2014,"Japan:Tokyo, Shibuya, Yoyogi park",Japan,LC335879,2014
117,MF314188.1|2016,1I_K.2,1I_K,1I,MF314188,10706,105.1773259,2016,Singapore,Singapore,MF314188,2016
118,MF004384.1|2014-08-07,1V_B,1V_B,1V,MF004384,10675,104.8727773,2014,France,France,MF004384,2014
119,KY926848.1|2013-08-19,1I_E,1I_E,1I,KY926848,10597,104.1064938,2013,French Polynesia: Faa'a commune,French Polynesia,KY926848,2013
120,KY926849.1|2008-01-08,1IV_A,1IV_A,1IV,KY926849,10597,104.1064938,2008,French Polynesia,French Polynesia,KY926849,2008
121,KY849701.1|2009-08-11,1I_K.5,1I_K,1I,KY849701,10673,104.853129,2009,Laos: Salavan,Laos,KY849701,2009
122,KY849702.1|2010-07-24,1I_H,1I_H,1I,KY849702,10675,104.8727773,2010,Laos: Vientiane,Laos,KY849702,2010
123,KY849703.1|2010-08-17,1I_H,1I_H,1I,KY849703,10675,104.8727773,2010,Laos: Luang Namtha,Laos,KY849703,2010
124,KY849704.1|2011-07-02,1I_K.5,1I_K,1I,KY849704,10675,104.8727773,2011,Laos: Luang Namtha,Laos,KY849704,2011
125,KY849705.1|2008-09-11,1I_K.5,1I_K,1I,KY849705,10675,104.8727773,2008,Laos: Salavan,Laos,KY849705,2008
126,KY849706.1|2008-10-22,1I_H,1I_H,1I,KY849706,10675,104.8727773,2008,Laos: Salavan,Laos,KY849706,2008
127,KY849707.1|2009-01-27,1I_K.5,1I_K,1I,KY849707,10675,104.8727773,2009,Laos: Salavan,Laos,KY849707,2009
128,KY849708.1|2009-04-10,1I_K.5,1I_K,1I,KY849708,10675,104.8727773,2009,Laos: Salavan,Laos,KY849708,2009
129,KY849709.1|2009-04-30,1I_K.5,1I_K,1I,KY849709,10675,104.8727773,2009,Laos: Salavan,Laos,KY849709,2009
130,KY849710.1|2009-05-04,1I_K.5,1I_K,1I,KY849710,10675,104.8727773,2009,Laos: Salavan,Laos,KY849710,2009
131,KY849711.1|2009-05-09,1I_K.5,1I_K,1I,KY849711,10675,104.8727773,2009,Laos: Salavan,Laos,KY849711,2009
132,KY849712.1|2009-05-12,1I_K.5,1I_K,1I,KY849712,10675,104.8727773,2009,Laos: Salavan,Laos,KY849712,2009
133,KY849713.1|2009-05-09,1I_K.5,1I_K,1I,KY849713,10675,104.8727773,2009,Laos: Salavan,Laos,KY849713,2009
134,KY849714.1|2009-05-18,1I_K.5,1I_K,1I,KY849714,10675,104.8727773,2009,Laos: Salavan,Laos,KY849714,2009
135,KY849715.1|2009-09-26,1I_K.5,1I_K,1I,KY849715,10675,104.8727773,2009,Laos: Salavan,Laos,KY849715,2009
136,KY849716.1|2009-09-28,1I_K.5,1I_K,1I,KY849716,10675,104.8727773,2009,Laos: Salavan,Laos,KY849716,2009
137,KY849717.1|2009-10-23,1I_K.5,1I_K,1I,KY849717,10675,104.8727773,2009,Laos: Salavan,Laos,KY849717,2009
138,KY849718.1|2009-10-22,1I_K.5,1I_K,1I,KY849718,10675,104.8727773,2009,Laos: Salavan,Laos,KY849718,2009
139,KY849719.1|2009-11-04,1I_K.5,1I_K,1I,KY849719,10675,104.8727773,2009,Laos: Salavan,Laos,KY849719,2009
140,KY849720.1|2009-11-12,1I_E,1I_E,1I,KY849720,10675,104.8727773,2009,Laos: Salavan,Laos,KY849720,2009
141,KY849721.1|2010-04-17,1I_K.5,1I_K,1I,KY849721,10675,104.8727773,2010,Laos: Salavan,Laos,KY849721,2010
142,KY849722.1|2010-05-05,1I_K.5,1I_K,1I,KY849722,10675,104.8727773,2010,Laos: Salavan,Laos,KY849722,2010
143,KY849723.1|2010-07-06,1I_K.5,1I_K,1I,KY849723,10675,104.8727773,2010,Laos: Salavan,Laos,KY849723,2010
144,KY849724.1|2009-07-07,1I_H,1I_H,1I,KY849724,10675,104.8727773,2009,Laos: Vientiane,Laos,KY849724,2009
145,KY849725.1|2009-09-03,1I_H,1I_H,1I,KY849725,10675,104.8727773,2009,Laos: Vientiane,Laos,KY849725,2009
146,KY849726.1|2009-09-24,1I_H,1I_H,1I,KY849726,10675,104.8727773,2009,Laos: Vientiane,Laos,KY849726,2009
147,KY849727.1|2009-10-28,1I_K,1I_K,1I,KY849727,10675,104.8727773,2009,Laos: Vientiane,Laos,KY849727,2009
148,KY849728.1|2009-12-04,1I_H,1I_H,1I,KY849728,10675,104.8727773,2009,Laos: Vientiane,Laos,KY849728,2009
149,KY849729.1|2009-12-24,1I_H,1I_H,1I,KY849729,10675,104.8727773,2009,Laos: Vientiane,Laos,KY849729,2009
150,KY849730.1|2010-07-18,1I_H,1I_H,1I,KY849730,10675,104.8727773,2010,Laos: Vientiane,Laos,KY849730,2010
151,KY849731.1|2010-07-23,1I_H,1I_H,1I,KY849731,10675,104.8727773,2010,Laos: Vientiane,Laos,KY849731,2010
152,KY849732.1|2010-07-27,1I_H,1I_H,1I,KY849732,10675,104.8727773,2010,Laos: Vientiane,Laos,KY849732,2010
153,KY849733.1|2010-08-23,1I_H,1I_H,1I,KY849733,10675,104.8727773,2010,Laos: Vientiane,Laos,KY849733,2010
154,KY849734.1|2010-08-26,1I_H,1I_H,1I,KY849734,10675,104.8727773,2010,Laos: Vientiane,Laos,KY849734,2010
155,KY849735.1|2010-08-26,1I_H,1I_H,1I,KY849735,10675,104.8727773,2010,Laos: Vientiane,Laos,KY849735,2010
156,KY849736.1|2010-08-30,1I_H,1I_H,1I,KY849736,10675,104.8727773,2010,Laos: Vientiane,Laos,KY849736,2010
157,KY849737.1|2010-10-13,1I_H,1I_H,1I,KY849737,10675,104.8727773,2010,Laos: Vientiane,Laos,KY849737,2010
158,KY849738.1|2010-10-18,1I_H,1I_H,1I,KY849738,10675,104.8727773,2010,Laos: Vientiane,Laos,KY849738,2010
159,KY849739.1|2010-10-19,1I_H,1I_H,1I,KY849739,10675,104.8727773,2010,Laos: Vientiane,Laos,KY849739,2010
160,KY849740.1|2008-09-10,1I_K.5,1I_K,1I,KY849740,10675,104.8727773,2008,Laos: Salavan,Laos,KY849740,2008
161,KY849741.1|2008-10-06,1I_H.3,1I_H,1I,KY849741,10675,104.8727773,2008,Laos: Salavan,Laos,KY849741,2008
162,KY849742.1|2009-07-18,1I_K.5,1I_K,1I,KY849742,10675,104.8727773,2009,Laos: Salavan,Laos,KY849742,2009
163,KY849743.1|2010-07-15,1I_E,1I_E,1I,KY849743,10675,104.8727773,2010,Laos: Salavan,Laos,KY849743,2010
164,KY849744.1|2010-07-25,1I_K.5,1I_K,1I,KY849744,10675,104.8727773,2010,Laos: Salavan,Laos,KY849744,2010
165,KY849745.1|2009-04-09,1I,1I,1I,KY849745,10675,104.8727773,2009,Laos: Vientiane,Laos,KY849745,2009
166,KY849746.1|2009-08-12,1I_H,1I_H,1I,KY849746,10675,104.8727773,2009,Laos: Vientiane,Laos,KY849746,2009
167,KY849747.1|2010-07-06,1I_H,1I_H,1I,KY849747,10675,104.8727773,2010,Laos: Vientiane,Laos,KY849747,2010
168,KY849748.1|2009-10-13,1I_K.5,1I_K,1I,KY849748,10675,104.8727773,2009,Laos: Salavan,Laos,KY849748,2009
169,KY849749.1|2008-10-15,1I_K,1I_K,1I,KY849749,10676,104.8826014,2008,Laos: Salavan,Laos,KY849749,2008
170,KY849750.1|2009-05-06,1I_K,1I_K,1I,KY849750,10676,104.8826014,2009,Laos: Salavan,Laos,KY849750,2009
171,KY849751.1|2010-10-06,1I_K.5,1I_K,1I,KY849751,10675,104.8727773,2010,Laos: Salavan,Laos,KY849751,2010
172,MF681692.1|2017-07-04,1I_K.1.2,1I_K,1I,MF681692,10735,105.4622262,2017,"China: Xi Shuang Ban Na,Yunnan",China,MF681692,2017
173,MF683116.1|2017-07-04,1I_K.1.2,1I_K,1I,MF683116,10735,105.4622262,2017,China,China,MF683116,2017
174,MF683117.1|2017-07-04,1I_K.1.2,1I_K,1I,MF683117,10735,105.4622262,2017,"China: Xi Shuang Ban Na, Yunnan",China,MF683117,2017
175,KY474303.1|2014,1V_D.1.2,1V_D,1V,KY474303,10678,104.9022497,2014,Ecuador: Machala,Ecuador,KY474303,2014
176,KY474304.1|2014,1V_D.1.2,1V_D,1V,KY474304,10678,104.9022497,2014,Ecuador: Machala,Ecuador,KY474304,2014
177,KY474305.1|2014,1V_F,1V_F,1V,KY474305,10676,104.8826014,2014,Ecuador: Machala,Ecuador,KY474305,2014
178,KY474306.1|2014,1V_F,1V_F,1V,KY474306,10677,104.8924256,2014,Ecuador: Machala,Ecuador,KY474306,2014
179,KY474307.1|2014,1V_D.1.2,1V_D,1V,KY474307,10677,104.8924256,2014,Ecuador: Machala,Ecuador,KY474307,2014
180,KY496854.1|2016-11,1IV_B.1,1IV_B,1IV,KY496854,10689,105.0103154,2016,Taiwan,Taiwan,KY496854,2016
181,KY496855.1|2016-10,1IV_B.1,1IV_B,1IV,KY496855,10689,105.0103154,2016,Taiwan,Taiwan,KY496855,2016
182,KY496856.1|1998-09,1I,1I,1I,KY496856,10689,105.0103154,1998,Taiwan,Taiwan,KY496856,1998
183,MF797878.1|2014-02-17,1V_D.1.2,1V_D,1V,MF797878,10687,104.9906671,2014,Ecuador,Ecuador,MF797878,2014
184,KX951689.1|2004-07,1IV_B,1IV_B,1IV,KX951689,10689,105.0103154,2004,Taiwan,Taiwan,KX951689,2004
185,KX951690.1|2007-06,1I_K,1I_K,1I,KX951690,10689,105.0103154,2007,Taiwan,Taiwan,KX951690,2007
186,MF405201.1|2015-09-01,1I_H.1,1I_H,1I,MF405201,10821,106.3071029,2015,China,China,MF405201,2015
187,KT827364.1|2002,1IV_C,1IV_C,1IV,KT827364,10611,104.2440318,2002,"China: Guangzhou, Guangdong Province",China,KT827364,2002
188,KT827365.1|2006,1I_H.1,1I_H,1I,KT827365,10575,103.8903625,2006,"China: Guangzhou, Guangdong Province",China,KT827365,2006
189,KT827366.1|2007,1IV_C,1IV_C,1IV,KT827366,10616,104.2931526,2007,"China: Guangzhou, Guangdong Province",China,KT827366,2007
190,KT827367.1|2010,1IV_B.1,1IV_B,1IV,KT827367,10592,104.057373,2010,"China: Guangzhou, Guangdong Province",China,KT827367,2010
191,KT827368.1|2007,1I_K,1I_K,1I,KT827368,10556,103.7037037,2007,"China: Guangzhou, Guangdong Province",China,KT827368,2007
192,KT827369.1|2011,1I_G,1I_G,1I,KT827369,10573,103.8707142,2011,"China: Guangzhou, Guangdong Province",China,KT827369,2011
193,KT827370.1|2013,1I_K.6,1I_K,1I,KT827370,10602,104.1556145,2013,"China: Guangzhou, Guangdong Province",China,KT827370,2013
194,KT827371.1|2014,1I_J,1I_J,1I,KT827371,10585,103.988604,2014,"China: Guangzhou, Guangdong Province",China,KT827371,2014
195,KT827372.1|2014,1I_K.6,1I_K,1I,KT827372,10624,104.3717458,2014,"China: Guangzhou, Guangdong Province",China,KT827372,2014
196,KT827373.1|2014,1I_K.2,1I_K,1I,KT827373,10600,104.1359662,2014,"China: Guangzhou, Guangdong Province",China,KT827373,2014
197,KT827374.1|2014,1III_A,1III_A,1III,KT827374,10596,104.0966696,2014,"China: Guangzhou, Guangdong Province",China,KT827374,2014
198,KT827375.1|2014,1III_A,1III_A,1III,KT827375,10594,104.0770213,2014,"China: Guangzhou, Guangdong Province",China,KT827375,2014
199,KT827376.1|2014,1I_K.6,1I_K,1I,KT827376,10615,104.2833284,2014,"China: Guangzhou, Guangdong Province",China,KT827376,2014
200,KT827377.1|2014,1III_A,1III_A,1III,KT827377,10594,104.0770213,2014,"China: Guangzhou, Guangdong Province",China,KT827377,2014
201,KT827378.1|2015,1III_A,1III_A,1III,KT827378,10606,104.1949111,2015,"China: Guangzhou, Guangdong Province",China,KT827378,2015
202,KT827379.1|2015,1I_K.6,1I_K,1I,KT827379,10627,104.4012182,2015,"China: Guangzhou, Guangdong Province",China,KT827379,2015
203,KX595191.1|2013-07-13,1I_E.4,1I_E,1I,KX595191,10732,105.4327537,2013,Viet Nam,Viet Nam,KX595191,2013
204,KY829115.1|2016-04-27,1V_C,1V_C,1V,KY829115,10717,105.2853915,2016,Saint Barthelemy,Saint Barthelemy,KY829115,2016
205,KX452050.1|2014-01,1I_K.3,1I_K,1I,KX452050,10675,104.8727773,2014,Malaysia: Johor Bahru,Malaysia,KX452050,2014
206,KX452051.1|2014-01,1I_K.3,1I_K,1I,KX452051,10563,103.7724727,2014,Malaysia: Johor Bahru,Malaysia,KX452051,2014
207,KX452052.1|2014-01,1I_K.3,1I_K,1I,KX452052,10692,105.0397878,2014,Malaysia: Johor Bahru,Malaysia,KX452052,2014
208,KX452053.1|2014-01,1I_K,1I_K,1I,KX452053,10612,104.253856,2014,Malaysia: Johor Bahru,Malaysia,KX452053,2014
209,KX452054.1|2014-01,1I_K.3,1I_K,1I,KX452054,10818,106.2776304,2014,Malaysia: Johor Bahru,Malaysia,KX452054,2014
210,KX452055.1|2014-01,1I_K.3,1I_K,1I,KX452055,10694,105.0594361,2014,Malaysia: Johor Bahru,Malaysia,KX452055,2014
211,KX452056.1|2014-01,1I_K.3,1I_K,1I,KX452056,10687,104.9906671,2014,Malaysia: Johor Bahru,Malaysia,KX452056,2014
212,KX452057.1|2014-01,1I_K.3,1I_K,1I,KX452057,10723,105.3443364,2014,Malaysia: Johor Bahru,Malaysia,KX452057,2014
213,KX452058.1|2014-01,1I_K.3,1I_K,1I,KX452058,10674,104.8629531,2014,Malaysia: Johor Bahru,Malaysia,KX452058,2014
214,KX452059.1|2014-01,1I_K.3,1I_K,1I,KX452059,10733,105.4425779,2014,Malaysia: Johor Bahru,Malaysia,KX452059,2014
215,KX452060.1|2014-01,1I_K.3,1I_K,1I,KX452060,10606,104.1949111,2014,Malaysia: Johor Bahru,Malaysia,KX452060,2014
216,KX452061.1|2014-01,1I_K.3,1I_K,1I,KX452061,10665,104.7745358,2014,Malaysia: Johor Bahru,Malaysia,KX452061,2014
217,KX452062.1|2014-01,1I_K.3,1I_K,1I,KX452062,10611,104.2440318,2014,Malaysia: Johor Bahru,Malaysia,KX452062,2014
218,KX452063.1|2014-01,1I_K.3,1I_K,1I,KX452063,10612,104.253856,2014,Malaysia: Johor Bahru,Malaysia,KX452063,2014
219,KX452064.1|2014-01,1I_K.3,1I_K,1I,KX452064,10690,105.0201395,2014,Malaysia: Johor Bahru,Malaysia,KX452064,2014
220,KX452065.1|2014-01,1I_K.3,1I_K,1I,KX452065,10740,105.5113469,2014,Malaysia: Johor Bahru,Malaysia,KX452065,2014
221,KX452066.1|2014-01,1III_A,1III_A,1III,KX452066,10349,101.6701051,2014,Malaysia: Johor Bahru,Malaysia,KX452066,2014
222,KX452067.1|2014-01,1I_K.2,1I_K,1I,KX452067,10602,104.1556145,2014,Malaysia: Johor Bahru,Malaysia,KX452067,2014
223,KX452068.1|2014-01,1I_K.3,1I_K,1I,KX452068,10653,104.656646,2014,Malaysia: Johor Bahru,Malaysia,KX452068,2014
224,KY921902.1|2015-03,1I_K.3,1I_K,1I,KY921902,10735,105.4622262,2015,Singapore,Singapore,KY921902,2015
225,KY921903.1|2015-01,1III_A,1III_A,1III,KY921903,10714,105.255919,2015,Singapore,Singapore,KY921903,2015
226,KY369949.1|2013-01,1V_A,1V_A,1V,KY369949,10215,100.3536693,2013,Brazil,Brazil,KY369949,2013
227,KY586306.1|2000,1I_J,1I_J,1I,KY586306,10179,100,2000,Thailand,Thailand,KY586306,2000
228,KY586307.1|2001,1I_J,1I_J,1I,KY586307,10179,100,2001,Thailand,Thailand,KY586307,2001
229,KY586308.1|2000,1I_J,1I_J,1I,KY586308,10179,100,2000,Thailand,Thailand,KY586308,2000
230,KY586309.1|2001,1I_J,1I_J,1I,KY586309,10179,100,2001,Thailand,Thailand,KY586309,2001
231,KY586310.1|2001,1I_J,1I_J,1I,KY586310,10179,100,2001,Thailand,Thailand,KY586310,2001
232,KY586311.1|2006,1I_J,1I_J,1I,KY586311,10179,100,2006,Thailand,Thailand,KY586311,2006
233,KY586312.1|2006,1I_K,1I_K,1I,KY586312,10179,100,2006,Thailand,Thailand,KY586312,2006
234,KY586313.1|2006,1I_K,1I_K,1I,KY586313,10179,100,2006,Thailand,Thailand,KY586313,2006
235,KY586314.1|2006,1I_K,1I_K,1I,KY586314,10179,100,2006,Thailand,Thailand,KY586314,2006
236,KY586315.1|2006,1I_K,1I_K,1I,KY586315,10179,100,2006,Thailand,Thailand,KY586315,2006
237,KY586316.1|2008,1I_K,1I_K,1I,KY586316,10179,100,2008,Thailand,Thailand,KY586316,2008
238,KY586317.1|2006,1I_K,1I_K,1I,KY586317,10179,100,2006,Thailand,Thailand,KY586317,2006
239,KY586318.1|2006,1I_K,1I_K,1I,KY586318,10179,100,2006,Thailand,Thailand,KY586318,2006
240,KY586319.1|2006,1I_K,1I_K,1I,KY586319,10179,100,2006,Thailand,Thailand,KY586319,2006
241,KY586320.1|2006,1I_K,1I_K,1I,KY586320,10179,100,2006,Thailand,Thailand,KY586320,2006
242,KY586321.1|2006,1I_K,1I_K,1I,KY586321,10179,100,2006,Thailand,Thailand,KY586321,2006
243,KY586322.1|2006,1I_K,1I_K,1I,KY586322,10179,100,2006,Thailand,Thailand,KY586322,2006
244,KY586323.1|2006,1I_K,1I_K,1I,KY586323,10179,100,2006,Thailand,Thailand,KY586323,2006
245,KY586324.1|2006,1I_K,1I_K,1I,KY586324,10179,100,2006,Thailand,Thailand,KY586324,2006
246,KY586325.1|2006,1I_K,1I_K,1I,KY586325,10179,100,2006,Thailand,Thailand,KY586325,2006
247,KY586326.1|2003,1I_K,1I_K,1I,KY586326,10179,100,2003,Thailand,Thailand,KY586326,2003
248,KY586327.1|2006,1I_K.5,1I_K,1I,KY586327,10179,100,2006,Thailand,Thailand,KY586327,2006
249,KY586328.1|2006,1I_K.5,1I_K,1I,KY586328,10179,100,2006,Thailand,Thailand,KY586328,2006
250,KY586329.1|2009,1I_K.5,1I_K,1I,KY586329,10179,100,2009,Thailand,Thailand,KY586329,2009
251,KY586330.1|2009,1I_K.5,1I_K,1I,KY586330,10179,100,2009,Thailand,Thailand,KY586330,2009
252,KY586331.1|2005,1I_K.5,1I_K,1I,KY586331,10179,100,2005,Thailand,Thailand,KY586331,2005
253,KY586332.1|2006,1I_K.5,1I_K,1I,KY586332,10179,100,2006,Thailand,Thailand,KY586332,2006
254,KY586333.1|2006,1I_K.5,1I_K,1I,KY586333,10179,100,2006,Thailand,Thailand,KY586333,2006
255,KY586334.1|2008,1I_K.5,1I_K,1I,KY586334,10179,100,2008,Thailand,Thailand,KY586334,2008
256,KY586335.1|2006,1I_K.5,1I_K,1I,KY586335,10179,100,2006,Thailand,Thailand,KY586335,2006
257,KY586336.1|2006,1I_K.5,1I_K,1I,KY586336,10179,100,2006,Thailand,Thailand,KY586336,2006
258,KY586337.1|2005,1I_K,1I_K,1I,KY586337,10179,100,2005,Thailand,Thailand,KY586337,2005
259,KY586338.1|2009,1I_K,1I_K,1I,KY586338,10179,100,2009,Thailand,Thailand,KY586338,2009
260,KY586339.1|2008,1I_K,1I_K,1I,KY586339,10179,100,2008,Thailand,Thailand,KY586339,2008
261,KY586340.1|2006,1I_K,1I_K,1I,KY586340,10179,100,2006,Thailand,Thailand,KY586340,2006
262,KY586341.1|2006,1I_K,1I_K,1I,KY586341,10179,100,2006,Thailand,Thailand,KY586341,2006
263,KY586342.1|2006,1I_K,1I_K,1I,KY586342,10179,100,2006,Thailand,Thailand,KY586342,2006
264,KY586343.1|2006,1I_K,1I_K,1I,KY586343,10179,100,2006,Thailand,Thailand,KY586343,2006
265,KY586344.1|2006,1I_K,1I_K,1I,KY586344,10179,100,2006,Thailand,Thailand,KY586344,2006
266,KY586345.1|2006,1I_K,1I_K,1I,KY586345,10179,100,2006,Thailand,Thailand,KY586345,2006
267,KY586346.1|2006,1I_K,1I_K,1I,KY586346,10179,100,2006,Thailand,Thailand,KY586346,2006
268,KY586347.1|2006,1I_K,1I_K,1I,KY586347,10179,100,2006,Thailand,Thailand,KY586347,2006
269,KY586348.1|2006,1I_K,1I_K,1I,KY586348,10179,100,2006,Thailand,Thailand,KY586348,2006
270,KY586349.1|2006,1I_K,1I_K,1I,KY586349,10179,100,2006,Thailand,Thailand,KY586349,2006
271,KY586350.1|2006,1I_K,1I_K,1I,KY586350,10179,100,2006,Thailand,Thailand,KY586350,2006
272,KY586351.1|2006,1I_K,1I_K,1I,KY586351,10179,100,2006,Thailand,Thailand,KY586351,2006
273,KY586352.1|2006,1I_K,1I_K,1I,KY586352,10179,100,2006,Thailand,Thailand,KY586352,2006
274,KY586353.1|2006,1I_K,1I_K,1I,KY586353,10179,100,2006,Thailand,Thailand,KY586353,2006
275,KY586354.1|2006,1I_K,1I_K,1I,KY586354,10179,100,2006,Thailand,Thailand,KY586354,2006
276,KY586355.1|2006,1I_K,1I_K,1I,KY586355,10179,100,2006,Thailand,Thailand,KY586355,2006
277,KY586356.1|2004,1I_K,1I_K,1I,KY586356,10179,100,2004,Thailand,Thailand,KY586356,2004
278,KY586357.1|2006,1I_K,1I_K,1I,KY586357,10179,100,2006,Thailand,Thailand,KY586357,2006
279,KY586358.1|2006,1I_K,1I_K,1I,KY586358,10179,100,2006,Thailand,Thailand,KY586358,2006
280,KY586359.1|2006,1I_K,1I_K,1I,KY586359,10179,100,2006,Thailand,Thailand,KY586359,2006
281,KY586360.1|2003,1I_K,1I_K,1I,KY586360,10179,100,2003,Thailand,Thailand,KY586360,2003
282,KY586361.1|2008,1I_K,1I_K,1I,KY586361,10179,100,2008,Thailand,Thailand,KY586361,2008
283,KY586362.1|2001,1I_K,1I_K,1I,KY586362,10179,100,2001,Thailand,Thailand,KY586362,2001
284,KY586363.1|2000,1I_K,1I_K,1I,KY586363,10179,100,2000,Thailand,Thailand,KY586363,2000
285,KY586364.1|2002,1I_K,1I_K,1I,KY586364,10179,100,2002,Thailand,Thailand,KY586364,2002
286,KY586365.1|2001,1I_K,1I_K,1I,KY586365,10179,100,2001,Thailand,Thailand,KY586365,2001
287,KY586366.1|2001,1I_K.7,1I_K,1I,KY586366,10179,100,2001,Thailand,Thailand,KY586366,2001
288,KY586367.1|1995,1I,1I,1I,KY586367,10179,100,1995,Thailand,Thailand,KY586367,1995
289,KY586368.1|1995,1I,1I,1I,KY586368,10179,100,1995,Thailand,Thailand,KY586368,1995
290,KY586369.1|1995,1I,1I,1I,KY586369,10179,100,1995,Thailand,Thailand,KY586369,1995
291,KY586370.1|1998,1I,1I,1I,KY586370,10179,100,1998,Thailand,Thailand,KY586370,1998
292,KY586371.1|2000,1I,1I,1I,KY586371,10179,100,2000,Thailand,Thailand,KY586371,2000
293,KY586372.1|2000,1I,1I,1I,KY586372,10179,100,2000,Thailand,Thailand,KY586372,2000
294,KY586373.1|2000,1I,1I,1I,KY586373,10179,100,2000,Thailand,Thailand,KY586373,2000
295,KY586374.1|2001,1I,1I,1I,KY586374,10179,100,2001,Thailand,Thailand,KY586374,2001
296,KY586375.1|2001,1I,1I,1I,KY586375,10179,100,2001,Thailand,Thailand,KY586375,2001
297,KY586376.1|1998,1I,1I,1I,KY586376,10179,100,1998,Thailand,Thailand,KY586376,1998
298,KY586377.1|1998,1I,1I,1I,KY586377,10179,100,1998,Thailand,Thailand,KY586377,1998
299,KY586378.1|2000,1I,1I,1I,KY586378,10179,100,2000,Thailand,Thailand,KY586378,2000
300,KY586379.1|1998,1I,1I,1I,KY586379,10179,100,1998,Thailand,Thailand,KY586379,1998
301,KY586380.1|2001,1I,1I,1I,KY586380,10179,100,2001,Thailand,Thailand,KY586380,2001
302,KY586381.1|1995,1I,1I,1I,KY586381,10179,100,1995,Thailand,Thailand,KY586381,1995
303,KY586382.1|1995,1I,1I,1I,KY586382,10179,100,1995,Thailand,Thailand,KY586382,1995
304,KY586383.1|2006,1I_H.3,1I_H,1I,KY586383,10179,100,2006,Thailand,Thailand,KY586383,2006
305,KY586384.1|2006,1I_H.3,1I_H,1I,KY586384,10179,100,2006,Thailand,Thailand,KY586384,2006
306,KY586385.1|2006,1I_H.3,1I_H,1I,KY586385,10179,100,2006,Thailand,Thailand,KY586385,2006
307,KY586386.1|2006,1I_H.3,1I_H,1I,KY586386,10179,100,2006,Thailand,Thailand,KY586386,2006
308,KY586387.1|2006,1I_H.3,1I_H,1I,KY586387,10179,100,2006,Thailand,Thailand,KY586387,2006
309,KY586388.1|2006,1I_H.3,1I_H,1I,KY586388,10179,100,2006,Thailand,Thailand,KY586388,2006
310,KY586389.1|2006,1I_H.3,1I_H,1I,KY586389,10179,100,2006,Thailand,Thailand,KY586389,2006
311,KY586390.1|2006,1I_H.3,1I_H,1I,KY586390,10179,100,2006,Thailand,Thailand,KY586390,2006
312,KY586391.1|2006,1I_H.3,1I_H,1I,KY586391,10179,100,2006,Thailand,Thailand,KY586391,2006
313,KY586392.1|2006,1I_H.3,1I_H,1I,KY586392,10179,100,2006,Thailand,Thailand,KY586392,2006
314,KY586393.1|2006,1I_H.3,1I_H,1I,KY586393,10179,100,2006,Thailand,Thailand,KY586393,2006
315,KY586394.1|2006,1I_H.3,1I_H,1I,KY586394,10179,100,2006,Thailand,Thailand,KY586394,2006
316,KY586395.1|2006,1I_H.3,1I_H,1I,KY586395,10179,100,2006,Thailand,Thailand,KY586395,2006
317,KY586396.1|2004,1I_H.3,1I_H,1I,KY586396,10179,100,2004,Thailand,Thailand,KY586396,2004
318,KY586397.1|2006,1I_H,1I_H,1I,KY586397,10179,100,2006,Thailand,Thailand,KY586397,2006
319,KY586398.1|2006,1I_H,1I_H,1I,KY586398,10179,100,2006,Thailand,Thailand,KY586398,2006
320,KY586399.1|2006,1I_H,1I_H,1I,KY586399,10179,100,2006,Thailand,Thailand,KY586399,2006
321,KY586400.1|2006,1I_H,1I_H,1I,KY586400,10179,100,2006,Thailand,Thailand,KY586400,2006
322,KY586401.1|2006,1I_H,1I_H,1I,KY586401,10179,100,2006,Thailand,Thailand,KY586401,2006
323,KY586402.1|2003,1I_H,1I_H,1I,KY586402,10179,100,2003,Thailand,Thailand,KY586402,2003
324,KY586403.1|2002,1I_H,1I_H,1I,KY586403,10179,100,2002,Thailand,Thailand,KY586403,2002
325,KY586404.1|2002,1I_H,1I_H,1I,KY586404,10179,100,2002,Thailand,Thailand,KY586404,2002
326,KY586405.1|2002,1I_H,1I_H,1I,KY586405,10179,100,2002,Thailand,Thailand,KY586405,2002
327,KY586406.1|2002,1I_H,1I_H,1I,KY586406,10179,100,2002,Thailand,Thailand,KY586406,2002
328,KY586407.1|2002,1I_H,1I_H,1I,KY586407,10179,100,2002,Thailand,Thailand,KY586407,2002
329,KY586408.1|2002,1I_H,1I_H,1I,KY586408,10179,100,2002,Thailand,Thailand,KY586408,2002
330,KY586409.1|2004,1I_H,1I_H,1I,KY586409,10179,100,2004,Thailand,Thailand,KY586409,2004
331,KY586410.1|2000,1I_H,1I_H,1I,KY586410,10179,100,2000,Thailand,Thailand,KY586410,2000
332,KY586411.1|2006,1I_H,1I_H,1I,KY586411,10179,100,2006,Thailand,Thailand,KY586411,2006
333,KY586412.1|2006,1I_H,1I_H,1I,KY586412,10179,100,2006,Thailand,Thailand,KY586412,2006
334,KY586413.1|2002,1I_H,1I_H,1I,KY586413,10179,100,2002,Thailand,Thailand,KY586413,2002
335,KY586414.1|2006,1I_H,1I_H,1I,KY586414,10179,100,2006,Thailand,Thailand,KY586414,2006
336,KY586415.1|2001,1I_H,1I_H,1I,KY586415,10179,100,2001,Thailand,Thailand,KY586415,2001
337,KY586416.1|2001,1I_H,1I_H,1I,KY586416,10179,100,2001,Thailand,Thailand,KY586416,2001
338,KY586417.1|2001,1I_H,1I_H,1I,KY586417,10179,100,2001,Thailand,Thailand,KY586417,2001
339,KY586418.1|2002,1I_H,1I_H,1I,KY586418,10179,100,2002,Thailand,Thailand,KY586418,2002
340,KY586419.1|2006,1I_H,1I_H,1I,KY586419,10179,100,2006,Thailand,Thailand,KY586419,2006
341,KY586420.1|2006,1I_H,1I_H,1I,KY586420,10179,100,2006,Thailand,Thailand,KY586420,2006
342,KY586421.1|2006,1I_H,1I_H,1I,KY586421,10179,100,2006,Thailand,Thailand,KY586421,2006
343,KY586422.1|2006,1I_H,1I_H,1I,KY586422,10179,100,2006,Thailand,Thailand,KY586422,2006
344,KY586423.1|2006,1I_H,1I_H,1I,KY586423,10179,100,2006,Thailand,Thailand,KY586423,2006
345,KY586424.1|2006,1I_H,1I_H,1I,KY586424,10179,100,2006,Thailand,Thailand,KY586424,2006
346,KY586425.1|2007,1I_H,1I_H,1I,KY586425,10179,100,2007,Thailand,Thailand,KY586425,2007
347,KY586426.1|2006,1I_H.1,1I_H,1I,KY586426,10179,100,2006,Thailand,Thailand,KY586426,2006
348,KY586427.1|2006,1I_H.1,1I_H,1I,KY586427,10179,100,2006,Thailand,Thailand,KY586427,2006
349,KY586428.1|2006,1I_H.1,1I_H,1I,KY586428,10179,100,2006,Thailand,Thailand,KY586428,2006
350,KY586429.1|2006,1I_H.1,1I_H,1I,KY586429,10179,100,2006,Thailand,Thailand,KY586429,2006
351,KY586430.1|2006,1I_H.1,1I_H,1I,KY586430,10179,100,2006,Thailand,Thailand,KY586430,2006
352,KY586431.1|2009,1I_H.1,1I_H,1I,KY586431,10179,100,2009,Thailand,Thailand,KY586431,2009
353,KY586432.1|2006,1I_H.1,1I_H,1I,KY586432,10179,100,2006,Thailand,Thailand,KY586432,2006
354,KY586433.1|2006,1I_H.1,1I_H,1I,KY586433,10179,100,2006,Thailand,Thailand,KY586433,2006
355,KY586434.1|2006,1I_H.1,1I_H,1I,KY586434,10179,100,2006,Thailand,Thailand,KY586434,2006
356,KY586435.1|2006,1I_H.1,1I_H,1I,KY586435,10179,100,2006,Thailand,Thailand,KY586435,2006
357,KY586436.1|2006,1I_H.1,1I_H,1I,KY586436,10179,100,2006,Thailand,Thailand,KY586436,2006
358,KY586437.1|2006,1I_H.1,1I_H,1I,KY586437,10179,100,2006,Thailand,Thailand,KY586437,2006
359,KY586438.1|2006,1I_H.1,1I_H,1I,KY586438,10179,100,2006,Thailand,Thailand,KY586438,2006
360,KY586439.1|2006,1I_H.1,1I_H,1I,KY586439,10179,100,2006,Thailand,Thailand,KY586439,2006
361,KY586440.1|2005,1I_H,1I_H,1I,KY586440,10179,100,2005,Thailand,Thailand,KY586440,2005
362,KY586441.1|2005,1I_H,1I_H,1I,KY586441,10179,100,2005,Thailand,Thailand,KY586441,2005
363,KY586442.1|2003,1I_H,1I_H,1I,KY586442,10179,100,2003,Thailand,Thailand,KY586442,2003
364,KY586443.1|2004,1I_H,1I_H,1I,KY586443,10179,100,2004,Thailand,Thailand,KY586443,2004
365,KY586444.1|2007,1I_H,1I_H,1I,KY586444,10179,100,2007,Thailand,Thailand,KY586444,2007
366,KY586445.1|2006,1I_H,1I_H,1I,KY586445,10179,100,2006,Thailand,Thailand,KY586445,2006
367,KY586446.1|2006,1I_H,1I_H,1I,KY586446,10179,100,2006,Thailand,Thailand,KY586446,2006
368,KY586447.1|2004,1I_H,1I_H,1I,KY586447,10179,100,2004,Thailand,Thailand,KY586447,2004
369,KY586448.1|2006,1I_H,1I_H,1I,KY586448,10179,100,2006,Thailand,Thailand,KY586448,2006
370,KY586449.1|2006,1I_H,1I_H,1I,KY586449,10179,100,2006,Thailand,Thailand,KY586449,2006
371,KY586450.1|2004,1I_H,1I_H,1I,KY586450,10179,100,2004,Thailand,Thailand,KY586450,2004
372,KY586451.1|2004,1I_H,1I_H,1I,KY586451,10179,100,2004,Thailand,Thailand,KY586451,2004
373,KY586452.1|2002,1I_H,1I_H,1I,KY586452,10179,100,2002,Thailand,Thailand,KY586452,2002
374,KY586453.1|2002,1I_H,1I_H,1I,KY586453,10179,100,2002,Thailand,Thailand,KY586453,2002
375,KY586454.1|2006,1I_H,1I_H,1I,KY586454,10179,100,2006,Thailand,Thailand,KY586454,2006
376,KY586455.1|2006,1I_H,1I_H,1I,KY586455,10179,100,2006,Thailand,Thailand,KY586455,2006
377,KY586456.1|2006,1I_H,1I_H,1I,KY586456,10179,100,2006,Thailand,Thailand,KY586456,2006
378,KY586457.1|2006,1I_H,1I_H,1I,KY586457,10179,100,2006,Thailand,Thailand,KY586457,2006
379,KY586458.1|2006,1I_H,1I_H,1I,KY586458,10179,100,2006,Thailand,Thailand,KY586458,2006
380,KY586459.1|2006,1I_H,1I_H,1I,KY586459,10179,100,2006,Thailand,Thailand,KY586459,2006
381,KY586460.1|2006,1I_H,1I_H,1I,KY586460,10179,100,2006,Thailand,Thailand,KY586460,2006
382,KY586461.1|2006,1I_H,1I_H,1I,KY586461,10179,100,2006,Thailand,Thailand,KY586461,2006
383,KY586462.1|2006,1I_H,1I_H,1I,KY586462,10179,100,2006,Thailand,Thailand,KY586462,2006
384,KY586463.1|2006,1I_H,1I_H,1I,KY586463,10179,100,2006,Thailand,Thailand,KY586463,2006
385,KY586464.1|2005,1I_H,1I_H,1I,KY586464,10179,100,2005,Thailand,Thailand,KY586464,2005
386,KY586465.1|2004,1I_H,1I_H,1I,KY586465,10179,100,2004,Thailand,Thailand,KY586465,2004
387,KY586466.1|2002,1I_H,1I_H,1I,KY586466,10179,100,2002,Thailand,Thailand,KY586466,2002
388,KY586467.1|2001,1I_H,1I_H,1I,KY586467,10179,100,2001,Thailand,Thailand,KY586467,2001
389,KY586468.1|2001,1I_H,1I_H,1I,KY586468,10179,100,2001,Thailand,Thailand,KY586468,2001
390,KY586469.1|2001,1I_H,1I_H,1I,KY586469,10179,100,2001,Thailand,Thailand,KY586469,2001
391,KY586470.1|2006,1I_H,1I_H,1I,KY586470,10179,100,2006,Thailand,Thailand,KY586470,2006
392,KY586471.1|2006,1I_H,1I_H,1I,KY586471,10179,100,2006,Thailand,Thailand,KY586471,2006
393,KY586472.1|2006,1I_H,1I_H,1I,KY586472,10179,100,2006,Thailand,Thailand,KY586472,2006
394,KY586473.1|2006,1I_H,1I_H,1I,KY586473,10179,100,2006,Thailand,Thailand,KY586473,2006
395,KY586474.1|2006,1I_H,1I_H,1I,KY586474,10179,100,2006,Thailand,Thailand,KY586474,2006
396,KY586475.1|2006,1I_H,1I_H,1I,KY586475,10179,100,2006,Thailand,Thailand,KY586475,2006
397,KY586476.1|2006,1I_H,1I_H,1I,KY586476,10179,100,2006,Thailand,Thailand,KY586476,2006
398,KY586477.1|2001,1I_H,1I_H,1I,KY586477,10179,100,2001,Thailand,Thailand,KY586477,2001
399,KY586478.1|2001,1I_H,1I_H,1I,KY586478,10179,100,2001,Thailand,Thailand,KY586478,2001
400,KY586479.1|2002,1I_H,1I_H,1I,KY586479,10179,100,2002,Thailand,Thailand,KY586479,2002
401,KY586480.1|2002,1I_H,1I_H,1I,KY586480,10179,100,2002,Thailand,Thailand,KY586480,2002
402,KY586481.1|2003,1I_H,1I_H,1I,KY586481,10179,100,2003,Thailand,Thailand,KY586481,2003
403,KY586482.1|1998,1I_H,1I_H,1I,KY586482,10179,100,1998,Thailand,Thailand,KY586482,1998
404,KY586483.1|1995,1I,1I,1I,KY586483,10179,100,1995,Thailand,Thailand,KY586483,1995
405,KY586484.1|1995,1I,1I,1I,KY586484,10179,100,1995,Thailand,Thailand,KY586484,1995
406,KY586485.1|2006,1I_F,1I_F,1I,KY586485,10179,100,2006,Thailand,Thailand,KY586485,2006
407,KY586486.1|2006,1I_F,1I_F,1I,KY586486,10179,100,2006,Thailand,Thailand,KY586486,2006
408,KY586487.1|2006,1I_F,1I_F,1I,KY586487,10179,100,2006,Thailand,Thailand,KY586487,2006
409,KY586488.1|2006,1I_F,1I_F,1I,KY586488,10179,100,2006,Thailand,Thailand,KY586488,2006
410,KY586489.1|2006,1I_F,1I_F,1I,KY586489,10179,100,2006,Thailand,Thailand,KY586489,2006
411,KY586490.1|2006,1I_F,1I_F,1I,KY586490,10179,100,2006,Thailand,Thailand,KY586490,2006
412,KY586491.1|2006,1I_F,1I_F,1I,KY586491,10179,100,2006,Thailand,Thailand,KY586491,2006
413,KY586492.1|2007,1I_F,1I_F,1I,KY586492,10179,100,2007,Thailand,Thailand,KY586492,2007
414,KY586493.1|2009,1I_F,1I_F,1I,KY586493,10179,100,2009,Thailand,Thailand,KY586493,2009
415,KY586494.1|2008,1I_F,1I_F,1I,KY586494,10179,100,2008,Thailand,Thailand,KY586494,2008
416,KY586495.1|2006,1I_F,1I_F,1I,KY586495,10179,100,2006,Thailand,Thailand,KY586495,2006
417,KY586496.1|2006,1I_F,1I_F,1I,KY586496,10179,100,2006,Thailand,Thailand,KY586496,2006
418,KY586497.1|2006,1I_F,1I_F,1I,KY586497,10179,100,2006,Thailand,Thailand,KY586497,2006
419,KY586498.1|2006,1I_F,1I_F,1I,KY586498,10179,100,2006,Thailand,Thailand,KY586498,2006
420,KY586499.1|2006,1I_F,1I_F,1I,KY586499,10179,100,2006,Thailand,Thailand,KY586499,2006
421,KY586500.1|2006,1I_F,1I_F,1I,KY586500,10179,100,2006,Thailand,Thailand,KY586500,2006
422,KY586501.1|2006,1I_F,1I_F,1I,KY586501,10179,100,2006,Thailand,Thailand,KY586501,2006
423,KY586502.1|2006,1I_F,1I_F,1I,KY586502,10179,100,2006,Thailand,Thailand,KY586502,2006
424,KY586503.1|2006,1I_F,1I_F,1I,KY586503,10179,100,2006,Thailand,Thailand,KY586503,2006
425,KY586504.1|2006,1I_F,1I_F,1I,KY586504,10179,100,2006,Thailand,Thailand,KY586504,2006
426,KY586505.1|2006,1I_F,1I_F,1I,KY586505,10179,100,2006,Thailand,Thailand,KY586505,2006
427,KY586506.1|2006,1I_F,1I_F,1I,KY586506,10179,100,2006,Thailand,Thailand,KY586506,2006
428,KY586507.1|2000,1I_F,1I_F,1I,KY586507,10179,100,2000,Thailand,Thailand,KY586507,2000
429,KY586508.1|2000,1I_F,1I_F,1I,KY586508,10179,100,2000,Thailand,Thailand,KY586508,2000
430,KY586509.1|1998,1I_F,1I_F,1I,KY586509,10179,100,1998,Thailand,Thailand,KY586509,1998
431,KY586510.1|2000,1I_F,1I_F,1I,KY586510,10179,100,2000,Thailand,Thailand,KY586510,2000
432,KY586511.1|2002,1I_F,1I_F,1I,KY586511,10179,100,2002,Thailand,Thailand,KY586511,2002
433,KY586512.1|2000,1I_F,1I_F,1I,KY586512,10179,100,2000,Thailand,Thailand,KY586512,2000
434,KY586513.1|2000,1I_F,1I_F,1I,KY586513,10179,100,2000,Thailand,Thailand,KY586513,2000
435,KY586514.1|1999,1I_F,1I_F,1I,KY586514,10179,100,1999,Thailand,Thailand,KY586514,1999
436,KY586515.1|1996,1I_F,1I_F,1I,KY586515,10179,100,1996,Thailand,Thailand,KY586515,1996
437,KY586516.1|1998,1I,1I,1I,KY586516,10179,100,1998,Thailand,Thailand,KY586516,1998
438,KY586517.1|1998,1I,1I,1I,KY586517,10179,100,1998,Thailand,Thailand,KY586517,1998
439,KY586518.1|1998,1I,1I,1I,KY586518,10179,100,1998,Thailand,Thailand,KY586518,1998
440,KY586519.1|2001,1I,1I,1I,KY586519,10179,100,2001,Thailand,Thailand,KY586519,2001
441,KY586520.1|1998,1I,1I,1I,KY586520,10179,100,1998,Thailand,Thailand,KY586520,1998
442,KY586521.1|2000,1I,1I,1I,KY586521,10179,100,2000,Thailand,Thailand,KY586521,2000
443,KY586522.1|1998,1I,1I,1I,KY586522,10179,100,1998,Thailand,Thailand,KY586522,1998
444,KY586523.1|1998,1I,1I,1I,KY586523,10179,100,1998,Thailand,Thailand,KY586523,1998
445,KY586524.1|2001,1I_G,1I_G,1I,KY586524,10179,100,2001,Thailand,Thailand,KY586524,2001
446,KY586525.1|2000,1I_G,1I_G,1I,KY586525,10179,100,2000,Thailand,Thailand,KY586525,2000
447,KY586526.1|2000,1I_G,1I_G,1I,KY586526,10179,100,2000,Thailand,Thailand,KY586526,2000
448,KY586527.1|1998,1I_G,1I_G,1I,KY586527,10179,100,1998,Thailand,Thailand,KY586527,1998
449,KY586528.1|2002,1I_G,1I_G,1I,KY586528,10179,100,2002,Thailand,Thailand,KY586528,2002
450,KY586529.1|1998,1I_E,1I_E,1I,KY586529,10179,100,1998,Thailand,Thailand,KY586529,1998
451,KY586530.1|2002,1I_E,1I_E,1I,KY586530,10179,100,2002,Thailand,Thailand,KY586530,2002
452,KY586531.1|2000,1I,1I,1I,KY586531,10179,100,2000,Thailand,Thailand,KY586531,2000
453,KY586532.1|2000,1I,1I,1I,KY586532,10179,100,2000,Thailand,Thailand,KY586532,2000
454,KY586533.1|2000,1I,1I,1I,KY586533,10179,100,2000,Thailand,Thailand,KY586533,2000
455,KY586534.1|1995,1I,1I,1I,KY586534,10179,100,1995,Thailand,Thailand,KY586534,1995
456,KY586535.1|1995,1I,1I,1I,KY586535,10179,100,1995,Thailand,Thailand,KY586535,1995
457,KY586536.1|1995,1I,1I,1I,KY586536,10179,100,1995,Thailand,Thailand,KY586536,1995
458,KY586537.1|1995,1I,1I,1I,KY586537,10179,100,1995,Thailand,Thailand,KY586537,1995
459,KY586538.1|1995,1I_A,1I_A,1I,KY586538,10179,100,1995,Thailand,Thailand,KY586538,1995
460,KY586539.1|1995,1I_A,1I_A,1I,KY586539,10179,100,1995,Thailand,Thailand,KY586539,1995
461,KY586540.1|2001,1I_A,1I_A,1I,KY586540,10179,100,2001,Thailand,Thailand,KY586540,2001
462,KY586541.1|2001,1I_A,1I_A,1I,KY586541,10179,100,2001,Thailand,Thailand,KY586541,2001
463,KY586542.1|2000,1I_A,1I_A,1I,KY586542,10179,100,2000,Thailand,Thailand,KY586542,2000
464,KY586543.1|2001,1I_A,1I_A,1I,KY586543,10179,100,2001,Thailand,Thailand,KY586543,2001
465,KY586544.1|2003,1I_A,1I_A,1I,KY586544,10179,100,2003,Thailand,Thailand,KY586544,2003
466,KY586545.1|2004,1I_A,1I_A,1I,KY586545,10179,100,2004,Thailand,Thailand,KY586545,2004
467,KY586546.1|1995,1I_A,1I_A,1I,KY586546,10179,100,1995,Thailand,Thailand,KY586546,1995
468,KX459386.1|2014,1III_A,1III_A,1III,KX459386,10666,104.78436,2014,China,China,KX459386,2014
469,KX459387.1|2014,1III_A,1III_A,1III,KX459387,10670,104.8236565,2014,China,China,KX459387,2014
470,KX459388.1|2014,1III_A,1III_A,1III,KX459388,10666,104.78436,2014,China,China,KX459388,2014
471,KX459389.1|2014,1III_A,1III_A,1III,KX459389,10664,104.7647117,2014,China,China,KX459389,2014
472,KX459390.1|2014,1III_A,1III_A,1III,KX459390,10668,104.8040083,2014,China,China,KX459390,2014
473,KX459391.1|2014,1III_A,1III_A,1III,KX459391,10623,104.3619216,2014,China,China,KX459391,2014
474,KX459392.1|2014,1III_A,1III_A,1III,KX459392,10673,104.853129,2014,China,China,KX459392,2014
475,KX621249.1|2014,1III_A,1III_A,1III,KX621249,10643,104.5584046,2014,China,China,KX621249,2014
476,KX621250.1|2014,1I_K.2,1I_K,1I,KX621250,10649,104.6173494,2014,China,China,KX621250,2014
477,KX621251.1|2013,1I_K.6,1I_K,1I,KX621251,10624,104.3717458,2013,China,China,KX621251,2013
478,KX621252.1|2014,1I_K.6,1I_K,1I,KX621252,10618,104.3128009,2014,China,China,KX621252,2014
479,KU509249.1|2012,1V_E,1V_E,1V,KU509249,10582,103.9591315,2012,Jamaica,Jamaica,KU509249,2012
480,KU509250.1|2012,1I_H.1,1I_H,1I,KU509250,10567,103.8117693,2012,Thailand,Thailand,KU509250,2012
481,KU509251.1|2008,1V_E,1V_E,1V,KU509251,10290,101.0904804,2008,Venezuela: Margarita Island,Venezuela,KU509251,2008
482,KU509252.1|2010,1V_E,1V_E,1V,KU509252,10554,103.6840554,2010,Venezuela,Venezuela,KU509252,2010
483,KU509253.1|2010,1I_K,1I_K,1I,KU509253,10624,104.3717458,2010,Indonesia: Bali,Indonesia,KU509253,2010
484,KU509254.1|2011,1V_F,1V_F,1V,KU509254,10569,103.8314176,2011,Venezuela,Venezuela,KU509254,2011
485,KU509255.1|2011,1III_A,1III_A,1III,KU509255,10335,101.532567,2011,India,India,KU509255,2011
486,KU509256.1|2009,1I_F,1I_F,1I,KU509256,10579,103.9296591,2009,Thailand,Thailand,KU509256,2009
487,KU509257.1|2008,1I_K,1I_K,1I,KU509257,10586,103.9984281,2008,Thailand,Thailand,KU509257,2008
488,KU509258.1|2010,1I_B,1I_B,1I,KU509258,10377,101.9451813,2010,Eritrea,Eritrea,KU509258,2010
489,KU509259.1|2008,1I_F,1I_F,1I,KU509259,10580,103.9394832,2008,Thailand,Thailand,KU509259,2008
490,KU509260.1|2008,1I_F,1I_F,1I,KU509260,10378,101.9550054,2008,Cambodia,Cambodia,KU509260,2008
491,KU509261.1|2010,1IV_C,1IV_C,1IV,KU509261,10583,103.9689557,2010,Indonesia: Bali,Indonesia,KU509261,2010
492,KU509262.1|2008,1I_F,1I_F,1I,KU509262,10586,103.9984281,2008,Thailand,Thailand,KU509262,2008
493,KU509263.1|2012,1I_K,1I_K,1I,KU509263,10375,101.925533,2012,Thailand,Thailand,KU509263,2012
494,KU509264.1|2010,1V_E,1V_E,1V,KU509264,10246,100.6582179,2010,Haiti,Haiti,KU509264,2010
495,KU509266.1|2012,1I_K,1I_K,1I,KU509266,10665,104.7745358,2012,Thailand,Thailand,KU509266,2012
496,KX225483.1|2015,1III_A,1III_A,1III,KX225483,10651,104.6369977,2015,China,China,KX225483,2015
497,KX225484.1|2015,1III_A,1III_A,1III,KX225484,10692,105.0397878,2015,China,China,KX225484,2015
498,KX225487.1|2015,1III_A,1III_A,1III,KX225487,10618,104.3128009,2015,China,China,KX225487,2015
499,KX225488.1|2015,1I_K.6,1I_K,1I,KX225488,10692,105.0397878,2015,China,China,KX225488,2015
500,KX225489.1|2015,1I_K.6,1I_K,1I,KX225489,10678,104.9022497,2015,China,China,KX225489,2015
501,KX225490.1|2015,1I_H.1,1I_H,1I,KX225490,10676,104.8826014,2015,China,China,KX225490,2015
502,KX225491.1|2015,1I_H.1,1I_H,1I,KX225491,10688,105.0004912,2015,China,China,KX225491,2015
503,KX225492.1|2015,1I_K.2,1I_K,1I,KX225492,10691,105.0299637,2015,China,China,KX225492,2015
504,KX225493.1|2015,1I_K.2,1I_K,1I,KX225493,10691,105.0299637,2015,China,China,KX225493,2015
505,KX620451.1|2014,1III_A,1III_A,1III,KX620451,10670,104.8236565,2014,China,China,KX620451,2014
506,KX620452.1|2014,1III_A,1III_A,1III,KX620452,10666,104.78436,2014,China,China,KX620452,2014
507,KX620453.1|2014,1III_A,1III_A,1III,KX620453,10667,104.7941841,2014,China,China,KX620453,2014
508,KX620454.1|2014,1I_J,1I_J,1I,KX620454,10443,102.593575,2014,China,China,KX620454,2014
509,KX620455.1|2014,1I_K.6,1I_K,1I,KX620455,10687,104.9906671,2014,China,China,KX620455,2014
510,KT445955.1|2012,1I_H.1,1I_H,1I,KT445955,10092,99.14529915,2012,Sri Lanka,Sri Lanka,KT445955,2012
511,KT445956.1|2012,1I_H.1,1I_H,1I,KT445956,10080,99.02740937,2012,Sri Lanka,Sri Lanka,KT445956,2012
512,KT445957.1|2012,1I_H.1,1I_H,1I,KT445957,10087,99.09617841,2012,Sri Lanka,Sri Lanka,KT445957,2012
513,KT445958.1|2012,1I_H.1,1I_H,1I,KT445958,10080,99.02740937,2012,Sri Lanka,Sri Lanka,KT445958,2012
514,KT445959.1|2012,1I_H.1,1I_H,1I,KT445959,10084,99.06670596,2012,Sri Lanka,Sri Lanka,KT445959,2012
515,KT445960.1|2012,1I_H.1,1I_H,1I,KT445960,10088,99.10600255,2012,Sri Lanka,Sri Lanka,KT445960,2012
516,KT445961.1|2012,1I_H.1,1I_H,1I,KT445961,10084,99.06670596,2012,Sri Lanka,Sri Lanka,KT445961,2012
517,KT445962.1|2012,1I_H.1,1I_H,1I,KT445962,10084,99.06670596,2012,Sri Lanka,Sri Lanka,KT445962,2012
518,KT445963.1|2012,1I_H.1,1I_H,1I,KT445963,10088,99.10600255,2012,Sri Lanka,Sri Lanka,KT445963,2012
519,KU666939.1|2014-01,1I_K.2,1I_K,1I,KU666939,10368,101.8567639,2014,Malaysia: Johor Bahru,Malaysia,KU666939,2014
520,KU666940.1|2014-01,1I_K.3,1I_K,1I,KU666940,10291,101.1003045,2014,Malaysia: Johor Bahru,Malaysia,KU666940,2014
521,KU666941.1|2014-01,1I_K.3,1I_K,1I,KU666941,10243,100.6287455,2014,Malaysia: Johor Bahru,Malaysia,KU666941,2014
522,KU666942.1|2014-01,1I_K.3,1I_K,1I,KU666942,10355,101.72905,2014,Malaysia: Johor Bahru,Malaysia,KU666942,2014
523,KU666943.1|2014-02,1III_A,1III_A,1III,KU666943,10134,99.55791335,2014,Malaysia: Johor Bahru,Malaysia,KU666943,2014
524,KP188539.1|2010-10-13,1V_A,1V_A,1V,KP188539,10416,102.328323,2010,Brazil,Brazil,KP188539,2010
525,KP188540.1|2011-05-03,1V_E,1V_E,1V,KP188540,10699,105.1085568,2011,Brazil,Brazil,KP188540,2011
526,KP188541.1|2011-05-24,1V_E,1V_E,1V,KP188541,10490,103.05531,2011,Brazil,Brazil,KP188541,2011
527,KP188542.1|2011-06-08,1V_E,1V_E,1V,KP188542,10607,104.2047352,2011,Brazil,Brazil,KP188542,2011
528,KP188543.1|2012-02-13,1V_A,1V_A,1V,KP188543,10917,107.250221,2012,Brazil,Brazil,KP188543,2012
529,KP188544.1|2012-03-16,1V_A,1V_A,1V,KP188544,10917,107.250221,2012,"Brazil: SP, Sao Jose do Rio Preto",Brazil,KP188544,2012
530,KP188545.1|2013-10-25,1V_A,1V_A,1V,KP188545,10621,104.3422733,2013,Brazil,Brazil,KP188545,2013
531,KP188546.1|2013-02-04,1V_A,1V_A,1V,KP188546,10663,104.7548875,2013,Brazil,Brazil,KP188546,2013
532,KP188547.1|2013-01-05,1V_A,1V_A,1V,KP188547,10776,105.8650162,2013,"Brazil: SP, Sao Jose do Rio Preto",Brazil,KP188547,2013
533,KP188548.1|2013-01-14,1V_A,1V_A,1V,KP188548,10647,104.5977011,2013,"Brazil: SP, Sao Jose do Rio Preto",Brazil,KP188548,2013
534,KP188567.1|2013-02-26,1V_A,1V_A,1V,KP188567,10618,104.3128009,2013,Brazil,Brazil,KP188567,2013
535,KP188568.1|2014-02-10,1V_A,1V_A,1V,KP188568,10607,104.2047352,2014,Brazil,Brazil,KP188568,2014
536,KX380796.1|2012,1III_A,1III_A,1III,KX380796,10669,104.8138324,2012,Singapore,Singapore,KX380796,2012
537,KX380797.1|2012,1IV_B.1,1IV_B,1IV,KX380797,10734,105.452402,2012,Singapore,Singapore,KX380797,2012
538,KX380798.1|2012,1I_E,1I_E,1I,KX380798,10697,105.0889085,2012,Singapore,Singapore,KX380798,2012
539,KX380799.1|2012,1III_A,1III_A,1III,KX380799,10669,104.8138324,2012,Singapore,Singapore,KX380799,2012
540,KX380800.1|2012,1III_A,1III_A,1III,KX380800,10669,104.8138324,2012,Singapore,Singapore,KX380800,2012
541,KX380801.1|2012,1III_A,1III_A,1III,KX380801,10669,104.8138324,2012,Singapore,Singapore,KX380801,2012
542,KX380802.1|2012,1III_A,1III_A,1III,KX380802,10669,104.8138324,2012,Singapore,Singapore,KX380802,2012
543,KX380803.1|2013,1III_A,1III_A,1III,KX380803,10669,104.8138324,2013,Singapore,Singapore,KX380803,2013
544,KX380804.1|2013,1III_A,1III_A,1III,KX380804,10669,104.8138324,2013,Singapore,Singapore,KX380804,2013
545,KX380805.1|2013,1III_A,1III_A,1III,KX380805,10669,104.8138324,2013,Singapore,Singapore,KX380805,2013
546,KX380806.1|2013,1III_A,1III_A,1III,KX380806,10669,104.8138324,2013,Singapore,Singapore,KX380806,2013
547,KU365900.1|2014,1I_K.2,1I_K,1I,KU365900,10689,105.0103154,2014,Taiwan,Taiwan,KU365900,2014
548,KX458013.1|2014-11-10,1I_K.6,1I_K,1I,KX458013,10636,104.4896355,2014,China,China,KX458013,2014
549,KX458014.1|2014-11-11,1I_K.6,1I_K,1I,KX458014,10735,105.4622262,2014,China,China,KX458014,2014
550,KX224261.2|2014,1I_K.2,1I_K,1I,KX224261,10735,105.4622262,2014,Singapore,Singapore,KX224261,2014
551,KX224263.2|2014,1I_K,1I_K,1I,KX224263,10735,105.4622262,2014,Singapore,Singapore,KX224263,2014
552,KT831765.1|2014-09,1I_K.3,1I_K,1I,KT831765,10674,104.8629531,2014,"Indonesia: Bogor, West Java",Indonesia,KT831765,2014
553,KJ755855.1|2013-07,1I_H.1,1I_H,1I,KJ755855,10727,105.383633,2013,India,India,KJ755855,2013
554,KM403575.1|2012,1III_A,1III_A,1III,KM403575,10714,105.255919,2012,Singapore,Singapore,KM403575,2012
555,KM403576.1|2013,1III_A,1III_A,1III,KM403576,10665,104.7745358,2013,Singapore,Singapore,KM403576,2013
556,KM403577.1|2013,1III_A,1III_A,1III,KM403577,10714,105.255919,2013,Singapore,Singapore,KM403577,2013
557,KM403578.1|2013,1III_A,1III_A,1III,KM403578,10714,105.255919,2013,Singapore,Singapore,KM403578,2013
558,KM403579.1|2013,1III_A,1III_A,1III,KM403579,10714,105.255919,2013,Singapore,Singapore,KM403579,2013
559,KM403580.1|2013,1III_A,1III_A,1III,KM403580,10627,104.4012182,2013,Singapore,Singapore,KM403580,2013
560,KM403581.1|2013,1III_A,1III_A,1III,KM403581,10714,105.255919,2013,Singapore,Singapore,KM403581,2013
561,KM403582.1|2013,1III_A,1III_A,1III,KM403582,10714,105.255919,2013,Singapore,Singapore,KM403582,2013
562,KM403583.1|2013,1III_A,1III_A,1III,KM403583,10714,105.255919,2013,Singapore,Singapore,KM403583,2013
563,KM403584.1|2013,1III_A,1III_A,1III,KM403584,10714,105.255919,2013,Singapore,Singapore,KM403584,2013
564,KM403585.1|2013,1III_A,1III_A,1III,KM403585,10669,104.8138324,2013,Singapore,Singapore,KM403585,2013
565,KM403586.1|2013,1III_A,1III_A,1III,KM403586,10649,104.6173494,2013,Singapore,Singapore,KM403586,2013
566,KM403587.1|2013,1III_A,1III_A,1III,KM403587,10714,105.255919,2013,Singapore,Singapore,KM403587,2013
567,KM403588.1|2013,1III_A,1III_A,1III,KM403588,10714,105.255919,2013,Singapore,Singapore,KM403588,2013
568,KM403589.1|2013,1III_A,1III_A,1III,KM403589,10714,105.255919,2013,Singapore,Singapore,KM403589,2013
569,KM403590.1|2013,1III_A,1III_A,1III,KM403590,10714,105.255919,2013,Singapore,Singapore,KM403590,2013
570,KM403591.1|2013,1III_A,1III_A,1III,KM403591,10714,105.255919,2013,Singapore,Singapore,KM403591,2013
571,KM403592.1|2013,1III_A,1III_A,1III,KM403592,10714,105.255919,2013,Singapore,Singapore,KM403592,2013
572,KM403593.1|2013,1III_A,1III_A,1III,KM403593,10713,105.2460949,2013,Singapore,Singapore,KM403593,2013
573,KM403594.1|2013,1III_A,1III_A,1III,KM403594,10714,105.255919,2013,Singapore,Singapore,KM403594,2013
574,KM403595.1|2013,1III_A,1III_A,1III,KM403595,10714,105.255919,2013,Singapore,Singapore,KM403595,2013
575,KM403596.1|2013,1III_A,1III_A,1III,KM403596,10714,105.255919,2013,Singapore,Singapore,KM403596,2013
576,KM403597.1|2013,1III_A,1III_A,1III,KM403597,10714,105.255919,2013,Singapore,Singapore,KM403597,2013
577,KM403598.1|2013,1III_A,1III_A,1III,KM403598,10646,104.587877,2013,Singapore,Singapore,KM403598,2013
578,KM403599.1|2013,1III_A,1III_A,1III,KM403599,10670,104.8236565,2013,Singapore,Singapore,KM403599,2013
579,KM403600.1|2013,1III_A,1III_A,1III,KM403600,10699,105.1085568,2013,Singapore,Singapore,KM403600,2013
580,KM403601.1|2013,1III_A,1III_A,1III,KM403601,10648,104.6075253,2013,Singapore,Singapore,KM403601,2013
581,KM403602.1|2013,1III_A,1III_A,1III,KM403602,10714,105.255919,2013,Singapore,Singapore,KM403602,2013
582,KM403603.1|2013,1III_A,1III_A,1III,KM403603,10714,105.255919,2013,Singapore,Singapore,KM403603,2013
583,KM403604.1|2013,1III_A,1III_A,1III,KM403604,10714,105.255919,2013,Singapore,Singapore,KM403604,2013
584,KM403605.1|2013,1III_A,1III_A,1III,KM403605,10714,105.255919,2013,Singapore,Singapore,KM403605,2013
585,KM403606.1|2013,1III_A,1III_A,1III,KM403606,10714,105.255919,2013,Singapore,Singapore,KM403606,2013
586,KM403607.1|2013,1III_A,1III_A,1III,KM403607,10714,105.255919,2013,Singapore,Singapore,KM403607,2013
587,KM403608.1|2013,1III_A,1III_A,1III,KM403608,10714,105.255919,2013,Singapore,Singapore,KM403608,2013
588,KM403609.1|2013,1III_A,1III_A,1III,KM403609,10714,105.255919,2013,Singapore,Singapore,KM403609,2013
589,KM403610.1|2013,1III_A,1III_A,1III,KM403610,10714,105.255919,2013,Singapore,Singapore,KM403610,2013
590,KM403611.1|2013,1III_A,1III_A,1III,KM403611,10714,105.255919,2013,Singapore,Singapore,KM403611,2013
591,KM403612.1|2013,1III_A,1III_A,1III,KM403612,10714,105.255919,2013,Singapore,Singapore,KM403612,2013
592,KM403613.1|2013,1III_A,1III_A,1III,KM403613,10714,105.255919,2013,Singapore,Singapore,KM403613,2013
593,KM403614.1|2013,1III_A,1III_A,1III,KM403614,10714,105.255919,2013,Singapore,Singapore,KM403614,2013
594,KM403615.1|2013,1III_A,1III_A,1III,KM403615,10714,105.255919,2013,Singapore,Singapore,KM403615,2013
595,KM403616.1|2013,1III_A,1III_A,1III,KM403616,10714,105.255919,2013,Singapore,Singapore,KM403616,2013
596,KM403617.1|2013,1III_A,1III_A,1III,KM403617,10714,105.255919,2013,Singapore,Singapore,KM403617,2013
597,KM403618.1|2013,1III_A,1III_A,1III,KM403618,10714,105.255919,2013,Singapore,Singapore,KM403618,2013
598,KM403619.1|2013,1III_A,1III_A,1III,KM403619,10714,105.255919,2013,Singapore,Singapore,KM403619,2013
599,KM403620.1|2013,1III_A,1III_A,1III,KM403620,10698,105.0987327,2013,Singapore,Singapore,KM403620,2013
600,KM403621.1|2013,1III_A,1III_A,1III,KM403621,10662,104.7450634,2013,Singapore,Singapore,KM403621,2013
601,KM403622.1|2013,1III_A,1III_A,1III,KM403622,10714,105.255919,2013,Singapore,Singapore,KM403622,2013
602,KM403623.1|2013,1III_A,1III_A,1III,KM403623,10714,105.255919,2013,Singapore,Singapore,KM403623,2013
603,KM403624.1|2013,1III_A,1III_A,1III,KM403624,10714,105.255919,2013,Singapore,Singapore,KM403624,2013
604,KM403625.1|2013,1III_A,1III_A,1III,KM403625,10714,105.255919,2013,Singapore,Singapore,KM403625,2013
605,KM403626.1|2013,1III_A,1III_A,1III,KM403626,10714,105.255919,2013,Singapore,Singapore,KM403626,2013
606,KM403627.1|2013,1III_A,1III_A,1III,KM403627,10714,105.255919,2013,Singapore,Singapore,KM403627,2013
607,KM403628.1|2013,1III_A,1III_A,1III,KM403628,10714,105.255919,2013,Singapore,Singapore,KM403628,2013
608,KM403629.1|2013,1III_A,1III_A,1III,KM403629,10637,104.4994597,2013,Singapore,Singapore,KM403629,2013
609,KM403630.1|2013,1III_A,1III_A,1III,KM403630,10714,105.255919,2013,Singapore,Singapore,KM403630,2013
610,KM403631.1|2013,1III_A,1III_A,1III,KM403631,10714,105.255919,2013,Singapore,Singapore,KM403631,2013
611,KM403632.1|2013,1III_A,1III_A,1III,KM403632,10714,105.255919,2013,Singapore,Singapore,KM403632,2013
612,KM403633.1|2013,1III_A,1III_A,1III,KM403633,10714,105.255919,2013,Singapore,Singapore,KM403633,2013
613,KM403634.1|2013,1III_A,1III_A,1III,KM403634,10714,105.255919,2013,Singapore,Singapore,KM403634,2013
614,KM403635.1|2013,1III_A,1III_A,1III,KM403635,10714,105.255919,2013,Singapore,Singapore,KM403635,2013
615,KM403636.1|2013,1III_A,1III_A,1III,KM403636,10714,105.255919,2013,Singapore,Singapore,KM403636,2013
616,KR919821.1|2008,1I_K,1I_K,1I,KR919821,10735,105.4622262,2008,Australia,Australia,KR919821,2008
617,LC128301.1|2016-01,1IV_B.2,1IV_B,1IV,LC128301,10693,105.0496119,2016,Philippines,Philippines,LC128301,2016
618,KR024705.1|2014,1III_A,1III_A,1III,KR024705,10703,105.1478534,2014,China,China,KR024705,2014
619,KR024706.1|2014,1III_A,1III_A,1III,KR024706,10703,105.1478534,2014,China,China,KR024706,2014
620,KR024707.1|2014,1III_A,1III_A,1III,KR024707,10703,105.1478534,2014,China,China,KR024707,2014
621,KR024708.1|2014,1III_A,1III_A,1III,KR024708,10703,105.1478534,2014,China,China,KR024708,2014
622,KT187559.1|2014,1III_A,1III_A,1III,KT187559,10714,105.255919,2014,China: Guangdong,China,KT187559,2014
623,KT187560.1|2014,1III_A,1III_A,1III,KT187560,10714,105.255919,2014,China: Guangdong,China,KT187560,2014
624,KT187561.1|2014,1III_A,1III_A,1III,KT187561,10714,105.255919,2014,China: Guangdong,China,KT187561,2014
625,KT187562.1|2014,1III_A,1III_A,1III,KT187562,10714,105.255919,2014,China: Guangdong,China,KT187562,2014
626,KT187563.1|2014,1III_A,1III_A,1III,KT187563,10714,105.255919,2014,China: Guangdong,China,KT187563,2014
627,KT187564.1|2014,1I_K.6,1I_K,1I,KT187564,10735,105.4622262,2014,China: Guangdong,China,KT187564,2014
628,KT279761.2|2014-11-27,1V_E.3,1V_E,1V,KT279761,10735,105.4622262,2014,Haiti,Haiti,KT279761,2014
629,KP406802.1|2005,1I_K.4,1I_K,1I,KP406802,10735,105.4622262,2005,South Korea,South Korea,KP406802,2005
630,KP406803.1|2006,1IV_B.1,1IV_B,1IV,KP406803,10734,105.452402,2006,South Korea,South Korea,KP406803,2006
631,KF289073.1|1956,1V,1V,1V,KF289073,10690,105.0201395,1956,India,India,KF289073,1956
632,KR028435.1|2014-10,1I_K.2,1I_K,1I,KR028435,10672,104.8433048,2014,China: Guangzhou,China,KR028435,2014
633,KP723473.1|2014,1III_A,1III_A,1III,KP723473,10630,104.4306906,2014,China: Guangdong,China,KP723473,2014
634,KP723476.1|2014,1I_K.3,1I_K,1I,KP723476,10628,104.4110423,2014,China: Guangdong,China,KP723476,2014
635,KP686070.1|2014-10-22,1III_A,1III_A,1III,KP686070,10670,104.8236565,2014,China: Henan,China,KP686070,2014
636,KR779783.2|2011,1III_A,1III_A,1III,KR779783,10713,105.2460949,2011,Singapore,Singapore,KR779783,2011
637,KR071622.1|2014,1III_A,1III_A,1III,KR071622,10715,105.2657432,2014,China,China,KR071622,2014
638,KR052012.1|2014,1III_A,1III_A,1III,KR052012,10714,105.255919,2014,China,China,KR052012,2014
639,KP772252.1|2014-09,1I_K.2,1I_K,1I,KP772252,10735,105.4622262,2014,China,China,KP772252,2014
640,KJ806939.2|2013,1IV_B.1,1IV_B,1IV,KJ806939,10735,105.4622262,2013,Singapore,Singapore,KJ806939,2013
641,KJ806941.2|2013,1I_H.1,1I_H,1I,KJ806941,10735,105.4622262,2013,Singapore,Singapore,KJ806941,2013
642,KJ806943.2|2013,1I_K,1I_K,1I,KJ806943,10735,105.4622262,2013,Singapore,Singapore,KJ806943,2013
643,KJ806944.2|2013,1I_K,1I_K,1I,KJ806944,10735,105.4622262,2013,Singapore,Singapore,KJ806944,2013
644,KJ806945.2|2013,1I_K.6,1I_K,1I,KJ806945,10735,105.4622262,2013,Singapore,Singapore,KJ806945,2013
645,KJ806946.2|2013,1I_H.1,1I_H,1I,KJ806946,10735,105.4622262,2013,Singapore,Singapore,KJ806946,2013
646,KJ806947.2|2013,1I_K,1I_K,1I,KJ806947,10708,105.1969742,2013,Singapore,Singapore,KJ806947,2013
647,KJ806949.2|2013,1I_K,1I_K,1I,KJ806949,10735,105.4622262,2013,Singapore,Singapore,KJ806949,2013
648,KJ806950.2|2013,1III_B,1III_B,1III,KJ806950,10735,105.4622262,2013,Singapore,Singapore,KJ806950,2013
649,KJ806951.2|2013,1I_K.2,1I_K,1I,KJ806951,10735,105.4622262,2013,Singapore,Singapore,KJ806951,2013
650,KJ806953.2|2013,1I_K.3,1I_K,1I,KJ806953,10661,104.7352392,2013,Singapore,Singapore,KJ806953,2013
651,KJ806959.2|2014,1I_K.2,1I_K,1I,KJ806959,10735,105.4622262,2014,Singapore,Singapore,KJ806959,2014
652,KJ806961.2|2014,1I_K,1I_K,1I,KJ806961,10735,105.4622262,2014,Singapore,Singapore,KJ806961,2014
653,KJ806963.2|2014,1I_K.3,1I_K,1I,KJ806963,10735,105.4622262,2014,Singapore,Singapore,KJ806963,2014
654,KP398852.1|2014,1I_H.1,1I_H,1I,KP398852,10735,105.4622262,2014,Sri Lanka,Sri Lanka,KP398852,2014
655,KC762620.1|2007-12-13,1IV_C,1IV_C,1IV,KC762620,10735,105.4622262,2007,Indonesia: Makassar,Indonesia,KC762620,2007
656,KC762621.1|2008-02-15,1I_K.4,1I_K,1I,KC762621,10735,105.4622262,2008,Indonesia: Makassar,Indonesia,KC762621,2008
657,KC762622.1|2008-04-09,1I_K.4,1I_K,1I,KC762622,10735,105.4622262,2008,Indonesia: Makassar,Indonesia,KC762622,2008
658,KC762623.1|2007-07-17,1I_K.4,1I_K,1I,KC762623,10735,105.4622262,2007,Indonesia: Makassar,Indonesia,KC762623,2007
659,KC762624.1|2008-02-15,1I_K.4,1I_K,1I,KC762624,10735,105.4622262,2008,Indonesia: Makassar,Indonesia,KC762624,2008
660,KC762625.1|2007-06-22,1I_K.4,1I_K,1I,KC762625,10735,105.4622262,2007,Indonesia: Makassar,Indonesia,KC762625,2007
661,KC762626.1|2008-02-26,1I_K.4,1I_K,1I,KC762626,10735,105.4622262,2008,Indonesia: Makassar,Indonesia,KC762626,2008
662,KC762627.1|2008-04-17,1I_K.4,1I_K,1I,KC762627,10735,105.4622262,2008,Indonesia: Makassar,Indonesia,KC762627,2008
663,KC762628.1|2008-02-19,1IV_B,1IV_B,1IV,KC762628,10735,105.4622262,2008,Indonesia: Makassar,Indonesia,KC762628,2008
664,KC762629.1|2008-03-15,1I_K.4,1I_K,1I,KC762629,10735,105.4622262,2008,Indonesia: Makassar,Indonesia,KC762629,2008
665,KC762630.1|2008-02-06,1IV_C,1IV_C,1IV,KC762630,10735,105.4622262,2008,Indonesia: Makassar,Indonesia,KC762630,2008
666,KC762631.1|2008-02-15,1I_K.4,1I_K,1I,KC762631,10735,105.4622262,2008,Indonesia: Makassar,Indonesia,KC762631,2008
667,KC762632.1|2007-08-31,1I_K.4,1I_K,1I,KC762632,10735,105.4622262,2007,Indonesia: Makassar,Indonesia,KC762632,2007
668,KC762633.1|2008-04-18,1I_K.4,1I_K,1I,KC762633,10735,105.4622262,2008,Indonesia: Makassar,Indonesia,KC762633,2008
669,KC762634.1|2008-04-10,1I_K.4,1I_K,1I,KC762634,10735,105.4622262,2008,Indonesia: Makassar,Indonesia,KC762634,2008
670,KC762635.1|2007-10-03,1I_K.4,1I_K,1I,KC762635,10735,105.4622262,2007,Indonesia: Makassar,Indonesia,KC762635,2007
671,KC762636.1|2007-09-27,1I_K.4,1I_K,1I,KC762636,10735,105.4622262,2007,Indonesia: Makassar,Indonesia,KC762636,2007
672,KC762637.1|2007-12-11,1I_K.4,1I_K,1I,KC762637,10735,105.4622262,2007,Indonesia: Makassar,Indonesia,KC762637,2007
673,KC762638.1|2008-02-06,1I_K.4,1I_K,1I,KC762638,10735,105.4622262,2008,Indonesia: Makassar,Indonesia,KC762638,2008
674,KC762639.1|2010-04-06,1I_K.4,1I_K,1I,KC762639,10735,105.4622262,2010,Indonesia: Makassar,Indonesia,KC762639,2010
675,KC762640.1|2008-08-04,1IV_B,1IV_B,1IV,KC762640,10735,105.4622262,2008,Indonesia: Makassar,Indonesia,KC762640,2008
676,KC762641.1|2008-02-25,1I_K.4,1I_K,1I,KC762641,10735,105.4622262,2008,Indonesia: Makassar,Indonesia,KC762641,2008
677,KC762642.1|2010-07-08,1I_K,1I_K,1I,KC762642,10735,105.4622262,2010,Indonesia: Makassar,Indonesia,KC762642,2010
678,KC762643.1|2008-02-15,1I_K.4,1I_K,1I,KC762643,10735,105.4622262,2008,Indonesia: Makassar,Indonesia,KC762643,2008
679,KC762644.1|2008-02-06,1I_K.4,1I_K,1I,KC762644,10735,105.4622262,2008,Indonesia: Makassar,Indonesia,KC762644,2008
680,KC762645.1|2008-02-15,1I_K.4,1I_K,1I,KC762645,10735,105.4622262,2008,Indonesia: Makassar,Indonesia,KC762645,2008
681,KC762646.1|2007-08-08,1I_K.4,1I_K,1I,KC762646,10735,105.4622262,2007,Indonesia: Makassar,Indonesia,KC762646,2007
682,KC762647.1|2010-03-03,1I_K.4,1I_K,1I,KC762647,10735,105.4622262,2010,Indonesia: Makassar,Indonesia,KC762647,2010
683,KC762648.1|2008-04-07,1I_K.4,1I_K,1I,KC762648,10735,105.4622262,2008,Indonesia: Makassar,Indonesia,KC762648,2008
684,KC762649.1|2007-07-05,1I_K.4,1I_K,1I,KC762649,10735,105.4622262,2007,Indonesia: Makassar,Indonesia,KC762649,2007
685,KC762650.1|2007-06-13,1I_K.4,1I_K,1I,KC762650,10735,105.4622262,2007,Indonesia: Makassar,Indonesia,KC762650,2007
686,KC762651.1|2007-12-11,1IV_C,1IV_C,1IV,KC762651,10735,105.4622262,2007,Indonesia: Makassar,Indonesia,KC762651,2007
687,KC762652.1|2008-04-04,1I_K.4,1I_K,1I,KC762652,10735,105.4622262,2008,Indonesia: Makassar,Indonesia,KC762652,2008
688,KC762653.1|2008-02-01,1IV_B,1IV_B,1IV,KC762653,10735,105.4622262,2008,Indonesia: Makassar,Indonesia,KC762653,2008
689,KC762654.1|2007-07-24,1I_K.4,1I_K,1I,KC762654,10735,105.4622262,2007,Indonesia: Makassar,Indonesia,KC762654,2007
690,KJ649286.1|2011-12-31,1I_B,1I_B,1I,KJ649286,10622,104.3520975,2011,Saudi Arabia,Saudi Arabia,KJ649286,2011
691,LC016760.1|2014-09-28,1I_K.3,1I_K,1I,LC016760,10693,105.0496119,2014,"Japan:Hyogo, Nishinomiya",Japan,LC016760,2014
692,KF971712.1|2008,1I_E,1I_E,1I,KF971712,9095,89.35062383,2008,Viet Nam,Viet Nam,KF971712,2008
693,KF973453.1|2011,1V_C,1V_C,1V,KF973453,10303,101.2181943,2011,Nicaragua,Nicaragua,KF973453,2011
694,KF973454.1|2012,1V_B,1V_B,1V,KF973454,10619,104.322625,2012,Nicaragua,Nicaragua,KF973454,2012
695,KF973455.1|2012,1V_B,1V_B,1V,KF973455,10606,104.1949111,2012,Nicaragua,Nicaragua,KF973455,2012
696,KF973456.1|2012,1V_B,1V_B,1V,KF973456,10327,101.4539739,2012,Nicaragua,Nicaragua,KF973456,2012
697,KF973457.1|2012,1V_C,1V_C,1V,KF973457,10615,104.2833284,2012,Nicaragua,Nicaragua,KF973457,2012
698,KF973458.1|2012,1V_B,1V_B,1V,KF973458,10290,101.0904804,2012,Nicaragua,Nicaragua,KF973458,2012
699,KF973459.1|2011,1V_C,1V_C,1V,KF973459,10238,100.5796247,2011,Nicaragua,Nicaragua,KF973459,2011
700,KF973460.1|2011,1V_B,1V_B,1V,KF973460,10630,104.4306906,2011,Nicaragua,Nicaragua,KF973460,2011
701,KF973461.1|2012,1V_C,1V_C,1V,KF973461,10580,103.9394832,2012,Nicaragua,Nicaragua,KF973461,2012
702,KF973462.1|2011,1V_C,1V_C,1V,KF973462,10336,101.5423912,2011,Nicaragua,Nicaragua,KF973462,2011
703,KF973463.1|2012,1V_B,1V_B,1V,KF973463,10608,104.2145594,2012,Nicaragua,Nicaragua,KF973463,2012
704,KF973464.1|2012,1V_C,1V_C,1V,KF973464,10608,104.2145594,2012,Nicaragua,Nicaragua,KF973464,2012
705,KF973465.1|2012,1V_C,1V_C,1V,KF973465,10559,103.7331761,2012,Nicaragua,Nicaragua,KF973465,2012
706,KF973466.1|2012,1V_B,1V_B,1V,KF973466,10618,104.3128009,2012,Nicaragua,Nicaragua,KF973466,2012
707,KF973467.1|2012,1V_B,1V_B,1V,KF973467,10198,100.1866588,2012,Nicaragua,Nicaragua,KF973467,2012
708,KF973468.1|2012,1V_C,1V_C,1V,KF973468,10599,104.1261421,2012,Nicaragua,Nicaragua,KF973468,2012
709,KF973469.1|2012,1V_C,1V_C,1V,KF973469,10620,104.3324492,2012,Nicaragua,Nicaragua,KF973469,2012
710,KF973470.1|2012,1V_C,1V_C,1V,KF973470,10731,105.4229296,2012,Nicaragua,Nicaragua,KF973470,2012
711,KF973471.1|2012,1V_C,1V_C,1V,KF973471,10625,104.3815699,2012,Nicaragua,Nicaragua,KF973471,2012
712,KF973472.1|2012,1V_B,1V_B,1V,KF973472,10616,104.2931526,2012,Nicaragua,Nicaragua,KF973472,2012
713,KF973473.1|2012,1V_B,1V_B,1V,KF973473,10304,101.2280185,2012,Nicaragua,Nicaragua,KF973473,2012
714,KF973474.1|2012,1V_B,1V_B,1V,KF973474,10616,104.2931526,2012,Nicaragua,Nicaragua,KF973474,2012
715,KF973475.1|2012,1V_B,1V_B,1V,KF973475,10615,104.2833284,2012,Nicaragua,Nicaragua,KF973475,2012
716,LC011945.1|2014-08-20,1I_K.3,1I_K,1I,LC011945,10693,105.0496119,2014,"Japan:Tokyo, Shibuya, Yoyogi Park",Japan,LC011945,2014
717,LC011946.1|2014-08,1I_K.3,1I_K,1I,LC011946,10693,105.0496119,2014,"Japan:Tokyo, Shibuya",Japan,LC011946,2014
718,LC011947.1|2014-09,1I_K.3,1I_K,1I,LC011947,10693,105.0496119,2014,"Japan:Tokyo, Shinjuku",Japan,LC011947,2014
719,LC011948.1|2014-09,1I_K.3,1I_K,1I,LC011948,10693,105.0496119,2014,Japan:Chiba,Japan,LC011948,2014
720,LC011949.1|2014-09,1I_K,1I_K,1I,LC011949,10693,105.0496119,2014,Japan:Shizuoka,Japan,LC011949,2014
721,KM204119.1|1944,unassigned,unassigned,unassigned,KM204119,10736,105.4720503,1944,USA: Hawaii,USA,KM204119,1944
722,KJ468234.1|2013,1I_H.1,1I_H,1I,KJ468234,10622,104.3520975,2013,Germany,Germany,KJ468234,2013
723,KJ933413.1|2012-04-24,1IV_B.1,1IV_B,1IV,KJ933413,10689,105.0103154,2012,China: Jiangsu,China,KJ933413,2012
724,KC692495.1|2009-02-03,1V_E,1V_E,1V,KC692495,10735,105.4622262,2009,Argentina: Buenos Aires,Argentina,KC692495,2009
725,KC692496.1|2009-02-19,1V_E,1V_E,1V,KC692496,10735,105.4622262,2009,Argentina: Buenos Aires,Argentina,KC692496,2009
726,KC692497.1|2009-03-02,1V_E,1V_E,1V,KC692497,10735,105.4622262,2009,Argentina: Buenos Aires,Argentina,KC692497,2009
727,KC692498.1|2009-03-03,1V_E,1V_E,1V,KC692498,10735,105.4622262,2009,Argentina: Buenos Aires,Argentina,KC692498,2009
728,KC692499.1|2009-03-31,1V_E,1V_E,1V,KC692499,10735,105.4622262,2009,Argentina: Buenos Aires,Argentina,KC692499,2009
729,KC692500.1|2009-04-01,1V_E,1V_E,1V,KC692500,10735,105.4622262,2009,Argentina: Buenos Aires,Argentina,KC692500,2009
730,KC692501.1|2009-04-06,1V_E,1V_E,1V,KC692501,10735,105.4622262,2009,Argentina: Buenos Aires,Argentina,KC692501,2009
731,KC692502.1|2009-04-09,1V_E,1V_E,1V,KC692502,10735,105.4622262,2009,Argentina: Buenos Aires,Argentina,KC692502,2009
732,KC692503.1|2009-04-14,1V_E,1V_E,1V,KC692503,10735,105.4622262,2009,Argentina: Buenos Aires,Argentina,KC692503,2009
733,KC692504.1|2009-04-16,1V_E,1V_E,1V,KC692504,10735,105.4622262,2009,Argentina: Buenos Aires,Argentina,KC692504,2009
734,KC692505.1|2009-04-16,1V_E,1V_E,1V,KC692505,10735,105.4622262,2009,Argentina: Buenos Aires,Argentina,KC692505,2009
735,KC692506.1|2009-04-22,1V_E,1V_E,1V,KC692506,10735,105.4622262,2009,Argentina: Buenos Aires,Argentina,KC692506,2009
736,KC692507.1|2009-04-23,1V_E,1V_E,1V,KC692507,10735,105.4622262,2009,Argentina: Buenos Aires,Argentina,KC692507,2009
737,KC692508.1|2009-04-24,1V_E,1V_E,1V,KC692508,10735,105.4622262,2009,Argentina: Buenos Aires,Argentina,KC692508,2009
738,KC692509.1|2009-05-05,1V_E,1V_E,1V,KC692509,10735,105.4622262,2009,Argentina: Buenos Aires,Argentina,KC692509,2009
739,KC692510.1|2009-05-28,1V_E,1V_E,1V,KC692510,10735,105.4622262,2009,Argentina: Buenos Aires,Argentina,KC692510,2009
740,KC692511.1|2010-02-10,1V_A,1V_A,1V,KC692511,10735,105.4622262,2010,Argentina: Buenos Aires,Argentina,KC692511,2010
741,KC692512.1|2010-02-17,1V_E,1V_E,1V,KC692512,10735,105.4622262,2010,Argentina: Buenos Aires,Argentina,KC692512,2010
742,KC692513.1|2010-04-26,1V_A,1V_A,1V,KC692513,10735,105.4622262,2010,Argentina: Buenos Aires,Argentina,KC692513,2010
743,KC692514.1|2010-05-03,1V_E,1V_E,1V,KC692514,10735,105.4622262,2010,Argentina: Buenos Aires,Argentina,KC692514,2010
744,KC692515.1|2010-05-14,1V_E,1V_E,1V,KC692515,10735,105.4622262,2010,Argentina: Buenos Aires,Argentina,KC692515,2010
745,KC692516.1|2010-05-18,1V_E,1V_E,1V,KC692516,10735,105.4622262,2010,Argentina: Buenos Aires,Argentina,KC692516,2010
746,KC692517.1|2010-12-29,1V_F,1V_F,1V,KC692517,10735,105.4622262,2010,Argentina: Buenos Aires,Argentina,KC692517,2010
747,KJ726662.1|2012-04,1I_H.1,1I_H,1I,KJ726662,10690,105.0201395,2012,Sri Lanka,Sri Lanka,KJ726662,2012
748,KJ726663.1|2012-02,1I_H.1,1I_H,1I,KJ726663,10659,104.7155909,2012,Sri Lanka,Sri Lanka,KJ726663,2012
749,KJ726664.1|2012-03,1I_H.1,1I_H,1I,KJ726664,10684,104.9611946,2012,Sri Lanka,Sri Lanka,KJ726664,2012
750,KJ726665.1|2012-02,1I_H.1,1I_H,1I,KJ726665,10677,104.8924256,2012,Sri Lanka,Sri Lanka,KJ726665,2012
751,JQ917404.1|2009,1III_A,1III_A,1III,JQ917404,10669,104.8138324,2009,India: Delhi,India,JQ917404,2009
752,KF289072.1|2011,1III_A,1III_A,1III,KF289072,10669,104.8138324,2011,India,India,KF289072,2011
753,KJ438293.1|2013,1I_K,1I_K,1I,KJ438293,10724,105.3541605,2013,China: Guangzhou,China,KJ438293,2013
754,KJ438296.1|2013,1I_K.6,1I_K,1I,KJ438296,10735,105.4622262,2013,China: Guangzhou,China,KJ438296,2013
755,HE795086.1|2008-08-05,1I_G,1I_G,1I,HE795086,10179,100,2008,France,France,HE795086,2008
756,KF971869.1|2013-08-23,1I_K.6,1I_K,1I,KF971869,10583,103.9689557,2013,China,China,KF971869,2013
757,KF971870.1|2013-08-23,1I_K.6,1I_K,1I,KF971870,10583,103.9689557,2013,China,China,KF971870,2013
758,KF971871.1|2013-08-23,1I_K.6,1I_K,1I,KF971871,10583,103.9689557,2013,China,China,KF971871,2013
759,JQ692085.1|2010,1III_A,1III_A,1III,JQ692085,10669,104.8138324,2010,India,India,JQ692085,2010
760,KF887994.1|2013-01,1I_E,1I_E,1I,KF887994,10733,105.4425779,2013,Thailand,Thailand,KF887994,2013
761,KF864667.1|2013-05,1VII_A,1VII_A,1VII,KF864667,10141,99.62668239,2013,China: Zhejiang,China,KF864667,2013
762,KJ189302.1|1998,1V,1V,1V,KJ189302,10445,102.6132233,1998,Colombia,Colombia,KJ189302,1998
763,KJ189303.1|1998,1V_G,1V_G,1V,KJ189303,10445,102.6132233,1998,Colombia,Colombia,KJ189303,1998
764,KJ189304.1|2005,1V_G,1V_G,1V,KJ189304,10447,102.6328716,2005,Colombia,Colombia,KJ189304,2005
765,KJ189306.1|2011,1V_C,1V_C,1V,KJ189306,10445,102.6132233,2011,Mexico,Mexico,KJ189306,2011
766,KJ189307.1|2011,1V_C,1V_C,1V,KJ189307,10445,102.6132233,2011,Mexico,Mexico,KJ189307,2011
767,KJ189312.1|2008,1V_C,1V_C,1V,KJ189312,10444,102.6033992,2008,Mexico,Mexico,KJ189312,2008
768,KJ189313.1|2008,1V_C,1V_C,1V,KJ189313,10445,102.6132233,2008,Mexico,Mexico,KJ189313,2008
769,KJ189314.1|2008,1V_C,1V_C,1V,KJ189314,10450,102.662344,2008,Mexico,Mexico,KJ189314,2008
770,KJ189315.1|2008,1V_C,1V_C,1V,KJ189315,10448,102.6426957,2008,Mexico,Mexico,KJ189315,2008
771,KJ189316.1|2009,1V_C,1V_C,1V,KJ189316,10445,102.6132233,2009,Mexico,Mexico,KJ189316,2009
772,KJ189317.1|2007,1V_C,1V_C,1V,KJ189317,10448,102.6426957,2007,Mexico,Mexico,KJ189317,2007
773,KJ189318.1|2007,1V_C,1V_C,1V,KJ189318,10444,102.6033992,2007,Mexico,Mexico,KJ189318,2007
774,KJ189319.1|2007,1V_C,1V_C,1V,KJ189319,10446,102.6230475,2007,Mexico,Mexico,KJ189319,2007
775,KJ189320.1|2007,1V_C,1V_C,1V,KJ189320,10445,102.6132233,2007,Mexico,Mexico,KJ189320,2007
776,KJ189321.1|2007,1V_C,1V_C,1V,KJ189321,10444,102.6033992,2007,Mexico,Mexico,KJ189321,2007
777,KJ189322.1|2007,1V_C,1V_C,1V,KJ189322,10445,102.6132233,2007,Mexico,Mexico,KJ189322,2007
778,KJ189323.1|2007,1V_C,1V_C,1V,KJ189323,10445,102.6132233,2007,Mexico,Mexico,KJ189323,2007
779,KJ189324.1|2007,1V_C,1V_C,1V,KJ189324,10444,102.6033992,2007,Mexico,Mexico,KJ189324,2007
780,KJ189325.1|2007,1V_C,1V_C,1V,KJ189325,10444,102.6033992,2007,Mexico,Mexico,KJ189325,2007
781,KJ189326.1|2007,1V_C,1V_C,1V,KJ189326,10449,102.6525199,2007,Mexico,Mexico,KJ189326,2007
782,KJ189327.1|2007,1V_C,1V_C,1V,KJ189327,10445,102.6132233,2007,Mexico,Mexico,KJ189327,2007
783,KJ189328.1|2007,1V_C,1V_C,1V,KJ189328,10444,102.6033992,2007,Mexico,Mexico,KJ189328,2007
784,KJ189329.1|2007,1V_C,1V_C,1V,KJ189329,10449,102.6525199,2007,Mexico,Mexico,KJ189329,2007
785,KJ189330.1|2007,1V_C,1V_C,1V,KJ189330,10448,102.6426957,2007,Mexico,Mexico,KJ189330,2007
786,KJ189331.1|2008,1V_C,1V_C,1V,KJ189331,10448,102.6426957,2008,Mexico,Mexico,KJ189331,2008
787,KJ189332.1|2008,1V_C,1V_C,1V,KJ189332,10301,101.198546,2008,Mexico,Mexico,KJ189332,2008
788,KJ189333.1|2008,1V_C,1V_C,1V,KJ189333,10445,102.6132233,2008,Mexico,Mexico,KJ189333,2008
789,KJ189334.1|2008,1V_C,1V_C,1V,KJ189334,10445,102.6132233,2008,Mexico,Mexico,KJ189334,2008
790,KJ189335.1|2008,1V_C,1V_C,1V,KJ189335,10444,102.6033992,2008,Mexico,Mexico,KJ189335,2008
791,KJ189336.1|2008,1V_C,1V_C,1V,KJ189336,10448,102.6426957,2008,Mexico,Mexico,KJ189336,2008
792,KJ189337.1|2008,1V_C,1V_C,1V,KJ189337,10446,102.6230475,2008,Mexico,Mexico,KJ189337,2008
793,KJ189338.1|2008,1V_C,1V_C,1V,KJ189338,10448,102.6426957,2008,Mexico,Mexico,KJ189338,2008
794,KJ189339.1|2008,1V_C,1V_C,1V,KJ189339,10449,102.6525199,2008,Mexico,Mexico,KJ189339,2008
795,KJ189340.1|2008,1V_C,1V_C,1V,KJ189340,10444,102.6033992,2008,Mexico,Mexico,KJ189340,2008
796,KJ189341.1|2009,1V_C,1V_C,1V,KJ189341,10445,102.6132233,2009,Mexico,Mexico,KJ189341,2009
797,KJ189342.1|2009,1V_C,1V_C,1V,KJ189342,10444,102.6033992,2009,Mexico,Mexico,KJ189342,2009
798,KJ189343.1|2009,1V_C,1V_C,1V,KJ189343,10444,102.6033992,2009,Mexico,Mexico,KJ189343,2009
799,KJ189344.1|2009,1V_C,1V_C,1V,KJ189344,10444,102.6033992,2009,Mexico,Mexico,KJ189344,2009
800,KJ189345.1|2009,1V_C,1V_C,1V,KJ189345,10444,102.6033992,2009,Mexico,Mexico,KJ189345,2009
801,KJ189346.1|2009,1V_C,1V_C,1V,KJ189346,10442,102.5837509,2009,Mexico,Mexico,KJ189346,2009
802,KJ189347.1|2009,1V_C,1V_C,1V,KJ189347,10444,102.6033992,2009,Mexico,Mexico,KJ189347,2009
803,KJ189348.1|2011,1V_B,1V_B,1V,KJ189348,10445,102.6132233,2011,Mexico,Mexico,KJ189348,2011
804,KJ189349.1|2011,1V_B,1V_B,1V,KJ189349,10384,102.0139503,2011,Mexico,Mexico,KJ189349,2011
805,KJ189350.1|2012,1V_E.3,1V_E,1V,KJ189350,10445,102.6132233,2012,Puerto Rico,USA,KJ189350,2012
806,KJ189351.1|2012,1V_E,1V_E,1V,KJ189351,10448,102.6426957,2012,Puerto Rico,USA,KJ189351,2012
807,KJ189352.1|2012,1V_E.3,1V_E,1V,KJ189352,10448,102.6426957,2012,Puerto Rico,USA,KJ189352,2012
808,KJ189353.1|2012,1V_E.3,1V_E,1V,KJ189353,10444,102.6033992,2012,Puerto Rico,USA,KJ189353,2012
809,KJ189354.1|2012,1V_E.3,1V_E,1V,KJ189354,10443,102.593575,2012,Puerto Rico,USA,KJ189354,2012
810,KJ189355.1|2012,1V_E.3,1V_E,1V,KJ189355,10444,102.6033992,2012,Puerto Rico,USA,KJ189355,2012
811,KJ189356.1|2012,1V_E.3,1V_E,1V,KJ189356,10442,102.5837509,2012,Puerto Rico,USA,KJ189356,2012
812,KJ189357.1|2012,1V_E.3,1V_E,1V,KJ189357,10444,102.6033992,2012,Puerto Rico,USA,KJ189357,2012
813,KJ189358.1|2012,1V_E,1V_E,1V,KJ189358,10444,102.6033992,2012,Puerto Rico,USA,KJ189358,2012
814,KJ189359.1|2012,1V_E,1V_E,1V,KJ189359,10444,102.6033992,2012,Puerto Rico,USA,KJ189359,2012
815,KJ189360.1|2010,1V_E.3,1V_E,1V,KJ189360,10265,100.8448767,2010,Puerto Rico,USA,KJ189360,2010
816,KJ189361.1|2010,1V_E.3,1V_E,1V,KJ189361,10522,103.3696827,2010,Puerto Rico,USA,KJ189361,2010
817,KJ189362.1|2010,1V_E.3,1V_E,1V,KJ189362,10456,102.7212889,2010,Puerto Rico,USA,KJ189362,2010
818,KJ189363.1|2010,1V_E.3,1V_E,1V,KJ189363,10648,104.6075253,2010,Puerto Rico,USA,KJ189363,2010
819,KJ189364.1|2010,1V_E.3,1V_E,1V,KJ189364,10444,102.6033992,2010,Puerto Rico,USA,KJ189364,2010
820,KJ189365.1|2010,1V_E.3,1V_E,1V,KJ189365,10798,106.0811475,2010,Puerto Rico,USA,KJ189365,2010
821,KJ189366.1|2010,1V_E.3,1V_E,1V,KJ189366,10453,102.6918165,2010,Puerto Rico,USA,KJ189366,2010
822,KJ189367.1|2010,1V_E.3,1V_E,1V,KJ189367,10452,102.6819923,2010,Puerto Rico,USA,KJ189367,2010
823,KJ189368.1|2012,1V_C,1V_C,1V,KJ189368,10480,102.9570685,2012,Mexico,Mexico,KJ189368,2012
824,KJ189369.1|2011,1V_C,1V_C,1V,KJ189369,10456,102.7212889,2011,Mexico,Mexico,KJ189369,2011
825,KF955403.1|2005,1V_C,1V_C,1V,KF955403,7868,77.29639454,2005,Nicaragua,Nicaragua,KF955403,2005
826,KF955404.1|2005,1V_C,1V_C,1V,KF955404,7870,77.31604283,2005,Nicaragua,Nicaragua,KF955404,2005
827,KF955405.1|2002,1I_D,1I_D,1I,KF955405,9799,96.26682385,2002,Cambodia,Cambodia,KF955405,2002
828,KF955406.1|2001,1I_D,1I_D,1I,KF955406,10687,104.9906671,2001,Cambodia,Cambodia,KF955406,2001
829,KF955407.1|2005,1V_F,1V_F,1V,KF955407,10614,104.2735043,2005,Venezuela,Venezuela,KF955407,2005
830,KF955408.1|2007,1V_F,1V_F,1V,KF955408,8217,80.7250221,2007,Venezuela,Venezuela,KF955408,2007
831,KF955409.1|2005,1V_C,1V_C,1V,KF955409,7869,77.30621869,2005,Nicaragua,Nicaragua,KF955409,2005
832,KF955411.1|2000,1V_E,1V_E,1V,KF955411,9286,91.22703605,2000,Venezuela,Venezuela,KF955411,2000
833,KF955413.1|2006,1V_F,1V_F,1V,KF955413,9308,91.44316731,2006,Venezuela,Venezuela,KF955413,2006
834,KF955415.1|2006,1V_C,1V_C,1V,KF955415,10508,103.2321446,2006,Mexico,Mexico,KF955415,2006
835,KF955416.1|2006,1V_C,1V_C,1V,KF955416,10690,105.0201395,2006,Mexico,Mexico,KF955416,2006
836,KF955417.1|2006,1V_C,1V_C,1V,KF955417,10690,105.0201395,2006,Mexico,Mexico,KF955417,2006
837,KF955419.1|2007,1V_C,1V_C,1V,KF955419,10690,105.0201395,2007,Mexico,Mexico,KF955419,2007
838,KF955420.1|2007,1V_C,1V_C,1V,KF955420,10669,104.8138324,2007,Mexico,Mexico,KF955420,2007
839,KF955421.1|2007,1V_C,1V_C,1V,KF955421,10654,104.6664702,2007,Mexico,Mexico,KF955421,2007
840,KF955422.1|2007,1V_C,1V_C,1V,KF955422,10669,104.8138324,2007,Mexico,Mexico,KF955422,2007
841,KF955424.1|2007,1V_C,1V_C,1V,KF955424,9928,97.53413891,2007,Mexico,Mexico,KF955424,2007
842,KF955425.1|2007,1V_C,1V_C,1V,KF955425,8995,88.36820906,2007,Mexico,Mexico,KF955425,2007
843,KF955427.1|2007,1V_C,1V_C,1V,KF955427,10695,105.0692602,2007,Mexico,Mexico,KF955427,2007
844,KF955428.1|2007,1V_C,1V_C,1V,KF955428,10681,104.9317222,2007,Mexico,Mexico,KF955428,2007
845,KF955433.1|2008,1V_C,1V_C,1V,KF955433,10686,104.9808429,2008,Mexico,Mexico,KF955433,2008
846,KF955435.1|2006,1I_E,1I_E,1I,KF955435,8626,84.74309854,2006,Cambodia,Cambodia,KF955435,2006
847,KF955437.1|1998,1V_J,1V_J,1V,KF955437,9725,95.53983692,1998,Puerto Rico,USA,KF955437,1998
848,KF955438.1|1998,1V_J,1V_J,1V,KF955438,9869,96.9545142,1998,Puerto Rico,USA,KF955438,1998
849,KF955439.1|1995,1V_J,1V_J,1V,KF955439,9873,96.99381079,1995,Puerto Rico,USA,KF955439,1995
850,KF955440.1|2007,1I_G,1I_G,1I,KF955440,9873,96.99381079,2007,Cambodia,Cambodia,KF955440,2007
851,KF955441.1|2007,1V_E,1V_E,1V,KF955441,10600,104.1359662,2007,Venezuela,Venezuela,KF955441,2007
852,KF955442.1|2007,1V_C,1V_C,1V,KF955442,10628,104.4110423,2007,Mexico,Mexico,KF955442,2007
853,KF955443.1|2007,1V_C,1V_C,1V,KF955443,10686,104.9808429,2007,Mexico,Mexico,KF955443,2007
854,KF955444.1|2007,1I_E,1I_E,1I,KF955444,10407,102.2399057,2007,Cambodia,Cambodia,KF955444,2007
855,KF955445.1|2003,1I_K.7,1I_K,1I,KF955445,9084,89.24255821,2003,Cambodia,Cambodia,KF955445,2003
856,KF955446.1|2008,1I_E,1I_E,1I,KF955446,10470,102.858827,2008,Viet Nam,Viet Nam,KF955446,2008
857,KF921911.1|1996,1V_J,1V_J,1V,KF921911,10609,104.2243835,1996,Puerto Rico,USA,KF921911,1996
858,KF921932.1|2007,1I_E,1I_E,1I,KF921932,10254,100.7368111,2007,Cambodia,Cambodia,KF921932,2007
859,KF921933.1|2007,1I_E,1I_E,1I,KF921933,10973,107.8003733,2007,Cambodia,Cambodia,KF921933,2007
860,KF921934.1|2006,1I_G,1I_G,1I,KF921934,10447,102.6328716,2006,Viet Nam,Viet Nam,KF921934,2006
861,KF921935.1|2007,1I_E,1I_E,1I,KF921935,10528,103.4286276,2007,Viet Nam,Viet Nam,KF921935,2007
862,KF921936.1|2006,1I_G,1I_G,1I,KF921936,10239,100.5894489,2006,Viet Nam,Viet Nam,KF921936,2006
863,KF921937.1|2006,1I_C,1I_C,1I,KF921937,9951,97.76009431,2006,Viet Nam,Viet Nam,KF921937,2006
864,KF921939.1|2008,1I_G,1I_G,1I,KF921939,10291,101.1003045,2008,Viet Nam,Viet Nam,KF921939,2008
865,KF921940.1|2008,1I_E,1I_E,1I,KF921940,10715,105.2657432,2008,Viet Nam,Viet Nam,KF921940,2008
866,KF921941.1|2008,1I_E,1I_E,1I,KF921941,10177,99.9803517,2008,Viet Nam,Viet Nam,KF921941,2008
867,KF921942.1|2008,1I_E,1I_E,1I,KF921942,10374,101.9157088,2008,Viet Nam,Viet Nam,KF921942,2008
868,KF921943.1|2008,1I_E,1I_E,1I,KF921943,10254,100.7368111,2008,Viet Nam,Viet Nam,KF921943,2008
869,KF921944.1|2008,1I_G,1I_G,1I,KF921944,10186,100.068769,2008,Viet Nam,Viet Nam,KF921944,2008
870,KF921945.1|2008,1I_E,1I_E,1I,KF921945,10141,99.62668239,2008,Viet Nam,Viet Nam,KF921945,2008
871,KF921946.1|2008,1I_C,1I_C,1I,KF921946,10208,100.2849003,2008,Viet Nam,Viet Nam,KF921946,2008
872,KF921947.1|2008,1I_E,1I_E,1I,KF921947,10153,99.74457216,2008,Viet Nam,Viet Nam,KF921947,2008
873,KF921948.1|2008,1I_E,1I_E,1I,KF921948,10834,106.4348168,2008,Viet Nam,Viet Nam,KF921948,2008
874,KF921949.1|2008,1I_E,1I_E,1I,KF921949,10449,102.6525199,2008,Viet Nam,Viet Nam,KF921949,2008
875,KF921950.1|2008,1I_C,1I_C,1I,KF921950,10185,100.0589449,2008,Viet Nam,Viet Nam,KF921950,2008
876,KF921951.1|2008,1I_G,1I_G,1I,KF921951,10252,100.7171628,2008,Viet Nam,Viet Nam,KF921951,2008
877,KF672759.1|2010,1V_A,1V_A,1V,KF672759,10176,99.97052756,2010,Brazil: RJ,Brazil,KF672759,2010
878,KF672760.1|2011,1V_E,1V_E,1V,KF672760,10176,99.97052756,2011,Brazil: RJ,Brazil,KF672760,2011
879,KF672761.1|1988,1V,1V,1V,KF672761,10176,99.97052756,1988,Brazil: RJ,Brazil,KF672761,1988
880,KF672762.1|1989,1V,1V,1V,KF672762,10176,99.97052756,1989,Brazil: RJ,Brazil,KF672762,1989
881,KF672763.1|2000,1V_H,1V_H,1V,KF672763,10176,99.97052756,2000,Brazil: ES,Brazil,KF672763,2000
882,KF672764.1|2001,1V_H,1V_H,1V,KF672764,10176,99.97052756,2001,Brazil: RJ,Brazil,KF672764,2001
883,JX669461.1|2010,1V_A,1V_A,1V,JX669461,10736,105.4720503,2010,Brazil,Brazil,JX669461,2010
884,JX669462.1|2010,1V_E,1V_E,1V,JX669462,10737,105.4818744,2010,Brazil,Brazil,JX669462,2010
885,JX669463.1|2010,1V_E,1V_E,1V,JX669463,10735,105.4622262,2010,Brazil,Brazil,JX669463,2010
886,JX669464.1|2010,1V_A,1V_A,1V,JX669464,10736,105.4720503,2010,Brazil,Brazil,JX669464,2010
887,JX669465.1|2010,1V_A,1V_A,1V,JX669465,10736,105.4720503,2010,Brazil,Brazil,JX669465,2010
888,JX669466.1|2010,1V_E,1V_E,1V,JX669466,10737,105.4818744,2010,Brazil,Brazil,JX669466,2010
889,JX669467.1|1996,1V_H,1V_H,1V,JX669467,10737,105.4818744,1996,Brazil,Brazil,JX669467,1996
890,JX669468.1|1997,1V_H,1V_H,1V,JX669468,10736,105.4720503,1997,Brazil,Brazil,JX669468,1997
891,JX669469.1|1997,1V_H,1V_H,1V,JX669469,10736,105.4720503,1997,Brazil,Brazil,JX669469,1997
892,JX669470.1|1998,1V_H,1V_H,1V,JX669470,10728,105.3934571,1998,Brazil,Brazil,JX669470,1998
893,JX669471.1|1999,1V_H,1V_H,1V,JX669471,10736,105.4720503,1999,Brazil,Brazil,JX669471,1999
894,JX669472.1|2000,1V_H,1V_H,1V,JX669472,10736,105.4720503,2000,Brazil,Brazil,JX669472,2000
895,JX669473.1|2001,1V_H,1V_H,1V,JX669473,10736,105.4720503,2001,Brazil,Brazil,JX669473,2001
896,JX669474.1|2001,1V_H,1V_H,1V,JX669474,10720,105.3148639,2001,Brazil,Brazil,JX669474,2001
897,JX669475.1|2002,1V_H,1V_H,1V,JX669475,10737,105.4818744,2002,Brazil,Brazil,JX669475,2002
898,KF184975.1|2013-04,1VII_A,1VII_A,1VII,KF184975,10602,104.1556145,2013,Angola,Angola,KF184975,2013
899,KC172829.1|2008-12-15,1I,1I,1I,KC172829,10629,104.4208665,2008,Laos: Latsavang,Laos,KC172829,2008
900,KC172830.1|2008-12-15,1I,1I,1I,KC172830,9823,96.5026034,2008,Laos: Latsavang,Laos,KC172830,2008
901,KC172831.1|2008-10-10,1I_K,1I_K,1I,KC172831,9823,96.5026034,2008,Laos: Luang Namtha,Laos,KC172831,2008
902,KC172832.1|2009-09-16,1I_F,1I_F,1I,KC172832,9823,96.5026034,2009,Laos: Luang Namtha,Laos,KC172832,2009
903,KC172833.1|2008-09-10,1I_K.5,1I_K,1I,KC172833,9823,96.5026034,2008,Laos: Salavan,Laos,KC172833,2008
904,KC172834.1|2008-10-06,1I_H.3,1I_H,1I,KC172834,10648,104.6075253,2008,Laos: Salavan,Laos,KC172834,2008
905,KC172835.1|2008-12-24,1I,1I,1I,KC172835,10641,104.5387563,2008,Laos: Vientiane,Laos,KC172835,2008
906,HG316481.1|2010,1I_F,1I_F,1I,HG316481,10735,105.4622262,2010,Thailand,Thailand,HG316481,2010
907,HG316482.1|2010,1I_K,1I_K,1I,HG316482,10735,105.4622262,2010,Thailand,Thailand,HG316482,2010
908,AB608786.1|2008,1I_E,1I_E,1I,AB608786,10749,105.5997642,2008,Taiwan,Taiwan,AB608786,2008
909,AB608787.1|2008,1I_H,1I_H,1I,AB608787,10749,105.5997642,2008,Taiwan,Taiwan,AB608787,2008
910,AB608788.1|1994,1I_B,1I_B,1I,AB608788,10693,105.0496119,1994,Taiwan,Taiwan,AB608788,1994
911,AB608789.1|1994,1I,1I,1I,AB608789,10677,104.8924256,1994,Taiwan,Taiwan,AB608789,1994
912,KC759167.1|2012-01-09,1I_E,1I_E,1I,KC759167,10735,105.4622262,2012,China,China,KC759167,2012
913,JQ915071.1|2007-04-23,1IV_A,1IV_A,1IV,JQ915071,10699,105.1085568,2007,French Polynesia: Raiatea,French Polynesia,JQ915071,2007
914,JQ915072.1|2007-11-05,1IV_A,1IV_A,1IV,JQ915072,10699,105.1085568,2007,French Polynesia: Tubuai,French Polynesia,JQ915072,2007
915,JQ915073.1|2008-03-07,1IV_A,1IV_A,1IV,JQ915073,10699,105.1085568,2008,French Polynesia: Bora Bora,French Polynesia,JQ915073,2008
916,JQ915074.1|2008-09-18,1IV_A,1IV_A,1IV,JQ915074,10699,105.1085568,2008,French Polynesia: Moorea,French Polynesia,JQ915074,2008
917,JQ915075.1|2009-02-06,1IV_A,1IV_A,1IV,JQ915075,10699,105.1085568,2009,French Polynesia: Tahiti,French Polynesia,JQ915075,2009
918,JQ915076.1|2009-06-09,1IV_A,1IV_A,1IV,JQ915076,10699,105.1085568,2009,French Polynesia: Tahiti,French Polynesia,JQ915076,2009
919,JQ915077.1|2002-06-03,1IV_A,1IV_A,1IV,JQ915077,10699,105.1085568,2002,New Caledonia,New Caledonia,JQ915077,2002
920,JQ915078.1|2004-07-03,1IV_A,1IV_A,1IV,JQ915078,10197,100.1768347,2004,New Caledonia,New Caledonia,JQ915078,2004
921,JQ915079.1|2009-05-30,1IV_A,1IV_A,1IV,JQ915079,10699,105.1085568,2009,New Caledonia,New Caledonia,JQ915079,2009
922,JQ915080.1|2010-08-08,1IV_A,1IV_A,1IV,JQ915080,10699,105.1085568,2010,New Caledonia,New Caledonia,JQ915080,2010
923,JQ922544.1|1963,1V,1V,1V,JQ922544,10698,105.0987327,1963,"India: Vellore, Tamil Nadu",India,JQ922544,1963
924,JQ922545.1|1982,1III,1III,1III,JQ922545,10625,104.3815699,1982,India: Delhi,India,JQ922545,1982
925,JQ922546.1|1971,1VII,1VII,1VII,JQ922546,10663,104.7548875,1971,"India: Jaipur, Rajasthan",India,JQ922546,1971
926,JQ922547.1|1960,1II,1II,1II,JQ922547,10395,102.1220159,1960,Thailand,Thailand,JQ922547,1960
927,JQ922548.1|2005,1III_A,1III_A,1III,JQ922548,10699,105.1085568,2005,"India: Pune, Maharashtra",India,JQ922548,2005
928,KC131140.1|2012-09,1I_E,1I_E,1I,KC131140,10668,104.8040083,2012,China: Guangdong,China,KC131140,2012
929,KC131141.1|2012-09,1I_E,1I_E,1I,KC131141,10671,104.8334807,2012,China: Guangdong,China,KC131141,2012
930,JN903578.1|2007-07-26,1V_A,1V_A,1V,JN903578,10715,105.2657432,2007,India,India,JN903578,2007
931,JN903579.1|2008-10-23,1III_A,1III_A,1III,JN903579,10694,105.0594361,2008,India,India,JN903579,2008
932,JN903580.1|2009-04-05,1III_A,1III_A,1III,JN903580,10694,105.0594361,2009,India,India,JN903580,2009
933,JN903581.1|2009-04-06,1III_A,1III_A,1III,JN903581,10694,105.0594361,2009,India,India,JN903581,2009
934,JQ675358.1|2010-10,1V_C,1V_C,1V,JQ675358,10605,104.1850869,2010,"USA: Key West, FL",USA,JQ675358,2010
935,JQ048541.1|2011-09,1I_K,1I_K,1I,JQ048541,10718,105.2952156,2011,China: Dongguan,China,JQ048541,2011
936,HQ332177.1|2006,1V_F,1V_F,1V,HQ332177,10735,105.4622262,2006,Venezuela,Venezuela,HQ332177,2006
937,HQ332178.1|2006,1V_F,1V_F,1V,HQ332178,10735,105.4622262,2006,Venezuela,Venezuela,HQ332178,2006
938,HQ332179.1|2007,1V_F,1V_F,1V,HQ332179,10735,105.4622262,2007,Venezuela,Venezuela,HQ332179,2007
939,HQ332180.1|2006,1V_F,1V_F,1V,HQ332180,10735,105.4622262,2006,Venezuela,Venezuela,HQ332180,2006
940,HQ332181.1|2006,1V_E,1V_E,1V,HQ332181,10735,105.4622262,2006,Venezuela,Venezuela,HQ332181,2006
941,HQ332182.1|2006,1V_B,1V_B,1V,HQ332182,10735,105.4622262,2006,Venezuela,Venezuela,HQ332182,2006
942,HQ332183.1|2007,1V_B,1V_B,1V,HQ332183,10735,105.4622262,2007,Venezuela,Venezuela,HQ332183,2007
943,JN697056.1|2005-01-01,1IV_A,1IV_A,1IV,JN697056,10735,105.4622262,2005,Malaysia,Malaysia,JN697056,2005
944,JN697057.1|2005-01-11,1I_K,1I_K,1I,JN697057,10735,105.4622262,2005,Malaysia,Malaysia,JN697057,2005
945,JN697058.1|2005-01-12,1I_K,1I_K,1I,JN697058,10735,105.4622262,2005,Malaysia,Malaysia,JN697058,2005
946,JN544407.2|2011-04,1III_A,1III_A,1III,JN544407,10714,105.255919,2011,Singapore,Singapore,JN544407,2011
947,JN544409.2|2011-03,1III_A,1III_A,1III,JN544409,10735,105.4622262,2011,Singapore,Singapore,JN544409,2011
948,JN544410.2|2011-04,1IV_C,1IV_C,1IV,JN544410,10735,105.4622262,2011,Singapore,Singapore,JN544410,2011
949,JN544411.2|2011-01,1IV_C,1IV_C,1IV,JN544411,10735,105.4622262,2011,Singapore,Singapore,JN544411,2011
950,JQ287660.1|2006,1I_C,1I_C,1I,JQ287660,10766,105.7667747,2006,Viet Nam: South,Viet Nam,JQ287660,2006
951,JQ287661.1|2006,1I_C,1I_C,1I,JQ287661,10794,106.0418509,2006,Viet Nam: South,Viet Nam,JQ287661,2006
952,JQ287662.1|2007,1I_E,1I_E,1I,JQ287662,10904,107.1225071,2007,Viet Nam: South,Viet Nam,JQ287662,2007
953,JQ287663.1|2007,1I_G,1I_G,1I,JQ287663,11195,109.9813341,2007,Viet Nam: South,Viet Nam,JQ287663,2007
954,JQ287664.1|2004,1I_D,1I_D,1I,JQ287664,10654,104.6664702,2004,Cambodia: KCH,Cambodia,JQ287664,2004
955,JQ287665.1|2007,1I_G,1I_G,1I,JQ287665,10520,103.3500344,2007,Cambodia: KCH,Cambodia,JQ287665,2007
956,JQ287666.1|2009,1V_C,1V_C,1V,JQ287666,10461,102.7704097,2009,Nicaragua: Managua,Nicaragua,JQ287666,2009
957,JQ287667.1|2008,1I_K.7,1I_K,1I,JQ287667,10962,107.6923077,2008,Viet Nam: South,Viet Nam,JQ287667,2008
958,HM469966.1|2007-07-27,1I_K,1I_K,1I,HM469966,10735,105.4622262,2007,Thailand: Bangkok,Thailand,HM469966,2007
959,HM469967.1|2007-08-19,1I_F,1I_F,1I,HM469967,10735,105.4622262,2007,Thailand: Kamphaeng Phet,Thailand,HM469967,2007
960,HM469968.1|2007-07-24,1I_K,1I_K,1I,HM469968,10735,105.4622262,2007,Thailand: Ratchaburi,Thailand,HM469968,2007
961,JF960211.2|2009,1III_A,1III_A,1III,JF960211,10714,105.255919,2009,Singapore,Singapore,JF960211,2009
962,JN638336.1|1986,1I_B,1I_B,1I,JN638336,10735,105.4622262,1986,Thailand: Kampheang-Phet,Thailand,JN638336,1986
963,JN638337.1|1990,1I_B,1I_B,1I,JN638337,10735,105.4622262,1990,Thailand: Kampheang-Phet,Thailand,JN638337,1990
964,JN638338.1|1992,1I_B,1I_B,1I,JN638338,10735,105.4622262,1992,Thailand: Kampheang-Phet,Thailand,JN638338,1992
965,JN638339.1|1995,1I_A,1I_A,1I,JN638339,10735,105.4622262,1995,Thailand: Kampheang-Phet,Thailand,JN638339,1995
966,JN638340.1|1997,1I_A,1I_A,1I,JN638340,10735,105.4622262,1997,Thailand: Kampheang-Phet,Thailand,JN638340,1997
967,JN638341.1|1987,1I_B,1I_B,1I,JN638341,10735,105.4622262,1987,Thailand,Thailand,JN638341,1987
968,JN638342.1|1990,1I_B,1I_B,1I,JN638342,10735,105.4622262,1990,Thailand,Thailand,JN638342,1990
969,JN638343.1|1992,1I_A,1I_A,1I,JN638343,10735,105.4622262,1992,Thailand,Thailand,JN638343,1992
970,JN638344.1|1995,1I_B,1I_B,1I,JN638344,10735,105.4622262,1995,Thailand,Thailand,JN638344,1995
971,JN819402.1|2005,1V_C,1V_C,1V,JN819402,10695,105.0692602,2005,Nicaragua: Managua,Nicaragua,JN819402,2005
972,JN819403.1|2006,1V_C,1V_C,1V,JN819403,10462,102.7802338,2006,Nicaragua: Managua,Nicaragua,JN819403,2006
973,JN819405.1|2006,1V_F,1V_F,1V,JN819405,10467,102.8293546,2006,Venezuela: Merida,Venezuela,JN819405,2006
974,JN819410.1|2005,1V_E,1V_E,1V,JN819410,10486,103.0160134,2005,Venezuela: Aragua,Venezuela,JN819410,2005
975,JN819411.1|2005,1V_F,1V_F,1V,JN819411,10493,103.0847824,2005,Venezuela: Aragua,Venezuela,JN819411,2005
976,JN819412.1|2005,1V_F,1V_F,1V,JN819412,10505,103.2026722,2005,Venezuela: Aragua,Venezuela,JN819412,2005
977,JN819413.1|2006,1V_F,1V_F,1V,JN819413,10527,103.4188034,2006,Venezuela: Aragua,Venezuela,JN819413,2006
978,JN819414.1|2007,1V_F,1V_F,1V,JN819414,10466,102.8195304,2007,Venezuela: Aragua,Venezuela,JN819414,2007
979,JN819415.1|2006,1V_B,1V_B,1V,JN819415,10498,103.1339031,2006,Venezuela: Aragua,Venezuela,JN819415,2006
980,JN819417.1|1993,1V,1V,1V,JN819417,10676,104.8826014,1993,El Salvador,El Salvador,JN819417,1993
981,JN819423.1|2001,1I_D,1I_D,1I,JN819423,10680,104.921898,2001,Cambodia: KCH,Cambodia,JN819423,2001
982,JN819425.1|2004,1V_E,1V_E,1V,JN819425,10485,103.0061892,2004,Venezuela: District Federal Caracas,Venezuela,JN819425,2004
983,JN205310.1|2002-09,1IV_C,1IV_C,1IV,JN205310,10735,105.4622262,2002,China: Guangzhou,China,JN205310,2002
984,JN054255.1|2010,1I_H.1,1I_H,1I,JN054255,10735,105.4622262,2010,Sri Lanka,Sri Lanka,JN054255,2010
985,JN054256.1|2009,1I_H.1,1I_H,1I,JN054256,10735,105.4622262,2009,Sri Lanka,Sri Lanka,JN054256,2009
986,FJ196841.1|2003,1IV_C,1IV_C,1IV,FJ196841,10735,105.4622262,2003,"China: Guangzhou, Guangdong Province",China,FJ196841,2003
987,FJ196842.1|2003,1IV_C,1IV_C,1IV,FJ196842,10735,105.4622262,2003,"China: Guangzhou, Guangdong Province",China,FJ196842,2003
988,FJ196843.1|2006,1I_E,1I_E,1I,FJ196843,10735,105.4622262,2006,"China: Guangzhou, Guangdong Province",China,FJ196843,2006
989,FJ196844.1|2006,1I_H.1,1I_H,1I,FJ196844,10735,105.4622262,2006,"China: Guangzhou, Guangdong Province",China,FJ196844,2006
990,FJ196845.1|1991,1IV_B,1IV_B,1IV,FJ196845,10735,105.4622262,1991,"China: Guangzhou, Guangdong Province",China,FJ196845,1991
991,FJ196846.1|1995,1IV_A,1IV_A,1IV,FJ196846,10735,105.4622262,1995,"China: Guangzhou, Guangdong Province",China,FJ196846,1995
992,FJ196848.1|1999,1I_F,1I_F,1I,FJ196848,10735,105.4622262,1999,"China: Guangzhou, Guangdong Province",China,FJ196848,1999
993,JN093516.1|2008,1I_G,1I_G,1I,JN093516,10393,102.1023676,2008,Viet Nam: South,Viet Nam,JN093516,2008
994,HQ624983.1|2007,1I_G,1I_G,1I,HQ624983,10562,103.7626486,2007,Cambodia,Cambodia,HQ624983,2007
995,HQ624984.1|2007,1I_E,1I_E,1I,HQ624984,10539,103.5366932,2007,Cambodia,Cambodia,HQ624984,2007
996,JN000935.1|2008,1I_E,1I_E,1I,JN000935,10460,102.7605855,2008,Viet Nam: South,Viet Nam,JN000935,2008
997,JF937596.1|2007,1I_C,1I_C,1I,JF937596,10444,102.6033992,2007,Viet Nam: South,Viet Nam,JF937596,2007
998,JF937597.1|2007,1I_K.7,1I_K,1I,JF937597,10379,101.9648296,2007,Viet Nam: South,Viet Nam,JF937597,2007
999,JF937598.1|2006,1I_D,1I_D,1I,JF937598,10705,105.1675017,2006,Viet Nam: South,Viet Nam,JF937598,2006
1000,JF937599.1|2006,1I_G,1I_G,1I,JF937599,10713,105.2460949,2006,Viet Nam: South,Viet Nam,JF937599,2006
1001,JF937600.1|2008,1I_E,1I_E,1I,JF937600,10444,102.6033992,2008,Viet Nam: South,Viet Nam,JF937600,2008
1002,JF937601.1|2008,1I_E,1I_E,1I,JF937601,10390,102.0728952,2008,Viet Nam: South,Viet Nam,JF937601,2008
1003,JF937602.1|2008,1I_G,1I_G,1I,JF937602,10444,102.6033992,2008,Viet Nam: South,Viet Nam,JF937602,2008
1004,JF937603.1|2008,1I_G,1I_G,1I,JF937603,10383,102.0041261,2008,Viet Nam: South,Viet Nam,JF937603,2008
1005,JF937604.1|2008,1I_E,1I_E,1I,JF937604,10443,102.593575,2008,Viet Nam: South,Viet Nam,JF937604,2008
1006,JF937605.1|2008,1I_E,1I_E,1I,JF937605,10443,102.593575,2008,Viet Nam: South,Viet Nam,JF937605,2008
1007,JF937606.1|2008,1I_E,1I_E,1I,JF937606,10444,102.6033992,2008,Viet Nam: South,Viet Nam,JF937606,2008
1008,JF937607.1|2008,1I_E,1I_E,1I,JF937607,10444,102.6033992,2008,Viet Nam: South,Viet Nam,JF937607,2008
1009,JF937608.1|2008,1I_E,1I_E,1I,JF937608,10443,102.593575,2008,Viet Nam: South,Viet Nam,JF937608,2008
1010,JF937609.1|2008,1I_E,1I_E,1I,JF937609,10444,102.6033992,2008,Viet Nam: South,Viet Nam,JF937609,2008
1011,JF937610.1|2008,1I_E,1I_E,1I,JF937610,10444,102.6033992,2008,Viet Nam: South,Viet Nam,JF937610,2008
1012,JF937611.1|2008,1I_E,1I_E,1I,JF937611,10444,102.6033992,2008,Viet Nam: South,Viet Nam,JF937611,2008
1013,JF937612.1|2008,1I_E,1I_E,1I,JF937612,10587,104.0082523,2008,Viet Nam: South,Viet Nam,JF937612,2008
1014,JF937613.1|2008,1I_C,1I_C,1I,JF937613,10386,102.0335986,2008,Viet Nam: South,Viet Nam,JF937613,2008
1015,JF937614.1|2008,1I_E,1I_E,1I,JF937614,10444,102.6033992,2008,Viet Nam: South,Viet Nam,JF937614,2008
1016,JF937615.1|2008,1I_G,1I_G,1I,JF937615,10448,102.6426957,2008,Viet Nam: South,Viet Nam,JF937615,2008
1017,JF937616.1|2008,1I_C,1I_C,1I,JF937616,10431,102.4756852,2008,Viet Nam: South,Viet Nam,JF937616,2008
1018,JF937617.1|2008,1I_E,1I_E,1I,JF937617,10454,102.7016406,2008,Viet Nam: South,Viet Nam,JF937617,2008
1019,JF937618.1|2008,1I_E,1I_E,1I,JF937618,10444,102.6033992,2008,Viet Nam: South,Viet Nam,JF937618,2008
1020,JF937619.1|2008,1I_H.2,1I_H,1I,JF937619,10444,102.6033992,2008,Viet Nam: South,Viet Nam,JF937619,2008
1021,JF937635.1|2009,1V_B,1V_B,1V,JF937635,10465,102.8097063,2009,Nicaragua: Managua,Nicaragua,JF937635,2009
1022,JF937644.1|2009,1V_C,1V_C,1V,JF937644,10443,102.593575,2009,Nicaragua: Managua,Nicaragua,JF937644,2009
1023,JF937645.1|2009,1V_C,1V_C,1V,JF937645,10443,102.593575,2009,Nicaragua: Managua,Nicaragua,JF937645,2009
1024,JF937649.1|2007,1I_D,1I_D,1I,JF937649,10443,102.593575,2007,Viet Nam: South,Viet Nam,JF937649,2007
1025,JF937650.1|2008,1I_K.7,1I_K,1I,JF937650,10454,102.7016406,2008,Viet Nam: South,Viet Nam,JF937650,2008
1026,JF937651.1|2008,1I_E,1I_E,1I,JF937651,10727,105.383633,2008,Cambodia: KCH,Cambodia,JF937651,2008
1027,HQ891313.1|2009,1I_H.1,1I_H,1I,HQ891313,10734,105.452402,2009,Sri Lanka,Sri Lanka,HQ891313,2009
1028,HQ891314.1|2009,1I_H.1,1I_H,1I,HQ891314,10735,105.4622262,2009,Sri Lanka,Sri Lanka,HQ891314,2009
1029,HQ891315.1|2009,1I_H.1,1I_H,1I,HQ891315,10735,105.4622262,2009,Sri Lanka,Sri Lanka,HQ891315,2009
1030,HQ891316.1|2009,1I_H.1,1I_H,1I,HQ891316,10735,105.4622262,2009,Sri Lanka,Sri Lanka,HQ891316,2009
1031,HQ166035.1|2007,1V_C,1V_C,1V,HQ166035,10650,104.6271736,2007,Mexico: Yucatan,Mexico,HQ166035,2007
1032,HQ166036.1|2007,1V_C,1V_C,1V,HQ166036,10675,104.8727773,2007,Mexico: Yucatan,Mexico,HQ166036,2007
1033,HQ166037.1|2008,1V_C,1V_C,1V,HQ166037,10678,104.9022497,2008,Mexico: Yucatan,Mexico,HQ166037,2008
1034,GQ398255.1|2008,1I_K,1I_K,1I,GQ398255,10735,105.4622262,2008,Singapore,Singapore,GQ398255,2008
1035,HM488255.1|2007,1I_E,1I_E,1I,HM488255,10636,104.4896355,2007,Cambodia: KCH,Cambodia,HM488255,2007
1036,HM488256.1|2008,1I_E,1I_E,1I,HM488256,10459,102.7507614,2008,Viet Nam: South,Viet Nam,HM488256,2008
1037,HM631850.1|2008,1I_G,1I_G,1I,HM631850,10480,102.9570685,2008,Viet Nam: South,Viet Nam,HM631850,2008
1038,HM631851.1|2008,1I_E,1I_E,1I,HM631851,10385,102.0237744,2008,Viet Nam: South,Viet Nam,HM631851,2008
1039,HM631852.1|2006,1I_E,1I_E,1I,HM631852,10674,104.8629531,2006,Cambodia: KCH,Cambodia,HM631852,2006
1040,HM631853.1|2007,1I_E,1I_E,1I,HM631853,10657,104.6959426,2007,Cambodia: KCH,Cambodia,HM631853,2007
1041,HM631855.1|2007,1V_C,1V_C,1V,HM631855,10645,104.5780529,2007,Mexico: Yucatan,Mexico,HM631855,2007
1042,HM181936.1|2006,1I_E,1I_E,1I,HM181936,10468,102.8391787,2006,Cambodia: KCH,Cambodia,HM181936,2006
1043,HM181937.1|2006,1I_E,1I_E,1I,HM181937,10468,102.8391787,2006,Cambodia: KCH,Cambodia,HM181937,2006
1044,HM181938.1|2006,1I_E,1I_E,1I,HM181938,10486,103.0160134,2006,Cambodia: KCH,Cambodia,HM181938,2006
1045,HM181939.1|2006,1I_G,1I_G,1I,HM181939,10690,105.0201395,2006,Cambodia: KCH,Cambodia,HM181939,2006
1046,HM181940.1|2006,1I_E,1I_E,1I,HM181940,10473,102.8882994,2006,Cambodia: KCH,Cambodia,HM181940,2006
1047,HM181941.1|2006,1I_E,1I_E,1I,HM181941,10663,104.7548875,2006,Cambodia: KCH,Cambodia,HM181941,2006
1048,HM181942.1|2006,1I_G,1I_G,1I,HM181942,10482,102.9767168,2006,Cambodia: KCH,Cambodia,HM181942,2006
1049,HM181943.1|2007,1I_E,1I_E,1I,HM181943,10672,104.8433048,2007,Cambodia: KCH,Cambodia,HM181943,2007
1050,HM181944.1|2007,1I_G,1I_G,1I,HM181944,10482,102.9767168,2007,Cambodia: KCH,Cambodia,HM181944,2007
1051,HM181945.1|2007,1I_G,1I_G,1I,HM181945,10685,104.9710188,2007,Cambodia: KCH,Cambodia,HM181945,2007
1052,HM181946.1|2007,1I_E,1I_E,1I,HM181946,10524,103.389331,2007,Cambodia: KCH,Cambodia,HM181946,2007
1053,HM181947.1|2007,1I_E,1I_E,1I,HM181947,10473,102.8882994,2007,Cambodia: KCH,Cambodia,HM181947,2007
1054,HM181948.1|2007,1I_E,1I_E,1I,HM181948,10670,104.8236565,2007,Cambodia: KCH,Cambodia,HM181948,2007
1055,HM181949.1|2007,1I_E,1I_E,1I,HM181949,10683,104.9513705,2007,Cambodia: KCH,Cambodia,HM181949,2007
1056,HM181950.1|2007,1I_E,1I_E,1I,HM181950,10460,102.7605855,2007,Cambodia: KCH,Cambodia,HM181950,2007
1057,HM181951.1|2007,1I_G,1I_G,1I,HM181951,10468,102.8391787,2007,Cambodia: KCH,Cambodia,HM181951,2007
1058,HM181952.1|2007,1I_H.2,1I_H,1I,HM181952,10684,104.9611946,2007,Cambodia: KCH,Cambodia,HM181952,2007
1059,HM181953.1|2007,1I_E,1I_E,1I,HM181953,10472,102.8784753,2007,Cambodia: KCH,Cambodia,HM181953,2007
1060,HM181954.1|2007,1I_E,1I_E,1I,HM181954,10679,104.9120739,2007,Cambodia: KCH,Cambodia,HM181954,2007
1061,HM181955.1|2007,1I_E,1I_E,1I,HM181955,10468,102.8391787,2007,Cambodia: KCH,Cambodia,HM181955,2007
1062,HM181956.1|2007,1I_E,1I_E,1I,HM181956,10676,104.8826014,2007,Cambodia: KCH,Cambodia,HM181956,2007
1063,HM181957.1|2007,1I_E,1I_E,1I,HM181957,10675,104.8727773,2007,Cambodia: KCH,Cambodia,HM181957,2007
1064,HM181958.1|2007,1I_E,1I_E,1I,HM181958,10678,104.9022497,2007,Cambodia: KCH,Cambodia,HM181958,2007
1065,HM181959.1|2007,1I_E,1I_E,1I,HM181959,10676,104.8826014,2007,Cambodia: KCH,Cambodia,HM181959,2007
1066,HM181960.1|2008,1I_E,1I_E,1I,HM181960,10467,102.8293546,2008,Viet Nam: South,Viet Nam,HM181960,2008
1067,HM181961.1|2008,1I_G,1I_G,1I,HM181961,10402,102.1907849,2008,Viet Nam: South,Viet Nam,HM181961,2008
1068,HM181962.1|2008,1I_E,1I_E,1I,HM181962,10467,102.8293546,2008,Viet Nam: South,Viet Nam,HM181962,2008
1069,HM181963.1|2008,1I_G,1I_G,1I,HM181963,10449,102.6525199,2008,Viet Nam: South,Viet Nam,HM181963,2008
1070,HM181964.1|2008,1I_E,1I_E,1I,HM181964,10451,102.6721682,2008,Viet Nam: South,Viet Nam,HM181964,2008
1071,HM181965.1|2008,1I_H.2,1I_H,1I,HM181965,10418,102.3479713,2008,Viet Nam: South,Viet Nam,HM181965,2008
1072,HM181966.1|2008,1I_C,1I_C,1I,HM181966,10486,103.0160134,2008,Viet Nam: South,Viet Nam,HM181966,2008
1073,HM181967.1|2008,1I_E,1I_E,1I,HM181967,10472,102.8784753,2008,Viet Nam: South,Viet Nam,HM181967,2008
1074,HM181968.1|2008,1I_C,1I_C,1I,HM181968,10476,102.9177719,2008,Viet Nam: South,Viet Nam,HM181968,2008
1075,HM181969.1|2008,1I_E,1I_E,1I,HM181969,10454,102.7016406,2008,Viet Nam: South,Viet Nam,HM181969,2008
1076,HM181970.1|2008,1I_K.7,1I_K,1I,HM181970,10472,102.8784753,2008,Viet Nam: South,Viet Nam,HM181970,2008
1077,GQ357692.2|2008,1III_A,1III_A,1III,GQ357692,10685,104.9710188,2008,Singapore,Singapore,GQ357692,2008
1078,GU370048.1|2008-02,1I_K,1I_K,1I,GU370048,10542,103.5661656,2008,Singapore,Singapore,GU370048,2008
1079,GU370049.1|2008-09,1I_K,1I_K,1I,GU370049,10564,103.7822969,2008,Singapore,Singapore,GU370049,2008
1080,GU131948.1|2001,1V,1V,1V,GU131948,10627,104.4012182,2001,Colombia: Santander,Colombia,GU131948,2001
1081,GU131949.1|2006,1V_G,1V_G,1V,GU131949,10486,103.0160134,2006,Colombia: Norte de Santander,Colombia,GU131949,2006
1082,GU131956.1|2006,1V_C,1V_C,1V,GU131956,10690,105.0201395,2006,Mexico: Yucatan,Mexico,GU131956,2006
1083,GU131957.1|2006,1V_C,1V_C,1V,GU131957,10677,104.8924256,2006,Mexico: Yucatan,Mexico,GU131957,2006
1084,GU131958.1|2006,1V_C,1V_C,1V,GU131958,10656,104.6861185,2006,Mexico: Yucatan,Mexico,GU131958,2006
1085,GU131960.1|2007,1V_C,1V_C,1V,GU131960,10684,104.9611946,2007,Mexico: Yucatan,Mexico,GU131960,2007
1086,GU131961.1|2007,1V_C,1V_C,1V,GU131961,10688,105.0004912,2007,Mexico: Yucatan,Mexico,GU131961,2007
1087,GU131962.1|2007,1V_C,1V_C,1V,GU131962,10681,104.9317222,2007,Mexico: Yucatan,Mexico,GU131962,2007
1088,GU131963.1|2007,1V_C,1V_C,1V,GU131963,10486,103.0160134,2007,Mexico: Yucatan,Mexico,GU131963,2007
1089,GU131964.1|2007,1V_C,1V_C,1V,GU131964,10690,105.0201395,2007,Mexico: Yucatan,Mexico,GU131964,2007
1090,GU131965.1|2007,1V_C,1V_C,1V,GU131965,10665,104.7745358,2007,Mexico: Yucatan,Mexico,GU131965,2007
1091,GU131966.1|2007,1V_C,1V_C,1V,GU131966,10650,104.6271736,2007,Mexico: Yucatan,Mexico,GU131966,2007
1092,GU131967.1|2007,1V_C,1V_C,1V,GU131967,10595,104.0868455,2007,Mexico: Yucatan,Mexico,GU131967,2007
1093,GU131968.1|2007,1V_C,1V_C,1V,GU131968,10487,103.0258375,2007,Mexico: Yucatan,Mexico,GU131968,2007
1094,GU131969.1|2007,1V_C,1V_C,1V,GU131969,10676,104.8826014,2007,Mexico: Yucatan,Mexico,GU131969,2007
1095,GU131970.1|2007,1V_C,1V_C,1V,GU131970,10675,104.8727773,2007,Mexico: Yucatan,Mexico,GU131970,2007
1096,GU131971.1|2007,1V_C,1V_C,1V,GU131971,10659,104.7155909,2007,Mexico: Yucatan,Mexico,GU131971,2007
1097,GU131972.1|2007,1V_C,1V_C,1V,GU131972,10652,104.6468219,2007,Mexico: Yucatan,Mexico,GU131972,2007
1098,GU131973.1|2007,1V_C,1V_C,1V,GU131973,10560,103.7430003,2007,Mexico: Yucatan,Mexico,GU131973,2007
1099,GU131976.1|2007,1V_C,1V_C,1V,GU131976,10487,103.0258375,2007,Mexico: Yucatan,Mexico,GU131976,2007
1100,GU131977.1|2007,1V_C,1V_C,1V,GU131977,10658,104.7057668,2007,Mexico: Yucatan,Mexico,GU131977,2007
1101,GU131978.1|2007,1V_C,1V_C,1V,GU131978,10656,104.6861185,2007,Mexico: Yucatan,Mexico,GU131978,2007
1102,GU131979.1|2007,1V_C,1V_C,1V,GU131979,10661,104.7352392,2007,Mexico: Yucatan,Mexico,GU131979,2007
1103,GU131980.1|2007,1V_C,1V_C,1V,GU131980,10608,104.2145594,2007,Mexico: Yucatan,Mexico,GU131980,2007
1104,GU131981.1|2007,1V_C,1V_C,1V,GU131981,10649,104.6173494,2007,Mexico: Yucatan,Mexico,GU131981,2007
1105,GU131982.1|2008,1V_C,1V_C,1V,GU131982,10687,104.9906671,2008,Mexico,Mexico,GU131982,2008
1106,GU131983.1|2008,1V_C,1V_C,1V,GU131983,10690,105.0201395,2008,Mexico: Yucatan,Mexico,GU131983,2008
1107,GU131984.1|2008,1V_C,1V_C,1V,GU131984,10677,104.8924256,2008,Mexico: Yucatan,Mexico,GU131984,2008
1108,GU056029.1|1997,1V_E,1V_E,1V,GU056029,10517,103.3205619,1997,Venezuela: Aragua,Venezuela,GU056029,1997
1109,GU056030.1|1997,1V_E,1V_E,1V,GU056030,10486,103.0160134,1997,Venezuela: Aragua,Venezuela,GU056030,1997
1110,GU056031.1|1998,1V_E,1V_E,1V,GU056031,10475,102.9079477,1998,Venezuela: Aragua,Venezuela,GU056031,1998
1111,GU056032.1|1998,1V_C,1V_C,1V,GU056032,10600,104.1359662,1998,Venezuela: Aragua,Venezuela,GU056032,1998
1112,GU056033.1|1998,1V,1V,1V,GU056033,10471,102.8686511,1998,Venezuela: Aragua,Venezuela,GU056033,1998
1113,GU131678.1|2008,1I_H.2,1I_H,1I,GU131678,10454,102.7016406,2008,Viet Nam: South,Viet Nam,GU131678,2008
1114,GU131679.1|2008,1I_G,1I_G,1I,GU131679,10468,102.8391787,2008,Viet Nam: South,Viet Nam,GU131679,2008
1115,GU131680.1|2008,1I_H.2,1I_H,1I,GU131680,10462,102.7802338,2008,Viet Nam: South,Viet Nam,GU131680,2008
1116,GU131681.1|2008,1I_C,1I_C,1I,GU131681,10462,102.7802338,2008,Viet Nam: South,Viet Nam,GU131681,2008
1117,GU131682.1|2008,1I_E,1I_E,1I,GU131682,10486,103.0160134,2008,Viet Nam: South,Viet Nam,GU131682,2008
1118,GU131683.1|2008,1I_E,1I_E,1I,GU131683,10552,103.6644071,2008,Viet Nam: South,Viet Nam,GU131683,2008
1119,GU131684.1|2008,1I_G,1I_G,1I,GU131684,10457,102.7311131,2008,Viet Nam: South,Viet Nam,GU131684,2008
1120,GU131685.1|2008,1I_E,1I_E,1I,GU131685,10469,102.8490028,2008,Viet Nam: South,Viet Nam,GU131685,2008
1121,GU131686.1|2008,1I_G,1I_G,1I,GU131686,10486,103.0160134,2008,Viet Nam: South,Viet Nam,GU131686,2008
1122,GU131687.1|2008,1I_G,1I_G,1I,GU131687,10467,102.8293546,2008,Viet Nam: South,Viet Nam,GU131687,2008
1123,GU131688.1|2008,1I_G,1I_G,1I,GU131688,10487,103.0258375,2008,Viet Nam: South,Viet Nam,GU131688,2008
1124,GU131689.1|2008,1I_G,1I_G,1I,GU131689,10403,102.2006091,2008,Viet Nam: South,Viet Nam,GU131689,2008
1125,GU131690.1|2008,1I_E,1I_E,1I,GU131690,10482,102.9767168,2008,Viet Nam: South,Viet Nam,GU131690,2008
1126,GU131691.1|2008,1I_E,1I_E,1I,GU131691,10464,102.7998821,2008,Viet Nam: South,Viet Nam,GU131691,2008
1127,GU131692.1|2008,1I_G,1I_G,1I,GU131692,10482,102.9767168,2008,Viet Nam: South,Viet Nam,GU131692,2008
1128,GU131693.1|2008,1I_E,1I_E,1I,GU131693,10472,102.8784753,2008,Viet Nam: South,Viet Nam,GU131693,2008
1129,GU131694.1|2008,1I_E,1I_E,1I,GU131694,10468,102.8391787,2008,Viet Nam: South,Viet Nam,GU131694,2008
1130,GU131695.1|2008,1I_E,1I_E,1I,GU131695,10477,102.927596,2008,Viet Nam: South,Viet Nam,GU131695,2008
1131,GU131696.1|2008,1I_C,1I_C,1I,GU131696,10469,102.8490028,2008,Viet Nam: South,Viet Nam,GU131696,2008
1132,GU131697.1|2008,1I_K.7,1I_K,1I,GU131697,10453,102.6918165,2008,Viet Nam: South,Viet Nam,GU131697,2008
1133,GU131698.1|2008,1I_G,1I_G,1I,GU131698,10418,102.3479713,2008,Viet Nam: South,Viet Nam,GU131698,2008
1134,GU131699.1|2008,1I_E,1I_E,1I,GU131699,10486,103.0160134,2008,Viet Nam: South,Viet Nam,GU131699,2008
1135,GU131700.1|2008,1I_G,1I_G,1I,GU131700,10418,102.3479713,2008,Viet Nam: South,Viet Nam,GU131700,2008
1136,GU131701.1|2008,1I_E,1I_E,1I,GU131701,10404,102.2104332,2008,Viet Nam: South,Viet Nam,GU131701,2008
1137,GU131702.1|2008,1I_E,1I_E,1I,GU131702,10482,102.9767168,2008,Viet Nam: South,Viet Nam,GU131702,2008
1138,GU131703.1|2008,1I_E,1I_E,1I,GU131703,10467,102.8293546,2008,Viet Nam: South,Viet Nam,GU131703,2008
1139,GU131704.1|2008,1I_E,1I_E,1I,GU131704,10473,102.8882994,2008,Viet Nam: South,Viet Nam,GU131704,2008
1140,GU131705.1|2008,1I_C,1I_C,1I,GU131705,10408,102.2497298,2008,Viet Nam: South,Viet Nam,GU131705,2008
1141,GU131706.1|2008,1I_E,1I_E,1I,GU131706,10467,102.8293546,2008,Viet Nam: South,Viet Nam,GU131706,2008
1142,GU131707.1|2008,1I_E,1I_E,1I,GU131707,10461,102.7704097,2008,Viet Nam: South,Viet Nam,GU131707,2008
1143,GU131708.1|2008,1I_E,1I_E,1I,GU131708,10472,102.8784753,2008,Viet Nam: South,Viet Nam,GU131708,2008
1144,GU131709.1|2008,1I_H.2,1I_H,1I,GU131709,10462,102.7802338,2008,Viet Nam: South,Viet Nam,GU131709,2008
1145,GU131710.1|2008,1I_E,1I_E,1I,GU131710,10418,102.3479713,2008,Viet Nam: South,Viet Nam,GU131710,2008
1146,GU131711.1|2008,1I_H.2,1I_H,1I,GU131711,10454,102.7016406,2008,Viet Nam: South,Viet Nam,GU131711,2008
1147,GU131712.1|2008,1I_H.2,1I_H,1I,GU131712,10465,102.8097063,2008,Viet Nam: South,Viet Nam,GU131712,2008
1148,GU131713.1|2008,1I_H.2,1I_H,1I,GU131713,10462,102.7802338,2008,Viet Nam: South,Viet Nam,GU131713,2008
1149,GU131714.1|2008,1I_K.7,1I_K,1I,GU131714,10457,102.7311131,2008,Viet Nam: South,Viet Nam,GU131714,2008
1150,GU131715.1|2008,1I_C,1I_C,1I,GU131715,10473,102.8882994,2008,Viet Nam: South,Viet Nam,GU131715,2008
1151,GU131716.1|2008,1I_E,1I_E,1I,GU131716,10472,102.8784753,2008,Viet Nam: South,Viet Nam,GU131716,2008
1152,GU131717.1|2008,1I_G,1I_G,1I,GU131717,10470,102.858827,2008,Viet Nam: South,Viet Nam,GU131717,2008
1153,GU131718.1|2008,1I_C,1I_C,1I,GU131718,10476,102.9177719,2008,Viet Nam: South,Viet Nam,GU131718,2008
1154,GU131719.1|2008,1I_E,1I_E,1I,GU131719,10462,102.7802338,2008,Viet Nam: South,Viet Nam,GU131719,2008
1155,GU131720.1|2008,1I_C,1I_C,1I,GU131720,10472,102.8784753,2008,Viet Nam: South,Viet Nam,GU131720,2008
1156,GU131721.1|2008,1I_E,1I_E,1I,GU131721,10676,104.8826014,2008,Viet Nam: South,Viet Nam,GU131721,2008
1157,GU131722.1|2008,1I_G,1I_G,1I,GU131722,10486,103.0160134,2008,Viet Nam: South,Viet Nam,GU131722,2008
1158,GU131723.1|2008,1I_E,1I_E,1I,GU131723,10472,102.8784753,2008,Viet Nam: South,Viet Nam,GU131723,2008
1159,GU131724.1|2008,1I_E,1I_E,1I,GU131724,10475,102.9079477,2008,Viet Nam: South,Viet Nam,GU131724,2008
1160,GU131725.1|2008,1I_K.7,1I_K,1I,GU131725,10511,103.2616171,2008,Viet Nam: South,Viet Nam,GU131725,2008
1161,GU131726.1|2008,1I_C,1I_C,1I,GU131726,10418,102.3479713,2008,Viet Nam: South,Viet Nam,GU131726,2008
1162,GU131727.1|2008,1I_C,1I_C,1I,GU131727,10486,103.0160134,2008,Viet Nam: South,Viet Nam,GU131727,2008
1163,GU131728.1|2008,1I_E,1I_E,1I,GU131728,10472,102.8784753,2008,Viet Nam: South,Viet Nam,GU131728,2008
1164,GU131729.1|2008,1I_E,1I_E,1I,GU131729,10466,102.8195304,2008,Viet Nam: South,Viet Nam,GU131729,2008
1165,GU131730.1|2008,1I_G,1I_G,1I,GU131730,10446,102.6230475,2008,Viet Nam: South,Viet Nam,GU131730,2008
1166,GU131731.1|2008,1I_C,1I_C,1I,GU131731,10660,104.7254151,2008,Viet Nam: South,Viet Nam,GU131731,2008
1167,GU131732.1|2008,1I_E,1I_E,1I,GU131732,10680,104.921898,2008,Viet Nam: South,Viet Nam,GU131732,2008
1168,GU131733.1|2008,1I_E,1I_E,1I,GU131733,10486,103.0160134,2008,Viet Nam: South,Viet Nam,GU131733,2008
1169,GU131734.1|2008,1I_G,1I_G,1I,GU131734,10400,102.1711367,2008,Viet Nam: South,Viet Nam,GU131734,2008
1170,GU131735.1|2008,1I_E,1I_E,1I,GU131735,10476,102.9177719,2008,Viet Nam: South,Viet Nam,GU131735,2008
1171,GU131736.1|2008,1I_H.2,1I_H,1I,GU131736,10472,102.8784753,2008,Viet Nam: South,Viet Nam,GU131736,2008
1172,GU131737.1|2008,1I_C,1I_C,1I,GU131737,10472,102.8784753,2008,Viet Nam: South,Viet Nam,GU131737,2008
1173,GU131738.1|2008,1I_C,1I_C,1I,GU131738,10486,103.0160134,2008,Viet Nam: South,Viet Nam,GU131738,2008
1174,GU131739.1|2008,1I_E,1I_E,1I,GU131739,10684,104.9611946,2008,Viet Nam: South,Viet Nam,GU131739,2008
1175,GU131740.1|2008,1I_G,1I_G,1I,GU131740,10418,102.3479713,2008,Viet Nam: South,Viet Nam,GU131740,2008
1176,GU131741.1|2008,1I_G,1I_G,1I,GU131741,10396,102.1318401,2008,Viet Nam: South,Viet Nam,GU131741,2008
1177,GU131742.1|2008,1I_E,1I_E,1I,GU131742,10460,102.7605855,2008,Viet Nam: South,Viet Nam,GU131742,2008
1178,GU131743.1|2008,1I_E,1I_E,1I,GU131743,10468,102.8391787,2008,Viet Nam: South,Viet Nam,GU131743,2008
1179,GU131744.1|2008,1I_G,1I_G,1I,GU131744,10480,102.9570685,2008,Viet Nam: South,Viet Nam,GU131744,2008
1180,GU131745.1|2008,1I_E,1I_E,1I,GU131745,10482,102.9767168,2008,Viet Nam: South,Viet Nam,GU131745,2008
1181,GU131746.1|2008,1I_E,1I_E,1I,GU131746,10472,102.8784753,2008,Viet Nam: South,Viet Nam,GU131746,2008
1182,GU131747.1|2008,1I_E,1I_E,1I,GU131747,10486,103.0160134,2008,Viet Nam: South,Viet Nam,GU131747,2008
1183,GU131748.1|2008,1I_E,1I_E,1I,GU131748,10418,102.3479713,2008,Viet Nam: South,Viet Nam,GU131748,2008
1184,GU131749.1|2008,1I_H.2,1I_H,1I,GU131749,10486,103.0160134,2008,Viet Nam: South,Viet Nam,GU131749,2008
1185,GU131750.1|2008,1I_E,1I_E,1I,GU131750,10675,104.8727773,2008,Viet Nam: South,Viet Nam,GU131750,2008
1186,GU131751.1|2008,1I_G,1I_G,1I,GU131751,10385,102.0237744,2008,Viet Nam: South,Viet Nam,GU131751,2008
1187,GU131752.1|2008,1I_K.7,1I_K,1I,GU131752,10470,102.858827,2008,Viet Nam: South,Viet Nam,GU131752,2008
1188,GU131753.1|2008,1I_C,1I_C,1I,GU131753,10461,102.7704097,2008,Viet Nam: South,Viet Nam,GU131753,2008
1189,GU131754.1|2008,1I_G,1I_G,1I,GU131754,10482,102.9767168,2008,Viet Nam: South,Viet Nam,GU131754,2008
1190,GU131755.1|2008,1I_E,1I_E,1I,GU131755,10476,102.9177719,2008,Viet Nam: South,Viet Nam,GU131755,2008
1191,GU131756.1|2008,1I_G,1I_G,1I,GU131756,10474,102.8981236,2008,Viet Nam: South,Viet Nam,GU131756,2008
1192,GU131757.1|2008,1I_C,1I_C,1I,GU131757,10471,102.8686511,2008,Viet Nam: South,Viet Nam,GU131757,2008
1193,GU131758.1|2008,1I_G,1I_G,1I,GU131758,10486,103.0160134,2008,Viet Nam: South,Viet Nam,GU131758,2008
1194,GU131759.1|2008,1I_G,1I_G,1I,GU131759,10676,104.8826014,2008,Viet Nam: South,Viet Nam,GU131759,2008
1195,GU131760.1|2008,1I_E,1I_E,1I,GU131760,10474,102.8981236,2008,Viet Nam: South,Viet Nam,GU131760,2008
1196,GU131761.1|2008,1I_E,1I_E,1I,GU131761,10486,103.0160134,2008,Viet Nam: South,Viet Nam,GU131761,2008
1197,GU131762.1|2008,1I_G,1I_G,1I,GU131762,10409,102.259554,2008,Viet Nam: South,Viet Nam,GU131762,2008
1198,GU131763.1|2008,1I_C,1I_C,1I,GU131763,10474,102.8981236,2008,Viet Nam: South,Viet Nam,GU131763,2008
1199,GU131764.1|2008,1I_H.2,1I_H,1I,GU131764,10471,102.8686511,2008,Viet Nam: South,Viet Nam,GU131764,2008
1200,GU131765.1|2008,1I_G,1I_G,1I,GU131765,10485,103.0061892,2008,Viet Nam: South,Viet Nam,GU131765,2008
1201,GU131766.1|2008,1I_C,1I_C,1I,GU131766,10486,103.0160134,2008,Viet Nam: South,Viet Nam,GU131766,2008
1202,GU131767.1|2008,1I_G,1I_G,1I,GU131767,10472,102.8784753,2008,Viet Nam: South,Viet Nam,GU131767,2008
1203,GU131768.1|2008,1I_C,1I_C,1I,GU131768,10479,102.9472443,2008,Viet Nam: South,Viet Nam,GU131768,2008
1204,GU131769.1|2008,1I_C,1I_C,1I,GU131769,10462,102.7802338,2008,Viet Nam: South,Viet Nam,GU131769,2008
1205,GU131770.1|2008,1I_E,1I_E,1I,GU131770,10481,102.9668926,2008,Viet Nam: South,Viet Nam,GU131770,2008
1206,GU131771.1|2008,1I_E,1I_E,1I,GU131771,10462,102.7802338,2008,Viet Nam: South,Viet Nam,GU131771,2008
1207,GU131772.1|2008,1I_G,1I_G,1I,GU131772,10464,102.7998821,2008,Viet Nam: South,Viet Nam,GU131772,2008
1208,GU131773.1|2008,1I_H.2,1I_H,1I,GU131773,10418,102.3479713,2008,Viet Nam: South,Viet Nam,GU131773,2008
1209,GU131774.1|2008,1I_E,1I_E,1I,GU131774,10468,102.8391787,2008,Viet Nam: South,Viet Nam,GU131774,2008
1210,GU131775.1|2008,1I_C,1I_C,1I,GU131775,10486,103.0160134,2008,Viet Nam: South,Viet Nam,GU131775,2008
1211,GU131776.1|2008,1I_E,1I_E,1I,GU131776,10464,102.7998821,2008,Viet Nam: South,Viet Nam,GU131776,2008
1212,GU131777.1|2008,1I_E,1I_E,1I,GU131777,10478,102.9374202,2008,Viet Nam: South,Viet Nam,GU131777,2008
1213,GU131778.1|2008,1I_G,1I_G,1I,GU131778,10599,104.1261421,2008,Viet Nam: South,Viet Nam,GU131778,2008
1214,GU131779.1|2008,1I_E,1I_E,1I,GU131779,10482,102.9767168,2008,Viet Nam: South,Viet Nam,GU131779,2008
1215,GU131780.1|2008,1I_G,1I_G,1I,GU131780,10475,102.9079477,2008,Viet Nam: South,Viet Nam,GU131780,2008
1216,GU131781.1|2008,1I_G,1I_G,1I,GU131781,10468,102.8391787,2008,Viet Nam: South,Viet Nam,GU131781,2008
1217,GU131782.1|2008,1I_C,1I_C,1I,GU131782,10670,104.8236565,2008,Viet Nam: South,Viet Nam,GU131782,2008
1218,GU131783.1|2008,1I_E,1I_E,1I,GU131783,10482,102.9767168,2008,Viet Nam: South,Viet Nam,GU131783,2008
1219,GU131784.1|2008,1I_G,1I_G,1I,GU131784,10476,102.9177719,2008,Viet Nam: South,Viet Nam,GU131784,2008
1220,GU131785.1|2008,1I_E,1I_E,1I,GU131785,10470,102.858827,2008,Viet Nam: South,Viet Nam,GU131785,2008
1221,GU131786.1|2008,1I_G,1I_G,1I,GU131786,10472,102.8784753,2008,Viet Nam: South,Viet Nam,GU131786,2008
1222,GU131787.1|2008,1I_E,1I_E,1I,GU131787,10467,102.8293546,2008,Viet Nam: South,Viet Nam,GU131787,2008
1223,GU131788.1|2008,1I_E,1I_E,1I,GU131788,10513,103.2812654,2008,Viet Nam: South,Viet Nam,GU131788,2008
1224,GU131789.1|2008,1I_E,1I_E,1I,GU131789,10482,102.9767168,2008,Viet Nam: South,Viet Nam,GU131789,2008
1225,GU131790.1|2008,1I_E,1I_E,1I,GU131790,10515,103.3009136,2008,Viet Nam: South,Viet Nam,GU131790,2008
1226,GU131791.1|2008,1I_E,1I_E,1I,GU131791,10486,103.0160134,2008,Viet Nam: South,Viet Nam,GU131791,2008
1227,GU131792.1|2008,1I_C,1I_C,1I,GU131792,10457,102.7311131,2008,Viet Nam: South,Viet Nam,GU131792,2008
1228,GU131793.1|2008,1I_E,1I_E,1I,GU131793,10472,102.8784753,2008,Viet Nam: South,Viet Nam,GU131793,2008
1229,GU131794.1|2008,1I_G,1I_G,1I,GU131794,10472,102.8784753,2008,Viet Nam: South,Viet Nam,GU131794,2008
1230,GU131795.1|2008,1I_E,1I_E,1I,GU131795,10404,102.2104332,2008,Viet Nam: South,Viet Nam,GU131795,2008
1231,GU131796.1|2008,1I_G,1I_G,1I,GU131796,10467,102.8293546,2008,Viet Nam: South,Viet Nam,GU131796,2008
1232,GU131797.1|2008,1I_E,1I_E,1I,GU131797,10465,102.8097063,2008,Viet Nam: South,Viet Nam,GU131797,2008
1233,GU131798.1|2008,1I_C,1I_C,1I,GU131798,10471,102.8686511,2008,Viet Nam: South,Viet Nam,GU131798,2008
1234,GU131799.1|2008,1I_G,1I_G,1I,GU131799,10404,102.2104332,2008,Viet Nam: South,Viet Nam,GU131799,2008
1235,GU131800.1|2008,1I_E,1I_E,1I,GU131800,10477,102.927596,2008,Viet Nam: South,Viet Nam,GU131800,2008
1236,GU131801.1|2008,1I_H.2,1I_H,1I,GU131801,10467,102.8293546,2008,Viet Nam: South,Viet Nam,GU131801,2008
1237,GU131802.1|2008,1I_H.2,1I_H,1I,GU131802,10486,103.0160134,2008,Viet Nam: South,Viet Nam,GU131802,2008
1238,GU131803.1|2008,1I_E,1I_E,1I,GU131803,10463,102.790058,2008,Viet Nam: South,Viet Nam,GU131803,2008
1239,GU131804.1|2008,1I_E,1I_E,1I,GU131804,10464,102.7998821,2008,Viet Nam: South,Viet Nam,GU131804,2008
1240,GU131805.1|2008,1I_G,1I_G,1I,GU131805,10451,102.6721682,2008,Viet Nam: South,Viet Nam,GU131805,2008
1241,GU131806.1|2008,1I_E,1I_E,1I,GU131806,10404,102.2104332,2008,Viet Nam: South,Viet Nam,GU131806,2008
1242,GU131807.1|2008,1I_E,1I_E,1I,GU131807,10444,102.6033992,2008,Viet Nam: South,Viet Nam,GU131807,2008
1243,GU131808.1|2008,1I_E,1I_E,1I,GU131808,10476,102.9177719,2008,Viet Nam: South,Viet Nam,GU131808,2008
1244,GU131809.1|2008,1I_G,1I_G,1I,GU131809,10474,102.8981236,2008,Viet Nam: South,Viet Nam,GU131809,2008
1245,GU131810.1|2008,1I_E,1I_E,1I,GU131810,10474,102.8981236,2008,Viet Nam: South,Viet Nam,GU131810,2008
1246,GU131811.1|2008,1I_G,1I_G,1I,GU131811,10465,102.8097063,2008,Viet Nam: South,Viet Nam,GU131811,2008
1247,GU131812.1|2008,1I_E,1I_E,1I,GU131812,10519,103.3402102,2008,Viet Nam: South,Viet Nam,GU131812,2008
1248,GU131813.1|2008,1I_E,1I_E,1I,GU131813,10474,102.8981236,2008,Viet Nam: South,Viet Nam,GU131813,2008
1249,GU131814.1|2008,1I_E,1I_E,1I,GU131814,10468,102.8391787,2008,Viet Nam: South,Viet Nam,GU131814,2008
1250,GU131815.1|2008,1I_E,1I_E,1I,GU131815,10385,102.0237744,2008,Viet Nam: South,Viet Nam,GU131815,2008
1251,GU131816.1|2008,1I_K.7,1I_K,1I,GU131816,10513,103.2812654,2008,Viet Nam: South,Viet Nam,GU131816,2008
1252,GU131817.1|2008,1I_K.7,1I_K,1I,GU131817,10418,102.3479713,2008,Viet Nam: South,Viet Nam,GU131817,2008
1253,GU131818.1|2008,1I_G,1I_G,1I,GU131818,10467,102.8293546,2008,Viet Nam: South,Viet Nam,GU131818,2008
1254,GU131819.1|2008,1I_C,1I_C,1I,GU131819,10462,102.7802338,2008,Viet Nam: South,Viet Nam,GU131819,2008
1255,GU131820.1|2008,1I_C,1I_C,1I,GU131820,10405,102.2202574,2008,Viet Nam: South,Viet Nam,GU131820,2008
1256,GU131821.1|2008,1I_G,1I_G,1I,GU131821,10482,102.9767168,2008,Viet Nam: South,Viet Nam,GU131821,2008
1257,GU131822.1|2008,1I_E,1I_E,1I,GU131822,10479,102.9472443,2008,Viet Nam: South,Viet Nam,GU131822,2008
1258,GU131823.1|2008,1I_E,1I_E,1I,GU131823,10486,103.0160134,2008,Viet Nam: South,Viet Nam,GU131823,2008
1259,GU131824.1|2008,1I_E,1I_E,1I,GU131824,10475,102.9079477,2008,Viet Nam: South,Viet Nam,GU131824,2008
1260,GU131825.1|2008,1I_E,1I_E,1I,GU131825,10462,102.7802338,2008,Viet Nam: South,Viet Nam,GU131825,2008
1261,GU131826.1|2008,1I_E,1I_E,1I,GU131826,10471,102.8686511,2008,Viet Nam: South,Viet Nam,GU131826,2008
1262,GU131827.1|2008,1I_E,1I_E,1I,GU131827,10418,102.3479713,2008,Viet Nam: South,Viet Nam,GU131827,2008
1263,GU131828.1|2008,1I_E,1I_E,1I,GU131828,10676,104.8826014,2008,Viet Nam: South,Viet Nam,GU131828,2008
1264,GU131829.1|2008,1I_H.2,1I_H,1I,GU131829,10476,102.9177719,2008,Viet Nam: South,Viet Nam,GU131829,2008
1265,GU131830.1|2008,1I_H.2,1I_H,1I,GU131830,10453,102.6918165,2008,Viet Nam: South,Viet Nam,GU131830,2008
1266,GU131831.1|2008,1I_E,1I_E,1I,GU131831,10473,102.8882994,2008,Viet Nam: South,Viet Nam,GU131831,2008
1267,GU131832.1|2000,1V_E,1V_E,1V,GU131832,10460,102.7605855,2000,Venezuela: Aragua,Venezuela,GU131832,2000
1268,GU131833.1|2000,1V,1V,1V,GU131833,10610,104.2342077,2000,Venezuela: Aragua,Venezuela,GU131833,2000
1269,GU131834.1|2001,1V,1V,1V,GU131834,10468,102.8391787,2001,Venezuela: Aragua,Venezuela,GU131834,2001
1270,GU131835.1|2004,1V,1V,1V,GU131835,10479,102.9472443,2004,Venezuela: Aragua,Venezuela,GU131835,2004
1271,GU131836.1|2004,1V,1V,1V,GU131836,10556,103.7037037,2004,Venezuela: Aragua,Venezuela,GU131836,2004
1272,GU131837.1|2005,1V,1V,1V,GU131837,10455,102.7114648,2005,Venezuela: Aragua,Venezuela,GU131837,2005
1273,GU131838.1|2006,1V_E,1V_E,1V,GU131838,10468,102.8391787,2006,Venezuela: Aragua,Venezuela,GU131838,2006
1274,GU131839.1|2006,1V_E,1V_E,1V,GU131839,10456,102.7212889,2006,Venezuela: Aragua,Venezuela,GU131839,2006
1275,GU131840.1|2007,1V_E,1V_E,1V,GU131840,10485,103.0061892,2007,Venezuela: Aragua,Venezuela,GU131840,2007
1276,GU131841.1|2007,1V_E,1V_E,1V,GU131841,10486,103.0160134,2007,Venezuela: Aragua,Venezuela,GU131841,2007
1277,GU131842.1|2007,1V_F,1V_F,1V,GU131842,10478,102.9374202,2007,Venezuela: Aragua,Venezuela,GU131842,2007
1278,GU131863.1|2008,1V_A,1V_A,1V,GU131863,10532,103.4679242,2008,Brazil: Sao Paulo,Brazil,GU131863,2008
1279,GU131887.1|2006,1I_E,1I_E,1I,GU131887,10457,102.7311131,2006,Cambodia: KCH,Cambodia,GU131887,2006
1280,GU131888.1|2006,1I_E,1I_E,1I,GU131888,10536,103.5072207,2006,Cambodia: KCH,Cambodia,GU131888,2006
1281,GU131889.1|2006,1I_E,1I_E,1I,GU131889,10479,102.9472443,2006,Cambodia: KCH,Cambodia,GU131889,2006
1282,GU131890.1|2006,1I_G,1I_G,1I,GU131890,10476,102.9177719,2006,Cambodia: KCH,Cambodia,GU131890,2006
1283,GU131891.1|2006,1I_E,1I_E,1I,GU131891,10464,102.7998821,2006,Cambodia: KCH,Cambodia,GU131891,2006
1284,GU131892.1|2006,1I_E,1I_E,1I,GU131892,10518,103.3303861,2006,Cambodia: KCH,Cambodia,GU131892,2006
1285,GU131893.1|2007,1I_E,1I_E,1I,GU131893,10478,102.9374202,2007,Cambodia: KCH,Cambodia,GU131893,2007
1286,GU131894.1|2008,1I_E,1I_E,1I,GU131894,10663,104.7548875,2008,Cambodia: PHP,Cambodia,GU131894,2008
1287,GU131895.1|2009,1I_E,1I_E,1I,GU131895,10474,102.8981236,2009,Cambodia: TAK,Cambodia,GU131895,2009
1288,GU131919.1|2008,1I_E,1I_E,1I,GU131919,10486,103.0160134,2008,Cambodia: KCH,Cambodia,GU131919,2008
1289,GU131920.1|2008,1I_E,1I_E,1I,GU131920,10486,103.0160134,2008,Cambodia: BTB,Cambodia,GU131920,2008
1290,GU131921.1|2008,1I_E,1I_E,1I,GU131921,10665,104.7745358,2008,Cambodia: KAN,Cambodia,GU131921,2008
1291,GU131922.1|2008,1I_E,1I_E,1I,GU131922,10486,103.0160134,2008,Cambodia: PHP,Cambodia,GU131922,2008
1292,GU131923.1|2005,1I_E,1I_E,1I,GU131923,10692,105.0397878,2005,Cambodia: KCH,Cambodia,GU131923,2005
1293,GU131925.1|2006,1I_E,1I_E,1I,GU131925,10482,102.9767168,2006,Cambodia: KCH,Cambodia,GU131925,2006
1294,GU131926.1|2006,1I_G,1I_G,1I,GU131926,10486,103.0160134,2006,Cambodia: KCH,Cambodia,GU131926,2006
1295,FJ469907.1|2003,1I_K,1I_K,1I,FJ469907,10642,104.5485804,2003,Singapore,Singapore,FJ469907,2003
1296,FJ469908.1|2003,1I_K,1I_K,1I,FJ469908,10642,104.5485804,2003,Singapore,Singapore,FJ469908,2003
1297,FJ469909.1|2003,1I_K,1I_K,1I,FJ469909,10642,104.5485804,2003,Singapore,Singapore,FJ469909,2003
1298,GQ868498.1|2006,1V_C,1V_C,1V,GQ868498,10684,104.9611946,2006,Mexico: Yucatan,Mexico,GQ868498,2006
1299,GQ868499.1|2006,1V_C,1V_C,1V,GQ868499,10684,104.9611946,2006,Mexico: Quintana Roo,Mexico,GQ868499,2006
1300,GQ868500.1|2007,1V_C,1V_C,1V,GQ868500,10684,104.9611946,2007,Mexico: Yucatan,Mexico,GQ868500,2007
1301,GQ868501.1|2007,1V_C,1V_C,1V,GQ868501,10684,104.9611946,2007,Mexico: Yucatan,Mexico,GQ868501,2007
1302,GQ868502.1|2007,1V_C,1V_C,1V,GQ868502,10689,105.0103154,2007,Mexico: Yucatan,Mexico,GQ868502,2007
1303,GQ868503.1|2007,1V_C,1V_C,1V,GQ868503,10676,104.8826014,2007,Mexico: Yucatan,Mexico,GQ868503,2007
1304,GQ868504.1|2007,1V_C,1V_C,1V,GQ868504,10684,104.9611946,2007,Mexico: Yucatan,Mexico,GQ868504,2007
1305,GQ868505.1|2007,1V_C,1V_C,1V,GQ868505,10690,105.0201395,2007,Mexico: Yucatan,Mexico,GQ868505,2007
1306,GQ868506.1|2007,1V_C,1V_C,1V,GQ868506,10684,104.9611946,2007,Mexico: Yucatan,Mexico,GQ868506,2007
1307,GQ868507.1|2007,1V_C,1V_C,1V,GQ868507,10659,104.7155909,2007,Mexico: Yucatan,Mexico,GQ868507,2007
1308,GQ868508.1|2007,1V_C,1V_C,1V,GQ868508,10684,104.9611946,2007,Mexico: Yucatan,Mexico,GQ868508,2007
1309,GQ868509.1|2007,1V_C,1V_C,1V,GQ868509,10684,104.9611946,2007,Mexico: Yucatan,Mexico,GQ868509,2007
1310,GQ868510.1|2007,1V_C,1V_C,1V,GQ868510,10684,104.9611946,2007,Mexico: Yucatan,Mexico,GQ868510,2007
1311,GQ868511.1|2007,1V_C,1V_C,1V,GQ868511,10680,104.921898,2007,Mexico: Yucatan,Mexico,GQ868511,2007
1312,GQ868512.1|2007,1V_C,1V_C,1V,GQ868512,10674,104.8629531,2007,Mexico: Yucatan,Mexico,GQ868512,2007
1313,GQ868513.1|2007,1V_C,1V_C,1V,GQ868513,10684,104.9611946,2007,Mexico: Yucatan,Mexico,GQ868513,2007
1314,GQ868514.1|2007,1V_C,1V_C,1V,GQ868514,10684,104.9611946,2007,Mexico: Yucatan,Mexico,GQ868514,2007
1315,GQ868517.1|2007,1V_C,1V_C,1V,GQ868517,10690,105.0201395,2007,Mexico: Yucatan,Mexico,GQ868517,2007
1316,GQ868518.1|2007,1V_C,1V_C,1V,GQ868518,10684,104.9611946,2007,Mexico: Yucatan,Mexico,GQ868518,2007
1317,GQ868519.1|2007,1V_C,1V_C,1V,GQ868519,10684,104.9611946,2007,Mexico: Yucatan,Mexico,GQ868519,2007
1318,GQ868520.1|2007,1V_C,1V_C,1V,GQ868520,10690,105.0201395,2007,Mexico: Yucatan,Mexico,GQ868520,2007
1319,GQ868521.1|2007,1V_C,1V_C,1V,GQ868521,10690,105.0201395,2007,Mexico: Yucatan,Mexico,GQ868521,2007
1320,GQ868522.1|2007,1V_C,1V_C,1V,GQ868522,10675,104.8727773,2007,Mexico: Yucatan,Mexico,GQ868522,2007
1321,GQ868523.1|2007,1V_C,1V_C,1V,GQ868523,10675,104.8727773,2007,Mexico: Yucatan,Mexico,GQ868523,2007
1322,GQ868524.1|2007,1V_C,1V_C,1V,GQ868524,10690,105.0201395,2007,Mexico: Yucatan,Mexico,GQ868524,2007
1323,GQ868525.1|2007,1V_C,1V_C,1V,GQ868525,10684,104.9611946,2007,Mexico: Yucatan,Mexico,GQ868525,2007
1324,GQ868526.1|2007,1V_C,1V_C,1V,GQ868526,10675,104.8727773,2007,Mexico: Yucatan,Mexico,GQ868526,2007
1325,GQ868527.1|2007,1V_C,1V_C,1V,GQ868527,10683,104.9513705,2007,Mexico: Yucatan,Mexico,GQ868527,2007
1326,GQ868528.1|2007,1V_C,1V_C,1V,GQ868528,10688,105.0004912,2007,Mexico: Yucatan,Mexico,GQ868528,2007
1327,GQ868529.1|2008,1V_C,1V_C,1V,GQ868529,10684,104.9611946,2008,Mexico: Yucatan,Mexico,GQ868529,2008
1328,GQ868530.1|2008,1V_C,1V_C,1V,GQ868530,10662,104.7450634,2008,Mexico: Yucatan,Mexico,GQ868530,2008
1329,GQ868531.1|2008,1V_C,1V_C,1V,GQ868531,10683,104.9513705,2008,Mexico: Yucatan,Mexico,GQ868531,2008
1330,GQ868532.1|2008,1V_C,1V_C,1V,GQ868532,10681,104.9317222,2008,Mexico: Yucatan,Mexico,GQ868532,2008
1331,GQ868533.1|2008,1V_C,1V_C,1V,GQ868533,10690,105.0201395,2008,Mexico: Yucatan,Mexico,GQ868533,2008
1332,GQ868534.1|2008,1V_C,1V_C,1V,GQ868534,10684,104.9611946,2008,Mexico: Yucatan,Mexico,GQ868534,2008
1333,GQ868535.1|2008,1V_C,1V_C,1V,GQ868535,10690,105.0201395,2008,Mexico: Yucatan,Mexico,GQ868535,2008
1334,GQ868536.1|2008,1V_C,1V_C,1V,GQ868536,10684,104.9611946,2008,Mexico: Yucatan,Mexico,GQ868536,2008
1335,GQ868537.1|2008,1V_C,1V_C,1V,GQ868537,10684,104.9611946,2008,Mexico: Yucatan,Mexico,GQ868537,2008
1336,GQ868538.1|2008,1V_C,1V_C,1V,GQ868538,10690,105.0201395,2008,Mexico: Yucatan,Mexico,GQ868538,2008
1337,GQ868539.1|2008,1V_C,1V_C,1V,GQ868539,10663,104.7548875,2008,Mexico: Yucatan,Mexico,GQ868539,2008
1338,GQ868559.1|1998,1V,1V,1V,GQ868559,10690,105.0201395,1998,Colombia: Santander,Colombia,GQ868559,1998
1339,GQ868560.1|1998,1V,1V,1V,GQ868560,10690,105.0201395,1998,Colombia: Santander,Colombia,GQ868560,1998
1340,GQ868561.1|1999,1V,1V,1V,GQ868561,10673,104.853129,1999,Colombia: Santander,Colombia,GQ868561,1999
1341,GQ868562.1|2005,1V_F,1V_F,1V,GQ868562,10674,104.8629531,2005,Colombia: Santander,Colombia,GQ868562,2005
1342,GQ868563.1|2006,1V_G,1V_G,1V,GQ868563,10661,104.7352392,2006,Colombia: Norte de Santander,Colombia,GQ868563,2006
1343,GQ868564.1|2006,1V_G,1V_G,1V,GQ868564,10690,105.0201395,2006,Colombia: Norte de Santander,Colombia,GQ868564,2006
1344,GQ868565.1|2006,1V_G,1V_G,1V,GQ868565,10690,105.0201395,2006,Colombia: Norte de Santander,Colombia,GQ868565,2006
1345,GQ868566.1|2007,1V_G,1V_G,1V,GQ868566,10675,104.8727773,2007,Colombia: Santander,Colombia,GQ868566,2007
1346,GQ868567.1|2007,1V_G,1V_G,1V,GQ868567,10690,105.0201395,2007,Colombia: Santander,Colombia,GQ868567,2007
1347,GQ868568.1|2007,1V_G,1V_G,1V,GQ868568,10690,105.0201395,2007,Colombia: Santander,Colombia,GQ868568,2007
1348,GQ868569.1|2007,1V_G,1V_G,1V,GQ868569,10675,104.8727773,2007,Colombia: Santander,Colombia,GQ868569,2007
1349,GQ868570.1|2008,1V_D.1,1V_D,1V,GQ868570,10674,104.8629531,2008,Colombia: Santander,Colombia,GQ868570,2008
1350,GQ868601.1|1985,1V_A,1V_A,1V,GQ868601,10690,105.0201395,1985,British Virgin Islands: Tortola,British Virgin Islands,GQ868601,1985
1351,GQ868602.1|2004,1IV_B,1IV_B,1IV,GQ868602,10677,104.8924256,2004,Philippines,Philippines,GQ868602,2004
1352,GQ868605.1|2006,1I_C,1I_C,1I,GQ868605,10690,105.0201395,2006,Viet Nam: South,Viet Nam,GQ868605,2006
1353,GQ868606.1|2006,1I_G,1I_G,1I,GQ868606,10690,105.0201395,2006,Viet Nam: South,Viet Nam,GQ868606,2006
1354,GQ868607.1|2007,1I_C,1I_C,1I,GQ868607,10690,105.0201395,2007,Viet Nam: South,Viet Nam,GQ868607,2007
1355,GQ868608.1|2007,1I_G,1I_G,1I,GQ868608,10690,105.0201395,2007,Viet Nam: South,Viet Nam,GQ868608,2007
1356,GQ868609.1|2007,1I_C,1I_C,1I,GQ868609,10690,105.0201395,2007,Viet Nam: South,Viet Nam,GQ868609,2007
1357,GQ868610.1|2007,1I_C,1I_C,1I,GQ868610,10690,105.0201395,2007,Viet Nam: South,Viet Nam,GQ868610,2007
1358,GQ868611.1|2007,1I_E,1I_E,1I,GQ868611,10690,105.0201395,2007,Viet Nam: South,Viet Nam,GQ868611,2007
1359,GQ868612.1|2006,1I_K.7,1I_K,1I,GQ868612,10690,105.0201395,2006,Viet Nam: South,Viet Nam,GQ868612,2006
1360,GQ868613.1|2006,1I_G,1I_G,1I,GQ868613,10679,104.9120739,2006,Viet Nam: South,Viet Nam,GQ868613,2006
1361,GQ868614.1|2008,1I_C,1I_C,1I,GQ868614,10684,104.9611946,2008,Viet Nam: South,Viet Nam,GQ868614,2008
1362,GQ868615.1|2008,1I_E,1I_E,1I,GQ868615,10684,104.9611946,2008,Viet Nam: South,Viet Nam,GQ868615,2008
1363,GQ868618.1|2003,1I_G,1I_G,1I,GQ868618,10684,104.9611946,2003,Cambodia: KSP,Cambodia,GQ868618,2003
1364,GQ868619.1|2003,1I_K.7,1I_K,1I,GQ868619,10690,105.0201395,2003,Cambodia: SRP,Cambodia,GQ868619,2003
1365,GQ868630.1|2006,1I_G,1I_G,1I,GQ868630,10673,104.853129,2006,Cambodia: KCH,Cambodia,GQ868630,2006
1366,GQ868632.1|2008,1I_E,1I_E,1I,GQ868632,10688,105.0004912,2008,Cambodia: BMC,Cambodia,GQ868632,2008
1367,GQ868633.1|2008,1I_E,1I_E,1I,GQ868633,10691,105.0299637,2008,Cambodia: PHP,Cambodia,GQ868633,2008
1368,GQ868635.1|2008,1I_E,1I_E,1I,GQ868635,10690,105.0201395,2008,Cambodia: KAN,Cambodia,GQ868635,2008
1369,GQ868636.1|2008,1I_C,1I_C,1I,GQ868636,10690,105.0201395,2008,Cambodia: KOP,Cambodia,GQ868636,2008
1370,GQ868637.1|2000,1I_D,1I_D,1I,GQ868637,10684,104.9611946,2000,Cambodia: TAK,Cambodia,GQ868637,2000
1371,GQ868639.1|2006,1I_G,1I_G,1I,GQ868639,10690,105.0201395,2006,Cambodia: KCH,Cambodia,GQ868639,2006
1372,AB519681.1|2001,1V_H,1V_H,1V,AB519681,10735,105.4622262,2001,"Brazil:Brasilia, DF",Brazil,AB519681,2001
1373,GQ199771.1|2006,1I_E,1I_E,1I,GQ199771,10684,104.9611946,2006,Viet Nam: South,Viet Nam,GQ199771,2006
1374,GQ199772.1|2006,1I_K.7,1I_K,1I,GQ199772,10690,105.0201395,2006,Viet Nam: South,Viet Nam,GQ199772,2006
1375,GQ199773.1|2007,1I_G,1I_G,1I,GQ199773,10676,104.8826014,2007,Viet Nam: South,Viet Nam,GQ199773,2007
1376,GQ199774.1|2007,1I_D,1I_D,1I,GQ199774,10684,104.9611946,2007,Viet Nam: South,Viet Nam,GQ199774,2007
1377,GQ199775.1|2007,1I_D,1I_D,1I,GQ199775,10690,105.0201395,2007,Viet Nam: South,Viet Nam,GQ199775,2007
1378,GQ199776.1|2007,1I_E,1I_E,1I,GQ199776,10676,104.8826014,2007,Viet Nam: South,Viet Nam,GQ199776,2007
1379,GQ199777.1|2007,1I_E,1I_E,1I,GQ199777,10690,105.0201395,2007,Viet Nam: South,Viet Nam,GQ199777,2007
1380,GQ199778.1|2007,1I_E,1I_E,1I,GQ199778,10690,105.0201395,2007,Viet Nam: South,Viet Nam,GQ199778,2007
1381,GQ199779.1|2007,1I_E,1I_E,1I,GQ199779,10690,105.0201395,2007,Viet Nam: South,Viet Nam,GQ199779,2007
1382,GQ199780.1|2007,1I_G,1I_G,1I,GQ199780,10690,105.0201395,2007,Viet Nam: South,Viet Nam,GQ199780,2007
1383,GQ199781.1|2007,1I_C,1I_C,1I,GQ199781,10690,105.0201395,2007,Viet Nam: South,Viet Nam,GQ199781,2007
1384,GQ199782.1|2007,1I_C,1I_C,1I,GQ199782,10690,105.0201395,2007,Viet Nam: South,Viet Nam,GQ199782,2007
1385,GQ199783.1|2007,1I_C,1I_C,1I,GQ199783,10690,105.0201395,2007,Viet Nam: South,Viet Nam,GQ199783,2007
1386,GQ199784.1|2007,1I_C,1I_C,1I,GQ199784,10689,105.0103154,2007,Viet Nam: South,Viet Nam,GQ199784,2007
1387,GQ199785.1|2007,1I_D,1I_D,1I,GQ199785,10690,105.0201395,2007,Viet Nam: South,Viet Nam,GQ199785,2007
1388,GQ199786.1|2007,1I_E,1I_E,1I,GQ199786,10690,105.0201395,2007,Viet Nam: South,Viet Nam,GQ199786,2007
1389,GQ199787.1|2007,1I_C,1I_C,1I,GQ199787,10690,105.0201395,2007,Viet Nam: South,Viet Nam,GQ199787,2007
1390,GQ199788.1|2007,1I_G,1I_G,1I,GQ199788,10690,105.0201395,2007,Viet Nam: South,Viet Nam,GQ199788,2007
1391,GQ199789.1|2007,1I_G,1I_G,1I,GQ199789,10690,105.0201395,2007,Viet Nam: South,Viet Nam,GQ199789,2007
1392,GQ199790.1|2007,1I_C,1I_C,1I,GQ199790,10689,105.0103154,2007,Viet Nam: South,Viet Nam,GQ199790,2007
1393,GQ199791.1|2007,1I_C,1I_C,1I,GQ199791,10690,105.0201395,2007,Viet Nam: South,Viet Nam,GQ199791,2007
1394,GQ199792.1|2007,1I_K.7,1I_K,1I,GQ199792,10685,104.9710188,2007,Viet Nam: South,Viet Nam,GQ199792,2007
1395,GQ199793.1|2007,1I_C,1I_C,1I,GQ199793,10684,104.9611946,2007,Viet Nam: South,Viet Nam,GQ199793,2007
1396,GQ199794.1|2007,1I_E,1I_E,1I,GQ199794,10684,104.9611946,2007,Viet Nam: South,Viet Nam,GQ199794,2007
1397,GQ199795.1|2007,1I_E,1I_E,1I,GQ199795,10690,105.0201395,2007,Viet Nam: South,Viet Nam,GQ199795,2007
1398,GQ199796.1|2007,1I_E,1I_E,1I,GQ199796,10690,105.0201395,2007,Viet Nam: South,Viet Nam,GQ199796,2007
1399,GQ199797.1|2007,1I_G,1I_G,1I,GQ199797,10690,105.0201395,2007,Viet Nam: South,Viet Nam,GQ199797,2007
1400,GQ199798.1|2007,1I_G,1I_G,1I,GQ199798,10690,105.0201395,2007,Viet Nam: South,Viet Nam,GQ199798,2007
1401,GQ199799.1|2007,1I_G,1I_G,1I,GQ199799,10690,105.0201395,2007,Viet Nam: South,Viet Nam,GQ199799,2007
1402,GQ199800.1|2007,1I_G,1I_G,1I,GQ199800,10690,105.0201395,2007,Viet Nam: South,Viet Nam,GQ199800,2007
1403,GQ199801.1|2007,1I_G,1I_G,1I,GQ199801,10690,105.0201395,2007,Viet Nam: South,Viet Nam,GQ199801,2007
1404,GQ199802.1|2007,1I_E,1I_E,1I,GQ199802,10690,105.0201395,2007,Viet Nam: South,Viet Nam,GQ199802,2007
1405,GQ199803.1|2007,1I_K.7,1I_K,1I,GQ199803,10690,105.0201395,2007,Viet Nam: South,Viet Nam,GQ199803,2007
1406,GQ199804.1|2007,1I_E,1I_E,1I,GQ199804,10679,104.9120739,2007,Viet Nam: South,Viet Nam,GQ199804,2007
1407,GQ199805.1|2007,1I_C,1I_C,1I,GQ199805,10689,105.0103154,2007,Viet Nam: South,Viet Nam,GQ199805,2007
1408,GQ199806.1|2007,1I_G,1I_G,1I,GQ199806,10689,105.0103154,2007,Viet Nam: South,Viet Nam,GQ199806,2007
1409,GQ199807.1|2007,1I_G,1I_G,1I,GQ199807,10690,105.0201395,2007,Viet Nam: South,Viet Nam,GQ199807,2007
1410,GQ199808.1|2007,1I_G,1I_G,1I,GQ199808,10690,105.0201395,2007,Viet Nam: South,Viet Nam,GQ199808,2007
1411,GQ199809.1|2007,1I_C,1I_C,1I,GQ199809,10690,105.0201395,2007,Viet Nam: South,Viet Nam,GQ199809,2007
1412,GQ199810.1|2007,1I_E,1I_E,1I,GQ199810,10690,105.0201395,2007,Viet Nam: South,Viet Nam,GQ199810,2007
1413,GQ199811.1|2007,1I_G,1I_G,1I,GQ199811,10690,105.0201395,2007,Viet Nam: South,Viet Nam,GQ199811,2007
1414,GQ199812.1|2007,1I_E,1I_E,1I,GQ199812,10690,105.0201395,2007,Viet Nam: South,Viet Nam,GQ199812,2007
1415,GQ199813.1|2007,1I_G,1I_G,1I,GQ199813,10690,105.0201395,2007,Viet Nam: South,Viet Nam,GQ199813,2007
1416,GQ199814.1|2007,1I_G,1I_G,1I,GQ199814,10690,105.0201395,2007,Viet Nam: South,Viet Nam,GQ199814,2007
1417,GQ199815.1|2007,1I_E,1I_E,1I,GQ199815,10690,105.0201395,2007,Viet Nam: South,Viet Nam,GQ199815,2007
1418,GQ199816.1|2007,1I_G,1I_G,1I,GQ199816,10690,105.0201395,2007,Viet Nam: South,Viet Nam,GQ199816,2007
1419,GQ199817.1|2007,1I_G,1I_G,1I,GQ199817,10690,105.0201395,2007,Viet Nam: South,Viet Nam,GQ199817,2007
1420,GQ199818.1|2007,1I_K.7,1I_K,1I,GQ199818,10690,105.0201395,2007,Viet Nam: South,Viet Nam,GQ199818,2007
1421,GQ199819.1|2007,1I_E,1I_E,1I,GQ199819,10690,105.0201395,2007,Viet Nam: South,Viet Nam,GQ199819,2007
1422,GQ199820.1|2007,1I_G,1I_G,1I,GQ199820,10690,105.0201395,2007,Viet Nam: South,Viet Nam,GQ199820,2007
1423,GQ199821.1|2007,1I_G,1I_G,1I,GQ199821,10690,105.0201395,2007,Viet Nam: South,Viet Nam,GQ199821,2007
1424,GQ199822.1|2007,1I_C,1I_C,1I,GQ199822,10690,105.0201395,2007,Viet Nam: South,Viet Nam,GQ199822,2007
1425,GQ199823.1|2007,1I_E,1I_E,1I,GQ199823,10675,104.8727773,2007,Viet Nam: South,Viet Nam,GQ199823,2007
1426,GQ199824.1|2007,1I_G,1I_G,1I,GQ199824,10690,105.0201395,2007,Viet Nam: South,Viet Nam,GQ199824,2007
1427,GQ199825.1|2007,1I_E,1I_E,1I,GQ199825,10690,105.0201395,2007,Viet Nam: South,Viet Nam,GQ199825,2007
1428,GQ199826.1|2007,1I_G,1I_G,1I,GQ199826,10690,105.0201395,2007,Viet Nam: South,Viet Nam,GQ199826,2007
1429,GQ199827.1|2007,1I_E,1I_E,1I,GQ199827,10676,104.8826014,2007,Viet Nam: South,Viet Nam,GQ199827,2007
1430,GQ199828.1|2007,1I_K.7,1I_K,1I,GQ199828,10690,105.0201395,2007,Viet Nam: South,Viet Nam,GQ199828,2007
1431,GQ199829.1|2007,1I_E,1I_E,1I,GQ199829,10690,105.0201395,2007,Viet Nam: South,Viet Nam,GQ199829,2007
1432,GQ199830.1|2003,1I_C,1I_C,1I,GQ199830,10690,105.0201395,2003,Viet Nam: South,Viet Nam,GQ199830,2003
1433,GQ199831.1|2003,1I_C,1I_C,1I,GQ199831,10690,105.0201395,2003,Viet Nam: South,Viet Nam,GQ199831,2003
1434,GQ199832.1|2003,1I_C,1I_C,1I,GQ199832,10690,105.0201395,2003,Viet Nam: South,Viet Nam,GQ199832,2003
1435,GQ199833.1|2004,1I_C,1I_C,1I,GQ199833,10690,105.0201395,2004,Viet Nam: South,Viet Nam,GQ199833,2004
1436,GQ199834.1|2005,1I_C,1I_C,1I,GQ199834,10677,104.8924256,2005,Viet Nam: South,Viet Nam,GQ199834,2005
1437,GQ199835.1|2005,1I_C,1I_C,1I,GQ199835,10690,105.0201395,2005,Viet Nam: South,Viet Nam,GQ199835,2005
1438,GQ199836.1|2005,1I_C,1I_C,1I,GQ199836,10690,105.0201395,2005,Viet Nam: South,Viet Nam,GQ199836,2005
1439,GQ199837.1|2005,1I_C,1I_C,1I,GQ199837,10684,104.9611946,2005,Viet Nam: South,Viet Nam,GQ199837,2005
1440,GQ199838.1|2005,1I_C,1I_C,1I,GQ199838,10690,105.0201395,2005,Viet Nam: South,Viet Nam,GQ199838,2005
1441,GQ199839.1|2006,1I_C,1I_C,1I,GQ199839,10690,105.0201395,2006,Viet Nam: South,Viet Nam,GQ199839,2006
1442,GQ199840.1|2006,1I_G,1I_G,1I,GQ199840,10690,105.0201395,2006,Viet Nam: South,Viet Nam,GQ199840,2006
1443,GQ199841.1|2006,1I_G,1I_G,1I,GQ199841,10690,105.0201395,2006,Viet Nam: South,Viet Nam,GQ199841,2006
1444,GQ199842.1|2006,1I_G,1I_G,1I,GQ199842,10690,105.0201395,2006,Viet Nam: South,Viet Nam,GQ199842,2006
1445,GQ199843.1|2006,1I_D,1I_D,1I,GQ199843,10690,105.0201395,2006,Viet Nam: South,Viet Nam,GQ199843,2006
1446,GQ199844.1|2006,1I_C,1I_C,1I,GQ199844,10690,105.0201395,2006,Viet Nam: South,Viet Nam,GQ199844,2006
1447,GQ199845.1|2006,1I_G,1I_G,1I,GQ199845,10690,105.0201395,2006,Viet Nam: South,Viet Nam,GQ199845,2006
1448,GQ199846.1|2006,1I_C,1I_C,1I,GQ199846,10690,105.0201395,2006,Viet Nam: South,Viet Nam,GQ199846,2006
1449,GQ199847.1|2006,1I_G,1I_G,1I,GQ199847,10690,105.0201395,2006,Viet Nam: South,Viet Nam,GQ199847,2006
1450,GQ199848.1|2006,1I_C,1I_C,1I,GQ199848,10690,105.0201395,2006,Viet Nam: South,Viet Nam,GQ199848,2006
1451,GQ199849.1|2006,1I_C,1I_C,1I,GQ199849,10673,104.853129,2006,Viet Nam: South,Viet Nam,GQ199849,2006
1452,GQ199850.1|2006,1I_C,1I_C,1I,GQ199850,10689,105.0103154,2006,Viet Nam: South,Viet Nam,GQ199850,2006
1453,GQ199851.1|2006,1I_G,1I_G,1I,GQ199851,10690,105.0201395,2006,Viet Nam: South,Viet Nam,GQ199851,2006
1454,GQ199852.1|2006,1I_C,1I_C,1I,GQ199852,10689,105.0103154,2006,Viet Nam: South,Viet Nam,GQ199852,2006
1455,GQ199853.1|2006,1I_G,1I_G,1I,GQ199853,10690,105.0201395,2006,Viet Nam: South,Viet Nam,GQ199853,2006
1456,GQ199854.1|2006,1I_G,1I_G,1I,GQ199854,10690,105.0201395,2006,Viet Nam: South,Viet Nam,GQ199854,2006
1457,GQ199855.1|2006,1I_E,1I_E,1I,GQ199855,10688,105.0004912,2006,Viet Nam: South,Viet Nam,GQ199855,2006
1458,GQ199856.1|2006,1I_G,1I_G,1I,GQ199856,10690,105.0201395,2006,Viet Nam: South,Viet Nam,GQ199856,2006
1459,GQ199857.1|2008,1V_C,1V_C,1V,GQ199857,10690,105.0201395,2008,Nicaragua: Managua,Nicaragua,GQ199857,2008
1460,GQ199858.1|2008,1V_C,1V_C,1V,GQ199858,10690,105.0201395,2008,Nicaragua: Managua,Nicaragua,GQ199858,2008
1461,GQ199859.1|2008,1V_B,1V_B,1V,GQ199859,10690,105.0201395,2008,Nicaragua: Managua,Nicaragua,GQ199859,2008
1462,GQ199867.1|2004,1V_C,1V_C,1V,GQ199867,10690,105.0201395,2004,Nicaragua: Managua,Nicaragua,GQ199867,2004
1463,GQ199872.1|2004,1V_C,1V_C,1V,GQ199872,10690,105.0201395,2004,Nicaragua: Managua,Nicaragua,GQ199872,2004
1464,GQ199873.1|2004,1V_C,1V_C,1V,GQ199873,10690,105.0201395,2004,Nicaragua: Managua,Nicaragua,GQ199873,2004
1465,GQ199875.1|2004,1V_C,1V_C,1V,GQ199875,10690,105.0201395,2004,Nicaragua: Managua,Nicaragua,GQ199875,2004
1466,GQ199877.1|2007,1V_E,1V_E,1V,GQ199877,10690,105.0201395,2007,Venezuela: Merida,Venezuela,GQ199877,2007
1467,FJ461320.1|2007,1I_C,1I_C,1I,FJ461320,10690,105.0201395,2007,Viet Nam: South,Viet Nam,FJ461320,2007
1468,FJ461328.1|2007,1I_H.2,1I_H,1I,FJ461328,10690,105.0201395,2007,Viet Nam: South,Viet Nam,FJ461328,2007
1469,FJ859029.1|2007,1I_G,1I_G,1I,FJ859029,10676,104.8826014,2007,Viet Nam: South,Viet Nam,FJ859029,2007
1470,FJ873809.1|2007,1V_F,1V_F,1V,FJ873809,10684,104.9611946,2007,Venezuela: Aragua,Venezuela,FJ873809,2007
1471,FJ873810.1|2007,1V_E,1V_E,1V,FJ873810,10690,105.0201395,2007,Venezuela: Aragua,Venezuela,FJ873810,2007
1472,FJ873814.1|2005,1V_C,1V_C,1V,FJ873814,10672,104.8433048,2005,Nicaragua: Managua,Nicaragua,FJ873814,2005
1473,FJ882515.1|2006,1I_C,1I_C,1I,FJ882515,10688,105.0004912,2006,Viet Nam: South,Viet Nam,FJ882515,2006
1474,FJ882516.1|2006,1I_K.7,1I_K,1I,FJ882516,10690,105.0201395,2006,Viet Nam: South,Viet Nam,FJ882516,2006
1475,FJ882517.1|2006,1I_G,1I_G,1I,FJ882517,10688,105.0004912,2006,Viet Nam: South,Viet Nam,FJ882517,2006
1476,FJ882518.1|2006,1I_C,1I_C,1I,FJ882518,10684,104.9611946,2006,Viet Nam: South,Viet Nam,FJ882518,2006
1477,FJ882519.1|2006,1I_G,1I_G,1I,FJ882519,10690,105.0201395,2006,Viet Nam: South,Viet Nam,FJ882519,2006
1478,FJ882520.1|2006,1I_D,1I_D,1I,FJ882520,10690,105.0201395,2006,Viet Nam: South,Viet Nam,FJ882520,2006
1479,FJ882521.1|2006,1I_G,1I_G,1I,FJ882521,10690,105.0201395,2006,Viet Nam: South,Viet Nam,FJ882521,2006
1480,FJ882522.1|2006,1I_E,1I_E,1I,FJ882522,10690,105.0201395,2006,Viet Nam: South,Viet Nam,FJ882522,2006
1481,FJ882523.1|2006,1I_C,1I_C,1I,FJ882523,10690,105.0201395,2006,Viet Nam: South,Viet Nam,FJ882523,2006
1482,FJ882524.1|2006,1I_C,1I_C,1I,FJ882524,10690,105.0201395,2006,Viet Nam: South,Viet Nam,FJ882524,2006
1483,FJ882525.1|2006,1I_G,1I_G,1I,FJ882525,10690,105.0201395,2006,Viet Nam: South,Viet Nam,FJ882525,2006
1484,FJ882526.1|2006,1I_G,1I_G,1I,FJ882526,10690,105.0201395,2006,Viet Nam: South,Viet Nam,FJ882526,2006
1485,FJ882527.1|2006,1I_G,1I_G,1I,FJ882527,10690,105.0201395,2006,Viet Nam: South,Viet Nam,FJ882527,2006
1486,FJ882528.1|2006,1I_K.7,1I_K,1I,FJ882528,10690,105.0201395,2006,Viet Nam: South,Viet Nam,FJ882528,2006
1487,FJ882529.1|2006,1I_G,1I_G,1I,FJ882529,10690,105.0201395,2006,Viet Nam: South,Viet Nam,FJ882529,2006
1488,FJ882530.1|2006,1I_G,1I_G,1I,FJ882530,10690,105.0201395,2006,Viet Nam: South,Viet Nam,FJ882530,2006
1489,FJ882531.1|2006,1I_G,1I_G,1I,FJ882531,10690,105.0201395,2006,Viet Nam: South,Viet Nam,FJ882531,2006
1490,FJ882532.1|2006,1I_G,1I_G,1I,FJ882532,10690,105.0201395,2006,Viet Nam: South,Viet Nam,FJ882532,2006
1491,FJ882533.1|2006,1I_C,1I_C,1I,FJ882533,10690,105.0201395,2006,Viet Nam: South,Viet Nam,FJ882533,2006
1492,FJ882534.1|2006,1I_K.7,1I_K,1I,FJ882534,10690,105.0201395,2006,Viet Nam: South,Viet Nam,FJ882534,2006
1493,FJ882535.1|2006,1I_G,1I_G,1I,FJ882535,10690,105.0201395,2006,Viet Nam: South,Viet Nam,FJ882535,2006
1494,FJ882536.1|2006,1I_K.7,1I_K,1I,FJ882536,10690,105.0201395,2006,Viet Nam: South,Viet Nam,FJ882536,2006
1495,FJ882537.1|2006,1I_D,1I_D,1I,FJ882537,10690,105.0201395,2006,Viet Nam: South,Viet Nam,FJ882537,2006
1496,FJ882538.1|2006,1I_G,1I_G,1I,FJ882538,10690,105.0201395,2006,Viet Nam: South,Viet Nam,FJ882538,2006
1497,FJ882539.1|2006,1I_G,1I_G,1I,FJ882539,10690,105.0201395,2006,Viet Nam: South,Viet Nam,FJ882539,2006
1498,FJ882540.1|2006,1I_G,1I_G,1I,FJ882540,10690,105.0201395,2006,Viet Nam: South,Viet Nam,FJ882540,2006
1499,FJ882541.1|2006,1I_D,1I_D,1I,FJ882541,10690,105.0201395,2006,Viet Nam: South,Viet Nam,FJ882541,2006
0,FJ882542.1|2006,1I_C,1I_C,1I,FJ882542,10684,104.9611946,2006,Viet Nam: South,Viet Nam,FJ882542,2006
1,FJ882543.1|2006,1I_C,1I_C,1I,FJ882543,10690,105.0201395,2006,Viet Nam: South,Viet Nam,FJ882543,2006
2,FJ882544.1|2006,1I_E,1I_E,1I,FJ882544,10673,104.853129,2006,Viet Nam: South,Viet Nam,FJ882544,2006
3,FJ882545.1|2007,1I_K.7,1I_K,1I,FJ882545,10690,105.0201395,2007,Viet Nam: South,Viet Nam,FJ882545,2007
4,FJ882546.1|2007,1I_K.7,1I_K,1I,FJ882546,10681,104.9317222,2007,Viet Nam: South,Viet Nam,FJ882546,2007
5,FJ882547.1|2007,1I_K.7,1I_K,1I,FJ882547,10664,104.7647117,2007,Viet Nam: South,Viet Nam,FJ882547,2007
6,FJ882548.1|2007,1I_K.7,1I_K,1I,FJ882548,10684,104.9611946,2007,Viet Nam: South,Viet Nam,FJ882548,2007
7,FJ882549.1|2007,1I_D,1I_D,1I,FJ882549,10665,104.7745358,2007,Viet Nam: South,Viet Nam,FJ882549,2007
8,FJ882550.1|2007,1I_C,1I_C,1I,FJ882550,10690,105.0201395,2007,Viet Nam: South,Viet Nam,FJ882550,2007
9,FJ882551.1|2007,1I_G,1I_G,1I,FJ882551,10690,105.0201395,2007,Viet Nam: South,Viet Nam,FJ882551,2007
10,FJ882552.1|2007,1I_G,1I_G,1I,FJ882552,10690,105.0201395,2007,Viet Nam: South,Viet Nam,FJ882552,2007
11,FJ882553.1|2007,1I_E,1I_E,1I,FJ882553,10680,104.921898,2007,Viet Nam: South,Viet Nam,FJ882553,2007
12,FJ882554.1|2007,1I_E,1I_E,1I,FJ882554,10676,104.8826014,2007,Viet Nam: South,Viet Nam,FJ882554,2007
13,FJ882555.1|2007,1I_G,1I_G,1I,FJ882555,10678,104.9022497,2007,Viet Nam: South,Viet Nam,FJ882555,2007
14,FJ882556.1|2007,1I_E,1I_E,1I,FJ882556,10690,105.0201395,2007,Viet Nam: South,Viet Nam,FJ882556,2007
15,FJ882557.1|2007,1I_K.7,1I_K,1I,FJ882557,10688,105.0004912,2007,Viet Nam: South,Viet Nam,FJ882557,2007
16,FJ882558.1|2007,1I_G,1I_G,1I,FJ882558,10690,105.0201395,2007,Viet Nam: South,Viet Nam,FJ882558,2007
17,FJ882559.1|2007,1I_G,1I_G,1I,FJ882559,10690,105.0201395,2007,Viet Nam: South,Viet Nam,FJ882559,2007
18,FJ882560.1|2007,1I_E,1I_E,1I,FJ882560,10690,105.0201395,2007,Viet Nam: South,Viet Nam,FJ882560,2007
19,FJ882561.1|2007,1I_C,1I_C,1I,FJ882561,10676,104.8826014,2007,Viet Nam: South,Viet Nam,FJ882561,2007
20,FJ882562.1|2003,1I_K.7,1I_K,1I,FJ882562,10676,104.8826014,2003,Viet Nam: South,Viet Nam,FJ882562,2003
21,FJ882563.1|2003,1I_K.7,1I_K,1I,FJ882563,10674,104.8629531,2003,Viet Nam: South,Viet Nam,FJ882563,2003
22,FJ882564.1|2003,1I_C,1I_C,1I,FJ882564,10681,104.9317222,2003,Viet Nam: South,Viet Nam,FJ882564,2003
23,FJ882565.1|2003,1I_C,1I_C,1I,FJ882565,10674,104.8629531,2003,Viet Nam: South,Viet Nam,FJ882565,2003
24,FJ882566.1|2003,1I_C,1I_C,1I,FJ882566,10688,105.0004912,2003,Viet Nam: South,Viet Nam,FJ882566,2003
25,FJ882567.1|2003,1I_C,1I_C,1I,FJ882567,10690,105.0201395,2003,Viet Nam: South,Viet Nam,FJ882567,2003
26,FJ882568.1|2003,1I_C,1I_C,1I,FJ882568,10676,104.8826014,2003,Viet Nam: South,Viet Nam,FJ882568,2003
27,FJ882569.1|2004,1I_C,1I_C,1I,FJ882569,10690,105.0201395,2004,Viet Nam: South,Viet Nam,FJ882569,2004
28,FJ882570.1|2005,1I_C,1I_C,1I,FJ882570,10690,105.0201395,2005,Viet Nam: South,Viet Nam,FJ882570,2005
29,FJ882579.1|2007,1V_F,1V_F,1V,FJ882579,10674,104.8629531,2007,Venezuela: Aragua,Venezuela,FJ882579,2007
30,FJ898371.1|2007,1I_C,1I_C,1I,FJ898371,10674,104.8629531,2007,Viet Nam: South,Viet Nam,FJ898371,2007
31,FJ898372.1|2007,1I_K.7,1I_K,1I,FJ898372,10690,105.0201395,2007,Viet Nam: South,Viet Nam,FJ898372,2007
32,FJ898373.1|2007,1I_D,1I_D,1I,FJ898373,10680,104.921898,2007,Viet Nam: South,Viet Nam,FJ898373,2007
33,FJ898374.1|2007,1I_C,1I_C,1I,FJ898374,10674,104.8629531,2007,Viet Nam: South,Viet Nam,FJ898374,2007
34,FJ898375.1|2007,1I_G,1I_G,1I,FJ898375,10690,105.0201395,2007,Viet Nam: South,Viet Nam,FJ898375,2007
35,FJ898376.1|2007,1I_C,1I_C,1I,FJ898376,10689,105.0103154,2007,Viet Nam: South,Viet Nam,FJ898376,2007
36,FJ898377.1|2007,1I_G,1I_G,1I,FJ898377,10690,105.0201395,2007,Viet Nam: South,Viet Nam,FJ898377,2007
37,FJ898378.1|2007,1I_G,1I_G,1I,FJ898378,10677,104.8924256,2007,Viet Nam: South,Viet Nam,FJ898378,2007
38,FJ898379.1|2007,1I_E,1I_E,1I,FJ898379,10674,104.8629531,2007,Viet Nam: South,Viet Nam,FJ898379,2007
39,FJ898380.1|2007,1I_E,1I_E,1I,FJ898380,10676,104.8826014,2007,Viet Nam: South,Viet Nam,FJ898380,2007
40,FJ898381.1|2007,1I_G,1I_G,1I,FJ898381,10680,104.921898,2007,Viet Nam: South,Viet Nam,FJ898381,2007
41,FJ898382.1|2007,1I_E,1I_E,1I,FJ898382,10690,105.0201395,2007,Viet Nam: South,Viet Nam,FJ898382,2007
42,FJ898383.1|2007,1I_E,1I_E,1I,FJ898383,10690,105.0201395,2007,Viet Nam: South,Viet Nam,FJ898383,2007
43,FJ898384.1|2007,1I_G,1I_G,1I,FJ898384,10690,105.0201395,2007,Viet Nam: South,Viet Nam,FJ898384,2007
44,FJ898385.1|2007,1I_C,1I_C,1I,FJ898385,10690,105.0201395,2007,Viet Nam: South,Viet Nam,FJ898385,2007
45,FJ898386.1|2005,1I_C,1I_C,1I,FJ898386,10690,105.0201395,2005,Viet Nam: South,Viet Nam,FJ898386,2005
46,FJ898387.1|2005,1I_G,1I_G,1I,FJ898387,10654,104.6664702,2005,Viet Nam: South,Viet Nam,FJ898387,2005
47,FJ898388.1|2005,1I_G,1I_G,1I,FJ898388,10690,105.0201395,2005,Viet Nam: South,Viet Nam,FJ898388,2005
48,FJ898389.1|2005,1I_C,1I_C,1I,FJ898389,10690,105.0201395,2005,Viet Nam: South,Viet Nam,FJ898389,2005
49,FJ898390.1|2005,1I_C,1I_C,1I,FJ898390,10676,104.8826014,2005,Viet Nam: South,Viet Nam,FJ898390,2005
50,FJ898391.1|2005,1I_G,1I_G,1I,FJ898391,10690,105.0201395,2005,Viet Nam: South,Viet Nam,FJ898391,2005
51,FJ898392.1|2005,1I_C,1I_C,1I,FJ898392,10690,105.0201395,2005,Viet Nam: South,Viet Nam,FJ898392,2005
52,FJ898393.1|2005,1I_C,1I_C,1I,FJ898393,10687,104.9906671,2005,Viet Nam: South,Viet Nam,FJ898393,2005
53,FJ898394.1|2005,1I_C,1I_C,1I,FJ898394,10677,104.8924256,2005,Viet Nam: South,Viet Nam,FJ898394,2005
54,FJ898395.1|2005,1I_K.7,1I_K,1I,FJ898395,10681,104.9317222,2005,Viet Nam: South,Viet Nam,FJ898395,2005
55,FJ898396.1|2006,1I_C,1I_C,1I,FJ898396,10719,105.3050398,2006,Viet Nam: South,Viet Nam,FJ898396,2006
56,FJ898397.1|2006,1I_G,1I_G,1I,FJ898397,10680,104.921898,2006,Viet Nam: South,Viet Nam,FJ898397,2006
57,FJ898398.1|2006,1I_G,1I_G,1I,FJ898398,10688,105.0004912,2006,Viet Nam: South,Viet Nam,FJ898398,2006
58,FJ898399.1|2006,1I_G,1I_G,1I,FJ898399,10690,105.0201395,2006,Viet Nam: South,Viet Nam,FJ898399,2006
59,FJ898400.1|2006,1I_G,1I_G,1I,FJ898400,10688,105.0004912,2006,Viet Nam: South,Viet Nam,FJ898400,2006
60,FJ898401.1|2006,1I_G,1I_G,1I,FJ898401,10690,105.0201395,2006,Viet Nam: South,Viet Nam,FJ898401,2006
61,FJ898402.1|2006,1I_G,1I_G,1I,FJ898402,10690,105.0201395,2006,Viet Nam: South,Viet Nam,FJ898402,2006
62,FJ898403.1|2006,1I_G,1I_G,1I,FJ898403,10690,105.0201395,2006,Viet Nam: South,Viet Nam,FJ898403,2006
63,FJ898404.1|2006,1I_C,1I_C,1I,FJ898404,10689,105.0103154,2006,Viet Nam: South,Viet Nam,FJ898404,2006
64,FJ898405.1|2006,1I_C,1I_C,1I,FJ898405,10679,104.9120739,2006,Viet Nam: South,Viet Nam,FJ898405,2006
65,FJ898406.1|2006,1I_C,1I_C,1I,FJ898406,10690,105.0201395,2006,Viet Nam: South,Viet Nam,FJ898406,2006
66,FJ898407.1|2006,1I_D,1I_D,1I,FJ898407,10672,104.8433048,2006,Viet Nam: South,Viet Nam,FJ898407,2006
67,FJ898408.1|2006,1I_C,1I_C,1I,FJ898408,10690,105.0201395,2006,Viet Nam: South,Viet Nam,FJ898408,2006
68,FJ898409.1|2006,1I_C,1I_C,1I,FJ898409,10684,104.9611946,2006,Viet Nam: South,Viet Nam,FJ898409,2006
69,FJ898410.1|2006,1I_G,1I_G,1I,FJ898410,10690,105.0201395,2006,Viet Nam: South,Viet Nam,FJ898410,2006
70,FJ898411.1|2006,1I_G,1I_G,1I,FJ898411,10690,105.0201395,2006,Viet Nam: South,Viet Nam,FJ898411,2006
71,FJ898412.1|2006,1I_C,1I_C,1I,FJ898412,10672,104.8433048,2006,Viet Nam: South,Viet Nam,FJ898412,2006
72,FJ898413.1|2006,1I_G,1I_G,1I,FJ898413,10684,104.9611946,2006,Viet Nam: South,Viet Nam,FJ898413,2006
73,FJ898414.1|2006,1I_C,1I_C,1I,FJ898414,10679,104.9120739,2006,Viet Nam: South,Viet Nam,FJ898414,2006
74,FJ898415.1|2006,1I_C,1I_C,1I,FJ898415,10672,104.8433048,2006,Viet Nam: South,Viet Nam,FJ898415,2006
75,FJ898416.1|2006,1I_C,1I_C,1I,FJ898416,10689,105.0103154,2006,Viet Nam: South,Viet Nam,FJ898416,2006
76,FJ898417.1|2006,1I_G,1I_G,1I,FJ898417,10690,105.0201395,2006,Viet Nam: South,Viet Nam,FJ898417,2006
77,FJ898418.1|2006,1I_G,1I_G,1I,FJ898418,10683,104.9513705,2006,Viet Nam: South,Viet Nam,FJ898418,2006
78,FJ898419.1|2006,1I_G,1I_G,1I,FJ898419,10676,104.8826014,2006,Viet Nam: South,Viet Nam,FJ898419,2006
79,FJ898420.1|2006,1I_K.7,1I_K,1I,FJ898420,10676,104.8826014,2006,Viet Nam: South,Viet Nam,FJ898420,2006
80,FJ898421.1|2006,1I_K.7,1I_K,1I,FJ898421,10690,105.0201395,2006,Viet Nam: South,Viet Nam,FJ898421,2006
81,FJ898422.1|2006,1I_G,1I_G,1I,FJ898422,10690,105.0201395,2006,Viet Nam: South,Viet Nam,FJ898422,2006
82,FJ898423.1|2006,1I_D,1I_D,1I,FJ898423,10679,104.9120739,2006,Viet Nam: South,Viet Nam,FJ898423,2006
83,FJ898424.1|2006,1I_D,1I_D,1I,FJ898424,10690,105.0201395,2006,Viet Nam: South,Viet Nam,FJ898424,2006
84,FJ898425.1|2006,1I_C,1I_C,1I,FJ898425,10691,105.0299637,2006,Viet Nam: South,Viet Nam,FJ898425,2006
85,FJ898426.1|2006,1I_G,1I_G,1I,FJ898426,10688,105.0004912,2006,Viet Nam: South,Viet Nam,FJ898426,2006
86,FJ898427.1|2006,1I_C,1I_C,1I,FJ898427,10689,105.0103154,2006,Viet Nam: South,Viet Nam,FJ898427,2006
87,FJ898428.1|2006,1I_C,1I_C,1I,FJ898428,10691,105.0299637,2006,Viet Nam: South,Viet Nam,FJ898428,2006
88,FJ898429.1|2006,1I_D,1I_D,1I,FJ898429,10688,105.0004912,2006,Viet Nam: South,Viet Nam,FJ898429,2006
89,FJ898430.1|2006,1I_G,1I_G,1I,FJ898430,10673,104.853129,2006,Viet Nam: South,Viet Nam,FJ898430,2006
90,FJ898431.1|2006,1I_G,1I_G,1I,FJ898431,10690,105.0201395,2006,Viet Nam: South,Viet Nam,FJ898431,2006
91,FJ898433.1|2007,1V_C,1V_C,1V,FJ898433,10684,104.9611946,2007,Nicaragua: Managua,Nicaragua,FJ898433,2007
92,FJ898437.1|2004,1V_C,1V_C,1V,FJ898437,10678,104.9022497,2004,Nicaragua: Managua,Nicaragua,FJ898437,2004
93,FJ898448.1|2001,1IV_A,1IV_A,1IV,FJ898448,10676,104.8826014,2001,French Polynesia: Tahiti,French Polynesia,FJ898448,2001
94,FJ906728.1|2007,1I_K.7,1I_K,1I,FJ906728,10676,104.8826014,2007,Viet Nam: South,Viet Nam,FJ906728,2007
95,FJ906963.1|2007,1I_E,1I_E,1I,FJ906963,10675,104.8727773,2007,Viet Nam: South,Viet Nam,FJ906963,2007
96,FJ906964.1|2007,1I_G,1I_G,1I,FJ906964,10672,104.8433048,2007,Viet Nam: South,Viet Nam,FJ906964,2007
97,FJ906965.1|2007,1I_G,1I_G,1I,FJ906965,10676,104.8826014,2007,Viet Nam: South,Viet Nam,FJ906965,2007
98,FJ810415.1|2005,1V_E,1V_E,1V,FJ810415,10685,104.9710188,2005,Venezuela: Aragua,Venezuela,FJ810415,2005
99,FJ810419.1|2006,1V_C,1V_C,1V,FJ810419,10690,105.0201395,2006,Nicaragua: Carazo,Nicaragua,FJ810419,2006
100,FJ850068.1|2001,1I_H,1I_H,1I,FJ850068,10676,104.8826014,2001,Thailand: Kampheange Phet,Thailand,FJ850068,2001
101,FJ850069.1|2003,1I_D,1I_D,1I,FJ850069,10646,104.587877,2003,Cambodia: TAK,Cambodia,FJ850069,2003
102,FJ850070.1|2000,1V_A,1V_A,1V,FJ850070,10677,104.8924256,2000,Brazil: Northern,Brazil,FJ850070,2000
103,FJ850071.1|2000,1V_A,1V_A,1V,FJ850071,10685,104.9710188,2000,Brazil: Northern,Brazil,FJ850071,2000
104,FJ850073.1|2001,1V_H,1V_H,1V,FJ850073,10692,105.0397878,2001,Brazil: North east,Brazil,FJ850073,2001
105,FJ850075.1|2002,1V_A,1V_A,1V,FJ850075,10683,104.9513705,2002,Brazil: Northern,Brazil,FJ850075,2002
106,FJ850077.1|2003,1V_A,1V_A,1V,FJ850077,10684,104.9611946,2003,Brazil: Northern,Brazil,FJ850077,2003
107,FJ850081.1|2004,1V_A,1V_A,1V,FJ850081,10688,105.0004912,2004,Brazil: Northern,Brazil,FJ850081,2004
108,FJ850084.1|2005,1V_A,1V_A,1V,FJ850084,10686,104.9808429,2005,Brazil: Northern,Brazil,FJ850084,2005
109,FJ850087.1|2006,1V_A,1V_A,1V,FJ850087,10690,105.0201395,2006,Brazil: Northern,Brazil,FJ850087,2006
110,FJ850090.1|2007,1V_A,1V_A,1V,FJ850090,10673,104.853129,2007,Brazil: Northern,Brazil,FJ850090,2007
111,FJ850093.1|2008,1V_F,1V_F,1V,FJ850093,10690,105.0201395,2008,Brazil: Northern,Brazil,FJ850093,2008
112,FJ850099.1|2007,1V_F,1V_F,1V,FJ850099,10685,104.9710188,2007,Venezuela: Aragua,Venezuela,FJ850099,2007
113,FJ850100.1|2007,1V_F,1V_F,1V,FJ850100,10690,105.0201395,2007,Venezuela: Aragua,Venezuela,FJ850100,2007
114,FJ850101.1|2007,1V_F,1V_F,1V,FJ850101,10690,105.0201395,2007,Venezuela: Aragua,Venezuela,FJ850101,2007
115,FJ850102.1|2007,1V_E,1V_E,1V,FJ850102,10690,105.0201395,2007,Venezuela: Aragua,Venezuela,FJ850102,2007
116,FJ850103.1|2008,1V_E,1V_E,1V,FJ850103,10678,104.9022497,2008,Venezuela: Aragua,Venezuela,FJ850103,2008
117,FJ850104.1|2008,1V,1V,1V,FJ850104,10690,105.0201395,2008,Venezuela: Aragua,Venezuela,FJ850104,2008
118,FJ850113.1|2005,1V_C,1V_C,1V,FJ850113,10690,105.0201395,2005,Nicaragua: Managua,Nicaragua,FJ850113,2005
119,FJ850114.1|2005,1V_C,1V_C,1V,FJ850114,10714,105.255919,2005,Nicaragua: Managua,Nicaragua,FJ850114,2005
120,FJ687426.1|2001,1I_H,1I_H,1I,FJ687426,10676,104.8826014,2001,Thailand: Kampheange Phet,Thailand,FJ687426,2001
121,FJ687427.1|2001,1I_H,1I_H,1I,FJ687427,10672,104.8433048,2001,Thailand: Kampheange Phet,Thailand,FJ687427,2001
122,FJ687428.1|2001,1I_H,1I_H,1I,FJ687428,10677,104.8924256,2001,Thailand: Kampheange Phet,Thailand,FJ687428,2001
123,FJ687429.1|2001,1I_H,1I_H,1I,FJ687429,10676,104.8826014,2001,Thailand: Kampheange Phet,Thailand,FJ687429,2001
124,FJ687430.1|2001,1I_J,1I_J,1I,FJ687430,10676,104.8826014,2001,Thailand: Kampheange Phet,Thailand,FJ687430,2001
125,FJ687431.1|2001,1I_H,1I_H,1I,FJ687431,10676,104.8826014,2001,Thailand: Kampheange Phet,Thailand,FJ687431,2001
126,FJ687432.1|2001,1I_J,1I_J,1I,FJ687432,10690,105.0201395,2001,Thailand: Kampheange Phet,Thailand,FJ687432,2001
127,FJ687433.1|2001,1I_J,1I_J,1I,FJ687433,10673,104.853129,2001,Thailand: Kampheange Phet,Thailand,FJ687433,2001
128,FJ744701.1|2004,1V_F,1V_F,1V,FJ744701,10641,104.5387563,2004,Venezuela: Aragua,Venezuela,FJ744701,2004
129,FJ744702.1|2006,1I_E,1I_E,1I,FJ744702,10690,105.0201395,2006,Cambodia: KCH,Cambodia,FJ744702,2006
130,FJ432723.1|2007,1I_C,1I_C,1I,FJ432723,10690,105.0201395,2007,Viet Nam: South,Viet Nam,FJ432723,2007
131,FJ432725.1|2007,1I_E,1I_E,1I,FJ432725,10676,104.8826014,2007,Viet Nam: South,Viet Nam,FJ432725,2007
132,FJ432727.1|2007,1I_E,1I_E,1I,FJ432727,10688,105.0004912,2007,Viet Nam: South,Viet Nam,FJ432727,2007
133,FJ432729.1|2007,1I_C,1I_C,1I,FJ432729,10689,105.0103154,2007,Viet Nam: South,Viet Nam,FJ432729,2007
134,FJ432730.1|2007,1I_G,1I_G,1I,FJ432730,10688,105.0004912,2007,Viet Nam: South,Viet Nam,FJ432730,2007
135,FJ432732.1|2007,1I_E,1I_E,1I,FJ432732,10713,105.2460949,2007,Viet Nam: South,Viet Nam,FJ432732,2007
136,FJ432733.1|2007,1I_C,1I_C,1I,FJ432733,10689,105.0103154,2007,Viet Nam: South,Viet Nam,FJ432733,2007
137,FJ432734.1|2007,1I_K.7,1I_K,1I,FJ432734,10689,105.0103154,2007,Viet Nam: South,Viet Nam,FJ432734,2007
138,FJ432735.1|2007,1I_G,1I_G,1I,FJ432735,10690,105.0201395,2007,Viet Nam: South,Viet Nam,FJ432735,2007
139,FJ432736.1|2007,1I_K.7,1I_K,1I,FJ432736,10690,105.0201395,2007,Viet Nam: South,Viet Nam,FJ432736,2007
140,FJ432737.1|2007,1I_E,1I_E,1I,FJ432737,10690,105.0201395,2007,Viet Nam: South,Viet Nam,FJ432737,2007
141,FJ432738.1|2007,1I_E,1I_E,1I,FJ432738,10689,105.0103154,2007,Viet Nam: South,Viet Nam,FJ432738,2007
142,FJ432739.1|2007,1I_G,1I_G,1I,FJ432739,10690,105.0201395,2007,Viet Nam: South,Viet Nam,FJ432739,2007
143,FJ432740.1|2007,1I_E,1I_E,1I,FJ432740,10682,104.9415463,2007,Viet Nam: South,Viet Nam,FJ432740,2007
144,FJ432742.1|2007,1I_C,1I_C,1I,FJ432742,10671,104.8334807,2007,Viet Nam: South,Viet Nam,FJ432742,2007
145,FJ432744.1|2007,1I_G,1I_G,1I,FJ432744,10690,105.0201395,2007,Viet Nam: South,Viet Nam,FJ432744,2007
146,FJ432745.1|2007,1I_E,1I_E,1I,FJ432745,10680,104.921898,2007,Viet Nam: South,Viet Nam,FJ432745,2007
147,FJ432746.1|2007,1I_G,1I_G,1I,FJ432746,10684,104.9611946,2007,Viet Nam: South,Viet Nam,FJ432746,2007
148,FJ432747.1|2007,1I_K.7,1I_K,1I,FJ432747,10690,105.0201395,2007,Viet Nam: South,Viet Nam,FJ432747,2007
149,FJ432748.1|2007,1I_E,1I_E,1I,FJ432748,10675,104.8727773,2007,Viet Nam: South,Viet Nam,FJ432748,2007
150,FJ432749.1|2007,1I_C,1I_C,1I,FJ432749,10690,105.0201395,2007,Viet Nam: South,Viet Nam,FJ432749,2007
151,FJ461306.1|2007,1I_E,1I_E,1I,FJ461306,10690,105.0201395,2007,Viet Nam: South,Viet Nam,FJ461306,2007
152,FJ461307.1|2008,1I_H.2,1I_H,1I,FJ461307,10689,105.0103154,2008,Viet Nam: South,Viet Nam,FJ461307,2008
153,FJ461308.1|2008,1I_G,1I_G,1I,FJ461308,10674,104.8629531,2008,Viet Nam: South,Viet Nam,FJ461308,2008
154,FJ461310.1|2008,1I_E,1I_E,1I,FJ461310,10676,104.8826014,2008,Viet Nam: South,Viet Nam,FJ461310,2008
155,FJ461312.1|2007,1I_G,1I_G,1I,FJ461312,10690,105.0201395,2007,Viet Nam: South,Viet Nam,FJ461312,2007
156,FJ461313.1|2007,1I_K.7,1I_K,1I,FJ461313,10690,105.0201395,2007,Viet Nam: South,Viet Nam,FJ461313,2007
157,FJ461315.1|2007,1I_E,1I_E,1I,FJ461315,10690,105.0201395,2007,Viet Nam: South,Viet Nam,FJ461315,2007
158,FJ461316.1|2007,1I_E,1I_E,1I,FJ461316,10690,105.0201395,2007,Viet Nam: South,Viet Nam,FJ461316,2007
159,FJ461317.1|2007,1I_K.7,1I_K,1I,FJ461317,10690,105.0201395,2007,Viet Nam: South,Viet Nam,FJ461317,2007
160,FJ461318.1|2007,1I_D,1I_D,1I,FJ461318,10690,105.0201395,2007,Viet Nam: South,Viet Nam,FJ461318,2007
161,FJ461319.1|2007,1I_E,1I_E,1I,FJ461319,10690,105.0201395,2007,Viet Nam: South,Viet Nam,FJ461319,2007
162,FJ461323.1|2007,1I_K.7,1I_K,1I,FJ461323,10676,104.8826014,2007,Viet Nam: South,Viet Nam,FJ461323,2007
163,FJ461324.1|2007,1I_K.7,1I_K,1I,FJ461324,10690,105.0201395,2007,Viet Nam: South,Viet Nam,FJ461324,2007
164,FJ461325.1|2007,1I_E,1I_E,1I,FJ461325,10677,104.8924256,2007,Viet Nam: South,Viet Nam,FJ461325,2007
165,FJ461327.1|2007,1I_E,1I_E,1I,FJ461327,10676,104.8826014,2007,Viet Nam: South,Viet Nam,FJ461327,2007
166,FJ461330.1|2008,1I_E,1I_E,1I,FJ461330,10635,104.4798114,2008,Viet Nam: South,Viet Nam,FJ461330,2008
167,FJ461331.1|2008,1I_K.7,1I_K,1I,FJ461331,10690,105.0201395,2008,Viet Nam: South,Viet Nam,FJ461331,2008
168,FJ461332.1|2008,1I_K.7,1I_K,1I,FJ461332,10690,105.0201395,2008,Viet Nam: South,Viet Nam,FJ461332,2008
169,FJ461333.1|2007,1I_E,1I_E,1I,FJ461333,10690,105.0201395,2007,Viet Nam: South,Viet Nam,FJ461333,2007
170,FJ461335.1|2008,1I_C,1I_C,1I,FJ461335,10690,105.0201395,2008,Viet Nam: South,Viet Nam,FJ461335,2008
171,FJ461336.1|2008,1I_E,1I_E,1I,FJ461336,10690,105.0201395,2008,Viet Nam: South,Viet Nam,FJ461336,2008
172,FJ461339.1|2008,1I_G,1I_G,1I,FJ461339,10690,105.0201395,2008,Viet Nam: South,Viet Nam,FJ461339,2008
173,FJ461340.1|2008,1I_E,1I_E,1I,FJ461340,10690,105.0201395,2008,Viet Nam: South,Viet Nam,FJ461340,2008
174,FJ461341.1|2008,1I_E,1I_E,1I,FJ461341,10690,105.0201395,2008,Viet Nam: South,Viet Nam,FJ461341,2008
175,FJ547060.1|2007,1I_C,1I_C,1I,FJ547060,10684,104.9611946,2007,Viet Nam: South,Viet Nam,FJ547060,2007
176,FJ547063.1|2007,1I_E,1I_E,1I,FJ547063,10672,104.8433048,2007,Viet Nam: South,Viet Nam,FJ547063,2007
177,FJ547065.1|2007,1I_E,1I_E,1I,FJ547065,10674,104.8629531,2007,Viet Nam: South,Viet Nam,FJ547065,2007
178,FJ547068.1|2006,1V_C,1V_C,1V,FJ547068,10675,104.8727773,2006,Nicaragua: Managua,Nicaragua,FJ547068,2006
179,FJ547086.1|1995,1V,1V,1V,FJ547086,10690,105.0201395,1995,USA: Puerto Rico,USA,FJ547086,1995
180,FJ547087.1|1992,1V,1V,1V,FJ547087,10690,105.0201395,1992,USA: Puerto Rico,USA,FJ547087,1992
181,FJ547088.1|2008,1V_C,1V_C,1V,FJ547088,10690,105.0201395,2008,Nicaragua: Managua,Nicaragua,FJ547088,2008
182,FJ547089.1|2005,1V_C,1V_C,1V,FJ547089,10690,105.0201395,2005,Nicaragua: Managua,Nicaragua,FJ547089,2005
183,FJ562101.1|2007,1I_G,1I_G,1I,FJ562101,10690,105.0201395,2007,Viet Nam: South,Viet Nam,FJ562101,2007
184,FJ562104.1|2006,1V_C,1V_C,1V,FJ562104,10688,105.0004912,2006,Nicaragua: Rivas,Nicaragua,FJ562104,2006
185,FJ562105.1|1993,1V,1V,1V,FJ562105,10690,105.0201395,1993,USA: Puerto Rico,USA,FJ562105,1993
186,FJ562106.1|1986,1V,1V,1V,FJ562106,10690,105.0201395,1986,USA: Puerto Rico,USA,FJ562106,1986
187,FJ639669.1|2000,1I_K.7,1I_K,1I,FJ639669,10690,105.0201395,2000,Cambodia: BTB,Cambodia,FJ639669,2000
188,FJ639670.1|2001,1I_K.7,1I_K,1I,FJ639670,10693,105.0496119,2001,Cambodia: PHP,Cambodia,FJ639670,2001
189,FJ639671.1|2001,1I_D,1I_D,1I,FJ639671,10690,105.0201395,2001,Cambodia: KCH,Cambodia,FJ639671,2001
190,FJ639672.1|2001,1I_K.7,1I_K,1I,FJ639672,10682,104.9415463,2001,Cambodia: BTB,Cambodia,FJ639672,2001
191,FJ639673.1|2001,1I_D,1I_D,1I,FJ639673,10690,105.0201395,2001,Cambodia: KCH,Cambodia,FJ639673,2001
192,FJ639674.1|2002,1I_G,1I_G,1I,FJ639674,10673,104.853129,2002,Cambodia: KCH,Cambodia,FJ639674,2002
193,FJ639675.1|2003,1I_G,1I_G,1I,FJ639675,10684,104.9611946,2003,Cambodia: TAK,Cambodia,FJ639675,2003
194,FJ639676.1|2003,1I_D,1I_D,1I,FJ639676,10690,105.0201395,2003,Cambodia: PHP,Cambodia,FJ639676,2003
195,FJ639677.1|2003,1I_K.7,1I_K,1I,FJ639677,10690,105.0201395,2003,Cambodia: KCH,Cambodia,FJ639677,2003
196,FJ639678.1|2003,1I_D,1I_D,1I,FJ639678,10690,105.0201395,2003,Cambodia: KRA,Cambodia,FJ639678,2003
197,FJ639679.1|2003,1I_E,1I_E,1I,FJ639679,10690,105.0201395,2003,Cambodia: KCH,Cambodia,FJ639679,2003
198,FJ639680.1|2003,1I_K.7,1I_K,1I,FJ639680,10690,105.0201395,2003,Cambodia: PHP,Cambodia,FJ639680,2003
199,FJ639681.1|2003,1I_K.7,1I_K,1I,FJ639681,10676,104.8826014,2003,Cambodia: PHP,Cambodia,FJ639681,2003
200,FJ639682.1|2004,1I_K.7,1I_K,1I,FJ639682,10690,105.0201395,2004,Cambodia: PHP,Cambodia,FJ639682,2004
201,FJ639683.1|2005,1I_E,1I_E,1I,FJ639683,10674,104.8629531,2005,Cambodia: BTB,Cambodia,FJ639683,2005
202,FJ639684.1|2005,1I_G,1I_G,1I,FJ639684,10676,104.8826014,2005,Cambodia: KSP,Cambodia,FJ639684,2005
203,FJ639685.1|2005,1I_E,1I_E,1I,FJ639685,10690,105.0201395,2005,Cambodia: BTB,Cambodia,FJ639685,2005
204,FJ639686.1|2006,1I_E,1I_E,1I,FJ639686,10690,105.0201395,2006,Cambodia: KCH,Cambodia,FJ639686,2006
205,FJ639687.1|2006,1I_G,1I_G,1I,FJ639687,10690,105.0201395,2006,Cambodia: KCH,Cambodia,FJ639687,2006
206,FJ639688.1|2007,1I_E,1I_E,1I,FJ639688,10690,105.0201395,2007,Cambodia: KCH,Cambodia,FJ639688,2007
207,FJ639689.1|2007,1I_E,1I_E,1I,FJ639689,10684,104.9611946,2007,Cambodia: KSP,Cambodia,FJ639689,2007
208,FJ639690.1|2007,1I_E,1I_E,1I,FJ639690,10690,105.0201395,2007,Cambodia: KSP,Cambodia,FJ639690,2007
209,FJ639691.1|2007,1I_G,1I_G,1I,FJ639691,10690,105.0201395,2007,Cambodia: BTB,Cambodia,FJ639691,2007
210,FJ639692.1|2007,1I_E,1I_E,1I,FJ639692,10690,105.0201395,2007,Cambodia: KCH,Cambodia,FJ639692,2007
211,FJ639693.1|2007,1I_G,1I_G,1I,FJ639693,10684,104.9611946,2007,Cambodia: KSP,Cambodia,FJ639693,2007
212,FJ639694.1|2007,1I_E,1I_E,1I,FJ639694,10684,104.9611946,2007,Cambodia: KCH,Cambodia,FJ639694,2007
213,FJ639695.1|2007,1I_E,1I_E,1I,FJ639695,10636,104.4896355,2007,Cambodia: KCH,Cambodia,FJ639695,2007
214,FJ639696.1|2007,1I_G,1I_G,1I,FJ639696,10684,104.9611946,2007,Cambodia: KCH,Cambodia,FJ639696,2007
215,FJ639735.1|1997,1V_B,1V_B,1V,FJ639735,10675,104.8727773,1997,Venezuela: Aragua,Venezuela,FJ639735,1997
216,FJ639740.1|1998,1V,1V,1V,FJ639740,10684,104.9611946,1998,Venezuela: Aragua,Venezuela,FJ639740,1998
217,FJ639741.1|1998,1V,1V,1V,FJ639741,10690,105.0201395,1998,Venezuela: Aragua,Venezuela,FJ639741,1998
218,FJ639743.1|1999,1V,1V,1V,FJ639743,10674,104.8629531,1999,Venezuela: Aragua,Venezuela,FJ639743,1999
219,FJ639794.1|2004,1V_F,1V_F,1V,FJ639794,10676,104.8826014,2004,Venezuela: Aragua,Venezuela,FJ639794,2004
220,FJ639796.1|2004,1V_F,1V_F,1V,FJ639796,10676,104.8826014,2004,Venezuela: Aragua,Venezuela,FJ639796,2004
221,FJ639797.1|2004,1V_F,1V_F,1V,FJ639797,10676,104.8826014,2004,Venezuela: Aragua,Venezuela,FJ639797,2004
222,FJ639802.1|2004,1V_F,1V_F,1V,FJ639802,10691,105.0299637,2004,Venezuela: Aragua,Venezuela,FJ639802,2004
223,FJ639806.1|2007,1V_F,1V_F,1V,FJ639806,10685,104.9710188,2007,Venezuela: Aragua,Venezuela,FJ639806,2007
224,FJ639808.1|2005,1V_F,1V_F,1V,FJ639808,10691,105.0299637,2005,Venezuela: Aragua,Venezuela,FJ639808,2005
225,FJ639811.1|2005,1V_E,1V_E,1V,FJ639811,10684,104.9611946,2005,Venezuela: Aragua,Venezuela,FJ639811,2005
226,FJ639812.1|2005,1V_F,1V_F,1V,FJ639812,10640,104.5289321,2005,Venezuela: Aragua,Venezuela,FJ639812,2005
227,FJ639813.1|2005,1V_F,1V_F,1V,FJ639813,10691,105.0299637,2005,Venezuela: Aragua,Venezuela,FJ639813,2005
228,FJ639814.1|2005,1V_E,1V_E,1V,FJ639814,10677,104.8924256,2005,Venezuela: Aragua,Venezuela,FJ639814,2005
229,FJ639815.1|2006,1V_E,1V_E,1V,FJ639815,10673,104.853129,2006,Venezuela: Aragua,Venezuela,FJ639815,2006
230,FJ639818.1|2006,1V_F,1V_F,1V,FJ639818,10690,105.0201395,2006,Venezuela: Aragua,Venezuela,FJ639818,2006
231,FJ639819.1|2006,1V_E,1V_E,1V,FJ639819,10684,104.9611946,2006,Venezuela: Aragua,Venezuela,FJ639819,2006
232,FJ639820.1|2006,1V_F,1V_F,1V,FJ639820,10650,104.6271736,2006,Venezuela: Aragua,Venezuela,FJ639820,2006
233,FJ639821.1|2006,1V_E,1V_E,1V,FJ639821,10684,104.9611946,2006,Venezuela: Aragua,Venezuela,FJ639821,2006
234,FJ639823.1|2006,1V_F,1V_F,1V,FJ639823,10675,104.8727773,2006,Venezuela: Aragua,Venezuela,FJ639823,2006
235,FJ639824.1|2006,1V_F,1V_F,1V,FJ639824,10691,105.0299637,2006,Venezuela: Aragua,Venezuela,FJ639824,2006
236,FJ432719.1|2007,1I_E,1I_E,1I,FJ432719,10690,105.0201395,2007,Viet Nam: South,Viet Nam,FJ432719,2007
237,FJ432720.1|2005,1V_C,1V_C,1V,FJ432720,10690,105.0201395,2005,Nicaragua: Managua,Nicaragua,FJ432720,2005
238,FJ432721.1|2005,1V_C,1V_C,1V,FJ432721,10690,105.0201395,2005,Nicaragua: Managua,Nicaragua,FJ432721,2005
239,FJ461303.1|2007,1I_E,1I_E,1I,FJ461303,10691,105.0299637,2007,Viet Nam: South,Viet Nam,FJ461303,2007
240,FJ478457.1|1996,1V,1V,1V,FJ478457,10676,104.8826014,1996,USA: Puerto Rico,USA,FJ478457,1996
241,FJ478458.1|1987,1V_J,1V_J,1V,FJ478458,10680,104.921898,1987,USA: Puerto Rico,USA,FJ478458,1987
242,FJ373296.1|2006,1I_K.7,1I_K,1I,FJ373296,10690,105.0201395,2006,Viet Nam: South,Viet Nam,FJ373296,2006
243,FJ373297.1|2007,1I_D,1I_D,1I,FJ373297,10690,105.0201395,2007,Viet Nam: South,Viet Nam,FJ373297,2007
244,FJ373298.1|2007,1I_E,1I_E,1I,FJ373298,10690,105.0201395,2007,Viet Nam: South,Viet Nam,FJ373298,2007
245,FJ373305.1|2006,1I_E,1I_E,1I,FJ373305,10690,105.0201395,2006,Viet Nam: South,Viet Nam,FJ373305,2006
246,FJ390374.1|1995,1V_J,1V_J,1V,FJ390374,10690,105.0201395,1995,USA: Puerto Rico,USA,FJ390374,1995
247,FJ390378.1|1998,1V_J,1V_J,1V,FJ390378,10690,105.0201395,1998,USA: Puerto Rico,USA,FJ390378,1998
248,FJ390379.1|1998,1V_J,1V_J,1V,FJ390379,10690,105.0201395,1998,USA: Puerto Rico,USA,FJ390379,1998
249,FJ390380.1|1998,1V_J,1V_J,1V,FJ390380,10690,105.0201395,1998,USA: Puerto Rico,USA,FJ390380,1998
250,FJ390381.1|2007,1I_E,1I_E,1I,FJ390381,10690,105.0201395,2007,Viet Nam: South,Viet Nam,FJ390381,2007
251,FJ390382.1|2007,1I_E,1I_E,1I,FJ390382,10690,105.0201395,2007,Viet Nam: South,Viet Nam,FJ390382,2007
252,FJ390383.1|2007,1I_E,1I_E,1I,FJ390383,10713,105.2460949,2007,Viet Nam: South,Viet Nam,FJ390383,2007
253,FJ390386.1|2007,1I_E,1I_E,1I,FJ390386,10690,105.0201395,2007,Viet Nam: South,Viet Nam,FJ390386,2007
254,FJ390388.1|2007,1I_E,1I_E,1I,FJ390388,10690,105.0201395,2007,Viet Nam: South,Viet Nam,FJ390388,2007
255,FJ410173.1|1998,1V_J,1V_J,1V,FJ410173,10690,105.0201395,1998,USA: Puerto Rico,USA,FJ410173,1998
256,FJ410174.1|1995,1V_J,1V_J,1V,FJ410174,10690,105.0201395,1995,USA: Puerto Rico,USA,FJ410174,1995
257,FJ410175.1|1994,1V_J,1V_J,1V,FJ410175,10690,105.0201395,1994,USA: Puerto Rico,USA,FJ410175,1994
258,FJ410179.1|1994,1V_J,1V_J,1V,FJ410179,10690,105.0201395,1994,USA: Puerto Rico,USA,FJ410179,1994
259,FJ410180.1|1995,1V_J,1V_J,1V,FJ410180,10690,105.0201395,1995,USA: Puerto Rico,USA,FJ410180,1995
260,FJ410181.1|1995,1V_J,1V_J,1V,FJ410181,10671,104.8334807,1995,USA: Puerto Rico,USA,FJ410181,1995
261,FJ410182.1|1996,1V_J,1V_J,1V,FJ410182,10690,105.0201395,1996,USA: Puerto Rico,USA,FJ410182,1996
262,FJ410183.1|1993,1V_J,1V_J,1V,FJ410183,10690,105.0201395,1993,USA: Puerto Rico,USA,FJ410183,1993
263,FJ410184.1|1993,1V_J,1V_J,1V,FJ410184,10744,105.5506435,1993,USA: Puerto Rico,USA,FJ410184,1993
264,FJ410185.1|1993,1V_J,1V_J,1V,FJ410185,10690,105.0201395,1993,USA: Puerto Rico,USA,FJ410185,1993
265,FJ410186.1|1992,1V,1V,1V,FJ410186,10690,105.0201395,1992,USA: Puerto Rico,USA,FJ410186,1992
266,FJ410187.1|1992,1V_J,1V_J,1V,FJ410187,10690,105.0201395,1992,USA: Puerto Rico,USA,FJ410187,1992
267,FJ410188.1|1996,1V,1V,1V,FJ410188,10690,105.0201395,1996,USA: Puerto Rico,USA,FJ410188,1996
268,FJ410189.1|1996,1V_J,1V_J,1V,FJ410189,10690,105.0201395,1996,USA: Puerto Rico,USA,FJ410189,1996
269,FJ410190.1|1987,1V_J,1V_J,1V,FJ410190,10684,104.9611946,1987,USA: Puerto Rico,USA,FJ410190,1987
270,FJ410191.1|2008,1I_G,1I_G,1I,FJ410191,10674,104.8629531,2008,Viet Nam: South,Viet Nam,FJ410191,2008
271,FJ410192.1|2008,1I_E,1I_E,1I,FJ410192,10658,104.7057668,2008,Viet Nam: South,Viet Nam,FJ410192,2008
272,FJ410194.1|2007,1I_E,1I_E,1I,FJ410194,10681,104.9317222,2007,Viet Nam: South,Viet Nam,FJ410194,2007
273,FJ410196.1|2007,1I_E,1I_E,1I,FJ410196,10689,105.0103154,2007,Viet Nam: South,Viet Nam,FJ410196,2007
274,FJ410197.1|2007,1I_E,1I_E,1I,FJ410197,10683,104.9513705,2007,Viet Nam: South,Viet Nam,FJ410197,2007
275,FJ410198.1|2007,1I_E,1I_E,1I,FJ410198,10675,104.8727773,2007,Viet Nam: South,Viet Nam,FJ410198,2007
276,FJ410199.1|2007,1I_G,1I_G,1I,FJ410199,10676,104.8826014,2007,Viet Nam: South,Viet Nam,FJ410199,2007
277,FJ410201.1|2007,1I_K.7,1I_K,1I,FJ410201,10674,104.8629531,2007,Viet Nam: South,Viet Nam,FJ410201,2007
278,FJ410203.1|2007,1I_K.7,1I_K,1I,FJ410203,10686,104.9808429,2007,Viet Nam: South,Viet Nam,FJ410203,2007
279,FJ410204.1|2007,1I_K.7,1I_K,1I,FJ410204,10671,104.8334807,2007,Viet Nam: South,Viet Nam,FJ410204,2007
280,FJ410205.1|2007,1I_E,1I_E,1I,FJ410205,10676,104.8826014,2007,Viet Nam: South,Viet Nam,FJ410205,2007
281,FJ410206.1|2007,1I_E,1I_E,1I,FJ410206,10694,105.0594361,2007,Viet Nam: South,Viet Nam,FJ410206,2007
282,FJ410207.1|2007,1I_G,1I_G,1I,FJ410207,10683,104.9513705,2007,Viet Nam: South,Viet Nam,FJ410207,2007
283,FJ410209.1|2007,1I_K.7,1I_K,1I,FJ410209,10678,104.9022497,2007,Viet Nam: South,Viet Nam,FJ410209,2007
284,FJ410210.1|2007,1I_E,1I_E,1I,FJ410210,10672,104.8433048,2007,Viet Nam: South,Viet Nam,FJ410210,2007
285,FJ410211.1|2007,1I_K.7,1I_K,1I,FJ410211,10672,104.8433048,2007,Viet Nam: South,Viet Nam,FJ410211,2007
286,FJ410212.1|2007,1I_H.2,1I_H,1I,FJ410212,10672,104.8433048,2007,Viet Nam: South,Viet Nam,FJ410212,2007
287,FJ410213.1|2008,1I_C,1I_C,1I,FJ410213,10670,104.8236565,2008,Viet Nam: South,Viet Nam,FJ410213,2008
288,FJ410214.1|2008,1I_C,1I_C,1I,FJ410214,10672,104.8433048,2008,Viet Nam: South,Viet Nam,FJ410214,2008
289,FJ410216.1|2007,1I_G,1I_G,1I,FJ410216,10653,104.656646,2007,Viet Nam: South,Viet Nam,FJ410216,2007
290,FJ410218.1|2007,1I_C,1I_C,1I,FJ410218,10676,104.8826014,2007,Viet Nam: South,Viet Nam,FJ410218,2007
291,FJ410220.1|2008,1I_H.2,1I_H,1I,FJ410220,10672,104.8433048,2008,Viet Nam: South,Viet Nam,FJ410220,2008
292,FJ410222.1|2007,1I_E,1I_E,1I,FJ410222,10669,104.8138324,2007,Viet Nam: South,Viet Nam,FJ410222,2007
293,FJ410225.1|2007,1I_E,1I_E,1I,FJ410225,10674,104.8629531,2007,Viet Nam: South,Viet Nam,FJ410225,2007
294,FJ410226.1|2008,1I_G,1I_G,1I,FJ410226,10690,105.0201395,2008,Viet Nam: South,Viet Nam,FJ410226,2008
295,FJ410227.1|2007,1I_G,1I_G,1I,FJ410227,10680,104.921898,2007,Viet Nam: South,Viet Nam,FJ410227,2007
296,FJ410230.1|2008,1I_E,1I_E,1I,FJ410230,10676,104.8826014,2008,Viet Nam: South,Viet Nam,FJ410230,2008
297,FJ410231.1|2007,1I_D,1I_D,1I,FJ410231,10671,104.8334807,2007,Viet Nam: South,Viet Nam,FJ410231,2007
298,FJ410232.1|2007,1I_K.7,1I_K,1I,FJ410232,10679,104.9120739,2007,Viet Nam: South,Viet Nam,FJ410232,2007
299,FJ410234.1|2007,1I_K.7,1I_K,1I,FJ410234,10690,105.0201395,2007,Viet Nam: South,Viet Nam,FJ410234,2007
300,FJ410235.1|2008,1I_G,1I_G,1I,FJ410235,10679,104.9120739,2008,Viet Nam: South,Viet Nam,FJ410235,2008
301,FJ410236.1|2008,1I_E,1I_E,1I,FJ410236,10690,105.0201395,2008,Viet Nam: South,Viet Nam,FJ410236,2008
302,FJ410238.1|2008,1I_G,1I_G,1I,FJ410238,10690,105.0201395,2008,Viet Nam: South,Viet Nam,FJ410238,2008
303,FJ410239.1|2008,1I_E,1I_E,1I,FJ410239,10690,105.0201395,2008,Viet Nam: South,Viet Nam,FJ410239,2008
304,FJ410240.1|2008,1I_G,1I_G,1I,FJ410240,10690,105.0201395,2008,Viet Nam: South,Viet Nam,FJ410240,2008
305,FJ410242.1|2008,1I_G,1I_G,1I,FJ410242,10690,105.0201395,2008,Viet Nam: South,Viet Nam,FJ410242,2008
306,FJ410243.1|2008,1I_G,1I_G,1I,FJ410243,10690,105.0201395,2008,Viet Nam: South,Viet Nam,FJ410243,2008
307,FJ410244.1|2008,1I_G,1I_G,1I,FJ410244,10690,105.0201395,2008,Viet Nam: South,Viet Nam,FJ410244,2008
308,FJ410245.1|2008,1I_E,1I_E,1I,FJ410245,10684,104.9611946,2008,Viet Nam: South,Viet Nam,FJ410245,2008
309,FJ410246.1|2008,1I_G,1I_G,1I,FJ410246,10688,105.0004912,2008,Viet Nam: South,Viet Nam,FJ410246,2008
310,FJ410247.1|2008,1I_E,1I_E,1I,FJ410247,10690,105.0201395,2008,Viet Nam: South,Viet Nam,FJ410247,2008
311,FJ410248.1|2008,1I_G,1I_G,1I,FJ410248,10690,105.0201395,2008,Viet Nam: South,Viet Nam,FJ410248,2008
312,FJ410249.1|2008,1I_G,1I_G,1I,FJ410249,10690,105.0201395,2008,Viet Nam: South,Viet Nam,FJ410249,2008
313,FJ410250.1|2007,1I_K.7,1I_K,1I,FJ410250,10688,105.0004912,2007,Viet Nam: South,Viet Nam,FJ410250,2007
314,FJ410251.1|2008,1I_C,1I_C,1I,FJ410251,10690,105.0201395,2008,Viet Nam: South,Viet Nam,FJ410251,2008
315,FJ410252.1|2007,1I_G,1I_G,1I,FJ410252,10684,104.9611946,2007,Viet Nam: South,Viet Nam,FJ410252,2007
316,FJ410253.1|2007,1I_G,1I_G,1I,FJ410253,10690,105.0201395,2007,Viet Nam: South,Viet Nam,FJ410253,2007
317,FJ410254.1|2008,1I_G,1I_G,1I,FJ410254,10690,105.0201395,2008,Viet Nam: South,Viet Nam,FJ410254,2008
318,FJ410255.1|2008,1I_E,1I_E,1I,FJ410255,10690,105.0201395,2008,Viet Nam: South,Viet Nam,FJ410255,2008
319,FJ410256.1|2008,1I_G,1I_G,1I,FJ410256,10690,105.0201395,2008,Viet Nam: South,Viet Nam,FJ410256,2008
320,FJ410257.1|2008,1I_K.7,1I_K,1I,FJ410257,10690,105.0201395,2008,Viet Nam: South,Viet Nam,FJ410257,2008
321,FJ410258.1|2008,1I_E,1I_E,1I,FJ410258,10690,105.0201395,2008,Viet Nam: South,Viet Nam,FJ410258,2008
322,FJ410260.1|2008,1I_C,1I_C,1I,FJ410260,10690,105.0201395,2008,Viet Nam: South,Viet Nam,FJ410260,2008
323,FJ410261.1|2008,1I_E,1I_E,1I,FJ410261,10690,105.0201395,2008,Viet Nam: South,Viet Nam,FJ410261,2008
324,FJ410262.1|2008,1I_G,1I_G,1I,FJ410262,10690,105.0201395,2008,Viet Nam: South,Viet Nam,FJ410262,2008
325,FJ410263.1|2008,1I_E,1I_E,1I,FJ410263,10684,104.9611946,2008,Viet Nam: South,Viet Nam,FJ410263,2008
326,FJ410264.1|2008,1I_C,1I_C,1I,FJ410264,10685,104.9710188,2008,Viet Nam: South,Viet Nam,FJ410264,2008
327,FJ410265.1|2008,1I_E,1I_E,1I,FJ410265,10690,105.0201395,2008,Viet Nam: South,Viet Nam,FJ410265,2008
328,FJ410266.1|2008,1I_C,1I_C,1I,FJ410266,10688,105.0004912,2008,Viet Nam: South,Viet Nam,FJ410266,2008
329,FJ410267.1|2008,1I_K.7,1I_K,1I,FJ410267,10690,105.0201395,2008,Viet Nam: South,Viet Nam,FJ410267,2008
330,FJ410268.1|2008,1I_G,1I_G,1I,FJ410268,10690,105.0201395,2008,Viet Nam: South,Viet Nam,FJ410268,2008
331,FJ410269.1|2008,1I_C,1I_C,1I,FJ410269,10688,105.0004912,2008,Viet Nam: South,Viet Nam,FJ410269,2008
332,FJ410270.1|2008,1I_E,1I_E,1I,FJ410270,10688,105.0004912,2008,Viet Nam: South,Viet Nam,FJ410270,2008
333,FJ410272.1|2008,1I_E,1I_E,1I,FJ410272,10690,105.0201395,2008,Viet Nam: South,Viet Nam,FJ410272,2008
334,FJ410273.1|2008,1I_G,1I_G,1I,FJ410273,10690,105.0201395,2008,Viet Nam: South,Viet Nam,FJ410273,2008
335,FJ410274.1|2008,1I_K.7,1I_K,1I,FJ410274,10685,104.9710188,2008,Viet Nam: South,Viet Nam,FJ410274,2008
336,FJ410275.1|2008,1I_E,1I_E,1I,FJ410275,10721,105.3246881,2008,Viet Nam: South,Viet Nam,FJ410275,2008
337,FJ410276.1|2008,1I_E,1I_E,1I,FJ410276,10690,105.0201395,2008,Viet Nam: South,Viet Nam,FJ410276,2008
338,FJ410277.1|2008,1I_E,1I_E,1I,FJ410277,10690,105.0201395,2008,Viet Nam: South,Viet Nam,FJ410277,2008
339,FJ410278.1|2008,1I_E,1I_E,1I,FJ410278,10690,105.0201395,2008,Viet Nam: South,Viet Nam,FJ410278,2008
340,FJ410279.1|2008,1I_G,1I_G,1I,FJ410279,10690,105.0201395,2008,Viet Nam: South,Viet Nam,FJ410279,2008
341,FJ410280.1|2008,1I_K.7,1I_K,1I,FJ410280,10690,105.0201395,2008,Viet Nam: South,Viet Nam,FJ410280,2008
342,FJ410281.1|2008,1I_G,1I_G,1I,FJ410281,10690,105.0201395,2008,Viet Nam: South,Viet Nam,FJ410281,2008
343,FJ410282.1|2008,1I_E,1I_E,1I,FJ410282,10690,105.0201395,2008,Viet Nam: South,Viet Nam,FJ410282,2008
344,FJ410283.1|2008,1I_E,1I_E,1I,FJ410283,10688,105.0004912,2008,Viet Nam: South,Viet Nam,FJ410283,2008
345,FJ410284.1|2008,1I_C,1I_C,1I,FJ410284,10690,105.0201395,2008,Viet Nam: South,Viet Nam,FJ410284,2008
346,FJ410285.1|2008,1I_E,1I_E,1I,FJ410285,10690,105.0201395,2008,Viet Nam: South,Viet Nam,FJ410285,2008
347,FJ410286.1|2008,1I_H.2,1I_H,1I,FJ410286,10690,105.0201395,2008,Viet Nam: South,Viet Nam,FJ410286,2008
348,FJ410287.1|2006,1I_E,1I_E,1I,FJ410287,10690,105.0201395,2006,Viet Nam: South,Viet Nam,FJ410287,2006
349,FJ410289.1|2007,1I_E,1I_E,1I,FJ410289,10679,104.9120739,2007,Viet Nam: South,Viet Nam,FJ410289,2007
350,FJ410290.1|2005,1V_C,1V_C,1V,FJ410290,10690,105.0201395,2005,Nicaragua: Managua,Nicaragua,FJ410290,2005
351,EU863650.1|2002,1IV_A,1IV_A,1IV,EU863650,10735,105.4622262,2002,Chile: Easter Island,Chile,EU863650,2002
352,FJ176779.1|2006,1I_H.1,1I_H,1I,FJ176779,10735,105.4622262,2006,China: Guangdong Province,China,FJ176779,2006
353,FJ176780.1|2006,1I_E,1I_E,1I,FJ176780,10735,105.4622262,2006,China: Guangdong Province,China,FJ176780,2006
354,FJ182003.1|2007,1I_C,1I_C,1I,FJ182003,10690,105.0201395,2007,Viet Nam: South,Viet Nam,FJ182003,2007
355,FJ182018.1|2006,1I_E,1I_E,1I,FJ182018,10690,105.0201395,2006,Viet Nam: South,Viet Nam,FJ182018,2006
356,FJ182019.1|2007,1I_E,1I_E,1I,FJ182019,10690,105.0201395,2007,Viet Nam: South,Viet Nam,FJ182019,2007
357,FJ182020.1|2007,1I_G,1I_G,1I,FJ182020,10675,104.8727773,2007,Viet Nam: South,Viet Nam,FJ182020,2007
358,FJ182021.1|2007,1I_E,1I_E,1I,FJ182021,10690,105.0201395,2007,Viet Nam: South,Viet Nam,FJ182021,2007
359,FJ182022.1|2007,1I_E,1I_E,1I,FJ182022,10690,105.0201395,2007,Viet Nam: South,Viet Nam,FJ182022,2007
360,FJ182023.1|2007,1I_E,1I_E,1I,FJ182023,10690,105.0201395,2007,Viet Nam: South,Viet Nam,FJ182023,2007
361,FJ182024.1|2007,1I_G,1I_G,1I,FJ182024,10675,104.8727773,2007,Viet Nam: South,Viet Nam,FJ182024,2007
362,FJ182025.1|2007,1I_E,1I_E,1I,FJ182025,10690,105.0201395,2007,Viet Nam: South,Viet Nam,FJ182025,2007
363,FJ182026.1|2007,1I_E,1I_E,1I,FJ182026,10690,105.0201395,2007,Viet Nam: South,Viet Nam,FJ182026,2007
364,FJ182027.1|2007,1I_E,1I_E,1I,FJ182027,10690,105.0201395,2007,Viet Nam: South,Viet Nam,FJ182027,2007
365,FJ182028.1|2007,1I_E,1I_E,1I,FJ182028,10690,105.0201395,2007,Viet Nam: South,Viet Nam,FJ182028,2007
366,FJ182029.1|2007,1I_E,1I_E,1I,FJ182029,10690,105.0201395,2007,Viet Nam: South,Viet Nam,FJ182029,2007
367,FJ182030.1|2007,1I_E,1I_E,1I,FJ182030,10690,105.0201395,2007,Viet Nam: South,Viet Nam,FJ182030,2007
368,FJ182031.1|2007,1I_E,1I_E,1I,FJ182031,10690,105.0201395,2007,Viet Nam: South,Viet Nam,FJ182031,2007
369,FJ182032.1|2007,1I_G,1I_G,1I,FJ182032,10691,105.0299637,2007,Viet Nam: South,Viet Nam,FJ182032,2007
370,FJ182033.1|2007,1I_D,1I_D,1I,FJ182033,10690,105.0201395,2007,Viet Nam: South,Viet Nam,FJ182033,2007
371,FJ182034.1|2007,1I_G,1I_G,1I,FJ182034,10676,104.8826014,2007,Viet Nam: South,Viet Nam,FJ182034,2007
372,FJ182035.1|2007,1I_G,1I_G,1I,FJ182035,10691,105.0299637,2007,Viet Nam: South,Viet Nam,FJ182035,2007
373,FJ182036.1|2007,1I_E,1I_E,1I,FJ182036,10690,105.0201395,2007,Viet Nam: South,Viet Nam,FJ182036,2007
374,FJ205876.1|2007,1I_E,1I_E,1I,FJ205876,10690,105.0201395,2007,Viet Nam: South,Viet Nam,FJ205876,2007
375,FJ205881.1|2007,1I_E,1I_E,1I,FJ205881,10690,105.0201395,2007,Viet Nam: South,Viet Nam,FJ205881,2007
376,FJ205882.1|2007,1I_G,1I_G,1I,FJ205882,10684,104.9611946,2007,Viet Nam: South,Viet Nam,FJ205882,2007
377,FJ205883.1|2007,1I_E,1I_E,1I,FJ205883,10690,105.0201395,2007,Viet Nam: South,Viet Nam,FJ205883,2007
378,FJ205884.1|2007,1I_E,1I_E,1I,FJ205884,10690,105.0201395,2007,Viet Nam: South,Viet Nam,FJ205884,2007
379,FJ182002.1|2005,1V_C,1V_C,1V,FJ182002,10690,105.0201395,2005,Nicaragua: Managua,Nicaragua,FJ182002,2005
380,FJ205872.1|1998,1V_J,1V_J,1V,FJ205872,10690,105.0201395,1998,USA: Puerto Rico,USA,FJ205872,1998
381,FJ205873.1|1998,1V_J,1V_J,1V,FJ205873,10690,105.0201395,1998,USA: Puerto Rico,USA,FJ205873,1998
382,FJ205874.1|1995,1V,1V,1V,FJ205874,10690,105.0201395,1995,USA: Puerto Rico,USA,FJ205874,1995
383,FJ205875.1|1995,1V_J,1V_J,1V,FJ205875,10690,105.0201395,1995,USA: Puerto Rico,USA,FJ205875,1995
384,FJ024423.1|2005,1V_C,1V_C,1V,FJ024423,10690,105.0201395,2005,Nicaragua: Managua,Nicaragua,FJ024423,2005
385,FJ024425.1|2007,1I_E,1I_E,1I,FJ024425,10690,105.0201395,2007,Viet Nam: South,Viet Nam,FJ024425,2007
386,FJ024426.1|2007,1I_E,1I_E,1I,FJ024426,10690,105.0201395,2007,Viet Nam: South,Viet Nam,FJ024426,2007
387,FJ024427.1|2007,1I_E,1I_E,1I,FJ024427,10690,105.0201395,2007,Viet Nam: South,Viet Nam,FJ024427,2007
388,FJ024428.1|2007,1I_E,1I_E,1I,FJ024428,10690,105.0201395,2007,Viet Nam: South,Viet Nam,FJ024428,2007
389,FJ024429.1|2007,1I_E,1I_E,1I,FJ024429,10690,105.0201395,2007,Viet Nam: South,Viet Nam,FJ024429,2007
390,FJ024430.1|2007,1I_E,1I_E,1I,FJ024430,10690,105.0201395,2007,Viet Nam: South,Viet Nam,FJ024430,2007
391,FJ024431.1|2007,1I_K.7,1I_K,1I,FJ024431,10690,105.0201395,2007,Viet Nam: South,Viet Nam,FJ024431,2007
392,FJ024432.1|2007,1I_E,1I_E,1I,FJ024432,10689,105.0103154,2007,Viet Nam: South,Viet Nam,FJ024432,2007
393,FJ024433.1|2007,1I_E,1I_E,1I,FJ024433,10690,105.0201395,2007,Viet Nam: South,Viet Nam,FJ024433,2007
394,FJ024434.1|2007,1I_K.7,1I_K,1I,FJ024434,10690,105.0201395,2007,Viet Nam: South,Viet Nam,FJ024434,2007
395,FJ024435.1|2007,1I_E,1I_E,1I,FJ024435,10690,105.0201395,2007,Viet Nam: South,Viet Nam,FJ024435,2007
396,FJ024436.1|2007,1I_G,1I_G,1I,FJ024436,10690,105.0201395,2007,Viet Nam: South,Viet Nam,FJ024436,2007
397,FJ024437.1|2007,1I_E,1I_E,1I,FJ024437,10690,105.0201395,2007,Viet Nam: South,Viet Nam,FJ024437,2007
398,FJ024438.1|2007,1I_E,1I_E,1I,FJ024438,10690,105.0201395,2007,Viet Nam: South,Viet Nam,FJ024438,2007
399,FJ024439.1|2007,1I_E,1I_E,1I,FJ024439,10690,105.0201395,2007,Viet Nam: South,Viet Nam,FJ024439,2007
400,FJ024440.1|2007,1I_E,1I_E,1I,FJ024440,10690,105.0201395,2007,Viet Nam: South,Viet Nam,FJ024440,2007
401,FJ024441.1|2007,1I_E,1I_E,1I,FJ024441,10690,105.0201395,2007,Viet Nam: South,Viet Nam,FJ024441,2007
402,FJ024442.1|2007,1I_E,1I_E,1I,FJ024442,10690,105.0201395,2007,Viet Nam: South,Viet Nam,FJ024442,2007
403,FJ024443.1|2007,1I_E,1I_E,1I,FJ024443,10690,105.0201395,2007,Viet Nam: South,Viet Nam,FJ024443,2007
404,FJ024444.1|2006,1I_E,1I_E,1I,FJ024444,10690,105.0201395,2006,Viet Nam: South,Viet Nam,FJ024444,2006
405,FJ024445.1|2007,1I_E,1I_E,1I,FJ024445,10690,105.0201395,2007,Viet Nam: South,Viet Nam,FJ024445,2007
406,FJ024446.1|2007,1I_E,1I_E,1I,FJ024446,10690,105.0201395,2007,Viet Nam: South,Viet Nam,FJ024446,2007
407,FJ024447.1|2007,1I_E,1I_E,1I,FJ024447,10690,105.0201395,2007,Viet Nam: South,Viet Nam,FJ024447,2007
408,FJ024448.1|2007,1I_E,1I_E,1I,FJ024448,10690,105.0201395,2007,Viet Nam: South,Viet Nam,FJ024448,2007
409,FJ024449.1|2007,1I_E,1I_E,1I,FJ024449,10690,105.0201395,2007,Viet Nam: South,Viet Nam,FJ024449,2007
410,FJ024450.1|2007,1I_E,1I_E,1I,FJ024450,10690,105.0201395,2007,Viet Nam: South,Viet Nam,FJ024450,2007
411,FJ024451.1|2007,1I_E,1I_E,1I,FJ024451,10690,105.0201395,2007,Viet Nam: South,Viet Nam,FJ024451,2007
412,FJ024453.1|2007,1I_E,1I_E,1I,FJ024453,10684,104.9611946,2007,Viet Nam: South,Viet Nam,FJ024453,2007
413,FJ024455.1|2007,1I_E,1I_E,1I,FJ024455,10690,105.0201395,2007,Viet Nam: South,Viet Nam,FJ024455,2007
414,FJ024456.1|2007,1I_C,1I_C,1I,FJ024456,10690,105.0201395,2007,Viet Nam: South,Viet Nam,FJ024456,2007
415,FJ024457.1|2007,1I_E,1I_E,1I,FJ024457,10690,105.0201395,2007,Viet Nam: South,Viet Nam,FJ024457,2007
416,FJ024459.1|2007,1I_G,1I_G,1I,FJ024459,10691,105.0299637,2007,Viet Nam: South,Viet Nam,FJ024459,2007
417,FJ024460.1|2007,1I_E,1I_E,1I,FJ024460,10690,105.0201395,2007,Viet Nam: South,Viet Nam,FJ024460,2007
418,FJ024462.1|2007,1I_E,1I_E,1I,FJ024462,10690,105.0201395,2007,Viet Nam: South,Viet Nam,FJ024462,2007
419,FJ024463.1|2007,1I_E,1I_E,1I,FJ024463,10690,105.0201395,2007,Viet Nam: South,Viet Nam,FJ024463,2007
420,FJ024464.1|2007,1I_E,1I_E,1I,FJ024464,10684,104.9611946,2007,Viet Nam: South,Viet Nam,FJ024464,2007
421,FJ024472.1|2007,1I_E,1I_E,1I,FJ024472,10690,105.0201395,2007,Viet Nam: South,Viet Nam,FJ024472,2007
422,FJ024478.1|2005,1V_C,1V_C,1V,FJ024478,10690,105.0201395,2005,Nicaragua: Managua,Nicaragua,FJ024478,2005
423,FJ024479.1|2006,1V_C,1V_C,1V,FJ024479,10690,105.0201395,2006,Nicaragua: Managua,Nicaragua,FJ024479,2006
424,FJ024480.1|2005,1V_C,1V_C,1V,FJ024480,10690,105.0201395,2005,Nicaragua: Managua,Nicaragua,FJ024480,2005
425,FJ024481.1|2005,1V_C,1V_C,1V,FJ024481,10690,105.0201395,2005,Nicaragua: Managua,Nicaragua,FJ024481,2005
426,FJ024482.1|2005,1V_C,1V_C,1V,FJ024482,10690,105.0201395,2005,Nicaragua: Managua,Nicaragua,FJ024482,2005
427,FJ024483.1|2005,1V_C,1V_C,1V,FJ024483,10690,105.0201395,2005,Nicaragua: Managua,Nicaragua,FJ024483,2005
428,FJ024484.1|2005,1V_C,1V_C,1V,FJ024484,10690,105.0201395,2005,Nicaragua: Managua,Nicaragua,FJ024484,2005
429,FJ024485.1|2005,1V_C,1V_C,1V,FJ024485,10690,105.0201395,2005,Nicaragua: Managua,Nicaragua,FJ024485,2005
430,EU848545.1|1944,unassigned,unassigned,unassigned,EU848545,10734,105.452402,1944,USA: Hawaii,USA,EU848545,1944
431,EU726777.1|2007,1I_E,1I_E,1I,EU726777,10690,105.0201395,2007,Viet Nam: South,Viet Nam,EU726777,2007
432,EU726778.1|2007,1I_E,1I_E,1I,EU726778,10690,105.0201395,2007,Viet Nam: South,Viet Nam,EU726778,2007
433,EU726779.1|2007,1I_E,1I_E,1I,EU726779,10690,105.0201395,2007,Viet Nam: South,Viet Nam,EU726779,2007
434,EU726780.1|2007,1I_E,1I_E,1I,EU726780,10690,105.0201395,2007,Viet Nam: South,Viet Nam,EU726780,2007
435,EU726781.1|2007,1I_G,1I_G,1I,EU726781,10690,105.0201395,2007,Viet Nam: South,Viet Nam,EU726781,2007
436,EU726782.1|2007,1I_E,1I_E,1I,EU726782,10690,105.0201395,2007,Viet Nam: South,Viet Nam,EU726782,2007
437,EU660390.1|2006,1I_K.7,1I_K,1I,EU660390,10690,105.0201395,2006,Viet Nam: South,Viet Nam,EU660390,2006
438,EU660391.1|2006,1I_G,1I_G,1I,EU660391,10690,105.0201395,2006,Viet Nam: South,Viet Nam,EU660391,2006
439,EU660392.1|2006,1I_G,1I_G,1I,EU660392,10690,105.0201395,2006,Viet Nam: South,Viet Nam,EU660392,2006
440,EU660393.1|2006,1I_E,1I_E,1I,EU660393,10690,105.0201395,2006,Viet Nam: South,Viet Nam,EU660393,2006
441,EU660394.1|2006,1I_E,1I_E,1I,EU660394,10690,105.0201395,2006,Viet Nam: South,Viet Nam,EU660394,2006
442,EU660395.1|2007,1I_D,1I_D,1I,EU660395,10690,105.0201395,2007,Viet Nam: South,Viet Nam,EU660395,2007
443,EU660396.1|2006,1I_G,1I_G,1I,EU660396,10690,105.0201395,2006,Viet Nam: South,Viet Nam,EU660396,2006
444,EU660397.1|2006,1I_E,1I_E,1I,EU660397,10690,105.0201395,2006,Viet Nam: South,Viet Nam,EU660397,2006
445,EU660401.1|2006,1I_E,1I_E,1I,EU660401,10690,105.0201395,2006,Viet Nam: South,Viet Nam,EU660401,2006
446,EU660402.1|2006,1I_G,1I_G,1I,EU660402,10690,105.0201395,2006,Viet Nam: South,Viet Nam,EU660402,2006
447,EU660403.1|2006,1I_E,1I_E,1I,EU660403,10679,104.9120739,2006,Viet Nam: South,Viet Nam,EU660403,2006
448,EU660412.1|2007,1I_K.7,1I_K,1I,EU660412,10690,105.0201395,2007,Viet Nam: South,Viet Nam,EU660412,2007
449,EU660418.1|2007,1I_E,1I_E,1I,EU660418,10690,105.0201395,2007,Viet Nam: South,Viet Nam,EU660418,2007
450,EU660419.1|2007,1I_E,1I_E,1I,EU660419,10690,105.0201395,2007,Viet Nam: South,Viet Nam,EU660419,2007
451,EU677139.1|2007,1I_E,1I_E,1I,EU677139,10690,105.0201395,2007,Viet Nam: South,Viet Nam,EU677139,2007
452,EU677140.1|2007,1I_E,1I_E,1I,EU677140,10690,105.0201395,2007,Viet Nam: South,Viet Nam,EU677140,2007
453,EU677150.1|2007,1I_G,1I_G,1I,EU677150,10691,105.0299637,2007,Viet Nam: South,Viet Nam,EU677150,2007
454,EU677151.1|2007,1I_D,1I_D,1I,EU677151,10690,105.0201395,2007,Viet Nam: South,Viet Nam,EU677151,2007
455,EU677152.1|2007,1I_G,1I_G,1I,EU677152,10690,105.0201395,2007,Viet Nam: South,Viet Nam,EU677152,2007
456,EU677153.1|2007,1I_E,1I_E,1I,EU677153,10690,105.0201395,2007,Viet Nam: South,Viet Nam,EU677153,2007
457,EU677154.1|2007,1I_E,1I_E,1I,EU677154,10690,105.0201395,2007,Viet Nam: South,Viet Nam,EU677154,2007
458,EU677155.1|2007,1I_E,1I_E,1I,EU677155,10690,105.0201395,2007,Viet Nam: South,Viet Nam,EU677155,2007
459,EU677156.1|2007,1I_E,1I_E,1I,EU677156,10690,105.0201395,2007,Viet Nam: South,Viet Nam,EU677156,2007
460,EU677157.1|2007,1I_E,1I_E,1I,EU677157,10690,105.0201395,2007,Viet Nam: South,Viet Nam,EU677157,2007
461,EU677158.1|2007,1I_E,1I_E,1I,EU677158,10690,105.0201395,2007,Viet Nam: South,Viet Nam,EU677158,2007
462,EU677159.1|2007,1I_K.7,1I_K,1I,EU677159,10690,105.0201395,2007,Viet Nam: South,Viet Nam,EU677159,2007
463,EU677160.1|2007,1I_G,1I_G,1I,EU677160,10690,105.0201395,2007,Viet Nam: South,Viet Nam,EU677160,2007
464,EU677161.1|2007,1I_E,1I_E,1I,EU677161,10690,105.0201395,2007,Viet Nam: South,Viet Nam,EU677161,2007
465,EU677162.1|2007,1I_G,1I_G,1I,EU677162,10691,105.0299637,2007,Viet Nam: South,Viet Nam,EU677162,2007
466,EU677163.1|2007,1I_E,1I_E,1I,EU677163,10690,105.0201395,2007,Viet Nam: South,Viet Nam,EU677163,2007
467,EU677164.1|2007,1I_G,1I_G,1I,EU677164,10690,105.0201395,2007,Viet Nam: South,Viet Nam,EU677164,2007
468,EU677165.1|2007,1I_E,1I_E,1I,EU677165,10690,105.0201395,2007,Viet Nam: South,Viet Nam,EU677165,2007
469,EU677166.1|2007,1I_E,1I_E,1I,EU677166,10690,105.0201395,2007,Viet Nam: South,Viet Nam,EU677166,2007
470,EU677167.1|2007,1I_E,1I_E,1I,EU677167,10690,105.0201395,2007,Viet Nam: South,Viet Nam,EU677167,2007
471,EU677168.1|2007,1I_E,1I_E,1I,EU677168,10690,105.0201395,2007,Viet Nam: South,Viet Nam,EU677168,2007
472,EU677169.1|2007,1I_D,1I_D,1I,EU677169,10690,105.0201395,2007,Viet Nam: South,Viet Nam,EU677169,2007
473,EU677170.1|2007,1I_E,1I_E,1I,EU677170,10690,105.0201395,2007,Viet Nam: South,Viet Nam,EU677170,2007
474,EU677171.1|2007,1I_E,1I_E,1I,EU677171,10690,105.0201395,2007,Viet Nam: South,Viet Nam,EU677171,2007
475,EU677172.1|2007,1I_E,1I_E,1I,EU677172,10690,105.0201395,2007,Viet Nam: South,Viet Nam,EU677172,2007
476,EU677173.1|2007,1I_C,1I_C,1I,EU677173,10690,105.0201395,2007,Viet Nam: South,Viet Nam,EU677173,2007
477,EU677174.1|2007,1I_E,1I_E,1I,EU677174,10690,105.0201395,2007,Viet Nam: South,Viet Nam,EU677174,2007
478,EU677175.1|2007,1I_G,1I_G,1I,EU677175,10691,105.0299637,2007,Viet Nam: South,Viet Nam,EU677175,2007
479,EU677176.1|2007,1I_D,1I_D,1I,EU677176,10690,105.0201395,2007,Viet Nam: South,Viet Nam,EU677176,2007
480,EU677177.1|2007,1I_E,1I_E,1I,EU677177,10690,105.0201395,2007,Viet Nam: South,Viet Nam,EU677177,2007
481,EU677178.1|2007,1I_E,1I_E,1I,EU677178,10690,105.0201395,2007,Viet Nam: South,Viet Nam,EU677178,2007
482,EU687247.1|2006,1I_G,1I_G,1I,EU687247,10690,105.0201395,2006,Viet Nam: South,Viet Nam,EU687247,2006
483,EU687251.1|2007,1I_E,1I_E,1I,EU687251,10690,105.0201395,2007,Viet Nam: South,Viet Nam,EU687251,2007
484,EU596501.1|2004,1V_C,1V_C,1V,EU596501,10690,105.0201395,2004,Nicaragua: Managua,Nicaragua,EU596501,2004
485,EU596502.1|2005,1V_C,1V_C,1V,EU596502,10690,105.0201395,2005,Nicaragua: Managua,Nicaragua,EU596502,2005
486,EU596503.1|2005,1V_C,1V_C,1V,EU596503,10690,105.0201395,2005,Nicaragua: Managua,Nicaragua,EU596503,2005
487,EU596504.1|2005,1V_C,1V_C,1V,EU596504,10690,105.0201395,2005,Nicaragua: Managua,Nicaragua,EU596504,2005
488,EU249490.1|2006,1I_G,1I_G,1I,EU249490,10690,105.0201395,2006,Viet Nam: south,Viet Nam,EU249490,2006
489,EU249491.1|2006,1I_K.7,1I_K,1I,EU249491,10690,105.0201395,2006,Viet Nam: south,Viet Nam,EU249491,2006
490,EU249492.1|2006,1I_G,1I_G,1I,EU249492,10690,105.0201395,2006,Viet Nam: south,Viet Nam,EU249492,2006
491,EU249493.1|2006,1I_G,1I_G,1I,EU249493,10690,105.0201395,2006,Viet Nam: south,Viet Nam,EU249493,2006
492,EU249494.1|2006,1I_C,1I_C,1I,EU249494,10690,105.0201395,2006,Viet Nam: south,Viet Nam,EU249494,2006
493,EU249495.1|2006,1I_C,1I_C,1I,EU249495,10690,105.0201395,2006,Viet Nam: south,Viet Nam,EU249495,2006
494,EU482476.1|2003,1I_C,1I_C,1I,EU482476,10690,105.0201395,2003,Viet Nam: south,Viet Nam,EU482476,2003
495,EU482477.1|2007,1I_G,1I_G,1I,EU482477,10690,105.0201395,2007,Viet Nam: south,Viet Nam,EU482477,2007
496,EU482478.1|2007,1I_E,1I_E,1I,EU482478,10690,105.0201395,2007,Viet Nam: south,Viet Nam,EU482478,2007
497,EU482479.1|2007,1I_E,1I_E,1I,EU482479,10690,105.0201395,2007,Viet Nam: south,Viet Nam,EU482479,2007
498,EU482480.1|2006,1I_G,1I_G,1I,EU482480,10690,105.0201395,2006,Viet Nam: south,Viet Nam,EU482480,2006
499,EU482481.1|2007,1I_C,1I_C,1I,EU482481,10690,105.0201395,2007,Viet Nam: south,Viet Nam,EU482481,2007
500,EU482482.1|2007,1I_E,1I_E,1I,EU482482,10690,105.0201395,2007,Viet Nam: south,Viet Nam,EU482482,2007
501,EU482483.1|2007,1I_E,1I_E,1I,EU482483,10690,105.0201395,2007,Viet Nam: south,Viet Nam,EU482483,2007
502,EU482484.1|2007,1I_G,1I_G,1I,EU482484,10690,105.0201395,2007,Viet Nam: south,Viet Nam,EU482484,2007
503,EU482485.1|2007,1I_E,1I_E,1I,EU482485,10690,105.0201395,2007,Viet Nam: south,Viet Nam,EU482485,2007
504,EU482486.1|2007,1I_D,1I_D,1I,EU482486,10690,105.0201395,2007,Viet Nam: south,Viet Nam,EU482486,2007
505,EU482487.1|2007,1I_E,1I_E,1I,EU482487,10690,105.0201395,2007,Viet Nam: south,Viet Nam,EU482487,2007
506,EU482488.1|2007,1I_G,1I_G,1I,EU482488,10690,105.0201395,2007,Viet Nam: south,Viet Nam,EU482488,2007
507,EU482489.1|2007,1I_E,1I_E,1I,EU482489,10690,105.0201395,2007,Viet Nam: south,Viet Nam,EU482489,2007
508,EU482490.1|2007,1I_E,1I_E,1I,EU482490,10675,104.8727773,2007,Viet Nam: south,Viet Nam,EU482490,2007
509,EU482491.1|2007,1I_G,1I_G,1I,EU482491,10684,104.9611946,2007,Viet Nam: south,Viet Nam,EU482491,2007
510,EU482492.1|2007,1I_E,1I_E,1I,EU482492,10688,105.0004912,2007,Viet Nam: south,Viet Nam,EU482492,2007
511,EU482493.1|2007,1I_E,1I_E,1I,EU482493,10690,105.0201395,2007,Viet Nam: south,Viet Nam,EU482493,2007
512,EU482494.1|2007,1I_E,1I_E,1I,EU482494,10684,104.9611946,2007,Viet Nam: south,Viet Nam,EU482494,2007
513,EU482495.1|2007,1I_D,1I_D,1I,EU482495,10690,105.0201395,2007,Viet Nam: south,Viet Nam,EU482495,2007
514,EU482496.1|2007,1I_E,1I_E,1I,EU482496,10690,105.0201395,2007,Viet Nam: south,Viet Nam,EU482496,2007
515,EU482497.1|2007,1I_E,1I_E,1I,EU482497,10690,105.0201395,2007,Viet Nam: south,Viet Nam,EU482497,2007
516,EU482498.1|2007,1I_E,1I_E,1I,EU482498,10690,105.0201395,2007,Viet Nam: south,Viet Nam,EU482498,2007
517,EU482499.1|2007,1I_E,1I_E,1I,EU482499,10690,105.0201395,2007,Viet Nam: south,Viet Nam,EU482499,2007
518,EU482500.1|2007,1I_E,1I_E,1I,EU482500,10685,104.9710188,2007,Viet Nam: south,Viet Nam,EU482500,2007
519,EU482501.1|2007,1I_E,1I_E,1I,EU482501,10690,105.0201395,2007,Viet Nam: south,Viet Nam,EU482501,2007
520,EU482502.1|2007,1I_E,1I_E,1I,EU482502,10686,104.9808429,2007,Viet Nam: south,Viet Nam,EU482502,2007
521,EU482503.1|2007,1I_E,1I_E,1I,EU482503,10690,105.0201395,2007,Viet Nam: south,Viet Nam,EU482503,2007
522,EU482504.1|2007,1I_E,1I_E,1I,EU482504,10690,105.0201395,2007,Viet Nam: south,Viet Nam,EU482504,2007
523,EU482505.1|2007,1I_G,1I_G,1I,EU482505,10690,105.0201395,2007,Viet Nam: south,Viet Nam,EU482505,2007
524,EU482506.1|2007,1I_E,1I_E,1I,EU482506,10690,105.0201395,2007,Viet Nam: south,Viet Nam,EU482506,2007
525,EU482507.1|2007,1I_E,1I_E,1I,EU482507,10690,105.0201395,2007,Viet Nam: south,Viet Nam,EU482507,2007
526,EU482508.1|2007,1I_E,1I_E,1I,EU482508,10690,105.0201395,2007,Viet Nam: south,Viet Nam,EU482508,2007
527,EU482509.1|2007,1I_E,1I_E,1I,EU482509,10690,105.0201395,2007,Viet Nam: south,Viet Nam,EU482509,2007
528,EU482510.1|2007,1I_D,1I_D,1I,EU482510,10690,105.0201395,2007,Viet Nam: south,Viet Nam,EU482510,2007
529,EU482511.1|2007,1I_E,1I_E,1I,EU482511,10690,105.0201395,2007,Viet Nam: south,Viet Nam,EU482511,2007
530,EU482512.1|2007,1I_E,1I_E,1I,EU482512,10684,104.9611946,2007,Viet Nam: south,Viet Nam,EU482512,2007
531,EU482513.1|2007,1I_E,1I_E,1I,EU482513,10690,105.0201395,2007,Viet Nam: south,Viet Nam,EU482513,2007
532,EU482514.1|2007,1I_E,1I_E,1I,EU482514,10690,105.0201395,2007,Viet Nam: south,Viet Nam,EU482514,2007
533,EU482515.1|2007,1I_E,1I_E,1I,EU482515,10690,105.0201395,2007,Viet Nam: south,Viet Nam,EU482515,2007
534,EU482516.1|2007,1I_E,1I_E,1I,EU482516,10690,105.0201395,2007,Viet Nam: south,Viet Nam,EU482516,2007
535,EU482517.1|2007,1I_E,1I_E,1I,EU482517,10690,105.0201395,2007,Viet Nam: south,Viet Nam,EU482517,2007
536,EU482518.1|2006,1I_C,1I_C,1I,EU482518,10690,105.0201395,2006,Viet Nam: south,Viet Nam,EU482518,2006
537,EU482519.1|2006,1I_C,1I_C,1I,EU482519,10690,105.0201395,2006,Viet Nam: south,Viet Nam,EU482519,2006
538,EU482520.1|2006,1I_E,1I_E,1I,EU482520,10690,105.0201395,2006,Viet Nam: south,Viet Nam,EU482520,2006
539,EU482521.1|2006,1I_E,1I_E,1I,EU482521,10688,105.0004912,2006,Viet Nam: south,Viet Nam,EU482521,2006
540,EU482522.1|2006,1I_E,1I_E,1I,EU482522,10690,105.0201395,2006,Viet Nam: south,Viet Nam,EU482522,2006
541,EU482523.1|2006,1I_E,1I_E,1I,EU482523,10690,105.0201395,2006,Viet Nam: south,Viet Nam,EU482523,2006
542,EU482524.1|2006,1I_E,1I_E,1I,EU482524,10690,105.0201395,2006,Viet Nam: south,Viet Nam,EU482524,2006
543,EU482525.1|2006,1I_K.7,1I_K,1I,EU482525,10690,105.0201395,2006,Viet Nam: south,Viet Nam,EU482525,2006
544,EU482526.1|2006,1I_C,1I_C,1I,EU482526,10690,105.0201395,2006,Viet Nam: south,Viet Nam,EU482526,2006
545,EU482527.1|2006,1I_G,1I_G,1I,EU482527,10688,105.0004912,2006,Viet Nam: south,Viet Nam,EU482527,2006
546,EU482528.1|2006,1I_G,1I_G,1I,EU482528,10689,105.0103154,2006,Viet Nam: south,Viet Nam,EU482528,2006
547,EU482529.1|2006,1I_E,1I_E,1I,EU482529,10690,105.0201395,2006,Viet Nam: south,Viet Nam,EU482529,2006
548,EU482530.1|2006,1I_E,1I_E,1I,EU482530,10690,105.0201395,2006,Viet Nam: south,Viet Nam,EU482530,2006
549,EU482531.1|2006,1I_C,1I_C,1I,EU482531,10690,105.0201395,2006,Viet Nam: south,Viet Nam,EU482531,2006
550,EU482532.1|2006,1I_G,1I_G,1I,EU482532,10690,105.0201395,2006,Viet Nam: south,Viet Nam,EU482532,2006
551,EU482533.1|2006,1I_G,1I_G,1I,EU482533,10690,105.0201395,2006,Viet Nam: south,Viet Nam,EU482533,2006
552,EU482534.1|2006,1I_G,1I_G,1I,EU482534,10690,105.0201395,2006,Viet Nam: south,Viet Nam,EU482534,2006
553,EU482535.1|2006,1I_C,1I_C,1I,EU482535,10690,105.0201395,2006,Viet Nam: south,Viet Nam,EU482535,2006
554,EU482536.1|2006,1I_G,1I_G,1I,EU482536,10690,105.0201395,2006,Viet Nam: south,Viet Nam,EU482536,2006
555,EU482537.1|2006,1I_C,1I_C,1I,EU482537,10690,105.0201395,2006,Viet Nam: south,Viet Nam,EU482537,2006
556,EU482538.1|2006,1I_G,1I_G,1I,EU482538,10690,105.0201395,2006,Viet Nam: south,Viet Nam,EU482538,2006
557,EU482539.1|2006,1I_E,1I_E,1I,EU482539,10690,105.0201395,2006,Viet Nam: south,Viet Nam,EU482539,2006
558,EU482540.1|2006,1I_K.7,1I_K,1I,EU482540,10690,105.0201395,2006,Viet Nam: south,Viet Nam,EU482540,2006
559,EU482567.1|1998,1V_J,1V_J,1V,EU482567,10690,105.0201395,1998,USA: Puerto Rico,USA,EU482567,1998
560,EU482591.1|2006,1V_E,1V_E,1V,EU482591,10690,105.0201395,2006,USA: Puerto Rico,USA,EU482591,2006
561,EU482592.1|1998,1V_J,1V_J,1V,EU482592,10690,105.0201395,1998,USA: Puerto Rico,USA,EU482592,1998
562,EU482609.1|2007,1V_F,1V_F,1V,EU482609,10690,105.0201395,2007,Venezuela: Aragua,Venezuela,EU482609,2007
563,EU482610.1|2007,1V_E,1V_E,1V,EU482610,10690,105.0201395,2007,Venezuela: Aragua,Venezuela,EU482610,2007
564,EU482611.1|2007,1V_E,1V_E,1V,EU482611,10690,105.0201395,2007,Venezuela: Aragua,Venezuela,EU482611,2007
565,EU482615.1|2005,1V_C,1V_C,1V,EU482615,10690,105.0201395,2005,Nicaragua: Managua,Nicaragua,EU482615,2005
566,EU482616.1|2005,1V_C,1V_C,1V,EU482616,10756,105.6685333,2005,Nicaragua: Managua,Nicaragua,EU482616,2005
567,EU482617.1|2005,1V_C,1V_C,1V,EU482617,10690,105.0201395,2005,Nicaragua: Managua,Nicaragua,EU482617,2005
568,EU482618.1|2005,1V_C,1V_C,1V,EU482618,10690,105.0201395,2005,Nicaragua: Managua,Nicaragua,EU482618,2005
569,EU482619.1|2005,1V_C,1V_C,1V,EU482619,10690,105.0201395,2005,Nicaragua: Managua,Nicaragua,EU482619,2005
570,EU482706.1|2006,1I_G,1I_G,1I,EU482706,10690,105.0201395,2006,Viet Nam: south,Viet Nam,EU482706,2006
571,EU482707.1|2006,1I_K.7,1I_K,1I,EU482707,10690,105.0201395,2006,Viet Nam: south,Viet Nam,EU482707,2006
572,EU482708.1|2007,1I_E,1I_E,1I,EU482708,10690,105.0201395,2007,Viet Nam: south,Viet Nam,EU482708,2007
573,EU482709.1|2007,1I_E,1I_E,1I,EU482709,10690,105.0201395,2007,Viet Nam: south,Viet Nam,EU482709,2007
574,EU482710.1|2007,1I_C,1I_C,1I,EU482710,10690,105.0201395,2007,Viet Nam: south,Viet Nam,EU482710,2007
575,EU482711.1|2007,1I_E,1I_E,1I,EU482711,10690,105.0201395,2007,Viet Nam: south,Viet Nam,EU482711,2007
576,EU482712.1|2007,1I_G,1I_G,1I,EU482712,10690,105.0201395,2007,Viet Nam: south,Viet Nam,EU482712,2007
577,EU482713.1|2007,1I_E,1I_E,1I,EU482713,10690,105.0201395,2007,Viet Nam: south,Viet Nam,EU482713,2007
578,EU482714.1|2007,1I_G,1I_G,1I,EU482714,10690,105.0201395,2007,Viet Nam: south,Viet Nam,EU482714,2007
579,EU482715.1|2007,1I_E,1I_E,1I,EU482715,10690,105.0201395,2007,Viet Nam: south,Viet Nam,EU482715,2007
580,EU482716.1|2007,1I_E,1I_E,1I,EU482716,10690,105.0201395,2007,Viet Nam: south,Viet Nam,EU482716,2007
581,EU482717.1|2007,1I_E,1I_E,1I,EU482717,10690,105.0201395,2007,Viet Nam: south,Viet Nam,EU482717,2007
582,EU482718.1|2007,1I_E,1I_E,1I,EU482718,10690,105.0201395,2007,Viet Nam: south,Viet Nam,EU482718,2007
583,EU482789.1|2003,1I_C,1I_C,1I,EU482789,10690,105.0201395,2003,Viet Nam: south,Viet Nam,EU482789,2003
584,EU482790.1|2003,1I_G,1I_G,1I,EU482790,10690,105.0201395,2003,Viet Nam: south,Viet Nam,EU482790,2003
585,EU482791.1|2003,1I_C,1I_C,1I,EU482791,10690,105.0201395,2003,Viet Nam: south,Viet Nam,EU482791,2003
586,EU482792.1|2003,1I_C,1I_C,1I,EU482792,10690,105.0201395,2003,Viet Nam: south,Viet Nam,EU482792,2003
587,EU482793.1|2006,1I_G,1I_G,1I,EU482793,10690,105.0201395,2006,Viet Nam: south,Viet Nam,EU482793,2006
588,EU482794.1|2006,1I_C,1I_C,1I,EU482794,10689,105.0103154,2006,Viet Nam: south,Viet Nam,EU482794,2006
589,EU482795.1|2006,1I_G,1I_G,1I,EU482795,10690,105.0201395,2006,Viet Nam: south,Viet Nam,EU482795,2006
590,EU482796.1|2006,1I_C,1I_C,1I,EU482796,10690,105.0201395,2006,Viet Nam: south,Viet Nam,EU482796,2006
591,EU482797.1|2006,1I_G,1I_G,1I,EU482797,10690,105.0201395,2006,Viet Nam: south,Viet Nam,EU482797,2006
592,EU482798.1|2006,1I_G,1I_G,1I,EU482798,10690,105.0201395,2006,Viet Nam: south,Viet Nam,EU482798,2006
593,EU482799.1|2006,1I_E,1I_E,1I,EU482799,10690,105.0201395,2006,Viet Nam: south,Viet Nam,EU482799,2006
594,EU482800.1|2006,1I_G,1I_G,1I,EU482800,10690,105.0201395,2006,Viet Nam: south,Viet Nam,EU482800,2006
595,EU482801.1|2006,1I_E,1I_E,1I,EU482801,10690,105.0201395,2006,Viet Nam: south,Viet Nam,EU482801,2006
596,EU482802.1|2006,1I_G,1I_G,1I,EU482802,10690,105.0201395,2006,Viet Nam: south,Viet Nam,EU482802,2006
597,EU482803.1|2006,1I_G,1I_G,1I,EU482803,10690,105.0201395,2006,Viet Nam: south,Viet Nam,EU482803,2006
598,EU482804.1|2006,1I_G,1I_G,1I,EU482804,10690,105.0201395,2006,Viet Nam: south,Viet Nam,EU482804,2006
599,EU482805.1|2006,1I_E,1I_E,1I,EU482805,10690,105.0201395,2006,Viet Nam: south,Viet Nam,EU482805,2006
600,EU482806.1|2006,1I_C,1I_C,1I,EU482806,10690,105.0201395,2006,Viet Nam: south,Viet Nam,EU482806,2006
601,EU482807.1|2006,1I_G,1I_G,1I,EU482807,10690,105.0201395,2006,Viet Nam: south,Viet Nam,EU482807,2006
602,EU482808.1|2006,1I_G,1I_G,1I,EU482808,10690,105.0201395,2006,Viet Nam: south,Viet Nam,EU482808,2006
603,EU482809.1|2006,1I_G,1I_G,1I,EU482809,10690,105.0201395,2006,Viet Nam: south,Viet Nam,EU482809,2006
604,EU482810.1|2006,1I_G,1I_G,1I,EU482810,10690,105.0201395,2006,Viet Nam: south,Viet Nam,EU482810,2006
605,EU482811.1|2006,1I_H.2,1I_H,1I,EU482811,10690,105.0201395,2006,Viet Nam: south,Viet Nam,EU482811,2006
606,EU482812.1|2006,1I_E,1I_E,1I,EU482812,10690,105.0201395,2006,Viet Nam: south,Viet Nam,EU482812,2006
607,EU482813.1|2006,1I_G,1I_G,1I,EU482813,10690,105.0201395,2006,Viet Nam: south,Viet Nam,EU482813,2006
608,EU482814.1|2006,1I_G,1I_G,1I,EU482814,10690,105.0201395,2006,Viet Nam: south,Viet Nam,EU482814,2006
609,EU482815.1|2006,1I_G,1I_G,1I,EU482815,10690,105.0201395,2006,Viet Nam: south,Viet Nam,EU482815,2006
610,EU482816.1|2006,1I_G,1I_G,1I,EU482816,10690,105.0201395,2006,Viet Nam: south,Viet Nam,EU482816,2006
611,EU482817.1|2006,1I_G,1I_G,1I,EU482817,10690,105.0201395,2006,Viet Nam: south,Viet Nam,EU482817,2006
612,EU482818.1|2006,1I_E,1I_E,1I,EU482818,10690,105.0201395,2006,Viet Nam: south,Viet Nam,EU482818,2006
613,EU482819.1|2006,1I_G,1I_G,1I,EU482819,10688,105.0004912,2006,Viet Nam: south,Viet Nam,EU482819,2006
614,EU482820.1|2006,1I_G,1I_G,1I,EU482820,10690,105.0201395,2006,Viet Nam: south,Viet Nam,EU482820,2006
615,EU482821.1|2006,1I_E,1I_E,1I,EU482821,10690,105.0201395,2006,Viet Nam: south,Viet Nam,EU482821,2006
616,EU482822.1|2006,1I_C,1I_C,1I,EU482822,10690,105.0201395,2006,Viet Nam: south,Viet Nam,EU482822,2006
617,EU482823.1|2006,1I_E,1I_E,1I,EU482823,10690,105.0201395,2006,Viet Nam: south,Viet Nam,EU482823,2006
618,EU482824.1|2006,1I_C,1I_C,1I,EU482824,10690,105.0201395,2006,Viet Nam: south,Viet Nam,EU482824,2006
619,EU482825.1|2006,1I_C,1I_C,1I,EU482825,10690,105.0201395,2006,Viet Nam: south,Viet Nam,EU482825,2006
620,EU482826.1|2006,1I_G,1I_G,1I,EU482826,10690,105.0201395,2006,Viet Nam: south,Viet Nam,EU482826,2006
621,EU482827.1|2006,1I_C,1I_C,1I,EU482827,10690,105.0201395,2006,Viet Nam: south,Viet Nam,EU482827,2006
622,EU482828.1|2006,1I_G,1I_G,1I,EU482828,10690,105.0201395,2006,Viet Nam: south,Viet Nam,EU482828,2006
623,EU179860.1|2005,1III_A,1III_A,1III,EU179860,10628,104.4110423,2005,Brunei,Brunei,EU179860,2005
624,EU179861.1|2006,1IV_B,1IV_B,1IV,EU179861,10672,104.8433048,2006,Brunei,Brunei,EU179861,2006
625,EU081226.1|2005,1I_K,1I_K,1I,EU081226,10735,105.4622262,2005,Singapore,Singapore,EU081226,2005
626,EU081227.1|2005,1I_K,1I_K,1I,EU081227,10735,105.4622262,2005,Singapore,Singapore,EU081227,2005
627,EU081228.1|2005,1I_K,1I_K,1I,EU081228,10735,105.4622262,2005,Singapore,Singapore,EU081228,2005
628,EU081229.1|2005,1I_K,1I_K,1I,EU081229,10735,105.4622262,2005,Singapore,Singapore,EU081229,2005
629,EU081230.1|2005,1I_K,1I_K,1I,EU081230,10735,105.4622262,2005,Singapore,Singapore,EU081230,2005
630,EU081231.1|2005,1I_K,1I_K,1I,EU081231,10735,105.4622262,2005,Singapore,Singapore,EU081231,2005
631,EU081232.1|2005,1I_K,1I_K,1I,EU081232,10735,105.4622262,2005,Singapore,Singapore,EU081232,2005
632,EU081233.1|2005,1I_K,1I_K,1I,EU081233,10735,105.4622262,2005,Singapore,Singapore,EU081233,2005
633,EU081234.1|2005,1I_K,1I_K,1I,EU081234,10735,105.4622262,2005,Singapore,Singapore,EU081234,2005
634,EU081235.1|2005,1I_K,1I_K,1I,EU081235,10735,105.4622262,2005,Singapore,Singapore,EU081235,2005
635,EU081236.1|2005,1I_K,1I_K,1I,EU081236,10735,105.4622262,2005,Singapore,Singapore,EU081236,2005
636,EU081237.1|2005,1I_K,1I_K,1I,EU081237,10722,105.3345122,2005,Singapore,Singapore,EU081237,2005
637,EU081238.1|2005,1I_K,1I_K,1I,EU081238,10735,105.4622262,2005,Singapore,Singapore,EU081238,2005
638,EU081239.1|2005,1I_K,1I_K,1I,EU081239,10735,105.4622262,2005,Singapore,Singapore,EU081239,2005
639,EU081240.1|2005,1I_K,1I_K,1I,EU081240,10735,105.4622262,2005,Singapore,Singapore,EU081240,2005
640,EU081241.1|2005,1I_K,1I_K,1I,EU081241,10722,105.3345122,2005,Singapore,Singapore,EU081241,2005
641,EU081242.1|2005,1I_K,1I_K,1I,EU081242,10735,105.4622262,2005,Singapore,Singapore,EU081242,2005
642,EU081243.1|2005,1I_K,1I_K,1I,EU081243,10735,105.4622262,2005,Singapore,Singapore,EU081243,2005
643,EU081244.1|2005,1I_K,1I_K,1I,EU081244,10735,105.4622262,2005,Singapore,Singapore,EU081244,2005
644,EU081245.1|2005,1I_K,1I_K,1I,EU081245,10735,105.4622262,2005,Singapore,Singapore,EU081245,2005
645,EU081246.1|2005,1I_K,1I_K,1I,EU081246,10735,105.4622262,2005,Singapore,Singapore,EU081246,2005
646,EU081247.1|2005,1I_K,1I_K,1I,EU081247,10735,105.4622262,2005,Singapore,Singapore,EU081247,2005
647,EU081248.1|2005,1I_K,1I_K,1I,EU081248,10735,105.4622262,2005,Singapore,Singapore,EU081248,2005
648,EU081249.1|2005,1I_K,1I_K,1I,EU081249,10735,105.4622262,2005,Singapore,Singapore,EU081249,2005
649,EU081250.1|2005,1I_K,1I_K,1I,EU081250,10735,105.4622262,2005,Singapore,Singapore,EU081250,2005
650,EU081251.1|2005,1I_K,1I_K,1I,EU081251,10735,105.4622262,2005,Singapore,Singapore,EU081251,2005
651,EU081252.1|2005,1I_K,1I_K,1I,EU081252,10735,105.4622262,2005,Singapore,Singapore,EU081252,2005
652,EU081253.1|2005,1I_K,1I_K,1I,EU081253,10735,105.4622262,2005,Singapore,Singapore,EU081253,2005
653,EU081254.2|2005,1I_K,1I_K,1I,EU081254,10735,105.4622262,2005,Singapore,Singapore,EU081254,2005
654,EU081255.1|2005,1I_K,1I_K,1I,EU081255,10735,105.4622262,2005,Singapore,Singapore,EU081255,2005
655,EU081256.1|2005,1I_K,1I_K,1I,EU081256,10735,105.4622262,2005,Singapore,Singapore,EU081256,2005
656,EU081257.1|2005,1I_K,1I_K,1I,EU081257,10735,105.4622262,2005,Singapore,Singapore,EU081257,2005
657,EU081258.1|2005,1V_A,1V_A,1V,EU081258,10735,105.4622262,2005,Singapore,Singapore,EU081258,2005
658,EU081259.1|2005,1I_K,1I_K,1I,EU081259,10735,105.4622262,2005,Singapore,Singapore,EU081259,2005
659,EU081260.1|2005,1I_K,1I_K,1I,EU081260,10735,105.4622262,2005,Singapore,Singapore,EU081260,2005
660,EU081261.1|2005,1I_K,1I_K,1I,EU081261,10735,105.4622262,2005,Singapore,Singapore,EU081261,2005
661,EU081262.2|2005,1I_K,1I_K,1I,EU081262,10735,105.4622262,2005,Singapore,Singapore,EU081262,2005
662,EU081263.1|2005,1I_K,1I_K,1I,EU081263,10735,105.4622262,2005,Singapore,Singapore,EU081263,2005
663,EU081264.1|2005,1I_K,1I_K,1I,EU081264,10735,105.4622262,2005,Singapore,Singapore,EU081264,2005
664,EU081265.1|2005,1I_K,1I_K,1I,EU081265,10735,105.4622262,2005,Singapore,Singapore,EU081265,2005
665,EU081266.1|2005,1I_K,1I_K,1I,EU081266,10735,105.4622262,2005,Singapore,Singapore,EU081266,2005
666,EU081267.1|2005,1I_K,1I_K,1I,EU081267,10735,105.4622262,2005,Singapore,Singapore,EU081267,2005
667,EU081268.1|2005,1I_K,1I_K,1I,EU081268,10735,105.4622262,2005,Singapore,Singapore,EU081268,2005
668,EU081269.1|2005,1I_K,1I_K,1I,EU081269,10735,105.4622262,2005,Singapore,Singapore,EU081269,2005
669,EU081270.1|2005,1I_K,1I_K,1I,EU081270,10735,105.4622262,2005,Singapore,Singapore,EU081270,2005
670,EU081271.1|2005,1I_K,1I_K,1I,EU081271,10735,105.4622262,2005,Singapore,Singapore,EU081271,2005
671,EU081272.1|2005,1I_K,1I_K,1I,EU081272,10735,105.4622262,2005,Singapore,Singapore,EU081272,2005
672,EU081273.1|2005,1I_K,1I_K,1I,EU081273,10735,105.4622262,2005,Singapore,Singapore,EU081273,2005
673,EU081274.1|2005,1I_K,1I_K,1I,EU081274,10735,105.4622262,2005,Singapore,Singapore,EU081274,2005
674,EU081275.1|2005,1I_K,1I_K,1I,EU081275,10735,105.4622262,2005,Singapore,Singapore,EU081275,2005
675,EU081276.1|2005,1I_K,1I_K,1I,EU081276,10735,105.4622262,2005,Singapore,Singapore,EU081276,2005
676,EU081277.1|2005,1I_K,1I_K,1I,EU081277,10735,105.4622262,2005,Singapore,Singapore,EU081277,2005
677,EU081278.1|2005,1I_K,1I_K,1I,EU081278,10735,105.4622262,2005,Singapore,Singapore,EU081278,2005
678,EU081279.1|2005,1I_K,1I_K,1I,EU081279,10735,105.4622262,2005,Singapore,Singapore,EU081279,2005
679,EU081280.1|2006,1I_K,1I_K,1I,EU081280,10735,105.4622262,2006,Singapore,Singapore,EU081280,2006
680,EU081281.1|2006,1I_K,1I_K,1I,EU081281,10735,105.4622262,2006,Singapore,Singapore,EU081281,2006
681,DQ672560.1|2001,1IV_A,1IV_A,1IV,DQ672560,10735,105.4622262,2001,French Polynesia,French Polynesia,DQ672560,2001
682,DQ672561.1|2001,1IV_A,1IV_A,1IV,DQ672561,10735,105.4622262,2001,USA: Hawaii,USA,DQ672561,2001
683,DQ672562.1|2001,1IV_A,1IV_A,1IV,DQ672562,10735,105.4622262,2001,USA: Hawaii,USA,DQ672562,2001
684,DQ672563.1|2001,1IV_A,1IV_A,1IV,DQ672563,10735,105.4622262,2001,USA: Hawaii,USA,DQ672563,2001
685,DQ672564.1|2001,1IV_B,1IV_B,1IV,DQ672564,10735,105.4622262,2001,USA: Hawaii,USA,DQ672564,2001
686,DQ285558.1|2004,1IV_A,1IV_A,1IV,DQ285558,10689,105.0103154,2004,Reunion,Reunion,DQ285558,2004
687,DQ285559.1|2004,1V_A,1V_A,1V,DQ285559,10717,105.2853915,2004,Reunion,Reunion,DQ285559,2004
688,DQ285560.1|2004,1IV_A,1IV_A,1IV,DQ285560,10696,105.0790844,2004,Reunion,Reunion,DQ285560,2004
689,DQ285561.1|2004,1IV_A,1IV_A,1IV,DQ285561,10662,104.7450634,2004,Seychelles,Seychelles,DQ285561,2004
690,DQ285562.1|1993,1III,1III,1III,DQ285562,10721,105.3246881,1993,Comoros,Comoros,DQ285562,1993
691,AY713473.1|1976,unassigned,unassigned,unassigned,AY713473,10614,104.2735043,1976,Myanmar,Myanmar,AY713473,1976
692,AY713474.1|2001,1I_B,1I_B,1I,AY713474,10614,104.2735043,2001,Myanmar,Myanmar,AY713474,2001
693,AY713475.1|2001,1I_B,1I_B,1I,AY713475,10614,104.2735043,2001,Myanmar,Myanmar,AY713475,2001
694,AY713476.1|2001,1I_J,1I_J,1I,AY713476,10614,104.2735043,2001,Myanmar,Myanmar,AY713476,2001
695,AY722801.1|1976,unassigned,unassigned,unassigned,AY722801,10614,104.2735043,1976,Myanmar,Myanmar,AY722801,1976
696,AY722802.1|1996,unassigned,unassigned,unassigned,AY722802,10614,104.2735043,1996,Myanmar,Myanmar,AY722802,1996
697,AY722803.1|1998,unassigned,unassigned,unassigned,AY722803,10614,104.2735043,1998,Myanmar,Myanmar,AY722803,1998
698,AY726549.1|2001,1I_J,1I_J,1I,AY726549,10614,104.2735043,2001,Myanmar,Myanmar,AY726549,2001
699,AY726550.1|2001,1I_B,1I_B,1I,AY726550,10614,104.2735043,2001,Myanmar,Myanmar,AY726550,2001
700,AY726551.1|2001,1I_J,1I_J,1I,AY726551,10614,104.2735043,2001,Myanmar,Myanmar,AY726551,2001
701,AY726552.1|2002,1I_B,1I_B,1I,AY726552,10614,104.2735043,2002,Myanmar,Myanmar,AY726552,2002
702,AY726553.1|2002,1I_J,1I_J,1I,AY726553,10614,104.2735043,2002,Myanmar,Myanmar,AY726553,2002
703,AY726554.1|1998,1I_J,1I_J,1I,AY726554,10735,105.4622262,1998,Myanmar,Myanmar,AY726554,1998
704,AY726555.1|1998,1I_B,1I_B,1I,AY726555,10726,105.3738088,1998,Myanmar,Myanmar,AY726555,1998
705,AY732474.1|1980,1III,1III,1III,AY732474,10735,105.4622262,1980,Thailand: Bangkok,Thailand,AY732474,1980
706,AY732475.1|1994,1I_A,1I_A,1I,AY732475,10735,105.4622262,1994,Thailand: Bangkok,Thailand,AY732475,1994
707,AY732476.1|1980,1III,1III,1III,AY732476,10735,105.4622262,1980,Thailand: Bangkok,Thailand,AY732476,1980
708,AY732477.1|1991,1I_B,1I_B,1I,AY732477,10735,105.4622262,1991,Thailand: Bangkok,Thailand,AY732477,1991
709,AY732478.1|1991,1I_B,1I_B,1I,AY732478,10735,105.4622262,1991,Thailand: Bangkok,Thailand,AY732478,1991
710,AY732479.1|2001,1I_H,1I_H,1I,AY732479,10735,105.4622262,2001,Thailand: Bangkok,Thailand,AY732479,2001
711,AY732480.1|1994,1I_A,1I_A,1I,AY732480,10735,105.4622262,1994,Thailand: Bangkok,Thailand,AY732480,1994
712,AY732481.1|1982,1I_B,1I_B,1I,AY732481,10735,105.4622262,1982,Thailand: Bangkok,Thailand,AY732481,1982
713,AY732482.1|2001,1I_H,1I_H,1I,AY732482,10735,105.4622262,2001,Thailand: Bangkok,Thailand,AY732482,2001
714,AY732483.1|1981,1I_B,1I_B,1I,AY732483,10735,105.4622262,1981,Thailand: Bangkok,Thailand,AY732483,1981
715,AB204803.1|2004,1IV_A,1IV_A,1IV,AB204803,10706,105.1773259,2004,Japan,Japan,AB204803,2004
716,AY708047.1|2001,1I_J,1I_J,1I,AY708047,10614,104.2735043,2001,Myanmar,Myanmar,AY708047,2001
717,AB195673.1|2003,1IV_A,1IV_A,1IV,AB195673,10718,105.2952156,2003,Japan,Japan,AB195673,2003
718,AB178040.1|2002,1I_K,1I_K,1I,AB178040,10735,105.4622262,2002,Japan,Japan,AB178040,2002
719,AF298807.1|1998,1VII,1VII,1VII,AF298807,10721,105.3246881,1998,Cote d'Ivoire: Abidjan,Cote d'Ivoire,AF298807,1998
720,AF298808.1|1998,1I_B,1I_B,1I,AF298808,10721,105.3246881,1998,Djibouti,Djibouti,AF298808,1998
