index,seqName,clade,major_lineage,genotype,otherName,seqLength,%cds,year,geo_location,country,strain,date
0,MW946760.1|2001,3II_A,3II_A,3II,MW946760,10173,100,2001,Thailand,Thailand,MW946760,2001
0,GU131845.1|2006,3III_C.2.2,3III_C,3III,GU131845,10525,103.4601396,2006,Brazil: Sao Paulo,Brazil,GU131845,2006
1,MW946761.1|2000,3II_A.4,3II_A,3II,MW946761,10173,100,2000,Thailand,Thailand,MW946761,2000
1,GU131846.1|2006,3III_C.2.2,3III_C,3III,GU131846,10616,104.3546643,2006,Brazil: Sao Paulo,Brazil,GU131846,2006
2,MW946762.1|2011,3II_A.5,3II_A,3II,MW946762,10173,100,2011,Thailand,Thailand,MW946762,2011
2,GU131847.1|2006,3III_C.2.2,3III_C,3III,GU131847,10525,103.4601396,2006,Brazil: Sao Paulo,Brazil,GU131847,2006
3,MW946763.1|2013,3III_B.1,3III_B,3III,MW946763,10173,100,2013,Thailand,Thailand,MW946763,2013
3,GU131848.1|2006,3III_C.2.2,3III_C,3III,GU131848,10525,103.4601396,2006,Brazil: Sao Paulo,Brazil,GU131848,2006
4,MW946764.1|2010,3II_B,3II_B,3II,MW946764,10173,100,2010,Thailand,Thailand,MW946764,2010
4,GU131849.1|2006,3III_C.2.2,3III_C,3III,GU131849,10525,103.4601396,2006,Brazil: Sao Paulo,Brazil,GU131849,2006
5,MW946765.1|1996,3II_A,3II_A,3II,MW946765,10173,100,1996,Thailand,Thailand,MW946765,1996
5,GU131850.1|2006,3III_C.2.2,3III_C,3III,GU131850,10525,103.4601396,2006,Brazil: Sao Paulo,Brazil,GU131850,2006
6,MW946766.1|1997,3II_A,3II_A,3II,MW946766,10173,100,1997,Thailand,Thailand,MW946766,1997
6,GU131851.1|2006,3III_C.2.2,3III_C,3III,GU131851,10525,103.4601396,2006,Brazil: Sao Paulo,Brazil,GU131851,2006
7,MW946767.1|2006,3III_B.1,3III_B,3III,MW946767,10173,100,2006,Thailand,Thailand,MW946767,2006
7,GU131852.1|2006,3III_C.2.2,3III_C,3III,GU131852,10525,103.4601396,2006,Brazil: Sao Paulo,Brazil,GU131852,2006
8,MW946768.1|2006,3II_B,3II_B,3II,MW946768,10173,100,2006,Thailand,Thailand,MW946768,2006
8,GU131853.1|2006,3III_C.2.2,3III_C,3III,GU131853,10525,103.4601396,2006,Brazil: Sao Paulo,Brazil,GU131853,2006
9,MW946769.1|2005,3II_A,3II_A,3II,MW946769,10173,100,2005,Thailand,Thailand,MW946769,2005
9,GU131854.1|2006,3III_C.2.2,3III_C,3III,GU131854,10517,103.3815,2006,Brazil: Sao Paulo,Brazil,GU131854,2006
10,MW946770.1|1996,3II_A,3II_A,3II,MW946770,10173,100,1996,Thailand,Thailand,MW946770,1996
10,GU131855.1|2006,3III_C.2.2,3III_C,3III,GU131855,10616,104.3546643,2006,Brazil: Sao Paulo,Brazil,GU131855,2006
11,MW946771.1|1998,3II_B,3II_B,3II,MW946771,10173,100,1998,Thailand,Thailand,MW946771,1998
11,GU131856.1|2006,3III_C.2,3III_C,3III,GU131856,10616,104.3546643,2006,Brazil: Sao Paulo,Brazil,GU131856,2006
12,MW946772.1|2005,3II_A.2,3II_A,3II,MW946772,10173,100,2005,Thailand,Thailand,MW946772,2005
12,GU131857.1|2006,3III_C.2.2,3III_C,3III,GU131857,10616,104.3546643,2006,Brazil: Sao Paulo,Brazil,GU131857,2006
13,MW946773.1|2006,3II_B,3II_B,3II,MW946773,10173,100,2006,Thailand,Thailand,MW946773,2006
13,GU131858.1|2006,3III_C.2.2,3III_C,3III,GU131858,10525,103.4601396,2006,Brazil: Sao Paulo,Brazil,GU131858,2006
14,MW946774.1|1995,3II_A,3II_A,3II,MW946774,10173,100,1995,Thailand,Thailand,MW946774,1995
14,GU131859.1|2006,3III_C.2.2,3III_C,3III,GU131859,10525,103.4601396,2006,Brazil: Sao Paulo,Brazil,GU131859,2006
15,MW946775.1|2014,3III_B.1,3III_B,3III,MW946775,10173,100,2014,Thailand,Thailand,MW946775,2014
15,GU131860.1|2006,3III_C.2.2,3III_C,3III,GU131860,10517,103.3815,2006,Brazil: Sao Paulo,Brazil,GU131860,2006
16,MW946776.1|2006,3II_A.2,3II_A,3II,MW946776,10173,100,2006,Thailand,Thailand,MW946776,2006
16,GU131861.1|2007,3III_C.2.2,3III_C,3III,GU131861,10526,103.4699695,2007,Brazil: Sao Paulo,Brazil,GU131861,2007
17,MW946777.1|1995,3II_A,3II_A,3II,MW946777,10173,100,1995,Thailand,Thailand,MW946777,1995
17,GU131862.1|2007,3III_C.2.2,3III_C,3III,GU131862,10525,103.4601396,2007,Brazil: Sao Paulo,Brazil,GU131862,2007
18,MW946778.1|2013,3III_B.1,3III_B,3III,MW946778,10173,100,2013,Thailand,Thailand,MW946778,2013
18,GU131865.1|2006,3III_C.2.2,3III_C,3III,GU131865,10501,103.224221,2006,Brazil: Sao Paulo,Brazil,GU131865,2006
19,MW946779.1|2013,3II_B,3II_B,3II,MW946779,10173,100,2013,Thailand,Thailand,MW946779,2013
19,GU131866.1|2007,3III_C.2,3III_C,3III,GU131866,10526,103.4699695,2007,Brazil: Sao Paulo,Brazil,GU131866,2007
20,MW946780.1|1996,3II_A,3II_A,3II,MW946780,10173,100,1996,Thailand,Thailand,MW946780,1996
20,GU131867.1|2007,3III_C.2.2,3III_C,3III,GU131867,10525,103.4601396,2007,Brazil: Sao Paulo,Brazil,GU131867,2007
21,MW946781.1|2005,3II_A.2,3II_A,3II,MW946781,10173,100,2005,Thailand,Thailand,MW946781,2005
21,GU131868.1|2007,3III_C.2,3III_C,3III,GU131868,10517,103.3815,2007,Brazil: Sao Paulo,Brazil,GU131868,2007
22,MW946782.1|1994,3II_A,3II_A,3II,MW946782,10173,100,1994,Thailand,Thailand,MW946782,1994
22,GU131869.1|2007,3III_C.2.2,3III_C,3III,GU131869,10525,103.4601396,2007,Brazil: Sao Paulo,Brazil,GU131869,2007
23,MW946783.1|2012,3III_B.1,3III_B,3III,MW946783,10173,100,2012,Thailand,Thailand,MW946783,2012
23,GU131870.1|2007,3III_C.2.2,3III_C,3III,GU131870,10525,103.4601396,2007,Brazil: Sao Paulo,Brazil,GU131870,2007
24,MW946784.1|1996,3II_A.5,3II_A,3II,MW946784,10173,100,1996,Thailand,Thailand,MW946784,1996
24,GU131871.1|2007,3III_C.2.2,3III_C,3III,GU131871,10510,103.3126905,2007,Brazil: Sao Paulo,Brazil,GU131871,2007
25,MW946785.1|2013,3II_A.5,3II_A,3II,MW946785,10173,100,2013,Thailand,Thailand,MW946785,2013
25,GU131872.1|2007,3III_C.2.2,3III_C,3III,GU131872,10608,104.2760248,2007,Brazil: Sao Paulo,Brazil,GU131872,2007
25,PP563771.1|2023-06-24,3III_B.3.2,3III_B,3III,PP563771,10707,105.249189,2023,Angola,Angola,PP563771,2023
26,MW946786.1|2001,3II_A,3II_A,3II,MW946786,10173,100,2001,Thailand,Thailand,MW946786,2001
26,GU131873.1|2007,3III_C.2,3III_C,3III,GU131873,10402,102.2510567,2007,Brazil: Sao Paulo,Brazil,GU131873,2007
26,PP563871.1|2023-07-04,3III_B.1,3III_B,3III,PP563871,10505,103.2635407,2023,Thailand,Thailand,PP563871,2023
27,MW946787.1|1998,3II_A,3II_A,3II,MW946787,10173,100,1998,Thailand,Thailand,MW946787,1998
27,OR616483.1|2023-08-15,3III_B.3.2,3III_B,3III,OR616483,10214,100.4030276,2023,Dominican Republic,Dominican Republic,OR616483,2023
27,GU131874.1|2007,3III_C.2,3III_C,3III,GU131874,10525,103.4601396,2007,Brazil: Sao Paulo,Brazil,GU131874,2007
28,MW946788.1|2005,3II_A,3II_A,3II,MW946788,10173,100,2005,Thailand,Thailand,MW946788,2005
28,OR616484.1|2023-08-06,3III_B.3.2,3III_B,3III,OR616484,10189,100.1572791,2023,Dominican Republic,Dominican Republic,OR616484,2023
28,GU131875.1|2007,3III_C.2.2,3III_C,3III,GU131875,10525,103.4601396,2007,Brazil: Sao Paulo,Brazil,GU131875,2007
29,MW946789.1|2010,3II_B,3II_B,3II,MW946789,10173,100,2010,Thailand,Thailand,MW946789,2010
29,OR616485.1|2023-08-06,3III_B.3.2,3III_B,3III,OR616485,10213,100.3931977,2023,Dominican Republic,Dominican Republic,OR616485,2023
29,GU131876.1|2007,3III_C.2.2,3III_C,3III,GU131876,10516,103.3716701,2007,Brazil: Sao Paulo,Brazil,GU131876,2007
30,MW946790.1|1995,3II_A.4,3II_A,3II,MW946790,10173,100,1995,Thailand,Thailand,MW946790,1995
30,OR616486.1|2023-08-09,3III_B.3.2,3III_B,3III,OR616486,10195,100.2162587,2023,Dominican Republic,Dominican Republic,OR616486,2023
30,GU131877.1|2007,3III_C.2,3III_C,3III,GU131877,10616,104.3546643,2007,Brazil: Sao Paulo,Brazil,GU131877,2007
31,MW946791.1|1997,3II_B,3II_B,3II,MW946791,10173,100,1997,Thailand,Thailand,MW946791,1997
31,OR616487.1|2023-08-14,3III_B.3.2,3III_B,3III,OR616487,10208,100.344048,2023,Dominican Republic,Dominican Republic,OR616487,2023
31,GU131878.1|2007,3III_C.2,3III_C,3III,GU131878,10638,104.570923,2007,Brazil: Sao Paulo,Brazil,GU131878,2007
32,MW946792.1|1998,3II_A.2,3II_A,3II,MW946792,10173,100,1998,Thailand,Thailand,MW946792,1998
32,OR616488.1|2023-08-14,3III_B.3.2,3III_B,3III,OR616488,10213,100.3931977,2023,Dominican Republic,Dominican Republic,OR616488,2023
32,GU131903.1|2008,3II_A.2,3II_A,3II,GU131903,10509,103.3028605,2008,Cambodia: BMC,Cambodia,GU131903,2008
33,MW946793.1|2006,3II_B,3II_B,3II,MW946793,10173,100,2006,Thailand,Thailand,MW946793,2006
33,OR616489.1|2023-08-15,3III_B.3.2,3III_B,3III,OR616489,10210,100.3637079,2023,Dominican Republic,Dominican Republic,OR616489,2023
33,GU131904.1|2005,3II_A.2,3II_A,3II,GU131904,10638,104.570923,2005,Cambodia: KCH,Cambodia,GU131904,2005
34,MW946794.1|2000,3II_A,3II_A,3II,MW946794,10173,100,2000,Thailand,Thailand,MW946794,2000
34,OR616490.1|2023-08-17,3III_B.3.2,3III_B,3III,OR616490,10200,100.2654084,2023,Dominican Republic,Dominican Republic,OR616490,2023
34,GU131905.1|2008,3II_A.2,3II_A,3II,GU131905,10638,104.570923,2008,Cambodia: KCH,Cambodia,GU131905,2008
35,MW946795.1|2001,3II_A,3II_A,3II,MW946795,10173,100,2001,Thailand,Thailand,MW946795,2001
35,OR616491.1|2023-08-15,3III_B.3.2,3III_B,3III,OR616491,10203,100.2948983,2023,Dominican Republic,Dominican Republic,OR616491,2023
35,GU131906.1|2003,3II_A.2,3II_A,3II,GU131906,10625,104.4431338,2003,Cambodia: KSO,Cambodia,GU131906,2003
36,MW946796.1|2006,3II_B,3II_B,3II,MW946796,10173,100,2006,Thailand,Thailand,MW946796,2006
36,OR616492.1|2023-08-15,3III_B.3.2,3III_B,3III,OR616492,10201,100.2752384,2023,Dominican Republic,Dominican Republic,OR616492,2023
36,GU131907.1|2006,3II_A.2,3II_A,3II,GU131907,10525,103.4601396,2006,Cambodia: KCH,Cambodia,GU131907,2006
37,MW946797.1|2002,3II_A,3II_A,3II,MW946797,10173,100,2002,Thailand,Thailand,MW946797,2002
37,OR616493.1|2023-08-16,3III_B.3.2,3III_B,3III,OR616493,10216,100.4226875,2023,Dominican Republic,Dominican Republic,OR616493,2023
37,GU131908.1|2006,3II_A.2,3II_A,3II,GU131908,10511,103.3225204,2006,Cambodia: KCH,Cambodia,GU131908,2006
38,MW946798.1|2013,3III_B.1,3III_B,3III,MW946798,10173,100,2013,Thailand,Thailand,MW946798,2013
38,OR616494.1|2023-08-24,3III_B.3.2,3III_B,3III,OR616494,10198,100.2457486,2023,Dominican Republic,Dominican Republic,OR616494,2023
38,GU131909.1|2006,3II_A.2,3II_A,3II,GU131909,10509,103.3028605,2006,Cambodia: KCH,Cambodia,GU131909,2006
39,MW946799.1|2012,3III_B.1,3III_B,3III,MW946799,10173,100,2012,Thailand,Thailand,MW946799,2012
39,OR616495.1|2023-08-29,3III_B.3.2,3III_B,3III,OR616495,10203,100.2948983,2023,Dominican Republic,Dominican Republic,OR616495,2023
39,GU131910.1|2006,3II_A.2,3II_A,3II,GU131910,10623,104.4234739,2006,Cambodia: KCH,Cambodia,GU131910,2006
40,MW946800.1|2012,3III_B.1,3III_B,3III,MW946800,10173,100,2012,Thailand,Thailand,MW946800,2012
40,OR616496.1|2023-08-21,3III_B.3.2,3III_B,3III,OR616496,10213,100.3931977,2023,Dominican Republic,Dominican Republic,OR616496,2023
40,GU131911.1|2006,3II_A.2,3II_A,3II,GU131911,10524,103.4503096,2006,Cambodia: KCH,Cambodia,GU131911,2006
41,MW946801.1|2014,3III_B.1,3III_B,3III,MW946801,10173,100,2014,Thailand,Thailand,MW946801,2014
41,OR616497.1|2023-08-22,3III_B.3.2,3III_B,3III,OR616497,10212,100.3833677,2023,Dominican Republic,Dominican Republic,OR616497,2023
41,GU131912.1|2007,3II_A.2,3II_A,3II,GU131912,10522,103.4306498,2007,Cambodia: KCH,Cambodia,GU131912,2007
42,MW946802.1|2014,3III_B.1,3III_B,3III,MW946802,10173,100,2014,Thailand,Thailand,MW946802,2014
42,OR616498.1|2023-08-22,3III_B.3.2,3III_B,3III,OR616498,10196,100.2260887,2023,Dominican Republic,Dominican Republic,OR616498,2023
42,GU131913.1|2007,3II_A.2,3II_A,3II,GU131913,10648,104.6692225,2007,Cambodia: KCH,Cambodia,GU131913,2007
43,MW946803.1|1996,3II_A,3II_A,3II,MW946803,10173,100,1996,Thailand,Thailand,MW946803,1996
43,OR616499.1|2023-08-21,3III_B.3.2,3III_B,3III,OR616499,10214,100.4030276,2023,Dominican Republic,Dominican Republic,OR616499,2023
43,GU131914.1|2007,3II_A.2,3II_A,3II,GU131914,10619,104.3841541,2007,Cambodia: KCH,Cambodia,GU131914,2007
44,MW946804.1|2000,3II_A,3II_A,3II,MW946804,10173,100,2000,Thailand,Thailand,MW946804,2000
44,OR616500.1|2023-08-20,3III_B.3.2,3III_B,3III,OR616500,10216,100.4226875,2023,Dominican Republic,Dominican Republic,OR616500,2023
44,GU131915.1|2007,3II_A.2,3II_A,3II,GU131915,10523,103.4404797,2007,Cambodia: KCH,Cambodia,GU131915,2007
45,MW946805.1|2000,3II_A.4,3II_A,3II,MW946805,10173,100,2000,Thailand,Thailand,MW946805,2000
45,OR616501.1|2023-08-19,3III_B.3.2,3III_B,3III,OR616501,10211,100.3735378,2023,Dominican Republic,Dominican Republic,OR616501,2023
45,GU131916.1|2007,3II_A.2,3II_A,3II,GU131916,10625,104.4431338,2007,Cambodia: KCH,Cambodia,GU131916,2007
46,MW946806.1|1994,3II_A,3II_A,3II,MW946806,10173,100,1994,Thailand,Thailand,MW946806,1994
46,OR616502.1|2023-08-21,3III_B.3.2,3III_B,3III,OR616502,10204,100.3047282,2023,Dominican Republic,Dominican Republic,OR616502,2023
46,GU131917.1|2007,3II_A.2,3II_A,3II,GU131917,10616,104.3546643,2007,Cambodia: KCH,Cambodia,GU131917,2007
47,MW946807.1|2012,3II_A.5,3II_A,3II,MW946807,10173,100,2012,Thailand,Thailand,MW946807,2012
47,OR616503.1|2023-05-21,3III_B.3.2,3III_B,3III,OR616503,10188,100.1474491,2023,Dominican Republic,Dominican Republic,OR616503,2023
47,GU131918.1|2007,3II_A.2,3II_A,3II,GU131918,10497,103.1849012,2007,Cambodia: KCH,Cambodia,GU131918,2007
48,MW946808.1|2010,3III_B.1,3III_B,3III,MW946808,10173,100,2010,Thailand,Thailand,MW946808,2010
48,OR616504.1|2023-08-17,3III_B.3.2,3III_B,3III,OR616504,10205,100.3145581,2023,Dominican Republic,Dominican Republic,OR616504,2023
48,GU131933.1|2006,3II_A.2,3II_A,3II,GU131933,10487,103.0866018,2006,Cambodia: KCH,Cambodia,GU131933,2006
49,MW946809.1|2001,3II_A,3II_A,3II,MW946809,10173,100,2001,Thailand,Thailand,MW946809,2001
49,OR616505.1|2023-08-24,3III_B.3.2,3III_B,3III,OR616505,10193,100.1965988,2023,Dominican Republic,Dominican Republic,OR616505,2023
49,GU131934.1|2007,3II_A.2,3II_A,3II,GU131934,10659,104.7773518,2007,Cambodia: KCH,Cambodia,GU131934,2007
50,MW946810.1|2012,3III_B.1,3III_B,3III,MW946810,10173,100,2012,Thailand,Thailand,MW946810,2012
50,OR616506.1|2023-08-21,3III_B.3.2,3III_B,3III,OR616506,10210,100.3637079,2023,Dominican Republic,Dominican Republic,OR616506,2023
50,GU131935.1|2007,3II_A.2,3II_A,3II,GU131935,10637,104.5610931,2007,Cambodia: KCH,Cambodia,GU131935,2007
51,MW946811.1|2011,3II_A.5,3II_A,3II,MW946811,10173,100,2011,Thailand,Thailand,MW946811,2011
51,OR616507.1|2023-08-25,3III_B.3.2,3III_B,3III,OR616507,10211,100.3735378,2023,Dominican Republic,Dominican Republic,OR616507,2023
51,GU131936.1|2007,3II_A.2,3II_A,3II,GU131936,10660,104.7871818,2007,Cambodia: KCH,Cambodia,GU131936,2007
52,MW946812.1|1995,3II_A,3II_A,3II,MW946812,10173,100,1995,Thailand,Thailand,MW946812,1995
52,OR616508.1|2023-08-25,3III_B.3.2,3III_B,3III,OR616508,10215,100.4128576,2023,Dominican Republic,Dominican Republic,OR616508,2023
52,GU131937.1|2007,3II_A.2,3II_A,3II,GU131937,10657,104.7576919,2007,Cambodia: KCH,Cambodia,GU131937,2007
53,MW946813.1|2010,3II_A.5,3II_A,3II,MW946813,10173,100,2010,Thailand,Thailand,MW946813,2010
53,OR616509.1|2023-08-25,3III_B.3.2,3III_B,3III,OR616509,10200,100.2654084,2023,Dominican Republic,Dominican Republic,OR616509,2023
53,GU131938.1|2007,3II_A.2,3II_A,3II,GU131938,10647,104.6593925,2007,Cambodia: KCH,Cambodia,GU131938,2007
54,MW946814.1|1999,3II_A,3II_A,3II,MW946814,10173,100,1999,Thailand,Thailand,MW946814,1999
54,OR616510.1|2023-08-15,3III_B.3.2,3III_B,3III,OR616510,10210,100.3637079,2023,Dominican Republic,Dominican Republic,OR616510,2023
54,GU131939.1|2007,3II_A.2,3II_A,3II,GU131939,10644,104.6299027,2007,Cambodia: KCH,Cambodia,GU131939,2007
55,MW946815.1|2006,3III_B.1,3III_B,3III,MW946815,10173,100,2006,Thailand,Thailand,MW946815,2006
55,OR616511.1|2023-08-26,3III_B.3.2,3III_B,3III,OR616511,10205,100.3145581,2023,Dominican Republic,Dominican Republic,OR616511,2023
55,GU131940.1|2007,3II_A.2,3II_A,3II,GU131940,10632,104.5119434,2007,Cambodia: KCH,Cambodia,GU131940,2007
56,MW946816.1|1997,3II_A,3II_A,3II,MW946816,10173,100,1997,Thailand,Thailand,MW946816,1997
56,OR616512.1|2023-08-27,3III_B.3.2,3III_B,3III,OR616512,10195,100.2162587,2023,Dominican Republic,Dominican Republic,OR616512,2023
56,GU131941.1|2007,3II_A.2,3II_A,3II,GU131941,10638,104.570923,2007,Cambodia: KCH,Cambodia,GU131941,2007
57,MW946817.1|2009,3II_A.5,3II_A,3II,MW946817,10172,99.99017006,2009,Thailand,Thailand,MW946817,2009
57,OR616513.1|2023-08-22,3III_B.3.2,3III_B,3III,OR616513,10186,100.1277892,2023,Dominican Republic,Dominican Republic,OR616513,2023
57,GU131942.1|2007,3II_A.2,3II_A,3II,GU131942,10633,104.5217733,2007,Cambodia: KCH,Cambodia,GU131942,2007
58,MW946818.1|1994,3II_A,3II_A,3II,MW946818,10173,100,1994,Thailand,Thailand,MW946818,1994
58,OR616514.1|2023-08-27,3III_B.3.2,3III_B,3III,OR616514,10198,100.2457486,2023,Dominican Republic,Dominican Republic,OR616514,2023
58,GU131943.1|2007,3II_A.2,3II_A,3II,GU131943,10649,104.6790524,2007,Cambodia: KCH,Cambodia,GU131943,2007
59,MW946819.1|1999,3II_A.4,3II_A,3II,MW946819,10173,100,1999,Thailand,Thailand,MW946819,1999
59,OR616515.1|2023-08-26,3III_B.3.2,3III_B,3III,OR616515,10205,100.3145581,2023,Dominican Republic,Dominican Republic,OR616515,2023
59,GU131944.1|2007,3II_A.2,3II_A,3II,GU131944,10656,104.747862,2007,Cambodia: KCH,Cambodia,GU131944,2007
60,MW946820.1|2003,3II_A.3,3II_A,3II,MW946820,10173,100,2003,Thailand,Thailand,MW946820,2003
60,OR616516.1|2023-08-29,3III_B.3.2,3III_B,3III,OR616516,10198,100.2457486,2023,Dominican Republic,Dominican Republic,OR616516,2023
60,GU131945.1|2007,3II_A.2,3II_A,3II,GU131945,10507,103.2832006,2007,Cambodia: KCH,Cambodia,GU131945,2007
61,MW946821.1|2000,3II_A,3II_A,3II,MW946821,10173,100,2000,Thailand,Thailand,MW946821,2000
61,OR616517.1|2023-08-25,3III_B.3.2,3III_B,3III,OR616517,10208,100.344048,2023,Dominican Republic,Dominican Republic,OR616517,2023
61,GU131946.1|2008,3II_A.2,3II_A,3II,GU131946,10631,104.5021134,2008,Cambodia: KCH,Cambodia,GU131946,2008
62,MW946822.1|1995,3II_A,3II_A,3II,MW946822,10173,100,1995,Thailand,Thailand,MW946822,1995
62,OR616518.1|2023-08-28,3III_B.3.2,3III_B,3III,OR616518,10212,100.3833677,2023,Dominican Republic,Dominican Republic,OR616518,2023
62,EU932687.1|2007,3III_C.1,3III_C,3III,EU932687,10664,104.8265015,2007,Venezuela: Aragua,Venezuela,EU932687,2007
63,MW946823.1|1994,3II_A,3II_A,3II,MW946823,10173,100,1994,Thailand,Thailand,MW946823,1994
63,OR616519.1|2023-08-24,3III_B.3.2,3III_B,3III,OR616519,10211,100.3735378,2023,Dominican Republic,Dominican Republic,OR616519,2023
63,EU932688.1|2007,3III_C.1,3III_C,3III,EU932688,10663,104.8166716,2007,Venezuela: Aragua,Venezuela,EU932688,2007
64,MW946824.1|2006,3II_B,3II_B,3II,MW946824,10173,100,2006,Thailand,Thailand,MW946824,2006
64,OR616520.1|2023-08-27,3III_B.3.2,3III_B,3III,OR616520,10199,100.2555785,2023,Dominican Republic,Dominican Republic,OR616520,2023
64,GQ868546.1|2006,3III_C.2.2,3III_C,3III,GQ868546,10663,104.8166716,2006,Brazil: Sao Paulo,Brazil,GQ868546,2006
65,MW946825.1|1994,3II_B,3II_B,3II,MW946825,10173,100,1994,Thailand,Thailand,MW946825,1994
65,OR616521.1|2023-08-27,3III_B.3.2,3III_B,3III,OR616521,10211,100.3735378,2023,Dominican Republic,Dominican Republic,OR616521,2023
65,GQ868547.1|2006,3III_C.2.2,3III_C,3III,GQ868547,10655,104.738032,2006,Brazil: Sao Paulo,Brazil,GQ868547,2006
66,MW946826.1|1995,3II_A,3II_A,3II,MW946826,10173,100,1995,Thailand,Thailand,MW946826,1995
66,OR616522.1|2023-08-28,3III_B.3.2,3III_B,3III,OR616522,10203,100.2948983,2023,Dominican Republic,Dominican Republic,OR616522,2023
66,GQ868548.1|2006,3III_C.2.2,3III_C,3III,GQ868548,10663,104.8166716,2006,Brazil: Sao Paulo,Brazil,GQ868548,2006
67,MW946827.1|1996,3II_A,3II_A,3II,MW946827,10173,100,1996,Thailand,Thailand,MW946827,1996
67,OR616523.1|2023-08-28,3III_B.3.2,3III_B,3III,OR616523,10201,100.2752384,2023,Dominican Republic,Dominican Republic,OR616523,2023
67,GQ868571.1|2002,3III_C.1,3III_C,3III,GQ868571,10663,104.8166716,2002,Colombia: Santander,Colombia,GQ868571,2002
68,MW946828.1|1994,3II_A,3II_A,3II,MW946828,10173,100,1994,Thailand,Thailand,MW946828,1994
68,OR616524.1|2023-08-22,3III_B.3.2,3III_B,3III,OR616524,10211,100.3735378,2023,Dominican Republic,Dominican Republic,OR616524,2023
68,GQ868572.1|2003,3III_C.1,3III_C,3III,GQ868572,10652,104.7085422,2003,Colombia: Santander,Colombia,GQ868572,2003
69,MW946829.1|2005,3II_B,3II_B,3II,MW946829,10173,100,2005,Thailand,Thailand,MW946829,2005
69,OR616525.1|2023-08-30,3III_B.3.2,3III_B,3III,OR616525,10213,100.3931977,2023,Dominican Republic,Dominican Republic,OR616525,2023
69,GQ868573.1|2003,3III_C.1,3III_C,3III,GQ868573,10644,104.6299027,2003,Colombia: Santander,Colombia,GQ868573,2003
70,MW946830.1|1994,3II_A,3II_A,3II,MW946830,10173,100,1994,Thailand,Thailand,MW946830,1994
70,OR616526.1|2023-08-30,3III_B.3.2,3III_B,3III,OR616526,10201,100.2752384,2023,Dominican Republic,Dominican Republic,OR616526,2023
70,GQ868574.1|2003,3III_C.1,3III_C,3III,GQ868574,10663,104.8166716,2003,Colombia: Santander,Colombia,GQ868574,2003
71,MW946831.1|2006,3II_A.5,3II_A,3II,MW946831,10173,100,2006,Thailand,Thailand,MW946831,2006
71,OR616527.1|2023-08-30,3III_B.3.2,3III_B,3III,OR616527,10212,100.3833677,2023,Dominican Republic,Dominican Republic,OR616527,2023
71,GQ868575.1|2004,3III_C.1,3III_C,3III,GQ868575,10663,104.8166716,2004,Colombia: Santander,Colombia,GQ868575,2004
72,MW946832.1|1997,3II_A.3,3II_A,3II,MW946832,10173,100,1997,Thailand,Thailand,MW946832,1997
72,OR616528.1|2023-08-12,3III_B.3.2,3III_B,3III,OR616528,10193,100.1965988,2023,Dominican Republic,Dominican Republic,OR616528,2023
72,GQ868576.1|2005,3III_C.1,3III_C,3III,GQ868576,10663,104.8166716,2005,Colombia: Norte de Santander,Colombia,GQ868576,2005
73,MW946833.1|1998,3II_A,3II_A,3II,MW946833,10173,100,1998,Thailand,Thailand,MW946833,1998
73,OR616529.1|2023-08-29,3III_B.3.2,3III_B,3III,OR616529,10215,100.4128576,2023,Dominican Republic,Dominican Republic,OR616529,2023
73,GQ868577.1|2005,3III_C.1,3III_C,3III,GQ868577,10646,104.6495626,2005,Colombia: Norte de Santander,Colombia,GQ868577,2005
74,MW946834.1|1996,3II_A,3II_A,3II,MW946834,10173,100,1996,Thailand,Thailand,MW946834,1996
74,OR616530.1|2023-07-02,3III_B.3.2,3III_B,3III,OR616530,10306,101.3073823,2023,Dominican Republic,Dominican Republic,OR616530,2023
74,GQ868578.1|2007,3III_C.1,3III_C,3III,GQ868578,10659,104.7773518,2007,Colombia: Santander,Colombia,GQ868578,2007
75,MW946835.1|1999,3II_A,3II_A,3II,MW946835,10173,100,1999,Thailand,Thailand,MW946835,1999
75,OR616531.1|2023-07-17,3III_B.3.2,3III_B,3III,OR616531,10197,100.2359186,2023,Dominican Republic,Dominican Republic,OR616531,2023
75,GQ868586.1|2007,3III_C.1,3III_C,3III,GQ868586,10663,104.8166716,2007,Venezuela: Aragua,Venezuela,GQ868586,2007
76,MW946836.1|1998,3II_A,3II_A,3II,MW946836,10173,100,1998,Thailand,Thailand,MW946836,1998
76,OR616532.1|2023-07-19,3III_B.3.2,3III_B,3III,OR616532,10201,100.2752384,2023,Dominican Republic,Dominican Republic,OR616532,2023
76,GQ868587.1|2007,3III_C.1,3III_C,3III,GQ868587,10663,104.8166716,2007,Venezuela: Aragua,Venezuela,GQ868587,2007
77,MW946837.1|1997,3II_A,3II_A,3II,MW946837,10173,100,1997,Thailand,Thailand,MW946837,1997
77,OR616533.1|2023-07-14,3III_B.3.2,3III_B,3III,OR616533,10201,100.2752384,2023,Dominican Republic,Dominican Republic,OR616533,2023
77,GQ868593.1|1973,3II,3II,3II,GQ868593,10663,104.8166716,1973,Thailand,Thailand,GQ868593,1973
78,MW946838.1|2000,3II_A.4,3II_A,3II,MW946838,10173,100,2000,Thailand,Thailand,MW946838,2000
78,OR616534.1|2023-07-16,3III_B.3.2,3III_B,3III,OR616534,10209,100.3538779,2023,Dominican Republic,Dominican Republic,OR616534,2023
78,GQ868616.1|2001,3III_C.2,3III_C,3III,GQ868616,10663,104.8166716,2001,Saint Lucia,Saint Lucia,GQ868616,2001
79,MW946839.1|2011,3III_B.1,3III_B,3III,MW946839,10173,100,2011,Thailand,Thailand,MW946839,2011
79,OR616535.1|2023-07-17,3III_B.3.2,3III_B,3III,OR616535,10213,100.3931977,2023,Dominican Republic,Dominican Republic,OR616535,2023
79,GQ868617.1|2002,3III_C.2,3III_C,3III,GQ868617,10662,104.8068416,2002,Trinidad and Tobago: Trinidad,Trinidad and Tobago,GQ868617,2002
80,MW946840.1|1995,3II_A,3II_A,3II,MW946840,10173,100,1995,Thailand,Thailand,MW946840,1995
80,OR616536.1|2023-07-21,3III_B.3.2,3III_B,3III,OR616536,10207,100.334218,2023,Dominican Republic,Dominican Republic,OR616536,2023
80,GQ868626.1|2001,3II_A,3II_A,3II,GQ868626,10663,104.8166716,2001,Cambodia: PHP,Cambodia,GQ868626,2001
81,MW946841.1|2012,3III_B.1,3III_B,3III,MW946841,10173,100,2012,Thailand,Thailand,MW946841,2012
81,OR616537.1|2023-07-27,3III_B.3.2,3III_B,3III,OR616537,10211,100.3735378,2023,Dominican Republic,Dominican Republic,OR616537,2023
81,GQ868627.1|2002,3II_A,3II_A,3II,GQ868627,10663,104.8166716,2002,Cambodia: KCH,Cambodia,GQ868627,2002
82,MW946842.1|2003,3II_A.2,3II_A,3II,MW946842,10173,100,2003,Thailand,Thailand,MW946842,2003
82,OR616538.1|2023-08-03,3III_B.3.2,3III_B,3III,OR616538,10209,100.3538779,2023,Dominican Republic,Dominican Republic,OR616538,2023
82,GQ868628.1|2005,3II_A.2,3II_A,3II,GQ868628,10659,104.7773518,2005,Cambodia: BTB,Cambodia,GQ868628,2005
83,MW946843.1|2014,3III_B.1,3III_B,3III,MW946843,10173,100,2014,Thailand,Thailand,MW946843,2014
83,GQ868629.1|2005,3II_A.2,3II_A,3II,GQ868629,10660,104.7871818,2005,Cambodia: PHP,Cambodia,GQ868629,2005
83,OP090327.1|2019-07,3III_B.1,3III_B,3III,OP090327,10667,104.8559913,2019,Myanmar,Myanmar,OP090327,2019
84,MW946844.1|1995,3II_A,3II_A,3II,MW946844,10173,100,1995,Thailand,Thailand,MW946844,1995
84,GQ868634.1|2006,3II_A.2,3II_A,3II,GQ868634,10663,104.8166716,2006,Cambodia: KCH,Cambodia,GQ868634,2006
84,OP090328.1|2019-07,3III_B.1,3III_B,3III,OP090328,10667,104.8559913,2019,Myanmar,Myanmar,OP090328,2019
85,MW946845.1|2011,3II_A.5,3II_A,3II,MW946845,10173,100,2011,Thailand,Thailand,MW946845,2011
85,OP090329.1|2019-07,3I_A.1.2,3I_A,3I,OP090329,10675,104.9346309,2019,Myanmar,Myanmar,OP090329,2019
85,DQ863638.1|1973,3II,3II,3II,DQ863638,10707,105.249189,1973,Thailand: Bangkok,Thailand,DQ863638,1973
86,MW946846.1|1995,3II_A,3II_A,3II,MW946846,10173,100,1995,Thailand,Thailand,MW946846,1995
86,OR236119.1|2012-03,3III_B.1,3III_B,3III,OR236119,10454,102.7622137,2012,Reunion,Reunion,OR236119,2012
86,GQ199860.1|2008,3III_C.2.1,3III_C,3III,GQ199860,10652,104.7085422,2008,Nicaragua: Managua,Nicaragua,GQ199860,2008
87,MW946847.1|1995,3II_A,3II_A,3II,MW946847,10173,100,1995,Thailand,Thailand,MW946847,1995
87,OR236120.1|2013-06,3II_A.5,3II_A,3II,OR236120,10453,102.7523838,2013,Reunion,Reunion,OR236120,2013
87,GQ199861.1|2008,3III_C.2.1,3III_C,3III,GQ199861,10652,104.7085422,2008,Nicaragua: Managua,Nicaragua,GQ199861,2008
88,MW946848.1|2011,3II_A.5,3II_A,3II,MW946848,10173,100,2011,Thailand,Thailand,MW946848,2011
88,OR236121.1|2016-02,3I_A.1,3I_A,3I,OR236121,10453,102.7523838,2016,Reunion,Reunion,OR236121,2016
88,GQ199862.1|2008,3III_C.2.1,3III_C,3III,GQ199862,10652,104.7085422,2008,Nicaragua: Managua,Nicaragua,GQ199862,2008
89,MW946849.1|1998,3II_B,3II_B,3II,MW946849,10173,100,1998,Thailand,Thailand,MW946849,1998
89,OR236122.1|2019-09,3III_B.1,3III_B,3III,OR236122,10446,102.6835742,2019,Reunion,Reunion,OR236122,2019
89,GQ199863.1|2008,3III_C.2.1,3III_C,3III,GQ199863,10652,104.7085422,2008,Nicaragua: Managua,Nicaragua,GQ199863,2008
90,MW946850.1|1997,3II_A,3II_A,3II,MW946850,10173,100,1997,Thailand,Thailand,MW946850,1997
90,OR236123.1|2019-01,3III_B.1,3III_B,3III,OR236123,10446,102.6835742,2019,Reunion,Reunion,OR236123,2019
90,GQ199864.1|2008,3III_C.2.1,3III_C,3III,GQ199864,10652,104.7085422,2008,Nicaragua: Managua,Nicaragua,GQ199864,2008
91,MW946851.1|1996,3II_A,3II_A,3II,MW946851,10173,100,1996,Thailand,Thailand,MW946851,1996
91,OR236124.1|2020-01,3III_B.1,3III_B,3III,OR236124,10446,102.6835742,2020,Reunion,Reunion,OR236124,2020
91,GQ199865.1|2009,3III_C.2.1,3III_C,3III,GQ199865,10652,104.7085422,2009,Nicaragua: Managua,Nicaragua,GQ199865,2009
92,MW946852.1|2006,3II_B,3II_B,3II,MW946852,10173,100,2006,Thailand,Thailand,MW946852,2006
92,OR236125.1|2020-01,3III_B.1,3III_B,3III,OR236125,10446,102.6835742,2020,Reunion,Reunion,OR236125,2020
92,GQ199870.1|2008,3III_C.2.1,3III_C,3III,GQ199870,10652,104.7085422,2008,Nicaragua: Managua,Nicaragua,GQ199870,2008
93,MW946853.1|1994,3II_A,3II_A,3II,MW946853,10173,100,1994,Thailand,Thailand,MW946853,1994
93,OR236126.1|2020-03,3III_B.1,3III_B,3III,OR236126,10446,102.6835742,2020,Reunion,Reunion,OR236126,2020
93,GQ199871.1|2008,3III_C.2.1,3III_C,3III,GQ199871,10637,104.5610931,2008,Nicaragua: Managua,Nicaragua,GQ199871,2008
94,MW946854.1|1998,3II_A,3II_A,3II,MW946854,10173,100,1998,Thailand,Thailand,MW946854,1998
94,OR236127.1|2020-08,3III_B.1,3III_B,3III,OR236127,10446,102.6835742,2020,Reunion,Reunion,OR236127,2020
94,GQ199886.1|1998,3III_C,3III_C,3III,GQ199886,10646,104.6495626,1998,Nicaragua,Nicaragua,GQ199886,1998
95,MW946855.1|2006,3II_B,3II_B,3II,MW946855,10173,100,2006,Thailand,Thailand,MW946855,2006
95,OR236128.1|2020-02,3III_B.1,3III_B,3III,OR236128,10446,102.6835742,2020,Reunion,Reunion,OR236128,2020
95,GQ199887.1|1983,3III,3III,3III,GQ199887,10663,104.8166716,1983,Sri Lanka: Western Province,Sri Lanka,GQ199887,1983
96,MW946856.1|1996,3II_A,3II_A,3II,MW946856,10173,100,1996,Thailand,Thailand,MW946856,1996
96,OR236129.1|2020-02,3III_B.1,3III_B,3III,OR236129,10446,102.6835742,2020,Reunion,Reunion,OR236129,2020
96,GQ199888.1|1983,3III,3III,3III,GQ199888,10663,104.8166716,1983,Sri Lanka: Western Province,Sri Lanka,GQ199888,1983
97,MW946857.1|2010,3II_A.5,3II_A,3II,MW946857,10173,100,2010,Thailand,Thailand,MW946857,2010
97,OR236130.1|2020-02,3III_B.1,3III_B,3III,OR236130,10446,102.6835742,2020,Reunion,Reunion,OR236130,2020
97,GQ199889.1|1983,3III,3III,3III,GQ199889,10645,104.6397326,1983,Sri Lanka: Western Province,Sri Lanka,GQ199889,1983
98,MW946858.1|2005,3II_A.2,3II_A,3II,MW946858,10173,100,2005,Thailand,Thailand,MW946858,2005
98,OR236131.1|2020-02,3III_B.1,3III_B,3III,OR236131,10446,102.6835742,2020,Reunion,Reunion,OR236131,2020
98,GQ199891.1|2001,3III_C.1,3III_C,3III,GQ199891,10663,104.8166716,2001,Colombia: Santander,Colombia,GQ199891,2001
99,MW946859.1|1999,3II_A,3II_A,3II,MW946859,10173,100,1999,Thailand,Thailand,MW946859,1999
99,OR236132.1|2020-02,3III_B.1,3III_B,3III,OR236132,10446,102.6835742,2020,Reunion,Reunion,OR236132,2020
99,GQ252674.1|1997,3III,3III,3III,GQ252674,10682,105.0034405,1997,Sri Lanka: Western Province,Sri Lanka,GQ252674,1997
100,MW946860.1|1996,3II_A,3II_A,3II,MW946860,10173,100,1996,Thailand,Thailand,MW946860,1996
100,OR236133.1|2020-03,3III_B.1,3III_B,3III,OR236133,10446,102.6835742,2020,Reunion,Reunion,OR236133,2020
100,GQ252678.1|2001,3III_C.1,3III_C,3III,GQ252678,10641,104.6004129,2001,Venezuela: Aragua,Venezuela,GQ252678,2001
101,MW946861.1|1994,3II_B,3II_B,3II,MW946861,10173,100,1994,Thailand,Thailand,MW946861,1994
101,OR236134.1|2020-06,3III_B.1,3III_B,3III,OR236134,10446,102.6835742,2020,Reunion,Reunion,OR236134,2020
101,FJ873812.1|2008,3III_C.2.1,3III_C,3III,FJ873812,10638,104.570923,2008,Nicaragua: Managua,Nicaragua,FJ873812,2008
102,MW946862.1|1999,3II_A,3II_A,3II,MW946862,10173,100,1999,Thailand,Thailand,MW946862,1999
102,OR236135.1|2020-04,3III_B.1,3III_B,3III,OR236135,10446,102.6835742,2020,Reunion,Reunion,OR236135,2020
102,FJ873813.1|2008,3III_C.2.1,3III_C,3III,FJ873813,10637,104.5610931,2008,Nicaragua: Managua,Nicaragua,FJ873813,2008
103,MW946863.1|2003,3II_A.4,3II_A,3II,MW946863,10173,100,2003,Thailand,Thailand,MW946863,2003
103,OR236136.1|2020-05,3III_B.1,3III_B,3III,OR236136,10446,102.6835742,2020,Reunion,Reunion,OR236136,2020
103,FJ882571.1|1989,3III,3III,3III,FJ882571,10644,104.6299027,1989,Sri Lanka,Sri Lanka,FJ882571,1989
104,MW946864.1|1996,3II_A,3II_A,3II,MW946864,10173,100,1996,Thailand,Thailand,MW946864,1996
104,OR618322.1|2016-12-04,3I_C,3I_C,3I,OR618322,10584,104.0401062,2016,Taiwan,Taiwan,OR618322,2016
104,FJ882572.1|1989,3III,3III,3III,FJ882572,10663,104.8166716,1989,Sri Lanka,Sri Lanka,FJ882572,1989
105,MW946865.1|1994,3II_A,3II_A,3II,MW946865,10173,100,1994,Thailand,Thailand,MW946865,1994
105,OR618323.1|2017-01-09,3I_C,3I_C,3I,OR618323,10584,104.0401062,2017,Taiwan,Taiwan,OR618323,2017
105,FJ882573.1|1993,3III_A,3III_A,3III,FJ882573,10663,104.8166716,1993,Sri Lanka,Sri Lanka,FJ882573,1993
106,MW946866.1|2006,3II_A.2,3II_A,3II,MW946866,10173,100,2006,Thailand,Thailand,MW946866,2006
106,PP269944.1|2012-10-26,3II_A.1,3II_A,3II,PP269944,10585,104.0499361,2012,Viet Nam,Viet Nam,PP269944,2012
106,FJ882574.1|1985,3III,3III,3III,FJ882574,10651,104.6987123,1985,Sri Lanka,Sri Lanka,FJ882574,1985
107,MW946867.1|1998,3II_A.5,3II_A,3II,MW946867,10173,100,1998,Thailand,Thailand,MW946867,1998
107,PP269945.1|2011-05-17,3II_A.1,3II_A,3II,PP269945,10613,104.3251745,2011,Viet Nam,Viet Nam,PP269945,2011
107,FJ882575.1|1985,3III,3III,3III,FJ882575,10663,104.8166716,1985,Mozambique,Mozambique,FJ882575,1985
108,MW946868.1|2006,3II_B,3II_B,3II,MW946868,10173,100,2006,Thailand,Thailand,MW946868,2006
108,PP269946.1|2012-07-02,3II_A.1,3II_A,3II,PP269946,10581,104.0106163,2012,Viet Nam,Viet Nam,PP269946,2012
108,FJ882576.1|1994,3III_C,3III_C,3III,FJ882576,10663,104.8166716,1994,Nicaragua,Nicaragua,FJ882576,1994
109,MW946869.1|1998,3II_A,3II_A,3II,MW946869,10173,100,1998,Thailand,Thailand,MW946869,1998
109,PP269947.1|2012-01-30,3II_A.1,3II_A,3II,PP269947,10609,104.2858547,2012,Viet Nam,Viet Nam,PP269947,2012
109,FJ882577.1|2001,3III_C.1,3III_C,3III,FJ882577,10661,104.7970117,2001,Venezuela: Aragua,Venezuela,FJ882577,2001
110,MW946870.1|2014,3III_B.1,3III_B,3III,MW946870,10173,100,2014,Thailand,Thailand,MW946870,2014
110,PP269948.1|2013-08-27,3II_A.1,3II_A,3II,PP269948,10614,104.3350044,2013,Viet Nam,Viet Nam,PP269948,2013
110,FJ882578.1|2001,3III_C.1,3III_C,3III,FJ882578,10663,104.8166716,2001,Venezuela: Aragua,Venezuela,FJ882578,2001
111,MW946871.1|2003,3II_A,3II_A,3II,MW946871,10173,100,2003,Thailand,Thailand,MW946871,2003
111,PP269949.1|2014-04-14,3II_A.1,3II_A,3II,PP269949,10574,103.9418067,2014,Viet Nam,Viet Nam,PP269949,2014
111,FJ898440.1|2003,3III_C,3III_C,3III,FJ898440,10663,104.8166716,2003,Mexico: Morelos,Mexico,FJ898440,2003
112,MW946872.1|2014,3III_B.1,3III_B,3III,MW946872,10173,100,2014,Thailand,Thailand,MW946872,2014
112,PP269950.1|2012-01-05,3II_A.1,3II_A,3II,PP269950,10585,104.0499361,2012,Viet Nam,Viet Nam,PP269950,2012
112,FJ898441.1|2006,3III_C,3III_C,3III,FJ898441,10663,104.8166716,2006,Mexico: Distrito Federal,Mexico,FJ898441,2006
113,MW946873.1|2006,3II_A.3,3II_A,3II,MW946873,10173,100,2006,Thailand,Thailand,MW946873,2006
113,PP269951.1|2012-09-17,3II_A.1,3II_A,3II,PP269951,10592,104.1187457,2012,Viet Nam,Viet Nam,PP269951,2012
113,FJ898442.1|2007,3III_C,3III_C,3III,FJ898442,10663,104.8166716,2007,Mexico: Puebla,Mexico,FJ898442,2007
114,MW946874.1|1996,3II_A,3II_A,3II,MW946874,10173,100,1996,Thailand,Thailand,MW946874,1996
114,PP269952.1|2012-11-08,3II_A.1,3II_A,3II,PP269952,10592,104.1187457,2012,Viet Nam,Viet Nam,PP269952,2012
114,FJ898443.1|2003,3III_C.1,3III_C,3III,FJ898443,10663,104.8166716,2003,Colombia: Santander,Colombia,FJ898443,2003
115,MW946875.1|1997,3II_A,3II_A,3II,MW946875,10173,100,1997,Thailand,Thailand,MW946875,1997
115,PP269953.1|2013-09-12,3II_A.1,3II_A,3II,PP269953,10586,104.059766,2013,Viet Nam,Viet Nam,PP269953,2013
115,FJ898444.1|2005,3III_C.1,3III_C,3III,FJ898444,10663,104.8166716,2005,Colombia: Norte de Santander,Colombia,FJ898444,2005
116,MW946876.1|2003,3II_A,3II_A,3II,MW946876,10173,100,2003,Thailand,Thailand,MW946876,2003
116,PP269954.1|2012-02-21,3II_A.1,3II_A,3II,PP269954,10586,104.059766,2012,Viet Nam,Viet Nam,PP269954,2012
116,FJ898445.1|2007,3III_C.1,3III_C,3III,FJ898445,10664,104.8265015,2007,Colombia: Santander,Colombia,FJ898445,2007
117,MW946877.1|2006,3II_A,3II_A,3II,MW946877,10173,100,2006,Thailand,Thailand,MW946877,2006
117,PP269955.1|2012-12-07,3II_A.1,3II_A,3II,PP269955,10591,104.1089158,2012,Viet Nam,Viet Nam,PP269955,2012
117,FJ898446.1|2001,3III_C.2,3III_C,3III,FJ898446,10661,104.7970117,2001,Brazil,Brazil,FJ898446,2001
118,MW946878.1|1995,3II_A,3II_A,3II,MW946878,10173,100,1995,Thailand,Thailand,MW946878,1995
118,PP269956.1|2013-01-05,3II_A.1,3II_A,3II,PP269956,10585,104.0499361,2013,Viet Nam,Viet Nam,PP269956,2013
118,FJ898447.1|2003,3III_C.2,3III_C,3III,FJ898447,10663,104.8166716,2003,Brazil,Brazil,FJ898447,2003
119,MW946879.1|2000,3II_A,3II_A,3II,MW946879,10173,100,2000,Thailand,Thailand,MW946879,2000
119,PP269957.1|2013-01-24,3II_A.1,3II_A,3II,PP269957,10611,104.3055146,2013,Viet Nam,Viet Nam,PP269957,2013
119,FJ898455.1|1991,3I_B,3I_B,3I,FJ898455,10663,104.8166716,1991,Cook Islands,Cook Islands,FJ898455,1991
120,MW946880.1|2012,3II_A.5,3II_A,3II,MW946880,10173,100,2012,Thailand,Thailand,MW946880,2012
120,PP269958.1|2013-03-15,3II_A.1,3II_A,3II,PP269958,10592,104.1187457,2013,Viet Nam,Viet Nam,PP269958,2013
120,FJ898456.1|1995,3I_B,3I_B,3I,FJ898456,10663,104.8166716,1995,Samoa,Samoa,FJ898456,1995
121,MW946881.1|2014,3III_B.1,3III_B,3III,MW946881,10173,100,2014,Thailand,Thailand,MW946881,2014
121,PP269959.1|2013-08-10,3II_A.1,3II_A,3II,PP269959,10592,104.1187457,2013,Viet Nam,Viet Nam,PP269959,2013
121,FJ898457.1|2000,3III_C.2,3III_C,3III,FJ898457,10663,104.8166716,2000,Ecuador,Ecuador,FJ898457,2000
122,MW946882.1|2002,3II_A,3II_A,3II,MW946882,10173,100,2002,Thailand,Thailand,MW946882,2002
122,PP269960.1|2013-10-10,3II_A.1,3II_A,3II,PP269960,10612,104.3153445,2013,Viet Nam,Viet Nam,PP269960,2013
122,FJ898458.1|2002,3III_C.2,3III_C,3III,FJ898458,10663,104.8166716,2002,Peru,Peru,FJ898458,2002
123,MW946883.1|1995,3II_A,3II_A,3II,MW946883,10173,100,1995,Thailand,Thailand,MW946883,1995
123,PP269961.1|2013-11-12,3II_A.1,3II_A,3II,PP269961,10593,104.1285756,2013,Viet Nam,Viet Nam,PP269961,2013
123,FJ898459.1|2002,3III_C.2,3III_C,3III,FJ898459,10663,104.8166716,2002,Trinidad and Tobago,Trinidad and Tobago,FJ898459,2002
124,MW946884.1|2006,3II_A.5,3II_A,3II,MW946884,10173,100,2006,Thailand,Thailand,MW946884,2006
124,PP269962.1|2013-11-27,3II_A.1,3II_A,3II,PP269962,10613,104.3251745,2013,Viet Nam,Viet Nam,PP269962,2013
124,FJ898462.1|2001,3III_C.2,3III_C,3III,FJ898462,10663,104.8166716,2001,Anguilla,Anguilla,FJ898462,2001
125,MW946885.1|1998,3II_A,3II_A,3II,MW946885,10173,100,1998,Thailand,Thailand,MW946885,1998
125,PP269963.1|2013-12-02,3II_A.1,3II_A,3II,PP269963,10612,104.3153445,2013,Viet Nam,Viet Nam,PP269963,2013
125,FJ898463.1|2001,3III_C.2,3III_C,3III,FJ898463,10660,104.7871818,2001,Saint Lucia,Saint Lucia,FJ898463,2001
126,MW946886.1|1995,3II_A,3II_A,3II,MW946886,10173,100,1995,Thailand,Thailand,MW946886,1995
126,PP269964.1|2012-12-26,3II_A.1,3II_A,3II,PP269964,10611,104.3055146,2012,Viet Nam,Viet Nam,PP269964,2012
126,FJ898464.1|2002,3III_C.2,3III_C,3III,FJ898464,10663,104.8166716,2002,Guyana,Guyana,FJ898464,2002
127,MW946887.1|1999,3II_A,3II_A,3II,MW946887,10173,100,1999,Thailand,Thailand,MW946887,1999
127,PP269965.1|2013-11-12,3II_A.1,3II_A,3II,PP269965,10592,104.1187457,2013,Viet Nam,Viet Nam,PP269965,2013
127,FJ898468.1|2000,3III_C.1,3III_C,3III,FJ898468,10663,104.8166716,2000,Venezuela: Aragua,Venezuela,FJ898468,2000
128,MW946888.1|2006,3II_B,3II_B,3II,MW946888,10173,100,2006,Thailand,Thailand,MW946888,2006
128,PP269966.1|2013-12-02,3II_A.1,3II_A,3II,PP269966,10610,104.2956847,2013,Viet Nam,Viet Nam,PP269966,2013
128,FJ898469.1|2001,3III_C.1,3III_C,3III,FJ898469,10663,104.8166716,2001,Venezuela: Aragua,Venezuela,FJ898469,2001
129,MW946889.1|2006,3II_B,3II_B,3II,MW946889,10173,100,2006,Thailand,Thailand,MW946889,2006
129,PP269967.1|2014-12-03,3II_A.1,3II_A,3II,PP269967,10598,104.1777254,2014,Viet Nam,Viet Nam,PP269967,2014
129,FJ898470.1|2001,3III_C.1,3III_C,3III,FJ898470,10663,104.8166716,2001,Venezuela: Aragua,Venezuela,FJ898470,2001
130,MW946890.1|2006,3II_A,3II_A,3II,MW946890,10173,100,2006,Thailand,Thailand,MW946890,2006
130,PP269968.1|2013-07-18,3II_A.1,3II_A,3II,PP269968,10592,104.1187457,2013,Viet Nam,Viet Nam,PP269968,2013
130,FJ898471.1|2002,3III_C.1,3III_C,3III,FJ898471,10663,104.8166716,2002,Venezuela: Aragua,Venezuela,FJ898471,2002
131,MW946891.1|2011,3III_B.1,3III_B,3III,MW946891,10173,100,2011,Thailand,Thailand,MW946891,2011
131,PP269969.1|2013-12-20,3II_A.1,3II_A,3II,PP269969,10611,104.3055146,2013,Viet Nam,Viet Nam,PP269969,2013
131,FJ898472.1|2003,3III_C.1,3III_C,3III,FJ898472,10664,104.8265015,2003,Venezuela: Aragua,Venezuela,FJ898472,2003
132,MW946892.1|2000,3II_A.4,3II_A,3II,MW946892,10173,100,2000,Thailand,Thailand,MW946892,2000
132,PP269970.1|2014-02-25,3II_A.1,3II_A,3II,PP269970,10592,104.1187457,2014,Viet Nam,Viet Nam,PP269970,2014
132,FJ898473.1|2003,3III_C.1,3III_C,3III,FJ898473,10663,104.8166716,2003,Venezuela: Aragua,Venezuela,FJ898473,2003
133,MW946893.1|2003,3II_A,3II_A,3II,MW946893,10173,100,2003,Thailand,Thailand,MW946893,2003
133,PP269971.1|2014-10-14,3II_A.1,3II_A,3II,PP269971,10599,104.1875553,2014,Viet Nam,Viet Nam,PP269971,2014
133,FJ898474.1|2007,3III_C.2,3III_C,3III,FJ898474,10664,104.8265015,2007,Venezuela: Aragua,Venezuela,FJ898474,2007
134,MW946894.1|2006,3II_A.2,3II_A,3II,MW946894,10173,100,2006,Thailand,Thailand,MW946894,2006
134,PP269972.1|2013-09-17,3II_A.1,3II_A,3II,PP269972,10592,104.1187457,2013,Viet Nam,Viet Nam,PP269972,2013
134,FJ898475.1|2008,3III_C.2.1,3III_C,3III,FJ898475,10652,104.7085422,2008,Nicaragua: Managua,Nicaragua,FJ898475,2008
135,MW946895.1|1998,3II_B,3II_B,3II,MW946895,10173,100,1998,Thailand,Thailand,MW946895,1998
135,PP269973.1|2012-09-13,3II_A.1,3II_A,3II,PP269973,10548,103.6862283,2012,Viet Nam,Viet Nam,PP269973,2012
135,FJ898476.1|2008,3III_C.2.1,3III_C,3III,FJ898476,10639,104.580753,2008,Nicaragua: Managua,Nicaragua,FJ898476,2008
136,MW946896.1|1999,3II_A,3II_A,3II,MW946896,10173,100,1999,Thailand,Thailand,MW946896,1999
136,PP269974.1|2013-05-16,3II_A.1,3II_A,3II,PP269974,10586,104.059766,2013,Viet Nam,Viet Nam,PP269974,2013
136,FJ913015.1|2001,3III_C.2,3III_C,3III,FJ913015,10663,104.8166716,2001,Brazil: Central west,Brazil,FJ913015,2001
137,MW946897.1|2006,3II_A,3II_A,3II,MW946897,10173,100,2006,Thailand,Thailand,MW946897,2006
137,PP269975.1|2013-10-15,3II_A.1,3II_A,3II,PP269975,10592,104.1187457,2013,Viet Nam,Viet Nam,PP269975,2013
137,FJ810413.1|2001,3II_A,3II_A,3II,FJ810413,10664,104.8265015,2001,Thailand: Kampheange Phet,Thailand,FJ810413,2001
138,MW946898.1|1997,3II_A,3II_A,3II,MW946898,10173,100,1997,Thailand,Thailand,MW946898,1997
138,PP269976.1|2015-03-25,3II_A.1,3II_A,3II,PP269976,10612,104.3153445,2015,Viet Nam,Viet Nam,PP269976,2015
138,FJ810414.1|2001,3II_A,3II_A,3II,FJ810414,10663,104.8166716,2001,Thailand: Kampheange Phet,Thailand,FJ810414,2001
139,MW946899.1|2002,3II_A,3II_A,3II,MW946899,10173,100,2002,Thailand,Thailand,MW946899,2002
139,PP269977.1|2015-08-24,3II_A.1,3II_A,3II,PP269977,10608,104.2760248,2015,Viet Nam,Viet Nam,PP269977,2015
139,FJ810416.1|2001,3III_C.1,3III_C,3III,FJ810416,10649,104.6790524,2001,Venezuela: Aragua,Venezuela,FJ810416,2001
140,MW946900.1|2006,3II_A.3,3II_A,3II,MW946900,10173,100,2006,Thailand,Thailand,MW946900,2006
140,FJ850048.1|2008,3III_C.2.1,3III_C,3III,FJ850048,10652,104.7085422,2008,Nicaragua: Managua,Nicaragua,FJ850048,2008
140,PP234923.1|2019-07-01,3I_C,3I_C,3I,PP234923,10656,104.747862,2019,Philippines,Philippines,PP234923,2019
141,MW946901.1|1998,3II_B,3II_B,3II,MW946901,10173,100,1998,Thailand,Thailand,MW946901,1998
141,FJ850049.1|2008,3III_C.2.1,3III_C,3III,FJ850049,10652,104.7085422,2008,Nicaragua: Managua,Nicaragua,FJ850049,2008
141,PP234924.1|2018-07-01,3I_C,3I_C,3I,PP234924,10656,104.747862,2018,Philippines,Philippines,PP234924,2018
142,MW946902.1|2011,3II_B,3II_B,3II,MW946902,10173,100,2011,Thailand,Thailand,MW946902,2011
142,FJ850052.1|2008,3III_C.2.1,3III_C,3III,FJ850052,10652,104.7085422,2008,Nicaragua: Managua,Nicaragua,FJ850052,2008
142,PP234925.1|2018-07-01,3I_C,3I_C,3I,PP234925,10656,104.747862,2018,Philippines,Philippines,PP234925,2018
143,MW946903.1|1999,3II_A,3II_A,3II,MW946903,10173,100,1999,Thailand,Thailand,MW946903,1999
143,FJ850055.1|2004,3III_C.1,3III_C,3III,FJ850055,10648,104.6692225,2004,USA: Puerto Rico,USA,FJ850055,2004
143,PP234926.1|2018-07-01,3I_C,3I_C,3I,PP234926,10651,104.6987123,2018,Philippines,Philippines,PP234926,2018
144,MW946904.1|2003,3II_A,3II_A,3II,MW946904,10173,100,2003,Thailand,Thailand,MW946904,2003
144,OQ714406.1|2022-09,3III_B.3.1,3III_B,3III,OQ714406,10617,104.3644942,2022,Nepal: Kathmandu,Nepal,OQ714406,2022
144,FJ850056.1|2004,3III_C.2,3III_C,3III,FJ850056,10649,104.6790524,2004,USA: Puerto Rico,USA,FJ850056,2004
145,MW946905.1|1995,3II_A,3II_A,3II,MW946905,10173,100,1995,Thailand,Thailand,MW946905,1995
145,OQ714407.1|2022-09,3III_B.3.1,3III_B,3III,OQ714407,10663,104.8166716,2022,Israel,Israel,OQ714407,2022
145,FJ850079.1|2003,3III_C.1,3III_C,3III,FJ850079,10663,104.8166716,2003,Brazil: Northern,Brazil,FJ850079,2003
146,MW946906.1|2002,3II_A,3II_A,3II,MW946906,10173,100,2002,Thailand,Thailand,MW946906,2002
146,OQ714408.1|2022-09,3III_B.3.1,3III_B,3III,OQ714408,10655,104.738032,2022,Israel,Israel,OQ714408,2022
146,FJ850080.1|2003,3III_C.2,3III_C,3III,FJ850080,10663,104.8166716,2003,Brazil: Northern,Brazil,FJ850080,2003
147,MW946907.1|1999,3II_A,3II_A,3II,MW946907,10173,100,1999,Thailand,Thailand,MW946907,1999
147,OR977063.1|2023-05-09,3III_B.3.2,3III_B,3III,OR977063,10546,103.6665684,2023,USA: FL,USA,OR977063,2023
147,FJ850083.1|2004,3III_C.2,3III_C,3III,FJ850083,10663,104.8166716,2004,Brazil: Northern,Brazil,FJ850083,2004
148,MW946908.1|1998,3II_A,3II_A,3II,MW946908,10173,100,1998,Thailand,Thailand,MW946908,1998
148,OR977066.1|2023-07-09,3III_B.3.2,3III_B,3III,OR977066,10568,103.8828271,2023,USA: FL,USA,OR977066,2023
148,FJ850086.1|2005,3III_C.2,3III_C,3III,FJ850086,10652,104.7085422,2005,Brazil: Northern,Brazil,FJ850086,2005
149,MW946909.1|1995,3II_A,3II_A,3II,MW946909,10173,100,1995,Thailand,Thailand,MW946909,1995
149,OR977067.1|2023-07-04,3III_B.3.2,3III_B,3III,OR977067,10553,103.735378,2023,USA: FL,USA,OR977067,2023
149,FJ850089.1|2006,3III_C.2,3III_C,3III,FJ850089,10652,104.7085422,2006,Brazil: Northern,Brazil,FJ850089,2006
150,MW946910.1|2006,3II_A.5,3II_A,3II,MW946910,10173,100,2006,Thailand,Thailand,MW946910,2006
150,OR977068.1|2023-07-14,3III_B.3.2,3III_B,3III,OR977068,10592,104.1187457,2023,USA: FL,USA,OR977068,2023
150,FJ850092.1|2007,3III_C.2,3III_C,3III,FJ850092,10648,104.6692225,2007,Brazil: Northern,Brazil,FJ850092,2007
151,MW946911.1|1999,3II_A,3II_A,3II,MW946911,10173,100,1999,Thailand,Thailand,MW946911,1999
151,OR977069.1|2023-07-21,3III_B.3.2,3III_B,3III,OR977069,10546,103.6665684,2023,USA: FL,USA,OR977069,2023
151,FJ850094.1|2008,3III_C.2,3III_C,3III,FJ850094,10662,104.8068416,2008,Brazil: Northern,Brazil,FJ850094,2008
152,MW946912.1|2006,3II_A.2,3II_A,3II,MW946912,10173,100,2006,Thailand,Thailand,MW946912,2006
152,OR977070.1|2023-07-22,3III_B.3.2,3III_B,3III,OR977070,10554,103.7452079,2023,USA: FL,USA,OR977070,2023
152,FJ850096.1|2001,3III_C.1,3III_C,3III,FJ850096,10648,104.6692225,2001,Venezuela: Aragua,Venezuela,FJ850096,2001
153,MW946913.1|2011,3II_A.5,3II_A,3II,MW946913,10173,100,2011,Thailand,Thailand,MW946913,2011
153,OR977072.1|2023-10-13,3III_B.3.2,3III_B,3III,OR977072,10626,104.4529637,2023,USA: FL,USA,OR977072,2023
153,FJ850097.1|2001,3III_C.1,3III_C,3III,FJ850097,10663,104.8166716,2001,Venezuela: Aragua,Venezuela,FJ850097,2001
154,MW946914.1|2005,3II_A,3II_A,3II,MW946914,10173,100,2005,Thailand,Thailand,MW946914,2005
154,OR977073.1|2023-10-11,3III_B.3.2,3III_B,3III,OR977073,10627,104.4627937,2023,USA: FL,USA,OR977073,2023
154,FJ850098.1|2001,3III_C.1,3III_C,3III,FJ850098,10650,104.6888823,2001,Venezuela: Aragua,Venezuela,FJ850098,2001
155,MW946915.1|2006,3II_A.5,3II_A,3II,MW946915,10173,100,2006,Thailand,Thailand,MW946915,2006
155,OR977074.1|2023-10-18,3III_B.3.2,3III_B,3III,OR977074,10548,103.6862283,2023,USA: FL,USA,OR977074,2023
155,FJ850109.1|2007,3III_C.1,3III_C,3III,FJ850109,10645,104.6397326,2007,Venezuela: Aragua,Venezuela,FJ850109,2007
156,MW946916.1|2001,3II_A,3II_A,3II,MW946916,10173,100,2001,Thailand,Thailand,MW946916,2001
156,FJ850110.1|2007,3III_C.1,3III_C,3III,FJ850110,10663,104.8166716,2007,Venezuela: Aragua,Venezuela,FJ850110,2007
156,OR977075.1|2023-10-19,3III_B.3.2,3III_B,3III,OR977075,10671,104.8953111,2023,USA: FL,USA,OR977075,2023
157,MW946917.1|1996,3II_A,3II_A,3II,MW946917,10173,100,1996,Thailand,Thailand,MW946917,1996
157,FJ850111.1|2007,3III_C.1,3III_C,3III,FJ850111,10663,104.8166716,2007,Venezuela: Aragua,Venezuela,FJ850111,2007
157,OR977076.1|2023-10-17,3III_B.3.2,3III_B,3III,OR977076,10692,105.1017399,2023,USA: FL,USA,OR977076,2023
158,MW946918.1|2009,3III_C.2.1,3III_C,3III,MW946918,10173,100,2009,Nicaragua,Nicaragua,MW946918,2009
158,OR977077.1|2023-10-22,3III_B.3.2,3III_B,3III,OR977077,10567,103.8729971,2023,USA: FL,USA,OR977077,2023
158,FJ687448.1|2001,3II_A,3II_A,3II,FJ687448,10629,104.4824536,2001,Thailand: Kampheange Phet,Thailand,FJ687448,2001
159,MW946919.1|1999,3II_A,3II_A,3II,MW946919,10173,100,1999,Thailand,Thailand,MW946919,1999
159,OR977078.1|2023-10-20,3III_B.3.2,3III_B,3III,OR977078,10573,103.9319768,2023,USA: FL,USA,OR977078,2023
159,FJ744700.1|2001,3III_C.1,3III_C,3III,FJ744700,10648,104.6692225,2001,Venezuela: Aragua,Venezuela,FJ744700,2001
160,MW946920.1|2006,3II_A.5,3II_A,3II,MW946920,10173,100,2006,Thailand,Thailand,MW946920,2006
160,OR977081.1|2023-10-25,3III_B.3.2,3III_B,3III,OR977081,10546,103.6665684,2023,USA: FL,USA,OR977081,2023
160,FJ744726.1|2001,3II_A,3II_A,3II,FJ744726,10649,104.6790524,2001,Thailand: Kampheange Phet,Thailand,FJ744726,2001
161,MW946921.1|2003,3II_A,3II_A,3II,MW946921,10173,100,2003,Thailand,Thailand,MW946921,2003
161,FJ744727.1|2001,3II_A,3II_A,3II,FJ744727,10665,104.8363315,2001,Thailand: Kampheange Phet,Thailand,FJ744727,2001
161,OR977082.1|2023-11-01,3III_B.3.2,3III_B,3III,OR977082,10668,104.8658213,2023,USA: FL,USA,OR977082,2023
162,MW946922.1|1997,3II_A,3II_A,3II,MW946922,10173,100,1997,Thailand,Thailand,MW946922,1997
162,OR977084.1|2023-10-27,3III_B.3.2,3III_B,3III,OR977084,10551,103.7157181,2023,USA: FL,USA,OR977084,2023
162,FJ744728.1|2001,3II_A,3II_A,3II,FJ744728,10664,104.8265015,2001,Thailand: Kampheange Phet,Thailand,FJ744728,2001
163,MW946923.1|1996,3II_A,3II_A,3II,MW946923,10173,100,1996,Thailand,Thailand,MW946923,1996
163,OR977085.1|2023-10-28,3III_B.3.2,3III_B,3III,OR977085,10663,104.8166716,2023,USA: FL,USA,OR977085,2023
163,FJ744729.1|2001,3II_A,3II_A,3II,FJ744729,10663,104.8166716,2001,Thailand: Kampheange Phet,Thailand,FJ744729,2001
164,MW946924.1|1997,3II_A,3II_A,3II,MW946924,10173,100,1997,Thailand,Thailand,MW946924,1997
164,FJ744730.1|2001,3II_A,3II_A,3II,FJ744730,10663,104.8166716,2001,Thailand: Kampheange Phet,Thailand,FJ744730,2001
164,OR977086.1|2023-11-01,3III_B.3.2,3III_B,3III,OR977086,10671,104.8953111,2023,USA: FL,USA,OR977086,2023
165,MW946925.1|1997,3II_A,3II_A,3II,MW946925,10173,100,1997,Thailand,Thailand,MW946925,1997
165,OR977087.1|2023-11-06,3III_B.3.2,3III_B,3III,OR977087,10552,103.725548,2023,USA: FL,USA,OR977087,2023
165,FJ744731.1|2001,3II_A,3II_A,3II,FJ744731,10663,104.8166716,2001,Thailand: Kampheange Phet,Thailand,FJ744731,2001
166,MW946926.1|1999,3II_A.5,3II_A,3II,MW946926,10173,100,1999,Thailand,Thailand,MW946926,1999
166,FJ744732.1|2001,3II_A,3II_A,3II,FJ744732,10648,104.6692225,2001,Thailand: Kampheange Phet,Thailand,FJ744732,2001
166,OR977088.1|2023-11-07,3III_B.3.2,3III_B,3III,OR977088,10666,104.8461614,2023,USA: FL,USA,OR977088,2023
167,MW946927.1|1999,3II_A,3II_A,3II,MW946927,10173,100,1999,Thailand,Thailand,MW946927,1999
167,OR977089.1|2023-11-09,3III_B.3.2,3III_B,3III,OR977089,10583,104.0302762,2023,USA: FL,USA,OR977089,2023
167,FJ744733.1|2001,3II_A,3II_A,3II,FJ744733,10663,104.8166716,2001,Thailand: Kampheange Phet,Thailand,FJ744733,2001
168,MW946928.1|2000,3II_A,3II_A,3II,MW946928,10173,100,2000,Thailand,Thailand,MW946928,2000
168,FJ744734.1|2001,3II_A,3II_A,3II,FJ744734,10663,104.8166716,2001,Thailand: Kampheange Phet,Thailand,FJ744734,2001
168,OR977090.1|2023-11-01,3III_B.3.2,3III_B,3III,OR977090,10668,104.8658213,2023,USA: FL,USA,OR977090,2023
169,MW946929.1|1994,3II_A,3II_A,3II,MW946929,10173,100,1994,Thailand,Thailand,MW946929,1994
169,FJ744735.1|2001,3II_A,3II_A,3II,FJ744735,10645,104.6397326,2001,Thailand: Kampheange Phet,Thailand,FJ744735,2001
169,OR977091.1|2023-11-15,3III_B.3.2,3III_B,3III,OR977091,10668,104.8658213,2023,USA: FL,USA,OR977091,2023
170,MW946930.1|1997,3II_A,3II_A,3II,MW946930,10173,100,1997,Thailand,Thailand,MW946930,1997
170,FJ744736.1|2001,3II_A,3II_A,3II,FJ744736,10663,104.8166716,2001,Thailand: Kampheange Phet,Thailand,FJ744736,2001
170,OR977092.1|2023-11-15,3III_B.3.2,3III_B,3III,OR977092,10671,104.8953111,2023,USA: FL,USA,OR977092,2023
171,MW946931.1|1994,3II_A,3II_A,3II,MW946931,10173,100,1994,Thailand,Thailand,MW946931,1994
171,OR977093.1|2023-11-14,3III_B.3.2,3III_B,3III,OR977093,10633,104.5217733,2023,USA: FL,USA,OR977093,2023
171,FJ744737.1|2001,3II_A,3II_A,3II,FJ744737,10661,104.7970117,2001,Thailand: Kampheange Phet,Thailand,FJ744737,2001
172,MW946932.1|1998,3II_B,3II_B,3II,MW946932,10173,100,1998,Thailand,Thailand,MW946932,1998
172,FJ744738.1|2001,3II_A,3II_A,3II,FJ744738,10651,104.6987123,2001,Thailand: Kampheange Phet,Thailand,FJ744738,2001
172,OR977095.1|2023-11-11,3III_B.3.2,3III_B,3III,OR977095,10672,104.9051411,2023,USA: FL,USA,OR977095,2023
173,MW946933.1|2006,3II_B,3II_B,3II,MW946933,10173,100,2006,Thailand,Thailand,MW946933,2006
173,FJ744739.1|2001,3II_A,3II_A,3II,FJ744739,10630,104.4922835,2001,Thailand: Kampheange Phet,Thailand,FJ744739,2001
173,OR977096.1|2023-11-15,3III_B.3.2,3III_B,3III,OR977096,10633,104.5217733,2023,USA: FL,USA,OR977096,2023
174,MW946934.1|2011,3II_A.5,3II_A,3II,MW946934,10173,100,2011,Thailand,Thailand,MW946934,2011
174,OR977097.1|2023-11-20,3III_B.3.2,3III_B,3III,OR977097,10548,103.6862283,2023,USA: FL,USA,OR977097,2023
174,FJ744740.1|2001,3II_A,3II_A,3II,FJ744740,10648,104.6692225,2001,Thailand: Kampheange Phet,Thailand,FJ744740,2001
175,MW946935.1|1997,3II_A,3II_A,3II,MW946935,10173,100,1997,Thailand,Thailand,MW946935,1997
175,OR977099.1|2023-11-19,3III_B.3.2,3III_B,3III,OR977099,10633,104.5217733,2023,USA: FL,USA,OR977099,2023
175,FJ432722.1|2007,3II_A.1,3II_A,3II,FJ432722,10648,104.6692225,2007,Viet Nam: South,Viet Nam,FJ432722,2007
176,OR393932.1|2018-09-25,3I_A.1.1,3I_A,3I,OR393932,10173,100,2018,Sri Lanka,Sri Lanka,OR393932,2018
176,MW946936.1|2001,3II_A,3II_A,3II,MW946936,10173,100,2001,Thailand,Thailand,MW946936,2001
176,FJ432728.1|2007,3II_A.1,3II_A,3II,FJ432728,10638,104.570923,2007,Viet Nam: South,Viet Nam,FJ432728,2007
177,OR393950.1|2019-01-03,3I_A.1.1,3I_A,3I,OR393950,10173,100,2019,Sri Lanka,Sri Lanka,OR393950,2019
177,MW946937.1|2006,3II_B,3II_B,3II,MW946937,10173,100,2006,Thailand,Thailand,MW946937,2006
177,FJ432731.1|2007,3II_A.1,3II_A,3II,FJ432731,10638,104.570923,2007,Viet Nam: South,Viet Nam,FJ432731,2007
178,OR393954.1|2019-01-30,3I_A.1.1,3I_A,3I,OR393954,10173,100,2019,Sri Lanka,Sri Lanka,OR393954,2019
178,MW946938.1|2006,3II_B,3II_B,3II,MW946938,10173,100,2006,Thailand,Thailand,MW946938,2006
178,FJ432741.1|2007,3II_A.1,3II_A,3II,FJ432741,10638,104.570923,2007,Viet Nam: South,Viet Nam,FJ432741,2007
179,OR393955.1|2019-02-02,3I_A.1.1,3I_A,3I,OR393955,10173,100,2019,Sri Lanka,Sri Lanka,OR393955,2019
179,MW946939.1|2006,3II_A.3,3II_A,3II,MW946939,10173,100,2006,Thailand,Thailand,MW946939,2006
179,FJ432743.1|2007,3II_A.1,3II_A,3II,FJ432743,10648,104.6692225,2007,Viet Nam: South,Viet Nam,FJ432743,2007
180,OR393958.1|2019-02-27,3I_A.1.1,3I_A,3I,OR393958,10173,100,2019,Sri Lanka,Sri Lanka,OR393958,2019
180,MW946940.1|1995,3II_A,3II_A,3II,MW946940,10173,100,1995,Thailand,Thailand,MW946940,1995
180,FJ461322.1|2008,3II_A.1,3II_A,3II,FJ461322,10638,104.570923,2008,Viet Nam: South,Viet Nam,FJ461322,2008
181,OR393959.1|2019-02-27,3I_A.1.1,3I_A,3I,OR393959,10173,100,2019,Sri Lanka,Sri Lanka,OR393959,2019
181,MW946941.1|1996,3II_A,3II_A,3II,MW946941,10173,100,1996,Thailand,Thailand,MW946941,1996
181,FJ461326.1|2007,3II_A.1,3II_A,3II,FJ461326,10638,104.570923,2007,Viet Nam: South,Viet Nam,FJ461326,2007
182,OR393966.1|2019-04-10,3I_A.1.1,3I_A,3I,OR393966,10173,100,2019,Sri Lanka,Sri Lanka,OR393966,2019
182,MW946942.1|1997,3II_A,3II_A,3II,MW946942,10173,100,1997,Thailand,Thailand,MW946942,1997
182,FJ461329.1|2007,3II_A.1,3II_A,3II,FJ461329,10638,104.570923,2007,Viet Nam: South,Viet Nam,FJ461329,2007
183,OR393967.1|2019-04-10,3I_A.1.1,3I_A,3I,OR393967,10173,100,2019,Sri Lanka,Sri Lanka,OR393967,2019
183,MW946943.1|2003,3II_A.4,3II_A,3II,MW946943,10173,100,2003,Thailand,Thailand,MW946943,2003
183,FJ461334.1|2008,3II_A.1,3II_A,3II,FJ461334,10638,104.570923,2008,Viet Nam: South,Viet Nam,FJ461334,2008
184,OR393971.1|2019-07-01,3I_A.1.1,3I_A,3I,OR393971,10173,100,2019,Sri Lanka,Sri Lanka,OR393971,2019
184,MW946944.1|2006,3II_B,3II_B,3II,MW946944,10173,100,2006,Thailand,Thailand,MW946944,2006
184,FJ461337.1|2008,3II_A.1,3II_A,3II,FJ461337,10623,104.4234739,2008,Viet Nam: South,Viet Nam,FJ461337,2008
185,OR393972.1|2019-07-02,3I_A.1.1,3I_A,3I,OR393972,10173,100,2019,Sri Lanka,Sri Lanka,OR393972,2019
185,MW946945.1|2004,3II_A,3II_A,3II,MW946945,10173,100,2004,Thailand,Thailand,MW946945,2004
185,FJ461338.1|2008,3II_A.1,3II_A,3II,FJ461338,10638,104.570923,2008,Viet Nam: South,Viet Nam,FJ461338,2008
186,OR393973.1|2019-07-04,3I_A.1.1,3I_A,3I,OR393973,10173,100,2019,Sri Lanka,Sri Lanka,OR393973,2019
186,MW946946.1|2005,3II_A.2,3II_A,3II,MW946946,10173,100,2005,Thailand,Thailand,MW946946,2005
186,FJ547061.1|2007,3II_A.1,3II_A,3II,FJ547061,10638,104.570923,2007,Viet Nam: South,Viet Nam,FJ547061,2007
187,OR393977.1|2019-07-27,3I_A.1.1,3I_A,3I,OR393977,10173,100,2019,Sri Lanka,Sri Lanka,OR393977,2019
187,MW946947.1|2002,3II_A.5,3II_A,3II,MW946947,10173,100,2002,Thailand,Thailand,MW946947,2002
187,FJ547062.1|2007,3II_A.1,3II_A,3II,FJ547062,10638,104.570923,2007,Viet Nam: South,Viet Nam,FJ547062,2007
188,OR393978.1|2019-08-05,3I_A.1.1,3I_A,3I,OR393978,10173,100,2019,Sri Lanka,Sri Lanka,OR393978,2019
188,MW946948.1|2001,3II_A.2,3II_A,3II,MW946948,10173,100,2001,Thailand,Thailand,MW946948,2001
188,FJ547066.1|2008,3II_A.1,3II_A,3II,FJ547066,10637,104.5610931,2008,Viet Nam: South,Viet Nam,FJ547066,2008
189,OR393979.1|2019-08-04,3I_A.1.1,3I_A,3I,OR393979,10173,100,2019,Sri Lanka,Sri Lanka,OR393979,2019
189,MW946949.1|2003,3II_A,3II_A,3II,MW946949,10173,100,2003,Thailand,Thailand,MW946949,2003
189,FJ547069.1|1999,3III_C.1,3III_C,3III,FJ547069,10648,104.6692225,1999,USA: Puerto Rico,USA,FJ547069,1999
190,OR393981.1|2019-08-07,3I_A.1.1,3I_A,3I,OR393981,10173,100,2019,Sri Lanka,Sri Lanka,OR393981,2019
190,MW946950.1|2002,3II_A,3II_A,3II,MW946950,10173,100,2002,Thailand,Thailand,MW946950,2002
190,FJ547070.1|1998,3III_C.1,3III_C,3III,FJ547070,10648,104.6692225,1998,USA: Puerto Rico,USA,FJ547070,1998
191,OR393987.1|2019-09-02,3I_A.1.1,3I_A,3I,OR393987,10173,100,2019,Sri Lanka,Sri Lanka,OR393987,2019
191,MW946951.1|2006,3II_A.2,3II_A,3II,MW946951,10173,100,2006,Thailand,Thailand,MW946951,2006
191,FJ547071.1|2000,3III_C.1,3III_C,3III,FJ547071,10648,104.6692225,2000,USA: Puerto Rico,USA,FJ547071,2000
192,OR393995.1|2019-10-04,3I_A.1.1,3I_A,3I,OR393995,10173,100,2019,Sri Lanka,Sri Lanka,OR393995,2019
192,MW946952.1|2001,3II_A,3II_A,3II,MW946952,10173,100,2001,Thailand,Thailand,MW946952,2001
192,FJ547072.1|2000,3III_C.1,3III_C,3III,FJ547072,10649,104.6790524,2000,USA: Puerto Rico,USA,FJ547072,2000
193,OR393997.1|2019-10-07,3I_A.1.1,3I_A,3I,OR393997,10173,100,2019,Sri Lanka,Sri Lanka,OR393997,2019
193,MW946953.1|2003,3II_A,3II_A,3II,MW946953,10173,100,2003,Thailand,Thailand,MW946953,2003
193,FJ547073.1|2000,3III_C.1,3III_C,3III,FJ547073,10648,104.6692225,2000,USA: Puerto Rico,USA,FJ547073,2000
194,OR394001.1|2019-10-15,3I_A.1.1,3I_A,3I,OR394001,10173,100,2019,Sri Lanka,Sri Lanka,OR394001,2019
194,MW946954.1|2001,3II_A,3II_A,3II,MW946954,10173,100,2001,Thailand,Thailand,MW946954,2001
194,FJ547074.1|2000,3III_C.1,3III_C,3III,FJ547074,10648,104.6692225,2000,USA: Puerto Rico,USA,FJ547074,2000
195,OR394002.1|2019-10-16,3I_A.1.1,3I_A,3I,OR394002,10173,100,2019,Sri Lanka,Sri Lanka,OR394002,2019
195,MW946955.1|1978,3I_B,3I_B,3I,MW946955,10173,100,1978,Indonesia,Indonesia,MW946955,1978
195,FJ547075.1|2000,3III_C.1,3III_C,3III,FJ547075,10648,104.6692225,2000,USA: Puerto Rico,USA,FJ547075,2000
196,OR394003.1|2019-10-17,3I_A.1.1,3I_A,3I,OR394003,10173,100,2019,Sri Lanka,Sri Lanka,OR394003,2019
196,MW946956.1|2006,3II_A.5,3II_A,3II,MW946956,10173,100,2006,Thailand,Thailand,MW946956,2006
196,FJ547076.1|2000,3III_C.1,3III_C,3III,FJ547076,10648,104.6692225,2000,USA: Puerto Rico,USA,FJ547076,2000
197,OR394004.1|2019-10-17,3I_A.1.1,3I_A,3I,OR394004,10173,100,2019,Sri Lanka,Sri Lanka,OR394004,2019
197,MW946957.1|2013,3III_B.1,3III_B,3III,MW946957,10173,100,2013,Thailand,Thailand,MW946957,2013
197,FJ547077.1|2000,3III_C.1,3III_C,3III,FJ547077,10648,104.6692225,2000,USA: Puerto Rico,USA,FJ547077,2000
198,OR394005.1|2019-10-17,3I_A.1.1,3I_A,3I,OR394005,10173,100,2019,Sri Lanka,Sri Lanka,OR394005,2019
198,MW946958.1|2002,3III_B.1,3III_B,3III,MW946958,10173,100,2002,Thailand,Thailand,MW946958,2002
198,FJ547078.1|2000,3III_C.1,3III_C,3III,FJ547078,10648,104.6692225,2000,USA: Puerto Rico,USA,FJ547078,2000
199,OR394007.1|2019-10-18,3I_A.1.1,3I_A,3I,OR394007,10173,100,2019,Sri Lanka,Sri Lanka,OR394007,2019
199,MW946959.1|1994,3II_B,3II_B,3II,MW946959,10173,100,1994,Thailand,Thailand,MW946959,1994
199,FJ547079.1|2001,3III_C.1,3III_C,3III,FJ547079,10648,104.6692225,2001,USA: Puerto Rico,USA,FJ547079,2001
200,OR394009.1|2019-10-21,3I_A.1.1,3I_A,3I,OR394009,10173,100,2019,Sri Lanka,Sri Lanka,OR394009,2019
200,MW946960.1|1996,3II_A,3II_A,3II,MW946960,10173,100,1996,Thailand,Thailand,MW946960,1996
200,FJ547080.1|2001,3III_C.1,3III_C,3III,FJ547080,10648,104.6692225,2001,USA: Puerto Rico,USA,FJ547080,2001
201,OR394012.1|2019-10-29,3I_A.1.1,3I_A,3I,OR394012,10173,100,2019,Sri Lanka,Sri Lanka,OR394012,2019
201,MW946961.1|2012,3II_A.5,3II_A,3II,MW946961,10173,100,2012,Thailand,Thailand,MW946961,2012
201,FJ547081.1|2001,3III_C.1,3III_C,3III,FJ547081,10648,104.6692225,2001,USA: Puerto Rico,USA,FJ547081,2001
202,OR394015.1|2019-10-29,3I_A.1.1,3I_A,3I,OR394015,10173,100,2019,Sri Lanka,Sri Lanka,OR394015,2019
202,MW946962.1|2006,3II_A,3II_A,3II,MW946962,10173,100,2006,Thailand,Thailand,MW946962,2006
202,FJ547082.1|2001,3III_C.1,3III_C,3III,FJ547082,10648,104.6692225,2001,USA: Puerto Rico,USA,FJ547082,2001
203,OR394017.1|2019-10-31,3I_A.1.1,3I_A,3I,OR394017,10173,100,2019,Sri Lanka,Sri Lanka,OR394017,2019
203,MW946963.1|1994,3II_A,3II_A,3II,MW946963,10173,100,1994,Thailand,Thailand,MW946963,1994
203,FJ547083.1|2002,3III_C.2,3III_C,3III,FJ547083,10649,104.6790524,2002,USA: Puerto Rico,USA,FJ547083,2002
204,OR394018.1|2019-11-05,3I_A.1.1,3I_A,3I,OR394018,10173,100,2019,Sri Lanka,Sri Lanka,OR394018,2019
204,MW946964.1|1994,3II_A,3II_A,3II,MW946964,10173,100,1994,Thailand,Thailand,MW946964,1994
204,FJ547084.1|2002,3III_C.1,3III_C,3III,FJ547084,10648,104.6692225,2002,USA: Puerto Rico,USA,FJ547084,2002
205,OR394019.1|2019-11-05,3I_A.1.1,3I_A,3I,OR394019,10173,100,2019,Sri Lanka,Sri Lanka,OR394019,2019
205,MW946965.1|2010,3II_A.5,3II_A,3II,MW946965,10173,100,2010,Thailand,Thailand,MW946965,2010
205,FJ547085.1|2006,3III_C.1,3III_C,3III,FJ547085,10648,104.6692225,2006,USA: Puerto Rico,USA,FJ547085,2006
206,OR394020.1|2019-11-11,3I_A.1.1,3I_A,3I,OR394020,10173,100,2019,Sri Lanka,Sri Lanka,OR394020,2019
206,MW946966.1|2006,3II_A.3,3II_A,3II,MW946966,10173,100,2006,Thailand,Thailand,MW946966,2006
206,FJ562097.1|2007,3II_A.1,3II_A,3II,FJ562097,10648,104.6692225,2007,Viet Nam: South,Viet Nam,FJ562097,2007
207,OR394021.1|2019-11-14,3I_A.1.1,3I_A,3I,OR394021,10173,100,2019,Sri Lanka,Sri Lanka,OR394021,2019
207,MW946967.1|2006,3II_A.2,3II_A,3II,MW946967,10173,100,2006,Thailand,Thailand,MW946967,2006
207,FJ562099.1|2007,3II_A.1,3II_A,3II,FJ562099,10651,104.6987123,2007,Viet Nam: South,Viet Nam,FJ562099,2007
208,OR394023.1|2019-11-19,3I_A.1.1,3I_A,3I,OR394023,10173,100,2019,Sri Lanka,Sri Lanka,OR394023,2019
208,MW946968.1|2006,3II_A.3,3II_A,3II,MW946968,10173,100,2006,Thailand,Thailand,MW946968,2006
208,FJ562100.1|2007,3II_A.1,3II_A,3II,FJ562100,10638,104.570923,2007,Viet Nam: South,Viet Nam,FJ562100,2007
209,OR394025.1|2019-11-20,3I_A.1.1,3I_A,3I,OR394025,10173,100,2019,Sri Lanka,Sri Lanka,OR394025,2019
209,MW946969.1|1996,3II_A.5,3II_A,3II,MW946969,10173,100,1996,Thailand,Thailand,MW946969,1996
209,FJ562102.1|2007,3II_A.1,3II_A,3II,FJ562102,10638,104.570923,2007,Viet Nam: South,Viet Nam,FJ562102,2007
210,OR394027.1|2019-11-26,3I_A.1.1,3I_A,3I,OR394027,10173,100,2019,Sri Lanka,Sri Lanka,OR394027,2019
210,MW946970.1|2005,3II_A.2,3II_A,3II,MW946970,10173,100,2005,Thailand,Thailand,MW946970,2005
210,FJ562103.1|2008,3II_A.1,3II_A,3II,FJ562103,10644,104.6299027,2008,Viet Nam: South,Viet Nam,FJ562103,2008
211,OR394032.1|2019-11-29,3I_A.1.1,3I_A,3I,OR394032,10173,100,2019,Sri Lanka,Sri Lanka,OR394032,2019
211,MW946971.1|1998,3II_A.4,3II_A,3II,MW946971,10173,100,1998,Thailand,Thailand,MW946971,1998
211,FJ562107.1|2000,3III_C.1,3III_C,3III,FJ562107,10648,104.6692225,2000,USA: Puerto Rico,USA,FJ562107,2000
212,OR394034.1|2019-12-03,3I_A.1.1,3I_A,3I,OR394034,10173,100,2019,Sri Lanka,Sri Lanka,OR394034,2019
212,MW946972.1|2008,3II_B,3II_B,3II,MW946972,10173,100,2008,Myanmar,Myanmar,MW946972,2008
212,FJ639712.1|2007,3II_A.2,3II_A,3II,FJ639712,10643,104.6200727,2007,Cambodia: KCH,Cambodia,FJ639712,2007
213,OR394037.1|2019-12-18,3I_A.1.1,3I_A,3I,OR394037,10173,100,2019,Sri Lanka,Sri Lanka,OR394037,2019
213,MW946973.1|2013,3III_B.1,3III_B,3III,MW946973,10173,100,2013,Thailand,Thailand,MW946973,2013
213,FJ639713.1|2007,3II_A.2,3II_A,3II,FJ639713,10648,104.6692225,2007,Cambodia: PHP,Cambodia,FJ639713,2007
214,OR394038.1|2019-12-24,3I_A.1.1,3I_A,3I,OR394038,10173,100,2019,Sri Lanka,Sri Lanka,OR394038,2019
214,MW946974.1|2011,3III_B.1,3III_B,3III,MW946974,10173,100,2011,Thailand,Thailand,MW946974,2011
214,FJ639714.1|2007,3II_A.2,3II_A,3II,FJ639714,10649,104.6790524,2007,Cambodia: KCH,Cambodia,FJ639714,2007
215,OR394041.1|2019-12-24,3I_A.1.1,3I_A,3I,OR394041,10173,100,2019,Sri Lanka,Sri Lanka,OR394041,2019
215,MW946975.1|2006,3II_A,3II_A,3II,MW946975,10173,100,2006,Thailand,Thailand,MW946975,2006
215,FJ639715.1|2008,3II_A.2,3II_A,3II,FJ639715,10648,104.6692225,2008,Cambodia: PRV,Cambodia,FJ639715,2008
216,OR394043.1|2019-12-26,3I_A.1.1,3I_A,3I,OR394043,10173,100,2019,Sri Lanka,Sri Lanka,OR394043,2019
216,MW946976.1|2006,3II_A.5,3II_A,3II,MW946976,10173,100,2006,Thailand,Thailand,MW946976,2006
216,FJ639716.1|2008,3II_A.2,3II_A,3II,FJ639716,10648,104.6692225,2008,Cambodia: PRV,Cambodia,FJ639716,2008
217,OR394047.1|2019-12-31,3I_A.1.1,3I_A,3I,OR394047,10173,100,2019,Sri Lanka,Sri Lanka,OR394047,2019
217,MW946977.1|2001,3II_A,3II_A,3II,MW946977,10173,100,2001,Thailand,Thailand,MW946977,2001
217,FJ639719.1|2000,3II_A,3II_A,3II,FJ639719,10648,104.6692225,2000,Cambodia: PHP,Cambodia,FJ639719,2000
218,OR394052.1|2020-01-08,3I_A.1.1,3I_A,3I,OR394052,10173,100,2020,Sri Lanka,Sri Lanka,OR394052,2020
218,MW946978.1|2006,3II_B,3II_B,3II,MW946978,10173,100,2006,Thailand,Thailand,MW946978,2006
218,FJ639720.1|2001,3II_A,3II_A,3II,FJ639720,10648,104.6692225,2001,Cambodia: PHP,Cambodia,FJ639720,2001
219,OR394054.1|2020-01-09,3I_A.1.1,3I_A,3I,OR394054,10173,100,2020,Sri Lanka,Sri Lanka,OR394054,2020
219,MW946979.1|2014,3III_B.1,3III_B,3III,MW946979,10173,100,2014,Thailand,Thailand,MW946979,2014
219,FJ639721.1|2002,3II_A,3II_A,3II,FJ639721,10648,104.6692225,2002,Cambodia: KCH,Cambodia,FJ639721,2002
220,MW946980.1|2001,3II_A,3II_A,3II,MW946980,10173,100,2001,Thailand,Thailand,MW946980,2001
220,OR821929.1|2023-09-21,3III_B.3.2,3III_B,3III,OR821929,10560,103.8041876,2023,USA: FL,USA,OR821929,2023
220,FJ639722.1|2002,3II_A,3II_A,3II,FJ639722,10648,104.6692225,2002,Cambodia: KCH,Cambodia,FJ639722,2002
221,MW946981.1|2003,3II_A,3II_A,3II,MW946981,10173,100,2003,Thailand,Thailand,MW946981,2003
221,OR821930.1|2023-07-10,3III_B.3.2,3III_B,3III,OR821930,10546,103.6665684,2023,USA: FL,USA,OR821930,2023
221,FJ639723.1|2003,3II_A,3II_A,3II,FJ639723,10648,104.6692225,2003,Cambodia: KCH,Cambodia,FJ639723,2003
222,MW946982.1|1997,3II_A,3II_A,3II,MW946982,10173,100,1997,Thailand,Thailand,MW946982,1997
222,OR821931.1|2023-07-12,3III_B.3.2,3III_B,3III,OR821931,10546,103.6665684,2023,USA: FL,USA,OR821931,2023
222,FJ639724.1|2003,3II_A.2,3II_A,3II,FJ639724,10648,104.6692225,2003,Cambodia: PHP,Cambodia,FJ639724,2003
223,MW946983.1|1999,3II_A,3II_A,3II,MW946983,10173,100,1999,Thailand,Thailand,MW946983,1999
223,OR821932.1|2023-07-11,3III_B.3.2,3III_B,3III,OR821932,10546,103.6665684,2023,USA: FL,USA,OR821932,2023
223,FJ639725.1|2003,3II_A.2,3II_A,3II,FJ639725,10648,104.6692225,2003,Cambodia: KSO,Cambodia,FJ639725,2003
224,MW946984.1|2003,3II_A,3II_A,3II,MW946984,10173,100,2003,Thailand,Thailand,MW946984,2003
224,OR821933.1|2023-07-19,3III_B.3.2,3III_B,3III,OR821933,10546,103.6665684,2023,USA: FL,USA,OR821933,2023
224,FJ639726.1|2004,3II_A.2,3II_A,3II,FJ639726,10648,104.6692225,2004,Cambodia: PHP,Cambodia,FJ639726,2004
225,MW946985.1|1994,3II_A,3II_A,3II,MW946985,10173,100,1994,Thailand,Thailand,MW946985,1994
225,OR821934.1|2023-08-21,3III_B.3.2,3III_B,3III,OR821934,10461,102.8310233,2023,USA: FL,USA,OR821934,2023
225,FJ639727.1|2005,3II_A.2,3II_A,3II,FJ639727,10648,104.6692225,2005,Cambodia: BTB,Cambodia,FJ639727,2005
226,OR821935.1|2023-08-28,3I_A.2,3I_A,3I,OR821935,10546,103.6665684,2023,USA: FL,USA,OR821935,2023
226,FJ639728.1|2005,3II_A.2,3II_A,3II,FJ639728,10648,104.6692225,2005,Cambodia: PHP,Cambodia,FJ639728,2005
226,MW426463.1|2014-10-15,3II_B,3II_B,3II,MW426463,10702,105.2000393,2014,China,China,MW426463,2014
227,MW396462.1|2019-07-01,3I_A.2,3I_A,3I,MW396462,10400,102.2313968,2019,Bangladesh,Bangladesh,MW396462,2019
227,OR821936.1|2023-09-21,3III_B.3.2,3III_B,3III,OR821936,10538,103.5879288,2023,USA: FL,USA,OR821936,2023
227,FJ639729.1|2006,3II_A.2,3II_A,3II,FJ639729,10648,104.6692225,2006,Cambodia: BTB,Cambodia,FJ639729,2006
228,MW396463.1|2019-07-02,3I_A.2,3I_A,3I,MW396463,10444,102.6639143,2019,Bangladesh,Bangladesh,MW396463,2019
228,OR821937.1|2023-09-24,3III_B.3.2,3III_B,3III,OR821937,10546,103.6665684,2023,USA: FL,USA,OR821937,2023
228,FJ639730.1|2006,3II_A.2,3II_A,3II,FJ639730,10648,104.6692225,2006,Cambodia: PHP,Cambodia,FJ639730,2006
229,OR821938.1|2023-09-23,3III_B.3.2,3III_B,3III,OR821938,10461,102.8310233,2023,USA: FL,USA,OR821938,2023
229,FJ639731.1|2007,3II_A.2,3II_A,3II,FJ639731,10648,104.6692225,2007,Cambodia: SRP,Cambodia,FJ639731,2007
229,MW396464.1|2019-07-03,3I_A.2,3I_A,3I,MW396464,10680,104.9837806,2019,Bangladesh,Bangladesh,MW396464,2019
230,OR821940.1|2023-09-19,3III_B.3.2,3III_B,3III,OR821940,10592,104.1187457,2023,USA: FL,USA,OR821940,2023
230,FJ639746.1|2000,3III_C.1,3III_C,3III,FJ639746,10648,104.6692225,2000,Venezuela: Aragua,Venezuela,FJ639746,2000
230,MW396465.1|2019-07-04,3I_A.2,3I_A,3I,MW396465,10707,105.249189,2019,Bangladesh,Bangladesh,MW396465,2019
231,OR821941.1|2023-09-26,3III_B.3.2,3III_B,3III,OR821941,10461,102.8310233,2023,USA: FL,USA,OR821941,2023
231,FJ639747.1|2000,3III_C.1,3III_C,3III,FJ639747,10648,104.6692225,2000,Venezuela: Aragua,Venezuela,FJ639747,2000
231,MW396466.1|2019-07-05,3I_A.2,3I_A,3I,MW396466,10702,105.2000393,2019,Bangladesh,Bangladesh,MW396466,2019
232,MW396467.1|2019-07-06,3I_A.2,3I_A,3I,MW396467,10444,102.6639143,2019,Bangladesh,Bangladesh,MW396467,2019
232,OR821942.1|2023-09-27,3III_B.3.2,3III_B,3III,OR821942,10572,103.9221469,2023,USA: FL,USA,OR821942,2023
232,FJ639749.1|2000,3III_C.1,3III_C,3III,FJ639749,10647,104.6593925,2000,Venezuela: Aragua,Venezuela,FJ639749,2000
233,OR821943.1|2023-09-25,3III_B.3.2,3III_B,3III,OR821943,10571,103.9123169,2023,USA: FL,USA,OR821943,2023
233,FJ639750.1|2000,3III_C.1,3III_C,3III,FJ639750,10648,104.6692225,2000,Venezuela: Aragua,Venezuela,FJ639750,2000
233,MW396468.1|2019-07-07,3I_A.2,3I_A,3I,MW396468,10707,105.249189,2019,Bangladesh,Bangladesh,MW396468,2019
234,OR821945.1|2023-09-28,3III_B.3.2,3III_B,3III,OR821945,10461,102.8310233,2023,USA: FL,USA,OR821945,2023
234,FJ639751.1|2001,3III_C.1,3III_C,3III,FJ639751,10632,104.5119434,2001,Venezuela: Aragua,Venezuela,FJ639751,2001
234,MW396469.1|2019-08-01,3I_A.2,3I_A,3I,MW396469,10668,104.8658213,2019,Bangladesh,Bangladesh,MW396469,2019
235,MW308179.1|2019-04-15,3III_C.2.1,3III_C,3III,MW308179,9998,98.27976015,2019,Mexico: Chiapas,Mexico,MW308179,2019
235,OR821948.1|2023-09-30,3III_B.3.2,3III_B,3III,OR821948,10546,103.6665684,2023,USA: FL,USA,OR821948,2023
235,FJ639752.1|2001,3III_C.1,3III_C,3III,FJ639752,10648,104.6692225,2001,Venezuela: Aragua,Venezuela,FJ639752,2001
236,MW308180.1|2019-05-21,3III_C.2.1,3III_C,3III,MW308180,9998,98.27976015,2019,Mexico: Chiapas,Mexico,MW308180,2019
236,OR821949.1|2023-10-06,3III_B.3.2,3III_B,3III,OR821949,10542,103.6272486,2023,USA: FL,USA,OR821949,2023
236,FJ639753.1|2001,3III_C.1,3III_C,3III,FJ639753,10647,104.6593925,2001,Venezuela: Aragua,Venezuela,FJ639753,2001
237,MW308181.1|2019-08-22,3III_C.2.1,3III_C,3III,MW308181,9998,98.27976015,2019,Mexico: Puebla,Mexico,MW308181,2019
237,OR821950.1|2023-10-02,3III_B.3.2,3III_B,3III,OR821950,10497,103.1849012,2023,USA: FL,USA,OR821950,2023
237,FJ639754.1|2001,3III_C.1,3III_C,3III,FJ639754,10648,104.6692225,2001,Venezuela: Aragua,Venezuela,FJ639754,2001
238,OR821951.1|2023-10-07,3III_B.3.2,3III_B,3III,OR821951,10571,103.9123169,2023,USA: FL,USA,OR821951,2023
238,FJ639755.1|2001,3III_C.1,3III_C,3III,FJ639755,10635,104.5414332,2001,Venezuela: Aragua,Venezuela,FJ639755,2001
238,MW295815.1|2020-09-07,3I_A.1.2,3I_A,3I,MW295815,10656,104.747862,2020,China: Guangzhou,China,MW295815,2020
239,MW288025.1|2018-10,3III_B.2,3III_B,3III,MW288025,10515,103.3618402,2018,Senegal,Senegal,MW288025,2018
239,OR821952.1|2023-10-05,3III_B.3.2,3III_B,3III,OR821952,10591,104.1089158,2023,USA: FL,USA,OR821952,2023
239,FJ639756.1|2001,3III_C.1,3III_C,3III,FJ639756,10648,104.6692225,2001,Venezuela: Aragua,Venezuela,FJ639756,2001
240,MW288026.1|2018-10,3III_B.2,3III_B,3III,MW288026,10525,103.4601396,2018,Senegal,Senegal,MW288026,2018
240,FJ639757.1|2001,3III_C.1,3III_C,3III,FJ639757,10627,104.4627937,2001,Venezuela: Aragua,Venezuela,FJ639757,2001
240,OR821953.1|2023-10-07,3III_B.3.2,3III_B,3III,OR821953,10639,104.580753,2023,USA: FL,USA,OR821953,2023
241,OR821954.1|2023-10-10,3III_B.3.2,3III_B,3III,OR821954,10523,103.4404797,2023,USA: FL,USA,OR821954,2023
241,FJ639758.1|2001,3III_C.1,3III_C,3III,FJ639758,10648,104.6692225,2001,Venezuela: Aragua,Venezuela,FJ639758,2001
241,MW288027.1|2018-10,3III_B.2,3III_B,3III,MW288027,10655,104.738032,2018,Senegal,Senegal,MW288027,2018
242,FJ639759.1|2001,3III_C.1,3III_C,3III,FJ639759,10648,104.6692225,2001,Venezuela: Aragua,Venezuela,FJ639759,2001
242,OR821955.1|2023-10-09,3III_B.3.2,3III_B,3III,OR821955,10658,104.7675219,2023,USA: FL,USA,OR821955,2023
242,MW288028.1|2018-10,3III_B.2,3III_B,3III,MW288028,10680,104.9837806,2018,Senegal,Senegal,MW288028,2018
243,FJ639760.1|2001,3III_C.1,3III_C,3III,FJ639760,10649,104.6790524,2001,Venezuela: Aragua,Venezuela,FJ639760,2001
243,OR821956.1|2023-10-07,3III_B.3.2,3III_B,3III,OR821956,10664,104.8265015,2023,USA: FL,USA,OR821956,2023
243,MW288031.1|2018-11,3III_B.2,3III_B,3III,MW288031,10680,104.9837806,2018,Senegal,Senegal,MW288031,2018
244,FJ639761.1|2001,3III_C.1,3III_C,3III,FJ639761,10648,104.6692225,2001,Venezuela: Aragua,Venezuela,FJ639761,2001
244,MW288033.1|2018-11,3III_B.2,3III_B,3III,MW288033,10650,104.6888823,2018,Senegal,Senegal,MW288033,2018
244,OR821958.1|2023-10-10,3III_B.3.2,3III_B,3III,OR821958,10667,104.8559913,2023,USA: FL,USA,OR821958,2023
245,OR821960.1|2023-10-11,3III_B.3.2,3III_B,3III,OR821960,10589,104.0892559,2023,USA: FL,USA,OR821960,2023
245,MW288035.1|2018-11,3III_B.2,3III_B,3III,MW288035,10641,104.6004129,2018,Senegal,Senegal,MW288035,2018
245,FJ639762.1|2001,3III_C.1,3III_C,3III,FJ639762,10651,104.6987123,2001,Venezuela: Aragua,Venezuela,FJ639762,2001
246,OR821961.1|2023-10-03,3III_B.3.2,3III_B,3III,OR821961,10546,103.6665684,2023,USA: FL,USA,OR821961,2023
246,FJ639763.1|2001,3III_C.1,3III_C,3III,FJ639763,10648,104.6692225,2001,Venezuela: Aragua,Venezuela,FJ639763,2001
246,MW288037.1|2018-11,3III_B.2,3III_B,3III,MW288037,10663,104.8166716,2018,Senegal,Senegal,MW288037,2018
247,OR821963.1|2023-10-16,3III_B.3.2,3III_B,3III,OR821963,10548,103.6862283,2023,USA: FL,USA,OR821963,2023
247,MW288038.1|2018-11,3III_B.2,3III_B,3III,MW288038,10639,104.580753,2018,Senegal,Senegal,MW288038,2018
247,FJ639765.1|2001,3III_C.1,3III_C,3III,FJ639765,10648,104.6692225,2001,Venezuela: Aragua,Venezuela,FJ639765,2001
248,OR821964.1|2023-10-14,3III_B.3.2,3III_B,3III,OR821964,10559,103.7943576,2023,USA: FL,USA,OR821964,2023
248,FJ639766.1|2001,3III_C.1,3III_C,3III,FJ639766,10648,104.6692225,2001,Venezuela: Aragua,Venezuela,FJ639766,2001
248,MW288039.1|2018-11,3III_B.2,3III_B,3III,MW288039,10662,104.8068416,2018,Senegal,Senegal,MW288039,2018
249,FJ639767.1|2001,3III_C.1,3III_C,3III,FJ639767,10628,104.4726236,2001,Venezuela: Aragua,Venezuela,FJ639767,2001
249,OR821965.1|2023-10-15,3III_B.3.2,3III_B,3III,OR821965,10633,104.5217733,2023,USA: FL,USA,OR821965,2023
249,MW288040.1|2018-11,3III_B.2,3III_B,3III,MW288040,10650,104.6888823,2018,Senegal,Senegal,MW288040,2018
250,FJ639768.1|2001,3III_C.1,3III_C,3III,FJ639768,10648,104.6692225,2001,Venezuela: Aragua,Venezuela,FJ639768,2001
250,MN448930.1|2010,3II_A.5,3II_A,3II,MN448930,10663,104.8166716,2010,Thailand,Thailand,MN448930,2010
250,OR821726.1|2022-09,3III_B.3.1,3III_B,3III,OR821726,10708,105.259019,2022,Nepal,Nepal,OR821726,2022
251,OR574470.1|2023-09-01,3III_B.3.2,3III_B,3III,OR574470,10642,104.6102428,2023,Italy,Italy,OR574470,2023
251,FJ639769.1|2001,3III_C.1,3III_C,3III,FJ639769,10647,104.6593925,2001,Venezuela: Aragua,Venezuela,FJ639769,2001
251,MN448931.1|2010,3II_A.5,3II_A,3II,MN448931,10663,104.8166716,2010,Thailand,Thailand,MN448931,2010
252,OR575180.1|2023-09-01,3III_B.3.2,3III_B,3III,OR575180,10642,104.6102428,2023,Italy,Italy,OR575180,2023
252,FJ639770.1|2001,3III_C.1,3III_C,3III,FJ639770,10648,104.6692225,2001,Venezuela: Aragua,Venezuela,FJ639770,2001
252,MN448932.1|2010,3II_A.5,3II_A,3II,MN448932,10663,104.8166716,2010,Thailand,Thailand,MN448932,2010
253,OR578395.1|2023-08-15,3III_B.2,3III_B,3III,OR578395,10642,104.6102428,2023,Italy,Italy,OR578395,2023
253,FJ639771.1|2001,3III_C.1,3III_C,3III,FJ639771,10647,104.6593925,2001,Venezuela: Aragua,Venezuela,FJ639771,2001
253,MN448933.1|2010,3II_A.5,3II_A,3II,MN448933,10663,104.8166716,2010,Thailand,Thailand,MN448933,2010
254,OR771111.1|2023-01-25,3III_B.3.2,3III_B,3III,OR771111,10577,103.9712966,2023,USA: FL,USA,OR771111,2023
254,FJ639772.1|2007,3III_C.1,3III_C,3III,FJ639772,10648,104.6692225,2007,Venezuela: Aragua,Venezuela,FJ639772,2007
254,MN448934.1|2010,3II_A.5,3II_A,3II,MN448934,10663,104.8166716,2010,Thailand,Thailand,MN448934,2010
255,OR771112.1|2023-02-04,3III_B.3.2,3III_B,3III,OR771112,10567,103.8729971,2023,USA: FL,USA,OR771112,2023
255,FJ639774.1|2001,3III_C.1,3III_C,3III,FJ639774,10647,104.6593925,2001,Venezuela: Aragua,Venezuela,FJ639774,2001
255,MN448935.1|2010,3II_A.5,3II_A,3II,MN448935,10663,104.8166716,2010,Thailand,Thailand,MN448935,2010
256,OR771113.1|2023-01-31,3III_B.3.2,3III_B,3III,OR771113,10543,103.6370785,2023,USA: FL,USA,OR771113,2023
256,FJ639775.1|2002,3III_C.1,3III_C,3III,FJ639775,10629,104.4824536,2002,Venezuela: Aragua,Venezuela,FJ639775,2002
256,MN448936.1|2010,3II_A.5,3II_A,3II,MN448936,10663,104.8166716,2010,Thailand,Thailand,MN448936,2010
257,OR771114.1|2023-02-21,3III_B.3.2,3III_B,3III,OR771114,10579,103.9909565,2023,USA: FL,USA,OR771114,2023
257,FJ639776.1|2002,3III_C.1,3III_C,3III,FJ639776,10648,104.6692225,2002,Venezuela: Aragua,Venezuela,FJ639776,2002
257,MN448937.1|2010,3II_A.5,3II_A,3II,MN448937,10663,104.8166716,2010,Thailand,Thailand,MN448937,2010
258,OR771115.1|2023-03-06,3III_B.3.2,3III_B,3III,OR771115,10586,104.059766,2023,USA: FL,USA,OR771115,2023
258,FJ639777.1|2002,3III_C.1,3III_C,3III,FJ639777,10638,104.570923,2002,Venezuela: Aragua,Venezuela,FJ639777,2002
258,MN448938.1|2011,3II_A.5,3II_A,3II,MN448938,10663,104.8166716,2011,Thailand,Thailand,MN448938,2011
259,OR771118.1|2023-03-12,3III_B.3.2,3III_B,3III,OR771118,10461,102.8310233,2023,USA: FL,USA,OR771118,2023
259,FJ639778.1|2002,3III_C.1,3III_C,3III,FJ639778,10649,104.6790524,2002,Venezuela: Aragua,Venezuela,FJ639778,2002
259,MN448939.1|2011,3II_A.5,3II_A,3II,MN448939,10663,104.8166716,2011,Thailand,Thailand,MN448939,2011
260,OR771119.1|2023-03-19,3III_C.1,3III_C,3III,OR771119,10581,104.0106163,2023,USA: FL,USA,OR771119,2023
260,FJ639779.1|2003,3III_C.1,3III_C,3III,FJ639779,10633,104.5217733,2003,Venezuela: Aragua,Venezuela,FJ639779,2003
260,MN448940.1|2011,3II_A.5,3II_A,3II,MN448940,10663,104.8166716,2011,Thailand,Thailand,MN448940,2011
261,OR771120.1|2023-03-29,3III_B.3.2,3III_B,3III,OR771120,10586,104.059766,2023,USA: FL,USA,OR771120,2023
261,FJ639780.1|2003,3III_C.1,3III_C,3III,FJ639780,10649,104.6790524,2003,Venezuela: Aragua,Venezuela,FJ639780,2003
261,MN448941.1|2010,3II_A.5,3II_A,3II,MN448941,10663,104.8166716,2010,Thailand,Thailand,MN448941,2010
262,OR771121.1|2023-03-29,3III_B.3.2,3III_B,3III,OR771121,10567,103.8729971,2023,USA: FL,USA,OR771121,2023
262,FJ639781.1|2003,3III_C.1,3III_C,3III,FJ639781,10648,104.6692225,2003,Venezuela: Aragua,Venezuela,FJ639781,2003
262,MN448942.1|2010-02-16,3II_A.5,3II_A,3II,MN448942,10663,104.8166716,2010,Thailand,Thailand,MN448942,2010
263,OR771123.1|2023-07-04,3III_B.3.2,3III_B,3III,OR771123,10580,104.0007864,2023,USA: FL,USA,OR771123,2023
263,FJ639782.1|2003,3III_C.1,3III_C,3III,FJ639782,10654,104.7282021,2003,Venezuela: Aragua,Venezuela,FJ639782,2003
263,MN448943.1|2010-02-16,3II_A.5,3II_A,3II,MN448943,10663,104.8166716,2010,Thailand,Thailand,MN448943,2010
264,OR771124.1|2023-07-09,3III_B.3.2,3III_B,3III,OR771124,10541,103.6174187,2023,USA: FL,USA,OR771124,2023
264,FJ639784.1|2003,3III_C.1,3III_C,3III,FJ639784,10648,104.6692225,2003,Venezuela: Aragua,Venezuela,FJ639784,2003
264,MN448944.1|2010-02-16,3II_A.5,3II_A,3II,MN448944,10663,104.8166716,2010,Thailand,Thailand,MN448944,2010
265,OR771125.1|2023-07-07,3III_B.3.2,3III_B,3III,OR771125,10555,103.7550378,2023,USA: FL,USA,OR771125,2023
265,FJ639785.1|2003,3III_C.1,3III_C,3III,FJ639785,10648,104.6692225,2003,Venezuela: Aragua,Venezuela,FJ639785,2003
265,MN448945.1|2010-03-10,3II_A.5,3II_A,3II,MN448945,10663,104.8166716,2010,Thailand,Thailand,MN448945,2010
266,OR771126.1|2023-07-12,3III_B.3.2,3III_B,3III,OR771126,10567,103.8729971,2023,USA: FL,USA,OR771126,2023
266,FJ639786.1|2003,3III_C.1,3III_C,3III,FJ639786,10654,104.7282021,2003,Venezuela: Aragua,Venezuela,FJ639786,2003
266,MN448946.1|2010,3II_A.5,3II_A,3II,MN448946,10663,104.8166716,2010,Thailand,Thailand,MN448946,2010
267,OR771127.1|2023-07-11,3III_B.3.2,3III_B,3III,OR771127,10586,104.059766,2023,USA: FL,USA,OR771127,2023
267,FJ639787.1|2004,3III_C.1,3III_C,3III,FJ639787,10648,104.6692225,2004,Venezuela: Aragua,Venezuela,FJ639787,2004
267,MN448947.1|2010-03-12,3II_A.5,3II_A,3II,MN448947,10663,104.8166716,2010,Thailand,Thailand,MN448947,2010
268,OR771128.1|2023-07-06,3III_B.3.2,3III_B,3III,OR771128,10538,103.5879288,2023,USA: FL,USA,OR771128,2023
268,FJ639789.1|2004,3III_C.1,3III_C,3III,FJ639789,10650,104.6888823,2004,Venezuela: Aragua,Venezuela,FJ639789,2004
268,MN448948.1|2010-03-18,3II_A.5,3II_A,3II,MN448948,10663,104.8166716,2010,Thailand,Thailand,MN448948,2010
269,OR771129.1|2023-07-13,3III_B.3.2,3III_B,3III,OR771129,10570,103.902487,2023,USA: FL,USA,OR771129,2023
269,FJ639790.1|2004,3III_C.1,3III_C,3III,FJ639790,10654,104.7282021,2004,Venezuela: Aragua,Venezuela,FJ639790,2004
269,MN448949.1|2010-03-23,3II_A.5,3II_A,3II,MN448949,10663,104.8166716,2010,Thailand,Thailand,MN448949,2010
270,OR771130.1|2023-07-03,3III_B.3.2,3III_B,3III,OR771130,10546,103.6665684,2023,USA: FL,USA,OR771130,2023
270,FJ639791.1|2004,3III_C.1,3III_C,3III,FJ639791,10647,104.6593925,2004,Venezuela: Aragua,Venezuela,FJ639791,2004
270,MN448950.1|2010-04-19,3II_A.5,3II_A,3II,MN448950,10663,104.8166716,2010,Thailand,Thailand,MN448950,2010
271,OR771131.1|2023-07-26,3III_B.3.2,3III_B,3III,OR771131,10585,104.0499361,2023,USA: FL,USA,OR771131,2023
271,FJ639792.1|2004,3III_C.1,3III_C,3III,FJ639792,10636,104.5512631,2004,Venezuela: Aragua,Venezuela,FJ639792,2004
271,MN448951.1|2010-05-18,3II_A.5,3II_A,3II,MN448951,10663,104.8166716,2010,Thailand,Thailand,MN448951,2010
272,OR771132.1|2023-07-26,3III_B.3.2,3III_B,3III,OR771132,10543,103.6370785,2023,USA: FL,USA,OR771132,2023
272,FJ639793.1|2004,3III_C.1,3III_C,3III,FJ639793,10648,104.6692225,2004,Venezuela: Aragua,Venezuela,FJ639793,2004
272,MN448952.1|2010-05-21,3II_A.5,3II_A,3II,MN448952,10663,104.8166716,2010,Thailand,Thailand,MN448952,2010
273,OR771133.1|2023-07-31,3III_B.3.2,3III_B,3III,OR771133,10546,103.6665684,2023,USA: FL,USA,OR771133,2023
273,FJ639795.1|2004,3III_C.1,3III_C,3III,FJ639795,10647,104.6593925,2004,Venezuela: Aragua,Venezuela,FJ639795,2004
273,MN448953.1|2010-05-21,3II_A.5,3II_A,3II,MN448953,10663,104.8166716,2010,Thailand,Thailand,MN448953,2010
274,OR771134.1|2023-07-18,3III_B.3.2,3III_B,3III,OR771134,10533,103.5387791,2023,USA: FL,USA,OR771134,2023
274,FJ639798.1|2004,3III_C.1,3III_C,3III,FJ639798,10648,104.6692225,2004,Venezuela: Aragua,Venezuela,FJ639798,2004
274,MN448954.1|2010-05-21,3II_A.5,3II_A,3II,MN448954,10663,104.8166716,2010,Thailand,Thailand,MN448954,2010
275,OR771135.1|2023-07-22,3III_B.3.2,3III_B,3III,OR771135,10544,103.6469085,2023,USA: FL,USA,OR771135,2023
275,FJ639799.1|2004,3III_C.1,3III_C,3III,FJ639799,10653,104.7183722,2004,Venezuela: Aragua,Venezuela,FJ639799,2004
275,MN448955.1|2010-05-21,3II_A.5,3II_A,3II,MN448955,10663,104.8166716,2010,Thailand,Thailand,MN448955,2010
276,OR771136.1|2023-07-27,3III_B.3.2,3III_B,3III,OR771136,10546,103.6665684,2023,USA: FL,USA,OR771136,2023
276,FJ639800.1|2004,3III_C.1,3III_C,3III,FJ639800,10648,104.6692225,2004,Venezuela: Aragua,Venezuela,FJ639800,2004
276,MN448956.1|2010-05-21,3II_A.5,3II_A,3II,MN448956,10663,104.8166716,2010,Thailand,Thailand,MN448956,2010
277,OR771137.1|2023-07-26,3III_B.3.2,3III_B,3III,OR771137,10567,103.8729971,2023,USA: FL,USA,OR771137,2023
277,FJ639801.1|2004,3III_C.1,3III_C,3III,FJ639801,10648,104.6692225,2004,Venezuela: Aragua,Venezuela,FJ639801,2004
277,MN448957.1|2010-05-21,3II_A.5,3II_A,3II,MN448957,10663,104.8166716,2010,Thailand,Thailand,MN448957,2010
278,OR771138.1|2023-07-28,3III_B.3.2,3III_B,3III,OR771138,10580,104.0007864,2023,USA: FL,USA,OR771138,2023
278,FJ639803.1|2005,3III_C.1,3III_C,3III,FJ639803,10648,104.6692225,2005,Venezuela: Aragua,Venezuela,FJ639803,2005
278,MN448958.1|2010-06-16,3II_A.5,3II_A,3II,MN448958,10663,104.8166716,2010,Thailand,Thailand,MN448958,2010
279,OR771139.1|2023-08-07,3III_B.3.2,3III_B,3III,OR771139,10546,103.6665684,2023,USA: FL,USA,OR771139,2023
279,FJ639804.1|2005,3III_C.1,3III_C,3III,FJ639804,10648,104.6692225,2005,Venezuela: Aragua,Venezuela,FJ639804,2005
279,MN448959.1|2010-06-23,3II_A.5,3II_A,3II,MN448959,10663,104.8166716,2010,Thailand,Thailand,MN448959,2010
280,OR771140.1|2023-07-28,3III_B.3.2,3III_B,3III,OR771140,10538,103.5879288,2023,USA: FL,USA,OR771140,2023
280,FJ639805.1|2005,3III_C.1,3III_C,3III,FJ639805,10626,104.4529637,2005,Venezuela: Aragua,Venezuela,FJ639805,2005
280,MN448960.1|2010-11-18,3II_B,3II_B,3II,MN448960,10663,104.8166716,2010,Thailand,Thailand,MN448960,2010
281,OR771141.1|2023-08-03,3III_B.3.2,3III_B,3III,OR771141,10639,104.580753,2023,USA: FL,USA,OR771141,2023
281,FJ639807.1|2005,3III_C.1,3III_C,3III,FJ639807,10648,104.6692225,2005,Venezuela: Aragua,Venezuela,FJ639807,2005
281,MN448961.1|2011-01-05,3II_B,3II_B,3II,MN448961,10663,104.8166716,2011,Thailand,Thailand,MN448961,2011
282,OR771142.1|2023-08-02,3III_B.3.2,3III_B,3III,OR771142,10546,103.6665684,2023,USA: FL,USA,OR771142,2023
282,FJ639810.1|2005,3III_C.1,3III_C,3III,FJ639810,10648,104.6692225,2005,Venezuela: Aragua,Venezuela,FJ639810,2005
282,MN448962.1|2011-03-23,3II_A.5,3II_A,3II,MN448962,10663,104.8166716,2011,Thailand,Thailand,MN448962,2011
283,OR771144.1|2023-08-04,3III_B.3.2,3III_B,3III,OR771144,10461,102.8310233,2023,USA: FL,USA,OR771144,2023
283,FJ639816.1|2005,3III_C.1,3III_C,3III,FJ639816,10648,104.6692225,2005,Venezuela: Aragua,Venezuela,FJ639816,2005
283,MN448963.1|2011-03-23,3II_A.5,3II_A,3II,MN448963,10663,104.8166716,2011,Thailand,Thailand,MN448963,2011
284,OR771145.1|2023-08-07,3III_B.3.2,3III_B,3III,OR771145,10461,102.8310233,2023,USA: FL,USA,OR771145,2023
284,FJ639817.1|2006,3III_C.1,3III_C,3III,FJ639817,10649,104.6790524,2006,Venezuela: Aragua,Venezuela,FJ639817,2006
284,MN448964.1|2011-06-16,3II_A.5,3II_A,3II,MN448964,10663,104.8166716,2011,Thailand,Thailand,MN448964,2011
285,OR771148.1|2023-08-13,3III_B.3.2,3III_B,3III,OR771148,10544,103.6469085,2023,USA: FL,USA,OR771148,2023
285,FJ639825.1|2006,3III_C.1,3III_C,3III,FJ639825,10648,104.6692225,2006,Venezuela: Aragua,Venezuela,FJ639825,2006
285,MN448965.1|2011-06-16,3II_A.5,3II_A,3II,MN448965,10663,104.8166716,2011,Thailand,Thailand,MN448965,2011
286,OR771149.1|2023-08-11,3III_B.3.2,3III_B,3III,OR771149,10461,102.8310233,2023,USA: FL,USA,OR771149,2023
286,FJ639826.1|2008,3III_C.1,3III_C,3III,FJ639826,10654,104.7282021,2008,Venezuela: Aragua,Venezuela,FJ639826,2008
286,MN448966.1|2012-09-25,3III_B.1,3III_B,3III,MN448966,10655,104.738032,2012,Thailand,Thailand,MN448966,2012
287,OR771150.1|2023-08-09,3III_B.3.2,3III_B,3III,OR771150,10586,104.059766,2023,USA: FL,USA,OR771150,2023
287,FJ639827.1|2008,3III_C.1,3III_C,3III,FJ639827,10635,104.5414332,2008,Venezuela: Aragua,Venezuela,FJ639827,2008
287,MN448967.1|2012-09-25,3III_B.1,3III_B,3III,MN448967,10655,104.738032,2012,Thailand,Thailand,MN448967,2012
288,OR771151.1|2023-08-11,3III_B.3.2,3III_B,3III,OR771151,10461,102.8310233,2023,USA: FL,USA,OR771151,2023
288,FJ478456.1|2002,3III_C.1,3III_C,3III,FJ478456,10648,104.6692225,2002,USA: Puerto Rico,USA,FJ478456,2002
288,MN448968.1|2012-11-21,3II_A.5,3II_A,3II,MN448968,10663,104.8166716,2012,Thailand,Thailand,MN448968,2012
289,OR771152.1|2023-08-09,3III_B.3.2,3III_B,3III,OR771152,10623,104.4234739,2023,USA: FL,USA,OR771152,2023
289,FJ373302.1|2004,3III_C.1,3III_C,3III,FJ373302,10652,104.7085422,2004,USA: Puerto Rico,USA,FJ373302,2004
289,MN448969.1|2010-03-11,3II_A.5,3II_A,3II,MN448969,10663,104.8166716,2010,Thailand,Thailand,MN448969,2010
290,OR771153.1|2023-08-11,3III_B.3.2,3III_B,3III,OR771153,10546,103.6665684,2023,USA: FL,USA,OR771153,2023
290,FJ373303.1|2001,3III_C.1,3III_C,3III,FJ373303,10648,104.6692225,2001,Venezuela: District Federal Caracas,Venezuela,FJ373303,2001
290,MN448970.1|2010,3II_A.5,3II_A,3II,MN448970,10663,104.8166716,2010,Thailand,Thailand,MN448970,2010
291,OR771154.1|2023-08-17,3III_B.3.2,3III_B,3III,OR771154,10546,103.6665684,2023,USA: FL,USA,OR771154,2023
291,FJ373304.1|2004,3III_C.1,3III_C,3III,FJ373304,10653,104.7183722,2004,Venezuela: District Federal Caracas,Venezuela,FJ373304,2004
291,MN448971.1|2010-03-23,3II_A.5,3II_A,3II,MN448971,10663,104.8166716,2010,Thailand,Thailand,MN448971,2010
292,OR771155.1|2023-08-20,3III_B.3.2,3III_B,3III,OR771155,10532,103.5289492,2023,USA: FL,USA,OR771155,2023
292,FJ373306.1|2002,3III_C.1,3III_C,3III,FJ373306,10648,104.6692225,2002,USA: Puerto Rico,USA,FJ373306,2002
292,MN448972.1|2010-03-23,3II_A.5,3II_A,3II,MN448972,10663,104.8166716,2010,Thailand,Thailand,MN448972,2010
293,OR771156.1|2023-09-01,3III_B.3.2,3III_B,3III,OR771156,10535,103.558439,2023,USA: FL,USA,OR771156,2023
293,FJ390371.1|2003,3III_C.1,3III_C,3III,FJ390371,10648,104.6692225,2003,USA: Puerto Rico,USA,FJ390371,2003
293,MN448973.1|2010-04-01,3II_A.5,3II_A,3II,MN448973,10663,104.8166716,2010,Thailand,Thailand,MN448973,2010
294,OR771157.1|2023-08-22,3III_B.3.2,3III_B,3III,OR771157,10536,103.5682689,2023,USA: FL,USA,OR771157,2023
294,FJ390372.1|2003,3III_C.2,3III_C,3III,FJ390372,10655,104.738032,2003,USA: Puerto Rico,USA,FJ390372,2003
294,MN448974.1|2010-04-19,3II_A.5,3II_A,3II,MN448974,10663,104.8166716,2010,Thailand,Thailand,MN448974,2010
295,OR771158.1|2023-08-22,3III_B.3.2,3III_B,3III,OR771158,10619,104.3841541,2023,USA: FL,USA,OR771158,2023
295,FJ390373.1|2002,3III_C.1,3III_C,3III,FJ390373,10648,104.6692225,2002,USA: Puerto Rico,USA,FJ390373,2002
295,MN448975.1|2010-04-20,3II_A.5,3II_A,3II,MN448975,10663,104.8166716,2010,Thailand,Thailand,MN448975,2010
296,OR771160.1|2023-08-06,3III_B.3.2,3III_B,3III,OR771160,10546,103.6665684,2023,USA: FL,USA,OR771160,2023
296,FJ390375.1|1999,3III_C.1,3III_C,3III,FJ390375,10650,104.6888823,1999,USA: Puerto Rico,USA,FJ390375,1999
296,MN448976.1|2010,3II_A.5,3II_A,3II,MN448976,10663,104.8166716,2010,Thailand,Thailand,MN448976,2010
297,OR771161.1|2023-08-23,3III_B.3.2,3III_B,3III,OR771161,10625,104.4431338,2023,USA: FL,USA,OR771161,2023
297,MN448977.1|2010-05-18,3II_A.5,3II_A,3II,MN448977,10663,104.8166716,2010,Thailand,Thailand,MN448977,2010
297,FJ390376.1|1999,3III_C.1,3III_C,3III,FJ390376,10669,104.8756512,1999,USA: Puerto Rico,USA,FJ390376,1999
298,OR771162.1|2023-08-31,3III_B.3.2,3III_B,3III,OR771162,10567,103.8729971,2023,USA: FL,USA,OR771162,2023
298,FJ390377.1|1999,3III_C.1,3III_C,3III,FJ390377,10650,104.6888823,1999,USA: Puerto Rico,USA,FJ390377,1999
298,MN448978.1|2010-05-21,3II_A.5,3II_A,3II,MN448978,10663,104.8166716,2010,Thailand,Thailand,MN448978,2010
299,OR771163.1|2023-08-29,3III_B.3.2,3III_B,3III,OR771163,10549,103.6960582,2023,USA: FL,USA,OR771163,2023
299,FJ410176.1|2000,3III_C.1,3III_C,3III,FJ410176,10645,104.6397326,2000,USA: Puerto Rico,USA,FJ410176,2000
299,MN448979.1|2010-06-16,3II_A.5,3II_A,3II,MN448979,10663,104.8166716,2010,Thailand,Thailand,MN448979,2010
300,OR771164.1|2023-08-28,3III_B.3.2,3III_B,3III,OR771164,10503,103.2438809,2023,USA: FL,USA,OR771164,2023
300,FJ410177.1|2000,3III_C.1,3III_C,3III,FJ410177,10648,104.6692225,2000,USA: Puerto Rico,USA,FJ410177,2000
300,MN448980.1|2010,3II_B,3II_B,3II,MN448980,10663,104.8166716,2010,Thailand,Thailand,MN448980,2010
301,OR771165.1|2023-09-02,3III_B.3.2,3III_B,3III,OR771165,10570,103.902487,2023,USA: FL,USA,OR771165,2023
301,FJ410178.1|2002,3III_C.1,3III_C,3III,FJ410178,10647,104.6593925,2002,USA: Puerto Rico,USA,FJ410178,2002
301,MN448981.1|2010-12-29,3II_B,3II_B,3II,MN448981,10663,104.8166716,2010,Thailand,Thailand,MN448981,2010
302,OR771166.1|2023-08-31,3III_B.3.2,3III_B,3III,OR771166,10583,104.0302762,2023,USA: FL,USA,OR771166,2023
302,FJ410229.1|2007,3II_A.1,3II_A,3II,FJ410229,10638,104.570923,2007,Viet Nam: South,Viet Nam,FJ410229,2007
302,MN448982.1|2011-01-05,3II_B,3II_B,3II,MN448982,10663,104.8166716,2011,Thailand,Thailand,MN448982,2011
303,OR771167.1|2023-08-31,3III_B.3.2,3III_B,3III,OR771167,10577,103.9712966,2023,USA: FL,USA,OR771167,2023
303,FJ177308.1|2001,3III_C.2,3III_C,3III,FJ177308,10652,104.7085422,2001,Brazil,Brazil,FJ177308,2001
303,MN448983.1|2011-01-05,3II_B,3II_B,3II,MN448983,10663,104.8166716,2011,Thailand,Thailand,MN448983,2011
304,OR771169.1|2023-08-31,3III_B.3.2,3III_B,3III,OR771169,10545,103.6567384,2023,USA: FL,USA,OR771169,2023
304,FJ182004.1|2004,3III_C.1,3III_C,3III,FJ182004,10648,104.6692225,2004,USA: Puerto Rico,USA,FJ182004,2004
304,MN448984.1|2011-03-23,3II_A.5,3II_A,3II,MN448984,10663,104.8166716,2011,Thailand,Thailand,MN448984,2011
305,OR771170.1|2023-09-05,3III_B.3.2,3III_B,3III,OR771170,10546,103.6665684,2023,USA: FL,USA,OR771170,2023
305,FJ182005.1|2004,3III_C.1,3III_C,3III,FJ182005,10650,104.6888823,2004,USA: Puerto Rico,USA,FJ182005,2004
305,MN448985.1|2011-06-14,3II_A.5,3II_A,3II,MN448985,10663,104.8166716,2011,Thailand,Thailand,MN448985,2011
306,OR771171.1|2023-09-04,3III_B.3.2,3III_B,3III,OR771171,10568,103.8828271,2023,USA: FL,USA,OR771171,2023
306,FJ182006.1|2004,3III_C.2,3III_C,3III,FJ182006,10648,104.6692225,2004,USA: Puerto Rico,USA,FJ182006,2004
306,MN448986.1|2011-06-14,3III_B.1,3III_B,3III,MN448986,10663,104.8166716,2011,Thailand,Thailand,MN448986,2011
307,OR771172.1|2023-09-06,3III_B.3.2,3III_B,3III,OR771172,10531,103.5191192,2023,USA: FL,USA,OR771172,2023
307,FJ182007.1|2005,3III_C.1,3III_C,3III,FJ182007,10648,104.6692225,2005,USA: Puerto Rico,USA,FJ182007,2005
307,MN448987.1|2011-06-16,3II_A.5,3II_A,3II,MN448987,10663,104.8166716,2011,Thailand,Thailand,MN448987,2011
308,OR771174.1|2023-09-15,3III_B.3.2,3III_B,3III,OR771174,10550,103.7058881,2023,USA: FL,USA,OR771174,2023
308,FJ182008.1|2005,3III_C.2,3III_C,3III,FJ182008,10648,104.6692225,2005,USA: Puerto Rico,USA,FJ182008,2005
308,MN448988.1|2011-07-14,3II_B,3II_B,3II,MN448988,10652,104.7085422,2011,Thailand,Thailand,MN448988,2011
309,OR771175.1|2023-09-08,3III_B.3.2,3III_B,3III,OR771175,10546,103.6665684,2023,USA: FL,USA,OR771175,2023
309,FJ182009.1|2005,3III_C.1,3III_C,3III,FJ182009,10648,104.6692225,2005,USA: Puerto Rico,USA,FJ182009,2005
309,MN448989.1|2011-09-22,3II_A.5,3II_A,3II,MN448989,10663,104.8166716,2011,Thailand,Thailand,MN448989,2011
310,OR771176.1|2023-09-06,3III_B.3.2,3III_B,3III,OR771176,10571,103.9123169,2023,USA: FL,USA,OR771176,2023
310,FJ182010.1|2005,3III_C.1,3III_C,3III,FJ182010,10648,104.6692225,2005,USA: Puerto Rico,USA,FJ182010,2005
310,MN448990.1|2011-12-27,3II_A.5,3II_A,3II,MN448990,10663,104.8166716,2011,Thailand,Thailand,MN448990,2011
311,OR771177.1|2023-09-06,3III_B.3.2,3III_B,3III,OR771177,10461,102.8310233,2023,USA: FL,USA,OR771177,2023
311,FJ182011.1|2005,3III_C.1,3III_C,3III,FJ182011,10650,104.6888823,2005,USA: Puerto Rico,USA,FJ182011,2005
311,MN448991.1|2012-05-11,3III_B.1,3III_B,3III,MN448991,10655,104.738032,2012,Thailand,Thailand,MN448991,2012
312,OR771178.1|2023-09-11,3III_B.3.2,3III_B,3III,OR771178,10551,103.7157181,2023,USA: FL,USA,OR771178,2023
312,FJ182013.1|1998,3III_C.1,3III_C,3III,FJ182013,10648,104.6692225,1998,USA: Puerto Rico,USA,FJ182013,1998
312,MN448992.1|2012-10-01,3III_B.1,3III_B,3III,MN448992,10663,104.8166716,2012,Thailand,Thailand,MN448992,2012
313,OR771179.1|2023-09-11,3III_B.3.2,3III_B,3III,OR771179,10461,102.8310233,2023,USA: FL,USA,OR771179,2023
313,FJ182015.1|2001,3III_C.1,3III_C,3III,FJ182015,10648,104.6692225,2001,Venezuela: DF/Caracas,Venezuela,FJ182015,2001
313,MN448993.1|2012-11-21,3II_A.5,3II_A,3II,MN448993,10663,104.8166716,2012,Thailand,Thailand,MN448993,2012
314,OR771180.1|2023-09-11,3III_B.3.2,3III_B,3III,OR771180,10461,102.8310233,2023,USA: FL,USA,OR771180,2023
314,MN253124.1|2017-08-10,3III_B.3,3III_B,3III,MN253124,10541,103.6174187,2017,India,India,MN253124,2017
314,FJ182037.1|2005,3III_C.1,3III_C,3III,FJ182037,10648,104.6692225,2005,USA: Puerto Rico,USA,FJ182037,2005
315,OR771181.1|2023-09-12,3III_B.3.2,3III_B,3III,OR771181,10461,102.8310233,2023,USA: FL,USA,OR771181,2023
315,FJ182038.1|2005,3III_C.2,3III_C,3III,FJ182038,10648,104.6692225,2005,USA: Puerto Rico,USA,FJ182038,2005
315,MN253125.1|2017-10-27,3III_B.3,3III_B,3III,MN253125,10651,104.6987123,2017,India,India,MN253125,2017
316,MN253127.2|2018-09-06,3III_B.3,3III_B,3III,MN253127,10507,103.2832006,2018,India,India,MN253127,2018
316,OR771182.1|2023-09-20,3III_B.3.2,3III_B,3III,OR771182,10559,103.7943576,2023,USA: FL,USA,OR771182,2023
316,FJ182039.1|2005,3III_C.1,3III_C,3III,FJ182039,10648,104.6692225,2005,USA: Puerto Rico,USA,FJ182039,2005
317,OR771184.1|2023-09-11,3III_B.3.2,3III_B,3III,OR771184,10546,103.6665684,2023,USA: FL,USA,OR771184,2023
317,MN253128.2|2018-09-18,3III_B.3,3III_B,3III,MN253128,10560,103.8041876,2018,India,India,MN253128,2018
317,FJ182040.1|2005,3III_C.1,3III_C,3III,FJ182040,10652,104.7085422,2005,USA: Puerto Rico,USA,FJ182040,2005
318,OR771185.1|2023-09-16,3III_B.3.2,3III_B,3III,OR771185,10546,103.6665684,2023,USA: FL,USA,OR771185,2023
318,MN253129.1|2018-09-20,3III_B.3,3III_B,3III,MN253129,10614,104.3350044,2018,India,India,MN253129,2018
318,FJ182041.1|2005,3III_C.1,3III_C,3III,FJ182041,10648,104.6692225,2005,USA: Puerto Rico,USA,FJ182041,2005
319,OR771186.1|2023-09-21,3III_B.3.2,3III_B,3III,OR771186,10545,103.6567384,2023,USA: FL,USA,OR771186,2023
319,MN253130.1|2018-12-09,3III_B.3,3III_B,3III,MN253130,10557,103.7746977,2018,India,India,MN253130,2018
319,FJ205870.1|2003,3III_C.1,3III_C,3III,FJ205870,10648,104.6692225,2003,USA: Puerto Rico,USA,FJ205870,2003
320,MN253131.1|2018-12-09,3III_B.3,3III_B,3III,MN253131,10504,103.2537108,2018,India,India,MN253131,2018
320,OR771187.1|2023-09-14,3III_B.3.2,3III_B,3III,OR771187,10519,103.4011599,2023,USA: FL,USA,OR771187,2023
320,FJ205871.1|1999,3III_C.1,3III_C,3III,FJ205871,10651,104.6987123,1999,USA: Puerto Rico,USA,FJ205871,1999
321,MN253132.2|2018-09-18,3III_B.3,3III_B,3III,MN253132,10569,103.892657,2018,India,India,MN253132,2018
321,OR771190.1|2023-09-29,3III_B.3.2,3III_B,3III,OR771190,10584,104.0401062,2023,USA: FL,USA,OR771190,2023
321,EU854291.1|2004,3III_C.1,3III_C,3III,EU854291,10648,104.6692225,2004,Venezuela: District Federal Caracas,Venezuela,EU854291,2004
322,MN253133.1|2018-10-13,3III_B.3,3III_B,3III,MN253133,10504,103.2537108,2018,India,India,MN253133,2018
322,OR771191.1|2023-09-30,3III_B.3.2,3III_B,3III,OR771191,10547,103.6763983,2023,USA: FL,USA,OR771191,2023
322,EU854292.1|2005,3III_C.2,3III_C,3III,EU854292,10648,104.6692225,2005,Venezuela: District Federal Caracas,Venezuela,EU854292,2005
323,OR771192.1|2023-10-04,3III_B.3.2,3III_B,3III,OR771192,10578,103.9811265,2023,USA: FL,USA,OR771192,2023
323,EU854298.1|2002,3III_C.1,3III_C,3III,EU854298,10640,104.5905829,2002,USA: Puerto Rico,USA,EU854298,2002
323,MT921574.1|2017,3I_C,3I_C,3I,MT921574,10697,105.1508896,2017,Australia: Queensland,Australia,MT921574,2017
324,OR771195.1|2023-09-26,3III_B.3.2,3III_B,3III,OR771195,10560,103.8041876,2023,USA: FL,USA,OR771195,2023
324,FJ024465.1|2004,3III_C.1,3III_C,3III,FJ024465,10648,104.6692225,2004,USA: Puerto Rico,USA,FJ024465,2004
324,MT921575.1|2016,3I_A,3I_A,3I,MT921575,10703,105.2098693,2016,Australia: Queensland,Australia,MT921575,2016
325,MT006152.1|2018-06-13,3I_A.1.1,3I_A,3I,MT006152,10173,100,2018,Sri Lanka,Sri Lanka,MT006152,2018
325,FJ024466.1|2004,3III_C.1,3III_C,3III,FJ024466,10650,104.6888823,2004,USA: Puerto Rico,USA,FJ024466,2004
325,OR771197.1|2023-10-03,3III_B.3.2,3III_B,3III,OR771197,10665,104.8363315,2023,USA: FL,USA,OR771197,2023
326,MT006158.1|2018-06-19,3I_A.1.1,3I_A,3I,MT006158,10173,100,2018,Sri Lanka,Sri Lanka,MT006158,2018
326,OR771198.1|2023-10-02,3III_B.3.2,3III_B,3III,OR771198,10503,103.2438809,2023,USA: FL,USA,OR771198,2023
326,FJ024467.1|2004,3III_C.2,3III_C,3III,FJ024467,10645,104.6397326,2004,USA: Puerto Rico,USA,FJ024467,2004
327,MT006169.1|2018-09-10,3I_A.1.1,3I_A,3I,MT006169,10098,99.26275435,2018,Sri Lanka,Sri Lanka,MT006169,2018
327,OR771199.1|2023-10-03,3III_B.3.2,3III_B,3III,OR771199,10571,103.9123169,2023,USA: FL,USA,OR771199,2023
327,FJ024468.1|2004,3III_C.2,3III_C,3III,FJ024468,10648,104.6692225,2004,USA: Puerto Rico,USA,FJ024468,2004
328,OR654266.1|2023-01-29,3III_B.3.2,3III_B,3III,OR654266,10560,103.8041876,2023,USA: FL,USA,OR654266,2023
328,FJ024469.1|2004,3III_C.2,3III_C,3III,FJ024469,10648,104.6692225,2004,USA: Puerto Rico,USA,FJ024469,2004
328,MK858149.1|2016-08-26,3III_B,3III_B,3III,MK858149,10707,105.249189,2016,India,India,MK858149,2016
329,OR654267.1|2023-01-31,3III_B.3.2,3III_B,3III,OR654267,10534,103.5486091,2023,USA: FL,USA,OR654267,2023
329,FJ024470.1|2004,3III_C.2,3III_C,3III,FJ024470,10626,104.4529637,2004,USA: Puerto Rico,USA,FJ024470,2004
329,MK858150.1|2016-08-10,3III_B.3,3III_B,3III,MK858150,10709,105.2688489,2016,India,India,MK858150,2016
330,OR654268.1|2023-02-15,3III_B.3.2,3III_B,3III,OR654268,10568,103.8828271,2023,USA: FL,USA,OR654268,2023
330,MK858151.2|2016-11-08,3III_B.3,3III_B,3III,MK858151,10649,104.6790524,2016,India,India,MK858151,2016
330,FJ024471.1|2004,3III_C.2,3III_C,3III,FJ024471,10649,104.6790524,2004,USA: Puerto Rico,USA,FJ024471,2004
331,OR654274.1|2023-05-28,3III_B.3.2,3III_B,3III,OR654274,10586,104.059766,2023,USA: FL,USA,OR654274,2023
331,EU726768.1|2000,3III_C.1,3III_C,3III,EU726768,10648,104.6692225,2000,USA: Puerto Rico,USA,EU726768,2000
331,MK858152.1|2016-08-24,3III_B.3,3III_B,3III,MK858152,10709,105.2688489,2016,India,India,MK858152,2016
332,OR654277.1|2023-06-08,3III_B.3.2,3III_B,3III,OR654277,10461,102.8310233,2023,USA: FL,USA,OR654277,2023
332,EU726769.1|2003,3III_C.1,3III_C,3III,EU726769,10648,104.6692225,2003,USA: Puerto Rico,USA,EU726769,2003
332,MK858153.1|2016-10-14,3III_B.3.1,3III_B,3III,MK858153,10708,105.259019,2016,India,India,MK858153,2016
333,OR654278.1|2023-06-18,3III_B.3.2,3III_B,3III,OR654278,10546,103.6665684,2023,USA: FL,USA,OR654278,2023
333,EU726771.1|1998,3III_C.1,3III_C,3III,EU726771,10648,104.6692225,1998,USA: Puerto Rico,USA,EU726771,1998
333,MK858154.1|2017-10-12,3III_B.3,3III_B,3III,MK858154,10649,104.6790524,2017,India,India,MK858154,2017
334,OR654279.1|2023-06-23,3III_B.3.2,3III_B,3III,OR654279,10513,103.3421803,2023,USA: FL,USA,OR654279,2023
334,MK858155.1|2017-10-09,3III_B.3.1,3III_B,3III,MK858155,10572,103.9221469,2017,India,India,MK858155,2017
334,EU726772.1|1998,3III_C.1,3III_C,3III,EU726772,10648,104.6692225,1998,USA: Puerto Rico,USA,EU726772,1998
335,LT996904.1|2007,3III_A.2,3III_A,3III,LT996904,10173,100,2007,Malaysia,Malaysia,LT996904,2007
335,OR654280.1|2023-06-23,3III_B.3.2,3III_B,3III,OR654280,10540,103.6075887,2023,USA: FL,USA,OR654280,2023
335,EU726773.1|1999,3III_C.1,3III_C,3III,EU726773,10650,104.6888823,1999,USA: Puerto Rico,USA,EU726773,1999
336,LT996905.1|2008,3III_A.2,3III_A,3III,LT996905,10173,100,2008,Malaysia,Malaysia,LT996905,2008
336,OR654283.1|2023-07-02,3III_B.3.2,3III_B,3III,OR654283,10461,102.8310233,2023,USA: FL,USA,OR654283,2023
336,EU726774.1|1999,3III_C.1,3III_C,3III,EU726774,10648,104.6692225,1999,USA: Puerto Rico,USA,EU726774,1999
337,LT996906.1|2008,3III_A.2,3III_A,3III,LT996906,10173,100,2008,Malaysia,Malaysia,LT996906,2008
337,EU781136.1|1999,3III_C.1,3III_C,3III,EU781136,10648,104.6692225,1999,USA: Puerto Rico,USA,EU781136,1999
337,OR229977.1|2020-08,3III_B.3.1,3III_B,3III,OR229977,10649,104.6790524,2020,Martinique,Martinique,OR229977,2020
338,LT996907.1|2010,3III_A.2,3III_A,3III,LT996907,10173,100,2010,Malaysia,Malaysia,LT996907,2010
338,EU781137.1|1999,3III_C.1,3III_C,3III,EU781137,10648,104.6692225,1999,USA: Puerto Rico,USA,EU781137,1999
338,OR229978.1|2020-09,3III_B.3.1,3III_B,3III,OR229978,10649,104.6790524,2020,Martinique,Martinique,OR229978,2020
339,LT996908.1|2010,3III_A.2,3III_A,3III,LT996908,10173,100,2010,Malaysia,Malaysia,LT996908,2010
339,OR229979.1|2020-08,3III_B.3.1,3III_B,3III,OR229979,10649,104.6790524,2020,Martinique,Martinique,OR229979,2020
339,EU660407.1|2006,3II_A.1,3II_A,3II,EU660407,10663,104.8166716,2006,Viet Nam: South,Viet Nam,EU660407,2006
340,LT996909.1|2010,3III_A.2,3III_A,3III,LT996909,10173,100,2010,Malaysia,Malaysia,LT996909,2010
340,OR229980.1|2020-12,3III_B.3.1,3III_B,3III,OR229980,10649,104.6790524,2020,Guadeloupe,Guadeloupe,OR229980,2020
340,EU660408.1|2006,3II_A.1,3II_A,3II,EU660408,10653,104.7183722,2006,Viet Nam: South,Viet Nam,EU660408,2006
341,LT996910.1|2010,3III_A.2,3III_A,3III,LT996910,10173,100,2010,Malaysia,Malaysia,LT996910,2010
341,OR229981.1|2020-08,3III_B.3.1,3III_B,3III,OR229981,10648,104.6692225,2020,Guadeloupe,Guadeloupe,OR229981,2020
341,EU660409.1|2006,3II_A.1,3II_A,3II,EU660409,10663,104.8166716,2006,Viet Nam: South,Viet Nam,EU660409,2006
342,LT996911.1|2010,3III_A.2,3III_A,3III,LT996911,10173,100,2010,Malaysia,Malaysia,LT996911,2010
342,OR229982.1|2020-07,3III_B.3.1,3III_B,3III,OR229982,10649,104.6790524,2020,Martinique,Martinique,OR229982,2020
342,EU660410.1|2006,3II_A.1,3II_A,3II,EU660410,10653,104.7183722,2006,Viet Nam: South,Viet Nam,EU660410,2006
343,OR229983.1|2020-09,3III_B.2,3III_B,3III,OR229983,10639,104.580753,2020,Martinique,Martinique,OR229983,2020
343,EU660411.1|2006,3II_A.1,3II_A,3II,EU660411,10663,104.8166716,2006,Viet Nam: South,Viet Nam,EU660411,2006
343,LC436676.1|2017-10,3I_A.2,3I_A,3I,LC436676,10666,104.8461614,2017,Bangladesh,Bangladesh,LC436676,2017
344,OR229984.1|2020-07,3III_B.2,3III_B,3III,OR229984,10639,104.580753,2020,Martinique,Martinique,OR229984,2020
344,EU660420.1|2001,3III_C.1,3III_C,3III,EU660420,10663,104.8166716,2001,Venezuela: DF/Caracas,Venezuela,EU660420,2001
344,LC436677.1|2017-10,3I_A.2,3I_A,3I,LC436677,10666,104.8461614,2017,Bangladesh,Bangladesh,LC436677,2017
345,MT261972.1|2017-10-16,3III_B.2,3III_B,3III,MT261972,10611,104.3055146,2017,Burkina Faso: Ouagadougou,Burkina Faso,MT261972,2017
345,OR229985.1|2020-09,3III_B.2,3III_B,3III,OR229985,10639,104.580753,2020,Martinique,Martinique,OR229985,2020
345,EU687196.1|2002,3III_C.1,3III_C,3III,EU687196,10653,104.7183722,2002,USA: Puerto Rico,USA,EU687196,2002
346,MT261973.1|2017-11-09,3III_B.2,3III_B,3III,MT261973,10092,99.2037747,2017,Burkina Faso: Ouagadougou,Burkina Faso,MT261973,2017
346,EU687197.1|2003,3III_C.1,3III_C,3III,EU687197,10659,104.7773518,2003,USA: Puerto Rico,USA,EU687197,2003
346,OR418423.1|2023-06-15,3III_B.1,3III_B,3III,OR418423,10700,105.1803794,2023,Thailand,Thailand,OR418423,2023
347,MT261974.1|2017-11-13,3III_B.2,3III_B,3III,MT261974,10103,99.31190406,2017,Burkina Faso: Ouagadougou,Burkina Faso,MT261974,2017
347,OR389032.1|2001,3III_C.2,3III_C,3III,OR389032,10481,103.0276221,2001,Barbados,Barbados,OR389032,2001
347,EU687198.1|2003,3III_C.1,3III_C,3III,EU687198,10675,104.9346309,2003,USA: Puerto Rico,USA,EU687198,2003
348,OR389033.1|2011,3III_B.1,3III_B,3III,OR389033,10633,104.5217733,2011,Cambodia,Cambodia,OR389033,2011
348,EU687218.1|1998,3III_C.1,3III_C,3III,EU687218,10648,104.6692225,1998,USA: Puerto Rico,USA,EU687218,1998
348,MT261975.1|2017-11-17,3III_B.2,3III_B,3III,MT261975,10676,104.9444608,2017,Burkina Faso: Ouagadougou,Burkina Faso,MT261975,2017
349,OR389034.1|2003,3III_C.1,3III_C,3III,OR389034,10648,104.6692225,2003,Colombia,Colombia,OR389034,2003
349,EU687219.1|1999,3III_C.1,3III_C,3III,EU687219,10655,104.738032,1999,USA: Puerto Rico,USA,EU687219,1999
349,MT261976.1|2017-10-04,3III_B.2,3III_B,3III,MT261976,10683,105.0132704,2017,Burkina Faso: Ouagadougou,Burkina Faso,MT261976,2017
350,OR389035.1|2015,3III_B,3III_B,3III,OR389035,10635,104.5414332,2015,India,India,OR389035,2015
350,EU687221.1|2000,3III_C.1,3III_C,3III,EU687221,10648,104.6692225,2000,USA: Puerto Rico,USA,EU687221,2000
350,MT261977.1|2017-10-12,3III_B.2,3III_B,3III,MT261977,10682,105.0034405,2017,Burkina Faso: Ouagadougou,Burkina Faso,MT261977,2017
351,OR389036.1|2009,3III_C.2.1,3III_C,3III,OR389036,10635,104.5414332,2009,Nicaragua,Nicaragua,OR389036,2009
351,EU687226.1|1999,3III_C.1,3III_C,3III,EU687226,10645,104.6397326,1999,USA: Puerto Rico,USA,EU687226,1999
351,MT261978.1|2017-10-27,3III_B.2,3III_B,3III,MT261978,10678,104.9641207,2017,Burkina Faso: Ouagadougou,Burkina Faso,MT261978,2017
352,MT261979.1|2017-11-02,3III_B.2,3III_B,3III,MT261979,10244,100.6979259,2017,Burkina Faso: Ouagadougou,Burkina Faso,MT261979,2017
352,OR389037.1|2008,3III_C.1,3III_C,3III,OR389037,10653,104.7183722,2008,Saint Kitts and Nevis,Saint Kitts and Nevis,OR389037,2008
352,EU687233.1|2002,3III_C.1,3III_C,3III,EU687233,10653,104.7183722,2002,USA: Puerto Rico,USA,EU687233,2002
353,EU687234.1|2002,3III_C.1,3III_C,3III,EU687234,10645,104.6397326,2002,USA: Puerto Rico,USA,EU687234,2002
353,OR389038.1|2004,3III_A.1,3III_A,3III,OR389038,10653,104.7183722,2004,Sri Lanka,Sri Lanka,OR389038,2004
353,MH048677.1|2014-12,3III_A.2,3III_A,3III,MH048677,10754,105.7111963,2014,Malaysia,Malaysia,MH048677,2014
354,OR389039.1|2007,3II_A.1,3II_A,3II,OR389039,10633,104.5217733,2007,Viet Nam,Viet Nam,OR389039,2007
354,EU687239.1|2003,3III_C.1,3III_C,3III,EU687239,10648,104.6692225,2003,USA: Puerto Rico,USA,EU687239,2003
354,MH051731.1|2014-12,3III_A.2,3III_A,3III,MH051731,10766,105.8291556,2014,Malaysia,Malaysia,MH051731,2014
355,OR389336.1|1966,3III,3III,3III,OR389336,10632,104.5119434,1966,India,India,OR389336,1966
355,EU596492.1|2007,3III_C.1,3III_C,3III,EU596492,10648,104.6692225,2007,USA: Puerto Rico,USA,EU596492,2007
355,MH051732.1|2014-12,3I_A,3I_A,3I,MH051732,10655,104.738032,2014,Malaysia,Malaysia,MH051732,2014
356,MH051733.1|2014-12,3III_A.2,3III_A,3III,MH051733,10202,100.2850683,2014,Malaysia,Malaysia,MH051733,2014
356,EU596493.1|2007,3III_C.1,3III_C,3III,EU596493,10648,104.6692225,2007,USA: Puerto Rico,USA,EU596493,2007
356,OR389337.1|1970,3III,3III,3III,OR389337,10653,104.7183722,1970,India,India,OR389337,1970
357,MN083245.1|2017-12,3I_A,3I_A,3I,MN083245,10173,100,2017,Sri Lanka,Sri Lanka,MN083245,2017
357,EU596494.1|2007,3III_C.1,3III_C,3III,EU596494,10648,104.6692225,2007,USA: Puerto Rico,USA,EU596494,2007
357,OR389338.1|1984,3I_A,3I_A,3I,OR389338,10652,104.7085422,1984,Indonesia,Indonesia,OR389338,1984
358,MN083246.1|2017-11,3I_A.1.1,3I_A,3I,MN083246,10173,100,2017,Sri Lanka,Sri Lanka,MN083246,2017
358,OR389339.1|1985,3I_A,3I_A,3I,OR389339,10480,103.0177922,1985,Indonesia,Indonesia,OR389339,1985
358,EU569688.1|2001,3III_C.1,3III_C,3III,EU569688,10648,104.6692225,2001,Venezuela: DF/Caracas,Venezuela,EU569688,2001
359,EU569689.1|2001,3III_C.1,3III_C,3III,EU569689,10648,104.6692225,2001,Venezuela: DF/Caracas,Venezuela,EU569689,2001
359,OR389340.1|1986,3I,3I,3I,OR389340,10652,104.7085422,1986,Indonesia,Indonesia,OR389340,1986
359,MN964273.1|2019-11-09,3III_B.2,3III_B,3III,MN964273,10656,104.747862,2019,China: Guangzhou,China,MN964273,2019
360,OR389341.1|1989,3II,3II,3II,OR389341,10633,104.5217733,1989,Malaysia,Malaysia,OR389341,1989
360,EU569690.1|2001,3III_C.1,3III_C,3III,EU569690,10648,104.6692225,2001,Venezuela: DF/Caracas,Venezuela,EU569690,2001
360,MN964274.1|2019-11-21,3III_B.3.1,3III_B,3III,MN964274,10654,104.7282021,2019,China: Guangzhou,China,MN964274,2019
361,OR389342.1|1989,3II,3II,3II,OR389342,10633,104.5217733,1989,Malaysia,Malaysia,OR389342,1989
361,EU569691.1|2001,3III_C.1,3III_C,3III,EU569691,10651,104.6987123,2001,Venezuela: DF/Caracas,Venezuela,EU569691,2001
361,MN018367.1|2015-09-13,3III_B.1,3III_B,3III,MN018367,10708,105.259019,2015,China: Guangdong Province,China,MN018367,2015
362,OR389343.1|1990,3I_A,3I_A,3I,OR389343,10643,104.6200727,1990,Malaysia,Malaysia,OR389343,1990
362,EU529683.1|2007,3III_C.1,3III_C,3III,EU529683,10649,104.6790524,2007,Venezuela: Aragua,Venezuela,EU529683,2007
362,MN018368.1|2013-07-25,3III_B.3,3III_B,3III,MN018368,10708,105.259019,2013,China: Guangdong Province,China,MN018368,2013
363,OR389344.1|1989,3II,3II,3II,OR389344,10633,104.5217733,1989,Thailand,Thailand,OR389344,1989
363,EU529684.1|2001,3III_C.1,3III_C,3III,EU529684,10662,104.8068416,2001,Venezuela: DF/Caracas,Venezuela,EU529684,2001
363,MN018369.1|2013-08-21,3II_B,3II_B,3II,MN018369,10708,105.259019,2013,China: Guangdong Province,China,MN018369,2013
364,OR150744.1|2022-12-19,3III_B.3.2,3III_B,3III,OR150744,10633,104.5217733,2022,USA: FL,USA,OR150744,2022
364,EU529685.1|2001,3III_C.1,3III_C,3III,EU529685,10648,104.6692225,2001,Venezuela: DF/Caracas,Venezuela,EU529685,2001
364,MN018370.1|2015-07-24,3I_A,3I_A,3I,MN018370,10708,105.259019,2015,China: Guangdong Province,China,MN018370,2015
365,OR150745.1|2022-12-22,3III_B.3.2,3III_B,3III,OR150745,10544,103.6469085,2022,USA: FL,USA,OR150745,2022
365,EU529686.1|2001,3III_C.1,3III_C,3III,EU529686,10648,104.6692225,2001,Venezuela: DF/Caracas,Venezuela,EU529686,2001
365,MN018371.1|2015-08-08,3III_B.1,3III_B,3III,MN018371,10708,105.259019,2015,China: Guangdong Province,China,MN018371,2015
366,OR150746.1|2022-12-18,3III_B.3.2,3III_B,3III,OR150746,10461,102.8310233,2022,USA: FL,USA,OR150746,2022
366,EU529687.1|2001,3III_C.1,3III_C,3III,EU529687,10648,104.6692225,2001,Venezuela: DF/Caracas,Venezuela,EU529687,2001
366,MN018372.1|2016-03-18,3III_B.1,3III_B,3III,MN018372,10708,105.259019,2016,China: Guangdong Province,China,MN018372,2016
367,OR150747.1|2022-12-23,3III_B.3.2,3III_B,3III,OR150747,10579,103.9909565,2022,USA: FL,USA,OR150747,2022
367,EU529688.1|2001,3III_C.1,3III_C,3III,EU529688,10648,104.6692225,2001,Venezuela: DF/Caracas,Venezuela,EU529688,2001
367,MN018373.1|2016,3I_A,3I_A,3I,MN018373,10708,105.259019,2016,China: Guangdong Province,China,MN018373,2016
368,OR150748.1|2023-01-01,3III_B.3.2,3III_B,3III,OR150748,10537,103.5780989,2023,USA: FL,USA,OR150748,2023
368,EU529689.1|2001,3III_C.1,3III_C,3III,EU529689,10648,104.6692225,2001,Venezuela: DF/Caracas,Venezuela,EU529689,2001
368,MN018374.1|2015-09-28,3I_A,3I_A,3I,MN018374,10708,105.259019,2015,China: Guangdong Province,China,MN018374,2015
369,OR150749.1|2023-01-06,3III_B.3.2,3III_B,3III,OR150749,10538,103.5879288,2023,USA: FL,USA,OR150749,2023
369,EU529690.1|2001,3III_C.1,3III_C,3III,EU529690,10648,104.6692225,2001,Venezuela: DF/Caracas,Venezuela,EU529690,2001
369,MN018375.1|2015-10-23,3III_B.1,3III_B,3III,MN018375,10708,105.259019,2015,China: Guangdong Province,China,MN018375,2015
370,OR150750.1|2023-01-10,3III_B.3.2,3III_B,3III,OR150750,10487,103.0866018,2023,USA: FL,USA,OR150750,2023
370,EU529691.1|2001,3III_C.2,3III_C,3III,EU529691,10648,104.6692225,2001,Venezuela: DF/Caracas,Venezuela,EU529691,2001
370,MN018376.1|2015-07-06,3III_B.1,3III_B,3III,MN018376,10708,105.259019,2015,China: Guangdong Province,China,MN018376,2015
371,OR150751.1|2023-01-09,3III_B.3.2,3III_B,3III,OR150751,10546,103.6665684,2023,USA: FL,USA,OR150751,2023
371,EU529692.1|2006,3III_C.2,3III_C,3III,EU529692,10648,104.6692225,2006,USA: Puerto Rico,USA,EU529692,2006
371,MN018377.1|2015-12-22,3I_A.2,3I_A,3I,MN018377,10708,105.259019,2015,China: Guangdong Province,China,MN018377,2015
372,OR150752.1|2023-01-11,3III_B.3.2,3III_B,3III,OR150752,10461,102.8310233,2023,USA: FL,USA,OR150752,2023
372,EU529696.1|1999,3III_C.2,3III_C,3III,EU529696,10651,104.6987123,1999,USA: Puerto Rico,USA,EU529696,1999
372,MN018378.1|2015-09-30,3III_B.1,3III_B,3III,MN018378,10708,105.259019,2015,China: Guangdong Province,China,MN018378,2015
373,OR150753.1|2023-01-03,3III_B.3.2,3III_B,3III,OR150753,10545,103.6567384,2023,USA: FL,USA,OR150753,2023
373,EU529697.1|2000,3III_C.1,3III_C,3III,EU529697,10648,104.6692225,2000,USA: Puerto Rico,USA,EU529697,2000
373,MN018379.1|2015-10-03,3I_C,3I_C,3I,MN018379,10708,105.259019,2015,China: Guangdong Province,China,MN018379,2015
374,OR150754.1|2023-01-08,3III_B.3.2,3III_B,3III,OR150754,10553,103.735378,2023,USA: FL,USA,OR150754,2023
374,EU529698.1|2006,3III_C.1,3III_C,3III,EU529698,10648,104.6692225,2006,USA: Puerto Rico,USA,EU529698,2006
374,MN018380.1|2015-09-16,3I_C,3I_C,3I,MN018380,10708,105.259019,2015,China: Guangdong Province,China,MN018380,2015
375,OR150755.1|2023-01-08,3III_B.3.2,3III_B,3III,OR150755,10546,103.6665684,2023,USA: FL,USA,OR150755,2023
375,EU529699.1|2006,3III_C.1,3III_C,3III,EU529699,10648,104.6692225,2006,USA: Puerto Rico,USA,EU529699,2006
375,MN018381.1|2016-05-06,3III_B.1,3III_B,3III,MN018381,10708,105.259019,2016,China: Guangdong Province,China,MN018381,2016
376,OR162311.1|2022-11-27,3III_B.3.2,3III_B,3III,OR162311,10546,103.6665684,2022,USA: FL,USA,OR162311,2022
376,EU529702.1|2003,3III_C.1,3III_C,3III,EU529702,10649,104.6790524,2003,USA: Puerto Rico,USA,EU529702,2003
376,MN018382.1|2016-02-16,3I_A,3I_A,3I,MN018382,10708,105.259019,2016,China: Guangdong Province,China,MN018382,2016
377,OR162312.1|2022-12-02,3III_B.3.2,3III_B,3III,OR162312,10528,103.4896294,2022,USA: FL,USA,OR162312,2022
377,EU529703.1|1998,3III_C.2,3III_C,3III,EU529703,10649,104.6790524,1998,USA: Puerto Rico,USA,EU529703,1998
377,MN018383.1|2014-08-09,3I_A,3I_A,3I,MN018383,10708,105.259019,2014,China: Guangdong Province,China,MN018383,2014
378,OR162313.1|2022-11-27,3III_B.3.2,3III_B,3III,OR162313,10539,103.5977588,2022,USA: FL,USA,OR162313,2022
378,EU529704.1|2004,3III_C.2,3III_C,3III,EU529704,10649,104.6790524,2004,USA: Puerto Rico,USA,EU529704,2004
378,MN018384.1|2016-09-01,3I_A,3I_A,3I,MN018384,10708,105.259019,2016,China: Guangdong Province,China,MN018384,2016
379,OR162314.1|2022-12-04,3III_B.3.2,3III_B,3III,OR162314,10538,103.5879288,2022,USA: FL,USA,OR162314,2022
379,EU529705.1|2004,3III_C.1,3III_C,3III,EU529705,10648,104.6692225,2004,USA: Puerto Rico,USA,EU529705,2004
379,MN018385.1|2016-09-20,3III_B.3.1,3III_B,3III,MN018385,10708,105.259019,2016,China: Guangdong Province,China,MN018385,2016
380,OR162315.1|2022-12-06,3III_B.3.2,3III_B,3III,OR162315,10560,103.8041876,2022,USA: FL,USA,OR162315,2022
380,EU482452.1|2006,3II_A.1,3II_A,3II,EU482452,10664,104.8265015,2006,Viet Nam: south,Viet Nam,EU482452,2006
380,MN018386.1|2013-07-28,3III_B.3,3III_B,3III,MN018386,10708,105.259019,2013,China: Guangdong Province,China,MN018386,2013
381,OR162316.1|2022-12-02,3III_B.3.2,3III_B,3III,OR162316,10539,103.5977588,2022,USA: FL,USA,OR162316,2022
381,EU482453.1|2006,3II_A.1,3II_A,3II,EU482453,10653,104.7183722,2006,Viet Nam: south,Viet Nam,EU482453,2006
381,MN018387.1|2017-09-18,3I_A.1.2,3I_A,3I,MN018387,10708,105.259019,2017,China: Guangdong Province,China,MN018387,2017
382,OR162317.1|2022-12-04,3III_B.3.2,3III_B,3III,OR162317,10492,103.1357515,2022,USA: FL,USA,OR162317,2022
382,EU482454.1|2006,3II_A,3II_A,3II,EU482454,10663,104.8166716,2006,Viet Nam: south,Viet Nam,EU482454,2006
382,MN018388.1|2017-11-07,3I_A.2,3I_A,3I,MN018388,10708,105.259019,2017,China: Guangdong Province,China,MN018388,2017
383,OR162318.1|2022-12-10,3III_B.3.2,3III_B,3III,OR162318,10546,103.6665684,2022,USA: FL,USA,OR162318,2022
383,EU482455.1|2006,3II_A.1,3II_A,3II,EU482455,10653,104.7183722,2006,Viet Nam: south,Viet Nam,EU482455,2006
383,MN018389.1|2017-02-15,3I_C,3I_C,3I,MN018389,10708,105.259019,2017,China: Guangdong Province,China,MN018389,2017
384,OR162319.1|2022-12-18,3III_B.3.2,3III_B,3III,OR162319,10461,102.8310233,2022,USA: FL,USA,OR162319,2022
384,EU482456.1|2006,3II_A.1,3II_A,3II,EU482456,10648,104.6692225,2006,Viet Nam: south,Viet Nam,EU482456,2006
384,MN922033.1|2019-06-10,3I_A.2,3I_A,3I,MN922033,10656,104.747862,2019,China,China,MN922033,2019
385,OQ948473.1|2019-09,3III_B.3.1,3III_B,3III,OQ948473,10570,103.902487,2019,China,China,OQ948473,2019
385,MN922034.1|2019-06-07,3I_A.2,3I_A,3I,MN922034,10606,104.2563649,2019,China,China,MN922034,2019
385,EU482457.1|2006,3II_A,3II_A,3II,EU482457,10663,104.8166716,2006,Viet Nam: south,Viet Nam,EU482457,2006
386,EU482458.1|2006,3II_A.1,3II_A,3II,EU482458,10653,104.7183722,2006,Viet Nam: south,Viet Nam,EU482458,2006
386,MN922035.1|2019-06-23,3I_A.2,3I_A,3I,MN922035,10654,104.7282021,2019,China,China,MN922035,2019
386,OQ948474.1|2019-09,3III_B.3.1,3III_B,3III,OQ948474,10707,105.249189,2019,China,China,OQ948474,2019
387,OR150112.1|2014-09-01,3III_B.2,3III_B,3III,OR150112,7851,77.17487467,2014,China,China,OR150112,2014
387,MN922036.1|2019-07-17,3III_B.1,3III_B,3III,MN922036,10645,104.6397326,2019,China,China,MN922036,2019
387,EU482459.1|2006,3II_A.1,3II_A,3II,EU482459,10653,104.7183722,2006,Viet Nam: south,Viet Nam,EU482459,2006
388,OQ603303.1|2015-08-17,3III_C.1,3III_C,3III,OQ603303,10584,104.0401062,2015,Colombia: Boyaca,Colombia,OQ603303,2015
388,EU482460.1|2006,3II_A.1,3II_A,3II,EU482460,10636,104.5512631,2006,Viet Nam: south,Viet Nam,EU482460,2006
388,MN922037.1|2019-08-02,3I_C,3I_C,3I,MN922037,10654,104.7282021,2019,China,China,MN922037,2019
389,EU482461.1|2007,3II_A.1,3II_A,3II,EU482461,10649,104.6790524,2007,Viet Nam: south,Viet Nam,EU482461,2007
389,MN922038.1|2019-09-13,3I_C,3I_C,3I,MN922038,10654,104.7282021,2019,China,China,MN922038,2019
389,OQ603304.1|2015-06-30,3III_C.2,3III_C,3III,OQ603304,10706,105.2393591,2015,Colombia: Quindio,Colombia,OQ603304,2015
390,EU482462.1|2007,3II_A.1,3II_A,3II,EU482462,10653,104.7183722,2007,Viet Nam: south,Viet Nam,EU482462,2007
390,MN922039.1|2019-07-30,3I_A.1.2,3I_A,3I,MN922039,10660,104.7871818,2019,China,China,MN922039,2019
390,OQ603305.1|2015-08-27,3III_C.2,3III_C,3III,OQ603305,10706,105.2393591,2015,Colombia: Risaralda,Colombia,OQ603305,2015
391,EU482555.1|2006,3III_C.2,3III_C,3III,EU482555,10648,104.6692225,2006,USA: Puerto Rico,USA,EU482555,2006
391,MN922040.1|2019-08-03,3I_A.1.2,3I_A,3I,MN922040,10657,104.7576919,2019,China,China,MN922040,2019
391,OQ603306.1|2015-08-21,3III_C.1,3III_C,3III,OQ603306,10708,105.259019,2015,Colombia: Boyaca,Colombia,OQ603306,2015
392,EU482558.1|1998,3III_C.1,3III_C,3III,EU482558,10648,104.6692225,1998,USA: Puerto Rico,USA,EU482558,1998
392,MN922041.1|2019-08-08,3I_A.1.2,3I_A,3I,MN922041,10656,104.747862,2019,China,China,MN922041,2019
392,OQ603307.1|2015,3III_C.1,3III_C,3III,OQ603307,10707,105.249189,2015,Colombia: Risaralda,Colombia,OQ603307,2015
393,EU482559.1|1998,3III_C.1,3III_C,3III,EU482559,10648,104.6692225,1998,USA: Puerto Rico,USA,EU482559,1998
393,LC379193.1|2016-05-15,3III_B.2,3III_B,3III,LC379193,10663,104.8166716,2016,Gabon: Lambarene,Gabon,LC379193,2016
393,OQ603308.1|2015-09-05,3III_C.2,3III_C,3III,OQ603308,10706,105.2393591,2015,Colombia: Risaralda,Colombia,OQ603308,2015
394,OQ603309.1|2015-09-15,3III_C.1,3III_C,3III,OQ603309,10398,102.211737,2015,Colombia: Risaralda,Colombia,OQ603309,2015
394,EU482563.1|1998,3III_C.1,3III_C,3III,EU482563,10648,104.6692225,1998,USA: Puerto Rico,USA,EU482563,1998
394,LC379194.1|2016-05-20,3III_B.2,3III_B,3III,LC379194,10663,104.8166716,2016,Gabon: Lambarene,Gabon,LC379194,2016
395,OQ603310.1|2015,3III_C.2,3III_C,3III,OQ603310,10309,101.3368721,2015,Colombia: Casanare,Colombia,OQ603310,2015
395,EU482564.1|2003,3III_C.2,3III_C,3III,EU482564,10648,104.6692225,2003,USA: Puerto Rico,USA,EU482564,2003
395,LC379195.1|2016-07-14,3III_B.2,3III_B,3III,LC379195,10663,104.8166716,2016,Gabon: Lambarene,Gabon,LC379195,2016
396,OQ603311.1|2015,3III_C.1,3III_C,3III,OQ603311,10473,102.9489826,2015,Colombia: Casanare,Colombia,OQ603311,2015
396,EU482566.1|1998,3III_C.1,3III_C,3III,EU482566,10648,104.6692225,1998,USA: Puerto Rico,USA,EU482566,1998
396,LC379196.1|2016-07-22,3III_B.2,3III_B,3III,LC379196,10663,104.8166716,2016,Gabon: Lambarene,Gabon,LC379196,2016
397,OQ603312.1|2016-01-21,3III_C.2,3III_C,3III,OQ603312,10605,104.2465349,2016,Colombia: Risaralda,Colombia,OQ603312,2016
397,LC379197.1|2017-04-15,3III_B.2,3III_B,3III,LC379197,10641,104.6004129,2017,Gabon: Lambarene,Gabon,LC379197,2017
397,EU482595.1|2003,3III_C.1,3III_C,3III,EU482595,10663,104.8166716,2003,USA: Puerto Rico,USA,EU482595,2003
398,OQ603313.1|2016-04-26,3III_C.2,3III_C,3III,OQ603313,10560,103.8041876,2016,Colombia: Risaralda,Colombia,OQ603313,2016
398,EU482596.1|1998,3III_C.1,3III_C,3III,EU482596,10663,104.8166716,1998,USA: Puerto Rico,USA,EU482596,1998
398,MH891766.1|2017-02-21,3III_B.3,3III_B,3III,MH891766,10764,105.8094957,2017,"India: Nilgiri,Tamil Nadu",India,MH891766,2017
399,EU482612.1|2001,3III_C.1,3III_C,3III,EU482612,10649,104.6790524,2001,Venezuela: DF/Caracas,Venezuela,EU482612,2001
399,MK005258.1|2014-12,3I_A,3I_A,3I,MK005258,10657,104.7576919,2014,Malaysia,Malaysia,MK005258,2014
399,OQ603314.1|2016-07-20,3III_C.2,3III_C,3III,OQ603314,10682,105.0034405,2016,Colombia: Risaralda,Colombia,OQ603314,2016
400,OQ603315.1|2016-08-05,3III_C.2,3III_C,3III,OQ603315,10564,103.8435073,2016,Colombia: Quindio,Colombia,OQ603315,2016
400,EU482613.1|2001,3III_C.1,3III_C,3III,EU482613,10648,104.6692225,2001,Venezuela: DF/Caracas,Venezuela,EU482613,2001
400,MN453624.1|2016-01-20,3III_B.1,3III_B,3III,MN453624,10676,104.9444608,2016,Singapore,Singapore,MN453624,2016
401,MN227697.1|2019-05-19,3III_B.3.1,3III_B,3III,MN227697,10648,104.6692225,2019,China: Guangzhou,China,MN227697,2019
401,EU482614.1|2001,3III_C.1,3III_C,3III,EU482614,10648,104.6692225,2001,Venezuela: DF/Caracas,Venezuela,EU482614,2001
401,OR029719.1|2019-07-27,3III_B.1,3III_B,3III,OR029719,10650,104.6888823,2019,China,China,OR029719,2019
402,OQ132878.1|2022-08-18,3III_B.3.2,3III_B,3III,OQ132878,10568,103.8828271,2022,Niger,Niger,OQ132878,2022
402,MN227698.1|2019-07-02,3III_B.3.1,3III_B,3III,MN227698,10643,104.6200727,2019,China: Guangzhou,China,MN227698,2019
402,EU081181.1|2004,3III_A.1,3III_A,3III,EU081181,10707,105.249189,2004,Singapore,Singapore,EU081181,2004
403,OQ919689.1|2022-09-22,3III_B.3.2,3III_B,3III,OQ919689,10475,102.9686425,2022,USA: Florida,USA,OQ919689,2022
403,MN227699.1|2019-06-30,3III_B.3.1,3III_B,3III,MN227699,10634,104.5316033,2019,China: Guangzhou,China,MN227699,2019
403,EU081182.1|2005,3III_A.1,3III_A,3III,EU081182,10673,104.914971,2005,Singapore,Singapore,EU081182,2005
404,OQ919690.1|2022-10-05,3III_B.3.2,3III_B,3III,OQ919690,10462,102.8408532,2022,Cuba,Cuba,OQ919690,2022
404,MN227700.1|2019-07-08,3III_B.3.1,3III_B,3III,MN227700,10644,104.6299027,2019,China: Guangzhou,China,MN227700,2019
404,EU081183.1|2005,3III_A.1,3III_A,3III,EU081183,10705,105.2295291,2005,Singapore,Singapore,EU081183,2005
405,OQ919691.1|2022-11-08,3III_B.3.2,3III_B,3III,OQ919691,10462,102.8408532,2022,USA: Florida,USA,OQ919691,2022
405,MN227701.1|2019-07-08,3III_B.3.1,3III_B,3III,MN227701,10640,104.5905829,2019,China: Guangzhou,China,MN227701,2019
405,EU081184.1|2005,3III_A.1,3III_A,3III,EU081184,10673,104.914971,2005,Singapore,Singapore,EU081184,2005
406,OQ919692.1|2022-12-04,3III_B.3.2,3III_B,3III,OQ919692,10462,102.8408532,2022,Cuba,Cuba,OQ919692,2022
406,MN227702.1|2019-06-01,3III_B.3.1,3III_B,3III,MN227702,10638,104.570923,2019,China: Guangzhou,China,MN227702,2019
406,EU081185.1|2005,3III_A.1,3III_A,3III,EU081185,10707,105.249189,2005,Singapore,Singapore,EU081185,2005
407,OQ919693.1|2022-08-20,3III_B.3.2,3III_B,3III,OQ919693,10479,103.0079623,2022,Cuba,Cuba,OQ919693,2022
407,MN227703.1|2019-07-18,3III_B.3.1,3III_B,3III,MN227703,10642,104.6102428,2019,China: Guangzhou,China,MN227703,2019
407,EU081186.1|2005,3III_A.1,3III_A,3III,EU081186,10695,105.1312297,2005,Singapore,Singapore,EU081186,2005
408,MK894338.1|2018-02-05,3I_A.1,3I_A,3I,MK894338,10650,104.6888823,2018,China: Guangzhou,China,MK894338,2018
408,OQ868517.1|2023-03-12,3III_B.3.2,3III_B,3III,OQ868517,10673,104.914971,2023,"Brazil: Parana, Curitiba",Brazil,OQ868517,2023
408,EU081187.1|2005,3III_A.1,3III_A,3III,EU081187,10673,104.914971,2005,Singapore,Singapore,EU081187,2005
409,OQ857505.1|2022-09-01,3III_B.3.2,3III_B,3III,OQ857505,10170,99.97051017,2022,USA: Arizona,USA,OQ857505,2022
409,MK894339.1|2018-04-09,3III_B,3III_B,3III,MK894339,10650,104.6888823,2018,China: Guangzhou,China,MK894339,2018
409,EU081188.1|2005,3III_A.1,3III_A,3III,EU081188,10705,105.2295291,2005,Singapore,Singapore,EU081188,2005
410,OQ857506.1|2022-10-05,3III_B.3.2,3III_B,3III,OQ857506,10170,99.97051017,2022,USA: Arizona,USA,OQ857506,2022
410,MK894340.1|2018-10-16,3III_B.3.1,3III_B,3III,MK894340,10650,104.6888823,2018,China: Guangzhou,China,MK894340,2018
410,EU081189.1|2005,3III_A.1,3III_A,3III,EU081189,10707,105.249189,2005,Singapore,Singapore,EU081189,2005
411,OQ857507.1|2022-11-07,3III_B.3.2,3III_B,3III,OQ857507,10170,99.97051017,2022,USA: Arizona,USA,OQ857507,2022
411,MK894341.1|2018-12-30,3III_B.1,3III_B,3III,MK894341,10642,104.6102428,2018,China: Guangzhou,China,MK894341,2018
411,EU081190.1|2005,3III_A.1,3III_A,3III,EU081190,10706,105.2393591,2005,Singapore,Singapore,EU081190,2005
412,OQ836205.1|2022-10-29,3III_B.3.2,3III_B,3III,OQ836205,10170,99.97051017,2022,Puerto Rico,USA,OQ836205,2022
412,MH823209.1|2016,3I_A.1,3I_A,3I,MH823209,10707,105.249189,2016,Indonesia,Indonesia,MH823209,2016
412,EU081191.1|2005,3III_A.1,3III_A,3III,EU081191,10707,105.249189,2005,Singapore,Singapore,EU081191,2005
413,OQ836206.1|2022-08-20,3III_B.3.2,3III_B,3III,OQ836206,10170,99.97051017,2022,Puerto Rico,USA,OQ836206,2022
413,MH888332.1|2012-07-23,3II_B,3II_B,3II,MH888332,10659,104.7773518,2012,Thailand,Thailand,MH888332,2012
413,EU081192.1|2005,3III_A.1,3III_A,3III,EU081192,10673,104.914971,2005,Singapore,Singapore,EU081192,2005
414,OQ836207.1|2022-09-02,3III_B.3.2,3III_B,3III,OQ836207,10170,99.97051017,2022,Puerto Rico,USA,OQ836207,2022
414,MH888333.1|2011-01-01,3III_C.2.2,3III_C,3III,MH888333,10683,105.0132704,2011,Bolivia,Bolivia,MH888333,2011
414,EU081193.1|2005,3III_A.1,3III_A,3III,EU081193,10707,105.249189,2005,Singapore,Singapore,EU081193,2005
415,OQ836208.1|2022-12-27,3III_B.3.2,3III_B,3III,OQ836208,10170,99.97051017,2022,Puerto Rico,USA,OQ836208,2022
415,MG721059.2|2016,3III_A.2,3III_A,3III,MG721059,10532,103.5289492,2016,India,India,MG721059,2016
415,EU081194.1|2005,3III_A.1,3III_A,3III,EU081194,10707,105.249189,2005,Singapore,Singapore,EU081194,2005
416,OQ836209.1|2023-01-24,3III_B.3.2,3III_B,3III,OQ836209,10170,99.97051017,2023,Puerto Rico,USA,OQ836209,2023
416,MG721061.2|2016,3III_B.3,3III_B,3III,MG721061,10605,104.2465349,2016,India,India,MG721061,2016
416,EU081195.1|2005,3III_A.1,3III_A,3III,EU081195,10707,105.249189,2005,Singapore,Singapore,EU081195,2005
417,OQ836210.1|2022-07-30,3III_B.3.2,3III_B,3III,OQ836210,10170,99.97051017,2022,Puerto Rico,USA,OQ836210,2022
417,MG721064.1|2016,3III_B.1,3III_B,3III,MG721064,10285,101.1009535,2016,India,India,MG721064,2016
417,EU081196.1|2005,3III_A.1,3III_A,3III,EU081196,10675,104.9346309,2005,Singapore,Singapore,EU081196,2005
418,OQ836211.1|2022-07-27,3III_B.3.2,3III_B,3III,OQ836211,10170,99.97051017,2022,Puerto Rico,USA,OQ836211,2022
418,MH822957.2|2013,3III_B,3III_B,3III,MH822957,10619,104.3841541,2013,India,India,MH822957,2013
418,EU081197.1|2005,3III_A.1,3III_A,3III,EU081197,10707,105.249189,2005,Singapore,Singapore,EU081197,2005
419,OQ821502.1|2021-08-12,3III_C.1,3III_C,3III,OQ821502,10654,104.7282021,2021,Colombia,Colombia,OQ821502,2021
419,LC410192.1|2016-10,3III_B.1,3III_B,3III,LC410192,10667,104.8559913,2016,Thailand,Thailand,LC410192,2016
419,EU081198.1|2005,3III_A.1,3III_A,3III,EU081198,10707,105.249189,2005,Singapore,Singapore,EU081198,2005
420,OQ821503.1|2016-01-13,3III_C.1,3III_C,3III,OQ821503,10461,102.8310233,2016,Cuba,Cuba,OQ821503,2016
420,LC410193.1|2016-12,3III_B.1,3III_B,3III,LC410193,10667,104.8559913,2016,Thailand,Thailand,LC410193,2016
420,EU081199.1|2005,3III_A.1,3III_A,3III,EU081199,10707,105.249189,2005,Singapore,Singapore,EU081199,2005
421,OQ821504.1|2022-07-06,3III_B.3.2,3III_B,3III,OQ821504,10481,103.0276221,2022,Cuba,Cuba,OQ821504,2022
421,LC410194.1|2016-12,3III_B.1,3III_B,3III,LC410194,10668,104.8658213,2016,Thailand,Thailand,LC410194,2016
421,EU081200.1|2005,3III_A.1,3III_A,3III,EU081200,10707,105.249189,2005,Singapore,Singapore,EU081200,2005
422,OQ821505.1|2022-07-17,3III_B.3.2,3III_B,3III,OQ821505,10461,102.8310233,2022,Cuba,Cuba,OQ821505,2022
422,LC410195.1|2017-01,3III_B.1,3III_B,3III,LC410195,10667,104.8559913,2017,Thailand,Thailand,LC410195,2017
422,EU081201.1|2005,3III_A.1,3III_A,3III,EU081201,10707,105.249189,2005,Singapore,Singapore,EU081201,2005
423,OQ821506.1|2022-07-23,3III_B.3.2,3III_B,3III,OQ821506,10655,104.738032,2022,Cuba,Cuba,OQ821506,2022
423,EU081202.1|2005,3III_A.1,3III_A,3III,EU081202,10671,104.8953111,2005,Singapore,Singapore,EU081202,2005
423,MF682966.1|2016-09-07,3I_A.1.2,3I_A,3I,MF682966,10707,105.249189,2016,China: Yunnan,China,MF682966,2016
424,OQ821507.1|2022-07-28,3III_B.3.2,3III_B,3III,OQ821507,10481,103.0276221,2022,Cuba,Cuba,OQ821507,2022
424,EU081203.1|2005,3III_A.1,3III_A,3III,EU081203,10671,104.8953111,2005,Singapore,Singapore,EU081203,2005
424,MF682967.1|2016-09-08,3I_A.1.2,3I_A,3I,MF682967,10707,105.249189,2016,China: Yunnan,China,MF682967,2016
425,OQ821508.1|2022-07-28,3III_B.3.2,3III_B,3III,OQ821508,10653,104.7183722,2022,Cuba,Cuba,OQ821508,2022
425,EU081204.1|2005,3III_A.1,3III_A,3III,EU081204,10671,104.8953111,2005,Singapore,Singapore,EU081204,2005
425,MF682968.1|2016-09-10,3I_A.1.2,3I_A,3I,MF682968,10707,105.249189,2016,China: Yunnan,China,MF682968,2016
426,OQ821509.1|2022-08-05,3III_B.3.2,3III_B,3III,OQ821509,10653,104.7183722,2022,Cuba,Cuba,OQ821509,2022
426,EU081205.1|2005,3III_A.1,3III_A,3III,EU081205,10675,104.9346309,2005,Singapore,Singapore,EU081205,2005
426,MF682969.1|2016-09-11,3I_A.1.2,3I_A,3I,MF682969,10707,105.249189,2016,China: Yunnan,China,MF682969,2016
427,OQ821510.1|2022-08-06,3III_B.3.2,3III_B,3III,OQ821510,10632,104.5119434,2022,Cuba,Cuba,OQ821510,2022
427,EU081206.1|2005,3III_A.1,3III_A,3III,EU081206,10673,104.914971,2005,Singapore,Singapore,EU081206,2005
427,MF682970.1|2016-09-15,3I_A.1.2,3I_A,3I,MF682970,10707,105.249189,2016,China: Yunnan,China,MF682970,2016
428,OQ821511.1|2022-08-09,3III_B.3.2,3III_B,3III,OQ821511,10483,103.047282,2022,Cuba,Cuba,OQ821511,2022
428,MF682971.1|2013-07-22,3II_B,3II_B,3II,MF682971,10707,105.249189,2013,China: Yunnan,China,MF682971,2013
428,EU081207.1|2005,3III_A.1,3III_A,3III,EU081207,10707,105.249189,2005,Singapore,Singapore,EU081207,2005
429,OQ821512.1|2022-08-10,3III_B.3.2,3III_B,3III,OQ821512,10481,103.0276221,2022,Cuba,Cuba,OQ821512,2022
429,MF682972.1|2013-10-19,3II_B,3II_B,3II,MF682972,10707,105.249189,2013,China: Yunnan,China,MF682972,2013
429,EU081208.1|2005,3III_A.1,3III_A,3III,EU081208,10707,105.249189,2005,Singapore,Singapore,EU081208,2005
430,OQ821513.1|2022-08-12,3III_B.3.2,3III_B,3III,OQ821513,10536,103.5682689,2022,Cuba,Cuba,OQ821513,2022
430,EU081209.1|2005,3III_A.1,3III_A,3III,EU081209,10673,104.914971,2005,Singapore,Singapore,EU081209,2005
430,MF682973.1|2013-10-09,3II_B,3II_B,3II,MF682973,10707,105.249189,2013,China: Yunnan,China,MF682973,2013
431,OQ821514.1|2022-08-13,3III_B.3.2,3III_B,3III,OQ821514,10481,103.0276221,2022,Cuba,Cuba,OQ821514,2022
431,MF682974.1|2013-09-21,3II_B,3II_B,3II,MF682974,10707,105.249189,2013,China: Yunnan,China,MF682974,2013
431,EU081210.1|2005,3III_A.1,3III_A,3III,EU081210,10707,105.249189,2005,Singapore,Singapore,EU081210,2005
432,OQ821515.1|2022-08-14,3III_B.3.2,3III_B,3III,OQ821515,10569,103.892657,2022,Cuba,Cuba,OQ821515,2022
432,EU081211.1|2005,3III_A.1,3III_A,3III,EU081211,10675,104.9346309,2005,Singapore,Singapore,EU081211,2005
432,MF682975.1|2013-08-27,3II_B,3II_B,3II,MF682975,10707,105.249189,2013,China: Yunnan,China,MF682975,2013
433,OQ821516.1|2022-08-15,3III_B.3.2,3III_B,3III,OQ821516,10477,102.9883024,2022,Cuba,Cuba,OQ821516,2022
433,MH544647.1|2015-08-23,3III_C.2,3III_C,3III,MH544647,10707,105.249189,2015,Colombia,Colombia,MH544647,2015
433,EU081212.1|2005,3III_A.1,3III_A,3III,EU081212,10707,105.249189,2005,Singapore,Singapore,EU081212,2005
434,OQ821517.1|2022-08-16,3III_B.3.2,3III_B,3III,OQ821517,10483,103.047282,2022,Cuba,Cuba,OQ821517,2022
434,MH544649.1|2015-09-15,3III_C.1,3III_C,3III,MH544649,10707,105.249189,2015,Colombia,Colombia,MH544649,2015
434,EU081213.1|2005,3III_A.1,3III_A,3III,EU081213,10707,105.249189,2005,Singapore,Singapore,EU081213,2005
435,OQ821518.1|2022-08-18,3III_B.3.2,3III_B,3III,OQ821518,10654,104.7282021,2022,Cuba,Cuba,OQ821518,2022
435,EU081214.1|2005,3III_A.1,3III_A,3III,EU081214,10707,105.249189,2005,Singapore,Singapore,EU081214,2005
435,MH544650.1|2015-09-07,3III_C.1,3III_C,3III,MH544650,10708,105.259019,2015,Colombia,Colombia,MH544650,2015
436,OQ821519.1|2022-08-18,3III_B.3.2,3III_B,3III,OQ821519,10655,104.738032,2022,Cuba,Cuba,OQ821519,2022
436,EU081215.1|2005,3III_A.1,3III_A,3III,EU081215,10675,104.9346309,2005,Singapore,Singapore,EU081215,2005
436,MH544651.1|2016-04-16,3III_C.2,3III_C,3III,MH544651,10706,105.2393591,2016,Colombia,Colombia,MH544651,2016
437,OQ821520.1|2022-08-18,3III_B.3.2,3III_B,3III,OQ821520,10653,104.7183722,2022,Cuba,Cuba,OQ821520,2022
437,MH450296.1|2015-09-23,3III_C.1,3III_C,3III,MH450296,10673,104.914971,2015,Venezuela: Carabobo,Venezuela,MH450296,2015
437,EU081216.1|2005,3III_A.1,3III_A,3III,EU081216,10675,104.9346309,2005,Singapore,Singapore,EU081216,2005
438,OQ821521.1|2022-08-18,3III_B.3.2,3III_B,3III,OQ821521,10483,103.047282,2022,Cuba,Cuba,OQ821521,2022
438,MH450298.1|2015-09-30,3III_C.1,3III_C,3III,MH450298,10570,103.902487,2015,Venezuela: Carabobo,Venezuela,MH450298,2015
438,EU081217.1|2005,3III_A.1,3III_A,3III,EU081217,10707,105.249189,2005,Singapore,Singapore,EU081217,2005
439,OQ821522.1|2022-08-18,3III_B.3.2,3III_B,3III,OQ821522,10481,103.0276221,2022,Cuba,Cuba,OQ821522,2022
439,MH450299.1|2015-10-05,3III_C.1,3III_C,3III,MH450299,10678,104.9641207,2015,Venezuela: Carabobo,Venezuela,MH450299,2015
439,EU081218.1|2005,3III_A.1,3III_A,3III,EU081218,10707,105.249189,2005,Singapore,Singapore,EU081218,2005
440,OQ821523.1|2022-08-18,3III_B.3.2,3III_B,3III,OQ821523,10481,103.0276221,2022,Cuba,Cuba,OQ821523,2022
440,MH450311.1|2010-08-27,3III_C.1,3III_C,3III,MH450311,10684,105.0231004,2010,Venezuela: Aragua,Venezuela,MH450311,2010
440,EU081219.1|2005,3III_A.1,3III_A,3III,EU081219,10707,105.249189,2005,Singapore,Singapore,EU081219,2005
441,OQ821524.1|2022-08-20,3III_B.3.2,3III_B,3III,OQ821524,10481,103.0276221,2022,Cuba,Cuba,OQ821524,2022
441,MF004386.1|2012-10-04,3I_A,3I_A,3I,MF004386,10659,104.7773518,2012,Malaysia,Malaysia,MF004386,2012
441,EU081220.1|2005,3III_A.1,3III_A,3III,EU081220,10707,105.249189,2005,Singapore,Singapore,EU081220,2005
442,OQ821525.1|2022-08-21,3III_B.3.2,3III_B,3III,OQ821525,10483,103.047282,2022,Cuba,Cuba,OQ821525,2022
442,KY794786.1|2010-10-27,3I_A,3I_A,3I,KY794786,10643,104.6200727,2010,Papua New Guinea: Lihir,Papua New Guinea,KY794786,2010
442,EU081221.1|2005,3I_A,3I_A,3I,EU081221,10706,105.2393591,2005,Singapore,Singapore,EU081221,2005
443,OQ821526.1|2022-08-23,3III_B.3.2,3III_B,3III,OQ821526,10470,102.9194928,2022,Cuba,Cuba,OQ821526,2022
443,KY794787.1|2007-10-09,3I_A,3I_A,3I,KY794787,10617,104.3644942,2007,Papua New Guinea: Madang,Papua New Guinea,KY794787,2007
443,EU081222.1|2005,3III_A.1,3III_A,3III,EU081222,10707,105.249189,2005,Singapore,Singapore,EU081222,2005
444,OQ821527.1|2022-08-23,3III_B.3.2,3III_B,3III,OQ821527,10481,103.0276221,2022,Cuba,Cuba,OQ821527,2022
444,KY794788.1|2008-04-24,3I_A,3I_A,3I,KY794788,10590,104.0990858,2008,Papua New Guinea: Madang,Papua New Guinea,KY794788,2008
444,EU081223.1|2005,3I_A,3I_A,3I,EU081223,10706,105.2393591,2005,Singapore,Singapore,EU081223,2005
445,OQ821528.1|2022-08-24,3III_B.3.2,3III_B,3III,OQ821528,10481,103.0276221,2022,Cuba,Cuba,OQ821528,2022
445,KY794789.1|2008-05-21,3I_A,3I_A,3I,KY794789,10634,104.5316033,2008,Papua New Guinea: Madang,Papua New Guinea,KY794789,2008
445,EU081224.1|2005,3III_A.1,3III_A,3III,EU081224,10675,104.9346309,2005,Singapore,Singapore,EU081224,2005
446,OQ821529.1|2022-08-24,3III_B.3.2,3III_B,3III,OQ821529,10509,103.3028605,2022,Cuba,Cuba,OQ821529,2022
446,KY794790.1|2008-06-06,3I_A,3I_A,3I,KY794790,10634,104.5316033,2008,Papua New Guinea: Madang,Papua New Guinea,KY794790,2008
446,EU081225.1|2005,3III_A.1,3III_A,3III,EU081225,10707,105.249189,2005,Singapore,Singapore,EU081225,2005
447,OQ821530.1|2022-08-24,3III_B.3.2,3III_B,3III,OQ821530,10568,103.8828271,2022,Cuba,Cuba,OQ821530,2022
447,KY849761.1|2010-07-27,3II_B,3II_B,3II,KY849761,10660,104.7871818,2010,Laos: Vientiane,Laos,KY849761,2010
447,DQ675519.1|1995,3I,3I,3I,DQ675519,10707,105.249189,1995,Taiwan,Taiwan,DQ675519,1995
448,KY849769.1|2010-08-09,3II_B,3II_B,3II,KY849769,10645,104.6397326,2010,Laos: Vientiane,Laos,KY849769,2010
448,OQ821531.1|2022-08-28,3III_B.3.2,3III_B,3III,OQ821531,10653,104.7183722,2022,Cuba,Cuba,OQ821531,2022
448,DQ675520.1|1998,3II,3II,3II,DQ675520,10706,105.2393591,1998,Indonesia,Indonesia,DQ675520,1998
449,OQ821532.1|2022-08-30,3III_B.3.2,3III_B,3III,OQ821532,10608,104.2760248,2022,Cuba,Cuba,OQ821532,2022
449,KY849770.1|2010-08-12,3II_B,3II_B,3II,KY849770,10659,104.7773518,2010,Laos: Vientiane,Laos,KY849770,2010
449,DQ675521.1|1998,3II_A,3II_A,3II,DQ675521,10707,105.249189,1998,Taiwan,Taiwan,DQ675521,1998
450,OQ821533.1|2022-08-31,3III_B.3.2,3III_B,3III,OQ821533,10653,104.7183722,2022,Cuba,Cuba,OQ821533,2022
450,KY849771.1|2010-05-26,3II_B,3II_B,3II,KY849771,10659,104.7773518,2010,Laos: Vientiane,Laos,KY849771,2010
450,DQ675522.1|1998,3II_A,3II_A,3II,DQ675522,10707,105.249189,1998,Taiwan,Taiwan,DQ675522,1998
451,OQ821534.1|2022-08-31,3III_B.3.2,3III_B,3III,OQ821534,10608,104.2760248,2022,Cuba,Cuba,OQ821534,2022
451,KY849772.1|2010-08-24,3II_B,3II_B,3II,KY849772,10659,104.7773518,2010,Laos: Vientiane,Laos,KY849772,2010
451,DQ675523.1|1998,3II_A,3II_A,3II,DQ675523,10707,105.249189,1998,Taiwan,Taiwan,DQ675523,1998
452,OQ821535.1|2022-09-01,3III_B.3.2,3III_B,3III,OQ821535,10478,102.9981323,2022,Cuba,Cuba,OQ821535,2022
452,KY849773.1|2010-07-25,3II_B,3II_B,3II,KY849773,10659,104.7773518,2010,Laos: Vientiane,Laos,KY849773,2010
452,DQ675524.1|1998,3II_A,3II_A,3II,DQ675524,10707,105.249189,1998,Taiwan,Taiwan,DQ675524,1998
453,OQ821536.1|2022-09-03,3III_B.3.2,3III_B,3III,OQ821536,10653,104.7183722,2022,Cuba,Cuba,OQ821536,2022
453,KY849774.1|2010-10-21,3II_B,3II_B,3II,KY849774,10660,104.7871818,2010,Laos: Vientiane,Laos,KY849774,2010
453,DQ675525.1|1998,3II_A,3II_A,3II,DQ675525,10707,105.249189,1998,Taiwan,Taiwan,DQ675525,1998
454,OQ821537.1|2022-09-05,3III_B.3.2,3III_B,3III,OQ821537,10653,104.7183722,2022,Cuba,Cuba,OQ821537,2022
454,KY849775.1|2010-08-05,3II_B,3II_B,3II,KY849775,10659,104.7773518,2010,Laos: Vientiane,Laos,KY849775,2010
454,DQ675526.1|1998,3II_A,3II_A,3II,DQ675526,10707,105.249189,1998,Taiwan,Taiwan,DQ675526,1998
455,OQ821538.1|2022-09-05,3III_B.3.2,3III_B,3III,OQ821538,10461,102.8310233,2022,Cuba,Cuba,OQ821538,2022
455,KY670634.1|1998-09,3II_A,3II_A,3II,KY670634,10652,104.7085422,1998,Taiwan,Taiwan,KY670634,1998
455,DQ675527.1|1998,3II_A,3II_A,3II,DQ675527,10707,105.249189,1998,Taiwan,Taiwan,DQ675527,1998
456,KX855927.1|2014-10-15,3III_B,3III_B,3III,KX855927,10603,104.2268751,2014,India,India,KX855927,2014
456,OQ821539.1|2022-09-07,3III_B.3.2,3III_B,3III,OQ821539,10653,104.7183722,2022,Cuba,Cuba,OQ821539,2022
456,DQ675528.1|1998,3II_A,3II_A,3II,DQ675528,10707,105.249189,1998,Taiwan,Taiwan,DQ675528,1998
457,MF142763.1|2015-09,3III_B.1,3III_B,3III,MF142763,10170,99.97051017,2015,Thailand: Bangkok,Thailand,MF142763,2015
457,OQ821540.1|2022-09-08,3III_B.3.2,3III_B,3III,OQ821540,10643,104.6200727,2022,Cuba,Cuba,OQ821540,2022
457,DQ675529.1|1998,3II_A,3II_A,3II,DQ675529,10707,105.249189,1998,Taiwan,Taiwan,DQ675529,1998
458,OQ821541.1|2022-09-12,3III_B.3.2,3III_B,3III,OQ821541,10605,104.2465349,2022,Cuba,Cuba,OQ821541,2022
458,MF370226.1|2013-08-20,3III_B.1,3III_B,3III,MF370226,10627,104.4627937,2013,China,China,MF370226,2013
458,DQ675530.1|1998,3II_A,3II_A,3II,DQ675530,10707,105.249189,1998,Taiwan,Taiwan,DQ675530,1998
459,OQ821542.1|2022-09-13,3III_B.3.2,3III_B,3III,OQ821542,10478,102.9981323,2022,Cuba,Cuba,OQ821542,2022
459,KY863456.1|2016-06,3I_A,3I_A,3I,KY863456,10707,105.249189,2016,Indonesia,Indonesia,KY863456,2016
459,DQ675531.1|1998,3II_A,3II_A,3II,DQ675531,10707,105.249189,1998,Taiwan,Taiwan,DQ675531,1998
460,OQ821543.1|2022-09-13,3III_B.3.2,3III_B,3III,OQ821543,10478,102.9981323,2022,Cuba,Cuba,OQ821543,2022
460,LT898451.1|2011,3III_A.2,3III_A,3III,LT898451,10707,105.249189,2011,Malaysia,Malaysia,LT898451,2011
460,DQ675532.1|1998,3II_A,3II_A,3II,DQ675532,10707,105.249189,1998,Taiwan,Taiwan,DQ675532,1998
461,OQ821544.1|2022-09-14,3III_B.3.2,3III_B,3III,OQ821544,10507,103.2832006,2022,Cuba,Cuba,OQ821544,2022
461,LT898452.1|2011,3III_A.2,3III_A,3III,LT898452,10707,105.249189,2011,Malaysia,Malaysia,LT898452,2011
461,DQ675533.1|1999,3III_A,3III_A,3III,DQ675533,10707,105.249189,1999,Taiwan,Taiwan,DQ675533,1999
462,OQ821545.1|2022-09-15,3III_B.3.2,3III_B,3III,OQ821545,10653,104.7183722,2022,Cuba,Cuba,OQ821545,2022
462,KY921906.1|2015-06,3I_A.1,3I_A,3I,KY921906,10675,104.9346309,2015,Singapore,Singapore,KY921906,2015
462,AB214879.1|2005,3I_A,3I_A,3I,AB214879,10707,105.249189,2005,Timor-Leste,Timor-Leste,AB214879,2005
463,OQ821546.1|2022-09-17,3III_B.3.2,3III_B,3III,OQ821546,10481,103.0276221,2022,Cuba,Cuba,OQ821546,2022
463,KY921907.1|2015-04,3III_B.1,3III_B,3III,KY921907,10667,104.8559913,2015,Singapore,Singapore,KY921907,2015
463,AB214880.1|2005,3I_A,3I_A,3I,AB214880,10707,105.249189,2005,Timor-Leste,Timor-Leste,AB214880,2005
464,KY586701.1|2003,3II_A,3II_A,3II,KY586701,10233,100.5897965,2003,Thailand,Thailand,KY586701,2003
464,OQ821547.1|2022-09-17,3III_B.3.2,3III_B,3III,OQ821547,10643,104.6200727,2022,Cuba,Cuba,OQ821547,2022
464,AB214881.1|2005,3I_A,3I_A,3I,AB214881,10707,105.249189,2005,Timor-Leste,Timor-Leste,AB214881,2005
465,KY586702.1|2008,3II_A.3,3II_A,3II,KY586702,10233,100.5897965,2008,Thailand,Thailand,KY586702,2008
465,OQ821548.1|2022-09-21,3III_B.3.2,3III_B,3III,OQ821548,10481,103.0276221,2022,Cuba,Cuba,OQ821548,2022
465,AB214882.1|2005,3I_A,3I_A,3I,AB214882,10707,105.249189,2005,Timor-Leste,Timor-Leste,AB214882,2005
466,KY586703.1|2006,3II_A.3,3II_A,3II,KY586703,10238,100.6389462,2006,Thailand,Thailand,KY586703,2006
466,OQ821549.1|2022-09-22,3III_B.3.2,3III_B,3III,OQ821549,10461,102.8310233,2022,Cuba,Cuba,OQ821549,2022
466,AY744677.1|1989,3I_B,3I_B,3I,AY744677,10707,105.249189,1989,French Polynesia,French Polynesia,AY744677,1989
467,KY586704.1|2008,3II_A.3,3II_A,3II,KY586704,10233,100.5897965,2008,Thailand,Thailand,KY586704,2008
467,OQ821550.1|2022-09-22,3III_B.3.2,3III_B,3III,OQ821550,10653,104.7183722,2022,Cuba,Cuba,OQ821550,2022
467,AY744678.1|1989,3I_B,3I_B,3I,AY744678,10707,105.249189,1989,French Polynesia: Tahiti,French Polynesia,AY744678,1989
468,KY586705.1|2006,3II_A.3,3II_A,3II,KY586705,10238,100.6389462,2006,Thailand,Thailand,KY586705,2006
468,OQ821551.1|2022-09-23,3III_B.3.2,3III_B,3III,OQ821551,10481,103.0276221,2022,Cuba,Cuba,OQ821551,2022
468,AY744679.1|1989,3I_B,3I_B,3I,AY744679,10707,105.249189,1989,French Polynesia,French Polynesia,AY744679,1989
469,KY586706.1|2006,3II_A.3,3II_A,3II,KY586706,10238,100.6389462,2006,Thailand,Thailand,KY586706,2006
469,OQ821552.1|2022-09-23,3III_B.3.2,3III_B,3III,OQ821552,10653,104.7183722,2022,Cuba,Cuba,OQ821552,2022
469,AY744680.1|1989,3I_B,3I_B,3I,AY744680,10707,105.249189,1989,French Polynesia,French Polynesia,AY744680,1989
470,KY586707.1|2003,3II_A,3II_A,3II,KY586707,10238,100.6389462,2003,Thailand,Thailand,KY586707,2003
470,OQ821553.1|2022-09-23,3III_B.3.2,3III_B,3III,OQ821553,10461,102.8310233,2022,Cuba,Cuba,OQ821553,2022
470,AY744681.1|1989,3I_B,3I_B,3I,AY744681,10707,105.249189,1989,French Polynesia,French Polynesia,AY744681,1989
471,KY586708.1|2001,3II_A,3II_A,3II,KY586708,10238,100.6389462,2001,Thailand,Thailand,KY586708,2001
471,OQ821554.1|2022-09-25,3III_B.3.2,3III_B,3III,OQ821554,10653,104.7183722,2022,Cuba,Cuba,OQ821554,2022
471,AY744682.1|1989,3I_B,3I_B,3I,AY744682,10707,105.249189,1989,French Polynesia,French Polynesia,AY744682,1989
472,KY586709.1|2001,3II_A,3II_A,3II,KY586709,10238,100.6389462,2001,Thailand,Thailand,KY586709,2001
472,OQ821555.1|2022-09-25,3III_B.3.2,3III_B,3III,OQ821555,10653,104.7183722,2022,Cuba,Cuba,OQ821555,2022
472,AY744683.1|1989,3I_B,3I_B,3I,AY744683,10707,105.249189,1989,French Polynesia: Tahiti,French Polynesia,AY744683,1989
473,KY586710.1|2003,3II_A,3II_A,3II,KY586710,10233,100.5897965,2003,Thailand,Thailand,KY586710,2003
473,OQ821556.1|2022-09-25,3III_B.3.2,3III_B,3III,OQ821556,10636,104.5512631,2022,Cuba,Cuba,OQ821556,2022
473,AY744684.1|1989,3I_B,3I_B,3I,AY744684,10707,105.249189,1989,French Polynesia,French Polynesia,AY744684,1989
474,KY586711.1|2004,3II_A,3II_A,3II,KY586711,10238,100.6389462,2004,Thailand,Thailand,KY586711,2004
474,OQ821557.1|2022-09-26,3III_B.3.2,3III_B,3III,OQ821557,10478,102.9981323,2022,Cuba,Cuba,OQ821557,2022
474,AY744685.1|1989,3I_B,3I_B,3I,AY744685,10707,105.249189,1989,French Polynesia: Raiatea,French Polynesia,AY744685,1989
475,KY586712.1|2002,3II_A,3II_A,3II,KY586712,10233,100.5897965,2002,Thailand,Thailand,KY586712,2002
475,OQ821558.1|2022-09-26,3III_B.3.2,3III_B,3III,OQ821558,10653,104.7183722,2022,Cuba,Cuba,OQ821558,2022
475,AY496871.2|2002,3II_B,3II_B,3II,AY496871,10707,105.249189,2002,Bangladesh,Bangladesh,AY496871,2002
476,KY586713.1|2000,3II_A,3II_A,3II,KY586713,10238,100.6389462,2000,Thailand,Thailand,KY586713,2000
476,OQ821559.1|2022-09-29,3III_B.3.2,3III_B,3III,OQ821559,10653,104.7183722,2022,Cuba,Cuba,OQ821559,2022
476,AY496873.2|2002,3II_B,3II_B,3II,AY496873,10707,105.249189,2002,Bangladesh,Bangladesh,AY496873,2002
477,KY586714.1|2001,3II_A,3II_A,3II,KY586714,10238,100.6389462,2001,Thailand,Thailand,KY586714,2001
477,OQ821560.1|2022-09-29,3III_B.3.2,3III_B,3III,OQ821560,10461,102.8310233,2022,Cuba,Cuba,OQ821560,2022
477,AY496874.2|2002,3II_B,3II_B,3II,AY496874,10707,105.249189,2002,Bangladesh,Bangladesh,AY496874,2002
478,KY586715.1|2000,3II_A,3II_A,3II,KY586715,10238,100.6389462,2000,Thailand,Thailand,KY586715,2000
478,OQ821561.1|2022-09-30,3III_B.3.2,3III_B,3III,OQ821561,10461,102.8310233,2022,Cuba,Cuba,OQ821561,2022
478,AY496877.2|2002,3II_B,3II_B,3II,AY496877,10707,105.249189,2002,Bangladesh,Bangladesh,AY496877,2002
479,KY586716.1|2002,3II_A,3II_A,3II,KY586716,10233,100.5897965,2002,Thailand,Thailand,KY586716,2002
479,OQ821562.1|2022-10-02,3III_B.3.2,3III_B,3III,OQ821562,10635,104.5414332,2022,Cuba,Cuba,OQ821562,2022
479,AY496879.2|1997,3I,3I,3I,AY496879,10707,105.249189,1997,Philippines,Philippines,AY496879,1997
480,KY586717.1|2002,3II_A,3II_A,3II,KY586717,10233,100.5897965,2002,Thailand,Thailand,KY586717,2002
480,OQ821563.1|2022-10-05,3III_B.3.2,3III_B,3III,OQ821563,10631,104.5021134,2022,Cuba,Cuba,OQ821563,2022
480,AY923865.1|1994,3II_A,3II_A,3II,AY923865,10707,105.249189,1994,Thailand,Thailand,AY923865,1994
481,KY586718.1|1998,3II_A,3II_A,3II,KY586718,10238,100.6389462,1998,Thailand,Thailand,KY586718,1998
481,OQ821564.1|2022-10-07,3III_B.3.2,3III_B,3III,OQ821564,10653,104.7183722,2022,Cuba,Cuba,OQ821564,2022
481,AY876494.1|1994,3II_A,3II_A,3II,AY876494,10707,105.249189,1994,Thailand,Thailand,AY876494,1994
482,KY586719.1|1998,3II_A,3II_A,3II,KY586719,10238,100.6389462,1998,Thailand,Thailand,KY586719,1998
482,OQ821565.1|2022-10-14,3III_B.3.2,3III_B,3III,OQ821565,10643,104.6200727,2022,Cuba,Cuba,OQ821565,2022
482,AY099336.1|2000,3III_A,3III_A,3III,AY099336,10707,105.249189,2000,Sri Lanka,Sri Lanka,AY099336,2000
483,KY586720.1|1998,3II_A,3II_A,3II,KY586720,10238,100.6389462,1998,Thailand,Thailand,KY586720,1998
483,OQ821566.1|2022-10-15,3III_B.3.2,3III_B,3III,OQ821566,10478,102.9981323,2022,Cuba,Cuba,OQ821566,2022
483,AY099337.1|1999,3III_C.2,3III_C,3III,AY099337,10707,105.249189,1999,Martinique,Martinique,AY099337,1999
484,KY586721.1|2000,3II_A.4,3II_A,3II,KY586721,10238,100.6389462,2000,Thailand,Thailand,KY586721,2000
484,OQ821567.1|2022-10-19,3III_B.3.2,3III_B,3III,OQ821567,10472,102.9391527,2022,Cuba,Cuba,OQ821567,2022
485,KY586722.1|2000,3II_A.4,3II_A,3II,KY586722,10238,100.6389462,2000,Thailand,Thailand,KY586722,2000
485,OQ821568.1|2022-10-20,3III_B.3.2,3III_B,3III,OQ821568,10653,104.7183722,2022,Cuba,Cuba,OQ821568,2022
486,KY586723.1|2000,3II_A.4,3II_A,3II,KY586723,10238,100.6389462,2000,Thailand,Thailand,KY586723,2000
486,OQ821569.1|2022-10-21,3III_B.3.2,3III_B,3III,OQ821569,10653,104.7183722,2022,Cuba,Cuba,OQ821569,2022
487,KY586724.1|2000,3II_A.4,3II_A,3II,KY586724,10238,100.6389462,2000,Thailand,Thailand,KY586724,2000
487,OQ821570.1|2022-10-30,3III_B.3.2,3III_B,3III,OQ821570,10653,104.7183722,2022,Cuba,Cuba,OQ821570,2022
488,KY586725.1|2006,3II_A.2,3II_A,3II,KY586725,10238,100.6389462,2006,Thailand,Thailand,KY586725,2006
488,OQ821571.1|2022-11-03,3III_B.3.2,3III_B,3III,OQ821571,10646,104.6495626,2022,Cuba,Cuba,OQ821571,2022
489,KY586726.1|2006,3II_A.2,3II_A,3II,KY586726,10240,100.6586061,2006,Thailand,Thailand,KY586726,2006
489,OQ821572.1|2022-11-03,3III_B.3.2,3III_B,3III,OQ821572,10461,102.8310233,2022,Cuba,Cuba,OQ821572,2022
490,KY586727.1|2006,3II_A.2,3II_A,3II,KY586727,10238,100.6389462,2006,Thailand,Thailand,KY586727,2006
490,OQ821573.1|2022-11-04,3III_B.3.2,3III_B,3III,OQ821573,10574,103.9418067,2022,Cuba,Cuba,OQ821573,2022
491,KY586728.1|2006,3II_A.2,3II_A,3II,KY586728,10238,100.6389462,2006,Thailand,Thailand,KY586728,2006
491,OQ821574.1|2022-11-07,3III_B.3.2,3III_B,3III,OQ821574,10633,104.5217733,2022,Cuba,Cuba,OQ821574,2022
492,KY586729.1|2006,3II_A.2,3II_A,3II,KY586729,10238,100.6389462,2006,Thailand,Thailand,KY586729,2006
492,OQ821575.1|2022-11-10,3III_B.3.2,3III_B,3III,OQ821575,10653,104.7183722,2022,Cuba,Cuba,OQ821575,2022
493,KY586730.1|2004,3II_A.2,3II_A,3II,KY586730,10238,100.6389462,2004,Thailand,Thailand,KY586730,2004
493,OQ821576.1|2022-11-14,3III_B.3.2,3III_B,3III,OQ821576,10650,104.6888823,2022,Cuba,Cuba,OQ821576,2022
494,KY586731.1|2004,3II_A.2,3II_A,3II,KY586731,10238,100.6389462,2004,Thailand,Thailand,KY586731,2004
494,OQ821577.1|2022-11-18,3III_B.3.2,3III_B,3III,OQ821577,10633,104.5217733,2022,Cuba,Cuba,OQ821577,2022
495,KY586732.1|2004,3II_A.2,3II_A,3II,KY586732,10238,100.6389462,2004,Thailand,Thailand,KY586732,2004
495,OQ821578.1|2022-11-18,3III_B.3.2,3III_B,3III,OQ821578,10461,102.8310233,2022,Cuba,Cuba,OQ821578,2022
496,KY586733.1|2000,3II_A,3II_A,3II,KY586733,10233,100.5897965,2000,Thailand,Thailand,KY586733,2000
496,OQ821579.1|2022-11-20,3III_B.3.2,3III_B,3III,OQ821579,10652,104.7085422,2022,Cuba,Cuba,OQ821579,2022
497,KY586734.1|2001,3II_A,3II_A,3II,KY586734,10233,100.5897965,2001,Thailand,Thailand,KY586734,2001
497,OQ821580.1|2022-11-25,3III_B.3.2,3III_B,3III,OQ821580,10633,104.5217733,2022,Cuba,Cuba,OQ821580,2022
498,KY586735.1|2004,3II_A,3II_A,3II,KY586735,10238,100.6389462,2004,Thailand,Thailand,KY586735,2004
498,OQ821581.1|2022-11-29,3III_B.3.2,3III_B,3III,OQ821581,10650,104.6888823,2022,Cuba,Cuba,OQ821581,2022
499,KY586736.1|2002,3II_A,3II_A,3II,KY586736,10238,100.6389462,2002,Thailand,Thailand,KY586736,2002
499,OQ821582.1|2022-11-30,3III_B.3.2,3III_B,3III,OQ821582,10653,104.7183722,2022,Cuba,Cuba,OQ821582,2022
500,KY586737.1|2001,3II_A,3II_A,3II,KY586737,10233,100.5897965,2001,Thailand,Thailand,KY586737,2001
500,OQ821583.1|2022-11-30,3III_B.3.2,3III_B,3III,OQ821583,10481,103.0276221,2022,Cuba,Cuba,OQ821583,2022
501,KY586738.1|2001,3II_A,3II_A,3II,KY586738,10233,100.5897965,2001,Thailand,Thailand,KY586738,2001
501,OQ821584.1|2022-11-30,3III_B.3.2,3III_B,3III,OQ821584,10481,103.0276221,2022,Cuba,Cuba,OQ821584,2022
502,KY586739.1|2000,3II_A,3II_A,3II,KY586739,10240,100.6586061,2000,Thailand,Thailand,KY586739,2000
502,OQ821585.1|2022-12-02,3III_B.3.2,3III_B,3III,OQ821585,10653,104.7183722,2022,Cuba,Cuba,OQ821585,2022
503,KY586740.1|2002,3II_A,3II_A,3II,KY586740,10240,100.6586061,2002,Thailand,Thailand,KY586740,2002
503,OQ821586.1|2022-12-04,3III_B.3.2,3III_B,3III,OQ821586,10481,103.0276221,2022,Cuba,Cuba,OQ821586,2022
504,KY586741.1|2002,3II_A,3II_A,3II,KY586741,10238,100.6389462,2002,Thailand,Thailand,KY586741,2002
504,OQ821587.1|2022-12-04,3III_B.3.2,3III_B,3III,OQ821587,10618,104.3743242,2022,Cuba,Cuba,OQ821587,2022
505,KY586742.1|2002,3II_A,3II_A,3II,KY586742,10238,100.6389462,2002,Thailand,Thailand,KY586742,2002
505,OQ821588.1|2022-12-06,3III_B.3.2,3III_B,3III,OQ821588,10655,104.738032,2022,Cuba,Cuba,OQ821588,2022
506,KY586743.1|2000,3II_A,3II_A,3II,KY586743,10233,100.5897965,2000,Thailand,Thailand,KY586743,2000
506,OQ821589.1|2022-12-06,3III_B.3.2,3III_B,3III,OQ821589,10569,103.892657,2022,Cuba,Cuba,OQ821589,2022
507,KY586744.1|2001,3II_A,3II_A,3II,KY586744,10240,100.6586061,2001,Thailand,Thailand,KY586744,2001
507,OQ821590.1|2022-12-08,3III_B.3.2,3III_B,3III,OQ821590,10571,103.9123169,2022,Cuba,Cuba,OQ821590,2022
508,KY586745.1|2001,3II_A,3II_A,3II,KY586745,10238,100.6389462,2001,Thailand,Thailand,KY586745,2001
508,OQ821591.1|2022-12-15,3III_B.3.2,3III_B,3III,OQ821591,10567,103.8729971,2022,Cuba,Cuba,OQ821591,2022
509,KY586746.1|2001,3II_A,3II_A,3II,KY586746,10238,100.6389462,2001,Thailand,Thailand,KY586746,2001
509,OQ821592.1|2022-12-16,3III_B.3.2,3III_B,3III,OQ821592,10480,103.0177922,2022,Cuba,Cuba,OQ821592,2022
510,KY586747.1|2000,3II_A,3II_A,3II,KY586747,10233,100.5897965,2000,Thailand,Thailand,KY586747,2000
510,OQ821593.1|2022-12-16,3III_B.3.2,3III_B,3III,OQ821593,10652,104.7085422,2022,Cuba,Cuba,OQ821593,2022
511,KY586748.1|2002,3II_A,3II_A,3II,KY586748,10240,100.6586061,2002,Thailand,Thailand,KY586748,2002
511,OQ821594.1|2022-12-18,3III_B.3.2,3III_B,3III,OQ821594,10482,103.0374521,2022,Cuba,Cuba,OQ821594,2022
512,KY586749.1|2003,3II_A,3II_A,3II,KY586749,10233,100.5897965,2003,Thailand,Thailand,KY586749,2003
512,OQ821595.1|2022-12-18,3III_B.3.2,3III_B,3III,OQ821595,10481,103.0276221,2022,Cuba,Cuba,OQ821595,2022
513,KY586750.1|2002,3II_A,3II_A,3II,KY586750,10240,100.6586061,2002,Thailand,Thailand,KY586750,2002
513,OQ821596.1|2022-12-18,3III_B.3.2,3III_B,3III,OQ821596,10481,103.0276221,2022,Cuba,Cuba,OQ821596,2022
514,KY586751.1|2001,3II_A,3II_A,3II,KY586751,10238,100.6389462,2001,Thailand,Thailand,KY586751,2001
514,OQ821597.1|2022-12-21,3III_B.3.2,3III_B,3III,OQ821597,10461,102.8310233,2022,Cuba,Cuba,OQ821597,2022
515,KY586752.1|2004,3II_A,3II_A,3II,KY586752,10238,100.6389462,2004,Thailand,Thailand,KY586752,2004
515,OQ821598.1|2022-12-22,3III_B.3.2,3III_B,3III,OQ821598,10478,102.9981323,2022,Cuba,Cuba,OQ821598,2022
516,KY586753.1|2004,3II_A,3II_A,3II,KY586753,10238,100.6389462,2004,Thailand,Thailand,KY586753,2004
516,OQ821599.1|2022-12-22,3III_B.3.2,3III_B,3III,OQ821599,10567,103.8729971,2022,Cuba,Cuba,OQ821599,2022
517,KY586754.1|2001,3II_A,3II_A,3II,KY586754,10240,100.6586061,2001,Thailand,Thailand,KY586754,2001
517,OQ821600.1|2023-01-01,3III_B.3.2,3III_B,3III,OQ821600,10635,104.5414332,2023,Cuba,Cuba,OQ821600,2023
518,KY586755.1|2004,3II_A,3II_A,3II,KY586755,10240,100.6586061,2004,Thailand,Thailand,KY586755,2004
518,OQ821601.1|2016-06-11,3III_B.3.1,3III_B,3III,OQ821601,10461,102.8310233,2016,Jamaica,Jamaica,OQ821601,2016
519,KY586756.1|2001,3II_A,3II_A,3II,KY586756,10240,100.6586061,2001,Thailand,Thailand,KY586756,2001
519,OQ821602.1|2016-07-27,3III_B.3.1,3III_B,3III,OQ821602,10635,104.5414332,2016,Jamaica,Jamaica,OQ821602,2016
520,KY586757.1|2001,3II_A,3II_A,3II,KY586757,10238,100.6389462,2001,Thailand,Thailand,KY586757,2001
520,OQ821603.1|2016-09-12,3III_B.3.1,3III_B,3III,OQ821603,10567,103.8729971,2016,Jamaica,Jamaica,OQ821603,2016
521,KY586758.1|2000,3II_A,3II_A,3II,KY586758,10238,100.6389462,2000,Thailand,Thailand,KY586758,2000
521,OQ821604.1|2019-01-15,3III_B.3.1,3III_B,3III,OQ821604,10638,104.570923,2019,Jamaica,Jamaica,OQ821604,2019
522,KY586759.1|2000,3II_A,3II_A,3II,KY586759,10238,100.6389462,2000,Thailand,Thailand,KY586759,2000
522,OQ821605.1|2019-02-01,3III_B.3.1,3III_B,3III,OQ821605,10461,102.8310233,2019,Jamaica,Jamaica,OQ821605,2019
523,KY586760.1|1998,3II_A,3II_A,3II,KY586760,10238,100.6389462,1998,Thailand,Thailand,KY586760,1998
523,OQ821606.1|2019-07-15,3III_B.3.1,3III_B,3III,OQ821606,10633,104.5217733,2019,Jamaica,Jamaica,OQ821606,2019
524,KY586761.1|1998,3II_A,3II_A,3II,KY586761,10238,100.6389462,1998,Thailand,Thailand,KY586761,1998
524,OQ821607.1|2019-08-12,3III_B.3.1,3III_B,3III,OQ821607,10653,104.7183722,2019,Jamaica,Jamaica,OQ821607,2019
525,KY586762.1|2000,3II_A,3II_A,3II,KY586762,10233,100.5897965,2000,Thailand,Thailand,KY586762,2000
525,OQ821608.1|2019-10-19,3III_B.3.1,3III_B,3III,OQ821608,10461,102.8310233,2019,Jamaica,Jamaica,OQ821608,2019
526,KY586763.1|2001,3II_A,3II_A,3II,KY586763,10238,100.6389462,2001,Thailand,Thailand,KY586763,2001
526,OQ821609.1|2019-11-06,3III_B.3.1,3III_B,3III,OQ821609,10654,104.7282021,2019,Jamaica,Jamaica,OQ821609,2019
527,KY586764.1|2000,3II_A,3II_A,3II,KY586764,10238,100.6389462,2000,Thailand,Thailand,KY586764,2000
527,OQ821610.1|2020-01-17,3III_B.3.1,3III_B,3III,OQ821610,10479,103.0079623,2020,Jamaica,Jamaica,OQ821610,2020
528,KY586765.1|2001,3II_A,3II_A,3II,KY586765,10233,100.5897965,2001,Thailand,Thailand,KY586765,2001
528,OQ821611.1|2020-11-07,3III_B.3.1,3III_B,3III,OQ821611,10654,104.7282021,2020,Saint Lucia,Saint Lucia,OQ821611,2020
529,KY586766.1|1999,3II_A,3II_A,3II,KY586766,10233,100.5897965,1999,Thailand,Thailand,KY586766,1999
529,OQ821612.1|2014-07-02,3I_A,3I_A,3I,OQ821612,10591,104.1089158,2014,USA: Florida,USA,OQ821612,2014
530,KY586767.1|1998,3II_A,3II_A,3II,KY586767,10238,100.6389462,1998,Thailand,Thailand,KY586767,1998
530,OQ821613.1|2022-08-08,3III_B.3.2,3III_B,3III,OQ821613,10483,103.047282,2022,USA: Florida,USA,OQ821613,2022
531,KY586768.1|1999,3II_A,3II_A,3II,KY586768,10233,100.5897965,1999,Thailand,Thailand,KY586768,1999
531,OQ821614.1|2022-08-11,3III_B.3.2,3III_B,3III,OQ821614,10482,103.0374521,2022,USA: Florida,USA,OQ821614,2022
532,KY586769.1|2002,3II_A,3II_A,3II,KY586769,10240,100.6586061,2002,Thailand,Thailand,KY586769,2002
532,OQ821615.1|2022-08-17,3III_B.3.2,3III_B,3III,OQ821615,10574,103.9418067,2022,USA: Florida,USA,OQ821615,2022
533,KY586770.1|2002,3II_A,3II_A,3II,KY586770,10238,100.6389462,2002,Thailand,Thailand,KY586770,2002
533,OQ821616.1|2022-10-04,3III_B.3.2,3III_B,3III,OQ821616,10648,104.6692225,2022,USA: Florida,USA,OQ821616,2022
534,KY586771.1|1998,3II_A,3II_A,3II,KY586771,10240,100.6586061,1998,Thailand,Thailand,KY586771,1998
534,OQ821617.1|2022-10-10,3III_B.3.2,3III_B,3III,OQ821617,10484,103.057112,2022,USA: Florida,USA,OQ821617,2022
535,KY586772.1|1998,3II_A,3II_A,3II,KY586772,10238,100.6389462,1998,Thailand,Thailand,KY586772,1998
535,OQ821618.1|2022-10-15,3III_B.3.2,3III_B,3III,OQ821618,10461,102.8310233,2022,USA: Florida,USA,OQ821618,2022
536,KY586773.1|2002,3II_A,3II_A,3II,KY586773,10233,100.5897965,2002,Thailand,Thailand,KY586773,2002
536,OQ821619.1|2022-11-17,3III_B.3.2,3III_B,3III,OQ821619,10615,104.3448344,2022,USA: Florida,USA,OQ821619,2022
537,KY586774.1|1998,3II_A,3II_A,3II,KY586774,10238,100.6389462,1998,Thailand,Thailand,KY586774,1998
537,OQ821620.1|2022-11-21,3III_B.3.2,3III_B,3III,OQ821620,10653,104.7183722,2022,USA: Florida,USA,OQ821620,2022
538,KY586775.1|1998,3II_A,3II_A,3II,KY586775,10238,100.6389462,1998,Thailand,Thailand,KY586775,1998
538,OQ821621.1|2022-11-28,3III_B.3.2,3III_B,3III,OQ821621,10641,104.6004129,2022,USA: Florida,USA,OQ821621,2022
539,KY586776.1|1995,3II_A,3II_A,3II,KY586776,10238,100.6389462,1995,Thailand,Thailand,KY586776,1995
539,OQ821622.1|2022-12-11,3III_B.3.2,3III_B,3III,OQ821622,10481,103.0276221,2022,USA: Florida,USA,OQ821622,2022
540,KY586777.1|1999,3II_A.5,3II_A,3II,KY586777,10233,100.5897965,1999,Thailand,Thailand,KY586777,1999
540,OQ821623.1|2022-12-23,3III_B.3.2,3III_B,3III,OQ821623,10627,104.4627937,2022,USA: Florida,USA,OQ821623,2022
541,KY586778.1|2006,3II_A.5,3II_A,3II,KY586778,10238,100.6389462,2006,Thailand,Thailand,KY586778,2006
541,OQ747070.1|2022-07-18,3III_B.3.2,3III_B,3III,OQ747070,10600,104.1973852,2022,Cuba,Cuba,OQ747070,2022
542,KY586779.1|2006,3II_A.5,3II_A,3II,KY586779,10238,100.6389462,2006,Thailand,Thailand,KY586779,2006
542,OQ747071.1|2022-08-16,3III_B.3.2,3III_B,3III,OQ747071,10603,104.2268751,2022,Cuba,Cuba,OQ747071,2022
543,KY586780.1|2006,3II_A.5,3II_A,3II,KY586780,10238,100.6389462,2006,Thailand,Thailand,KY586780,2006
543,OQ727062.1|2006-04-17,3III_C.2,3III_C,3III,OQ727062,10664,104.8265015,2006,"Brazil: Amazonas, Manaus",Brazil,OQ727062,2006
544,KY586781.1|2004,3II_A.5,3II_A,3II,KY586781,10238,100.6389462,2004,Thailand,Thailand,KY586781,2004
544,OQ706226.1|2023-03-04,3III_B.3.2,3III_B,3III,OQ706226,10697,105.1508896,2023,"Brazil: Roraima, Canta",Brazil,OQ706226,2023
545,KY586782.1|2001,3II_A.5,3II_A,3II,KY586782,10240,100.6586061,2001,Thailand,Thailand,KY586782,2001
545,OQ706227.1|2023-01-22,3III_B.3.2,3III_B,3III,OQ706227,10511,103.3225204,2023,"Brazil: Roraima, Boa Vista",Brazil,OQ706227,2023
546,KY586783.1|2002,3II_A.5,3II_A,3II,KY586783,10238,100.6389462,2002,Thailand,Thailand,KY586783,2002
546,OQ706228.1|2023-01-03,3III_B.3.2,3III_B,3III,OQ706228,10553,103.735378,2023,"Brazil: Roraima, Boa Vista",Brazil,OQ706228,2023
547,KY586784.1|2001,3II_A.5,3II_A,3II,KY586784,10238,100.6389462,2001,Thailand,Thailand,KY586784,2001
547,OQ721955.1|2022,3III_B.3,3III_B,3III,OQ721955,10679,104.9739507,2022,India,India,OQ721955,2022
548,KY586785.1|1995,3II_A,3II_A,3II,KY586785,10238,100.6389462,1995,Thailand,Thailand,KY586785,1995
548,OQ721956.1|2022,3III_B.3,3III_B,3III,OQ721956,10687,105.0525902,2022,India,India,OQ721956,2022
549,KY586786.1|1998,3II_A,3II_A,3II,KY586786,10238,100.6389462,1998,Thailand,Thailand,KY586786,1998
549,OQ721957.1|2022,3III_B.3,3III_B,3III,OQ721957,10686,105.0427602,2022,India,India,OQ721957,2022
550,KY586787.1|2002,3II_A,3II_A,3II,KY586787,10233,100.5897965,2002,Thailand,Thailand,KY586787,2002
550,OQ721958.1|2022,3III_B.3,3III_B,3III,OQ721958,10699,105.1705495,2022,India,India,OQ721958,2022
551,KY586788.1|2002,3II_A,3II_A,3II,KY586788,10233,100.5897965,2002,Thailand,Thailand,KY586788,2002
551,OQ721959.1|2022,3III_B.3,3III_B,3III,OQ721959,10689,105.0722501,2022,India,India,OQ721959,2022
552,KY586789.1|2004,3II_A,3II_A,3II,KY586789,10233,100.5897965,2004,Thailand,Thailand,KY586789,2004
552,OQ721960.1|2022,3III_B.3,3III_B,3III,OQ721960,10691,105.09191,2022,India,India,OQ721960,2022
553,KY586790.1|2001,3II_A,3II_A,3II,KY586790,10240,100.6586061,2001,Thailand,Thailand,KY586790,2001
553,OQ721961.1|2022,3III_B.3,3III_B,3III,OQ721961,10691,105.09191,2022,India,India,OQ721961,2022
554,KY586791.1|2002,3II_A,3II_A,3II,KY586791,10238,100.6389462,2002,Thailand,Thailand,KY586791,2002
554,OQ721962.1|2022,3III_B.3,3III_B,3III,OQ721962,10695,105.1312297,2022,India,India,OQ721962,2022
555,KY586792.1|2002,3II_A,3II_A,3II,KY586792,10238,100.6389462,2002,Thailand,Thailand,KY586792,2002
555,OQ721963.1|2022,3III_B.3,3III_B,3III,OQ721963,10703,105.2098693,2022,India,India,OQ721963,2022
556,KY586793.1|2000,3II_A,3II_A,3II,KY586793,10238,100.6389462,2000,Thailand,Thailand,KY586793,2000
556,OM865777.1|2019-07-29,3III_B.3,3III_B,3III,OM865777,10661,104.7970117,2019,Bhutan: Duksum Outbreak,Bhutan,OM865777,2019
557,KY586794.1|2000,3II_A,3II_A,3II,KY586794,10240,100.6586061,2000,Thailand,Thailand,KY586794,2000
557,OM865778.1|2019-07-29,3III_B.3,3III_B,3III,OM865778,10661,104.7970117,2019,Bhutan: Duksum Outbreak,Bhutan,OM865778,2019
558,KY586795.1|1999,3II_A,3II_A,3II,KY586795,10233,100.5897965,1999,Thailand,Thailand,KY586795,1999
558,OM865779.1|2019-07-29,3III_B.3,3III_B,3III,OM865779,10661,104.7970117,2019,Bhutan: Duksum Outbreak,Bhutan,OM865779,2019
559,KY586796.1|2001,3II_A,3II_A,3II,KY586796,10238,100.6389462,2001,Thailand,Thailand,KY586796,2001
559,OM865780.1|2019-07-30,3III_B.3,3III_B,3III,OM865780,10661,104.7970117,2019,Bhutan: Phuntsholing,Bhutan,OM865780,2019
560,KY586797.1|1995,3II_A,3II_A,3II,KY586797,10238,100.6389462,1995,Thailand,Thailand,KY586797,1995
560,OM865781.1|2019-07-31,3III_B.3,3III_B,3III,OM865781,10661,104.7970117,2019,Bhutan: Phuntsholing,Bhutan,OM865781,2019
561,KY586798.1|1998,3II_A,3II_A,3II,KY586798,10238,100.6389462,1998,Thailand,Thailand,KY586798,1998
561,OM865782.1|2019-08-03,3III_B.3,3III_B,3III,OM865782,10661,104.7970117,2019,Bhutan: Phuntsholing,Bhutan,OM865782,2019
562,KY586799.1|1998,3II_A,3II_A,3II,KY586799,10238,100.6389462,1998,Thailand,Thailand,KY586799,1998
562,OM865783.1|2019-08-02,3III_B.3,3III_B,3III,OM865783,10661,104.7970117,2019,Bhutan: Phuntsholing,Bhutan,OM865783,2019
563,KY586800.1|1995,3II_A,3II_A,3II,KY586800,10238,100.6389462,1995,Thailand,Thailand,KY586800,1995
563,OM865784.1|2019-08-08,3III_B.3,3III_B,3III,OM865784,10661,104.7970117,2019,Bhutan: Paro,Bhutan,OM865784,2019
564,KY586801.1|1995,3II_A,3II_A,3II,KY586801,10238,100.6389462,1995,Thailand,Thailand,KY586801,1995
564,OM865785.1|2019-08-08,3III_B.3,3III_B,3III,OM865785,10661,104.7970117,2019,Bhutan: Paro,Bhutan,OM865785,2019
565,KY586802.1|1995,3II_A,3II_A,3II,KY586802,10238,100.6389462,1995,Thailand,Thailand,KY586802,1995
565,OM865786.1|2019-08-03,3III_B.3,3III_B,3III,OM865786,10661,104.7970117,2019,Bhutan: Gelephu,Bhutan,OM865786,2019
566,KY586803.1|2007,3II_B,3II_B,3II,KY586803,10233,100.5897965,2007,Thailand,Thailand,KY586803,2007
566,OM865787.1|2019-08-06,3III_B.3,3III_B,3III,OM865787,10661,104.7970117,2019,Bhutan: Phuntsholing,Bhutan,OM865787,2019
567,KY586804.1|2007,3II_B,3II_B,3II,KY586804,10233,100.5897965,2007,Thailand,Thailand,KY586804,2007
567,OM865788.1|2019-08-09,3III_B.3,3III_B,3III,OM865788,10661,104.7970117,2019,Bhutan: Samtse,Bhutan,OM865788,2019
568,KY586805.1|2008,3II_B,3II_B,3II,KY586805,10233,100.5897965,2008,Thailand,Thailand,KY586805,2008
568,OM865789.1|2019-08-07,3III_B.3,3III_B,3III,OM865789,10661,104.7970117,2019,Bhutan: Samdrupjongkhar,Bhutan,OM865789,2019
569,KY586806.1|2008,3II_B,3II_B,3II,KY586806,10233,100.5897965,2008,Thailand,Thailand,KY586806,2008
569,OM865790.1|2019-08-09,3III_B.3,3III_B,3III,OM865790,10661,104.7970117,2019,Bhutan: Gelephu,Bhutan,OM865790,2019
570,KY586807.1|2010,3II_B,3II_B,3II,KY586807,10233,100.5897965,2010,Thailand,Thailand,KY586807,2010
570,OM865791.1|2019-08-10,3III_B.3,3III_B,3III,OM865791,10661,104.7970117,2019,Bhutan: Gelephu,Bhutan,OM865791,2019
571,KY586808.1|2010,3II_B,3II_B,3II,KY586808,10233,100.5897965,2010,Thailand,Thailand,KY586808,2010
571,OM865792.1|2019-08,3III_B.3,3III_B,3III,OM865792,10661,104.7970117,2019,Bhutan: Trongsa,Bhutan,OM865792,2019
572,KY586809.1|2009,3II_B,3II_B,3II,KY586809,10233,100.5897965,2009,Thailand,Thailand,KY586809,2009
572,OM865793.1|2019-07-19,3III_B.3,3III_B,3III,OM865793,10661,104.7970117,2019,Bhutan: Phuntsholing,Bhutan,OM865793,2019
573,KY586810.1|2009,3II_B,3II_B,3II,KY586810,10233,100.5897965,2009,Thailand,Thailand,KY586810,2009
573,OM865794.1|2019-07-27,3III_B.3,3III_B,3III,OM865794,10661,104.7970117,2019,Bhutan: Phuntsholing,Bhutan,OM865794,2019
574,KY586811.1|2009,3II_B,3II_B,3II,KY586811,10233,100.5897965,2009,Thailand,Thailand,KY586811,2009
574,OM865795.1|2019-08-24,3III_B.3,3III_B,3III,OM865795,10661,104.7970117,2019,Bhutan: Trongsa,Bhutan,OM865795,2019
575,KY586812.1|2010,3II_B,3II_B,3II,KY586812,10233,100.5897965,2010,Thailand,Thailand,KY586812,2010
575,OM865796.1|2019-08-20,3III_B.3,3III_B,3III,OM865796,10661,104.7970117,2019,Bhutan: Lhamoizingkha BHU,Bhutan,OM865796,2019
576,KY586813.1|2009,3II_B,3II_B,3II,KY586813,10233,100.5897965,2009,Thailand,Thailand,KY586813,2009
576,OM865797.1|2019-08-20,3III_B.3,3III_B,3III,OM865797,10661,104.7970117,2019,Bhutan: Lhamoizingkha BHU,Bhutan,OM865797,2019
577,KY586814.1|2006,3II_B,3II_B,3II,KY586814,10238,100.6389462,2006,Thailand,Thailand,KY586814,2006
577,OM865798.1|2019-08-22,3III_B.3,3III_B,3III,OM865798,10661,104.7970117,2019,Bhutan: Lhamoizingkha BHU,Bhutan,OM865798,2019
578,KY586815.1|2006,3II_B,3II_B,3II,KY586815,10238,100.6389462,2006,Thailand,Thailand,KY586815,2006
578,OM865799.1|2019-08-19,3III_B.3,3III_B,3III,OM865799,10661,104.7970117,2019,Bhutan: Samdrupjongkhar,Bhutan,OM865799,2019
579,KY586816.1|2006,3II_B,3II_B,3II,KY586816,10238,100.6389462,2006,Thailand,Thailand,KY586816,2006
579,OM865800.1|2019-08-19,3III_B.3,3III_B,3III,OM865800,10661,104.7970117,2019,Bhutan: Samdrupjongkhar,Bhutan,OM865800,2019
580,KY586817.1|2006,3II_B,3II_B,3II,KY586817,10238,100.6389462,2006,Thailand,Thailand,KY586817,2006
580,OM865801.1|2019-08-19,3III_B.3,3III_B,3III,OM865801,10661,104.7970117,2019,Bhutan: Samdrupjongkhar,Bhutan,OM865801,2019
581,KY586818.1|2007,3II_B,3II_B,3II,KY586818,10233,100.5897965,2007,Thailand,Thailand,KY586818,2007
581,OM865802.1|2019-07-17,3III_B.3,3III_B,3III,OM865802,10661,104.7970117,2019,Bhutan: Phuntsholing,Bhutan,OM865802,2019
582,KY586819.1|2007,3III_B.1,3III_B,3III,KY586819,10233,100.5897965,2007,Thailand,Thailand,KY586819,2007
582,OM865803.1|2019-07-17,3III_B.3,3III_B,3III,OM865803,10661,104.7970117,2019,Bhutan: Phuntsholing,Bhutan,OM865803,2019
583,KY586820.1|2008,3III_B.1,3III_B,3III,KY586820,10233,100.5897965,2008,Thailand,Thailand,KY586820,2008
583,OM865804.1|2019-07-28,3III_B.3,3III_B,3III,OM865804,10661,104.7970117,2019,Bhutan: Phuntsholing,Bhutan,OM865804,2019
584,KY586821.1|2010,3III_B.1,3III_B,3III,KY586821,10233,100.5897965,2010,Thailand,Thailand,KY586821,2010
584,OM865805.1|2019-07-18,3III_B.3,3III_B,3III,OM865805,10661,104.7970117,2019,Bhutan: Phuntsholing,Bhutan,OM865805,2019
585,KY586822.1|2009,3III_B.1,3III_B,3III,KY586822,10233,100.5897965,2009,Thailand,Thailand,KY586822,2009
585,OM865806.1|2019-08-26,3III_B.3,3III_B,3III,OM865806,10661,104.7970117,2019,Bhutan: Samtse,Bhutan,OM865806,2019
586,KU509278.1|2007,3III_C.2,3III_C,3III,KU509278,10270,100.9535044,2007,Barbados,Barbados,KU509278,2007
586,OM865807.1|2019-08-24,3III_B.3,3III_B,3III,OM865807,10661,104.7970117,2019,Bhutan: Samtse,Bhutan,OM865807,2019
587,KU509279.1|2008,3I_C,3I_C,3I,KU509279,10312,101.3663619,2008,Philippines,Philippines,KU509279,2008
587,OM865808.1|2019-08-28,3III_B.3,3III_B,3III,OM865808,10661,104.7970117,2019,Bhutan: Trongsa,Bhutan,OM865808,2019
588,KU509280.1|2011,3II_A.5,3II_A,3II,KU509280,10261,100.8650349,2011,Thailand: Ko Samui,Thailand,KU509280,2011
588,OM865809.1|2019-09-04,3III_B.3,3III_B,3III,OM865809,10661,104.7970117,2019,Bhutan: Samtse,Bhutan,OM865809,2019
589,KU509281.1|2009,3III_B,3III_B,3III,KU509281,10259,100.845375,2009,India,India,KU509281,2009
589,OM865810.1|2019-09-02,3III_B.3,3III_B,3III,OM865810,10661,104.7970117,2019,Bhutan: Samtse,Bhutan,OM865810,2019
590,KU509282.1|2009,3III_B.2,3III_B,3III,KU509282,10568,103.8828271,2009,Senegal,Senegal,KU509282,2009
590,OM865811.1|2019-08-31,3III_B.3,3III_B,3III,OM865811,10661,104.7970117,2019,Bhutan: Gelephu,Bhutan,OM865811,2019
591,KU509283.1|2006,3III_A.1,3III_A,3III,KU509283,10336,101.6022805,2006,Sri Lanka,Sri Lanka,KU509283,2006
591,OM865812.1|2019-09-07,3III_B.3,3III_B,3III,OM865812,10661,104.7970117,2019,Bhutan: Samtse,Bhutan,OM865812,2019
592,KU509284.1|2008,3II_A.5,3II_A,3II,KU509284,10490,103.1160916,2008,Thailand,Thailand,KU509284,2008
592,OM865813.1|2019-09-09,3III_B.3,3III_B,3III,OM865813,10661,104.7970117,2019,Bhutan: Samtse,Bhutan,OM865813,2019
593,KU509285.1|2010,3I_A,3I_A,3I,KU509285,10492,103.1357515,2010,Thailand,Thailand,KU509285,2010
593,OM865814.1|2019-09-09,3III_B.3,3III_B,3III,OM865814,10661,104.7970117,2019,Bhutan: Samtse,Bhutan,OM865814,2019
594,KU509286.1|2011,3III_B,3III_B,3III,KU509286,10493,103.1455814,2011,India,India,KU509286,2011
594,OM865815.1|2019-09-10,3III_B.3,3III_B,3III,OM865815,10661,104.7970117,2019,Bhutan: Samtse,Bhutan,OM865815,2019
595,OM865816.1|2019-09-14,3III_B.3,3III_B,3III,OM865816,10661,104.7970117,2019,Bhutan: Samtse,Bhutan,OM865816,2019
595,KT424097.1|2014-08-28,3II_B,3II_B,3II,KT424097,10681,104.9936105,2014,Thailand,Thailand,KT424097,2014
596,OM865817.1|2019-09-21,3III_B.3,3III_B,3III,OM865817,10661,104.7970117,2019,Bhutan: Samdrupjongkhar,Bhutan,OM865817,2019
596,KX380839.1|2012,3I_A,3I_A,3I,KX380839,10674,104.9248009,2012,Singapore,Singapore,KX380839,2012
597,OM865818.1|2019-08,3III_B.3,3III_B,3III,OM865818,10661,104.7970117,2019,Bhutan: Duksum Outbreak,Bhutan,OM865818,2019
597,KX380840.1|2012,3I_A,3I_A,3I,KX380840,10674,104.9248009,2012,Singapore,Singapore,KX380840,2012
598,OM865819.1|2019-08,3III_B.3,3III_B,3III,OM865819,10661,104.7970117,2019,Bhutan: Duksum Outbreak,Bhutan,OM865819,2019
598,KX380841.1|2012,3III_B.3,3III_B,3III,KX380841,10675,104.9346309,2012,Singapore,Singapore,KX380841,2012
599,OM865820.1|2019-08,3III_B.3,3III_B,3III,OM865820,10661,104.7970117,2019,Bhutan: Duksum Outbreak,Bhutan,OM865820,2019
599,KX380842.1|2013,3III_B.3,3III_B,3III,KX380842,10676,104.9444608,2013,Singapore,Singapore,KX380842,2013
600,OQ445895.1|2022-08-01,3III_B.3.2,3III_B,3III,OQ445895,10170,99.97051017,2022,USA: Florida,USA,OQ445895,2022
600,KU216208.1|2013-11-11,3III_B.1,3III_B,3III,KU216208,10672,104.9051411,2013,India,India,KU216208,2013
601,OQ445896.1|2022-07-25,3III_B.3.2,3III_B,3III,OQ445896,10170,99.97051017,2022,USA: Florida,USA,OQ445896,2022
601,KU216209.1|2013-11-11,3III_B.1,3III_B,3III,KU216209,10674,104.9248009,2013,India,India,KU216209,2013
602,OQ445897.1|2022-07-25,3III_B.3.2,3III_B,3III,OQ445897,10170,99.97051017,2022,USA: Florida,USA,OQ445897,2022
602,KT726340.1|2001,3III_C.1,3III_C,3III,KT726340,10663,104.8166716,2001,Cuba,Cuba,KT726340,2001
603,OQ445898.1|2022-07-30,3III_B.3.2,3III_B,3III,OQ445898,10170,99.97051017,2022,USA: Florida,USA,OQ445898,2022
603,KT726341.1|2001,3III_C.1,3III_C,3III,KT726341,10663,104.8166716,2001,Cuba,Cuba,KT726341,2001
604,OQ445899.1|2022-07-28,3III_B.3.2,3III_B,3III,OQ445899,10170,99.97051017,2022,USA: Florida,USA,OQ445899,2022
604,KT726342.1|2001,3III_C.2,3III_C,3III,KT726342,10663,104.8166716,2001,Cuba,Cuba,KT726342,2001
605,OQ445900.2|2022-09-13,3III_B.3.2,3III_B,3III,OQ445900,10170,99.97051017,2022,Puerto Rico,USA,OQ445900,2022
605,KT726343.1|2001,3III_C.2,3III_C,3III,KT726343,10663,104.8166716,2001,Cuba,Cuba,KT726343,2001
606,OQ445901.1|2022-07-25,3III_B.3.2,3III_B,3III,OQ445901,10170,99.97051017,2022,USA: Florida,USA,OQ445901,2022
606,KT726344.1|2001,3III_C.2,3III_C,3III,KT726344,10663,104.8166716,2001,Cuba,Cuba,KT726344,2001
607,OQ445902.1|2022-07-26,3III_B.3.2,3III_B,3III,OQ445902,10170,99.97051017,2022,USA: Florida,USA,OQ445902,2022
607,KT726345.1|2002,3III_C.2,3III_C,3III,KT726345,10663,104.8166716,2002,Cuba,Cuba,KT726345,2002
608,OQ445903.1|2022-07-19,3III_B.3.2,3III_B,3III,OQ445903,10170,99.97051017,2022,USA: Florida,USA,OQ445903,2022
608,KT726346.1|2002,3III_C.2,3III_C,3III,KT726346,10663,104.8166716,2002,Cuba,Cuba,KT726346,2002
609,OQ445904.1|2022-07-30,3III_B.3.2,3III_B,3III,OQ445904,10170,99.97051017,2022,USA: Florida,USA,OQ445904,2022
609,KT726347.1|2002,3III_C.2,3III_C,3III,KT726347,10663,104.8166716,2002,Cuba,Cuba,KT726347,2002
610,OQ445905.1|2022-08-02,3III_B.3.2,3III_B,3III,OQ445905,10170,99.97051017,2022,USA: Florida,USA,OQ445905,2022
610,KT726348.1|2002,3III_C.2,3III_C,3III,KT726348,10663,104.8166716,2002,Cuba,Cuba,KT726348,2002
611,OQ445906.1|2022-08-03,3III_B.3.2,3III_B,3III,OQ445906,10170,99.97051017,2022,USA: Florida,USA,OQ445906,2022
611,KT726349.1|2001,3III_C.2,3III_C,3III,KT726349,10663,104.8166716,2001,Cuba,Cuba,KT726349,2001
612,OQ445907.1|2022-08-03,3III_B.3.2,3III_B,3III,OQ445907,10170,99.97051017,2022,USA: Florida,USA,OQ445907,2022
612,KT726350.1|2001,3III_C.2,3III_C,3III,KT726350,10663,104.8166716,2001,Cuba,Cuba,KT726350,2001
613,OQ445908.1|2022-07-27,3III_B.3.2,3III_B,3III,OQ445908,10170,99.97051017,2022,USA: Florida,USA,OQ445908,2022
613,KT726351.1|2001,3III_C.2,3III_C,3III,KT726351,10663,104.8166716,2001,Cuba,Cuba,KT726351,2001
614,OQ445909.1|2022-08-08,3III_B.3.2,3III_B,3III,OQ445909,10170,99.97051017,2022,USA: Florida,USA,OQ445909,2022
614,KT726352.1|2001,3III_C.2,3III_C,3III,KT726352,10663,104.8166716,2001,Cuba,Cuba,KT726352,2001
615,OQ445910.1|2022-08-08,3III_B.3.2,3III_B,3III,OQ445910,10170,99.97051017,2022,USA: Florida,USA,OQ445910,2022
615,KT726353.1|2001,3III_C.2,3III_C,3III,KT726353,10663,104.8166716,2001,Cuba,Cuba,KT726353,2001
616,OQ445911.1|2022-08-06,3III_B.3.2,3III_B,3III,OQ445911,10170,99.97051017,2022,USA: Florida,USA,OQ445911,2022
616,KT726354.1|2001,3III_C.2,3III_C,3III,KT726354,10663,104.8166716,2001,Cuba,Cuba,KT726354,2001
617,OQ445912.1|2022-08-09,3III_B.3.2,3III_B,3III,OQ445912,10170,99.97051017,2022,USA: Florida,USA,OQ445912,2022
617,KT726355.1|2001,3III_C.2,3III_C,3III,KT726355,10663,104.8166716,2001,Cuba,Cuba,KT726355,2001
618,OQ445913.1|2022-08-09,3III_B.3.2,3III_B,3III,OQ445913,10170,99.97051017,2022,USA: Florida,USA,OQ445913,2022
618,KT726356.1|2001,3III_C.2,3III_C,3III,KT726356,10663,104.8166716,2001,Cuba,Cuba,KT726356,2001
619,OQ445914.1|2022-08-04,3III_B.3.2,3III_B,3III,OQ445914,10170,99.97051017,2022,USA: Florida,USA,OQ445914,2022
619,KT726357.1|2001,3III_C.2,3III_C,3III,KT726357,10663,104.8166716,2001,Cuba,Cuba,KT726357,2001
620,OQ445915.1|2022-08-10,3III_B.3.2,3III_B,3III,OQ445915,10170,99.97051017,2022,USA: Florida,USA,OQ445915,2022
620,KT726358.1|2001,3III_C.2,3III_C,3III,KT726358,10663,104.8166716,2001,Cuba,Cuba,KT726358,2001
621,OQ445916.1|2022-08-10,3III_B.3.2,3III_B,3III,OQ445916,10170,99.97051017,2022,USA: Florida,USA,OQ445916,2022
621,KT726359.1|2001,3III_C.2,3III_C,3III,KT726359,10663,104.8166716,2001,Cuba,Cuba,KT726359,2001
622,OQ445917.1|2022-08-08,3III_B.3.2,3III_B,3III,OQ445917,10170,99.97051017,2022,USA: Florida,USA,OQ445917,2022
622,KT726360.1|2001,3III_C.2,3III_C,3III,KT726360,10663,104.8166716,2001,Cuba,Cuba,KT726360,2001
623,OQ445918.1|2022-08-09,3III_B.3.2,3III_B,3III,OQ445918,10170,99.97051017,2022,USA: Florida,USA,OQ445918,2022
623,KT726361.1|2002,3III_C.2,3III_C,3III,KT726361,10663,104.8166716,2002,Cuba,Cuba,KT726361,2002
624,OQ445919.1|2022-08-15,3III_B.3.2,3III_B,3III,OQ445919,10170,99.97051017,2022,USA: Florida,USA,OQ445919,2022
624,KU050695.1|1956,3V,3V,3V,KU050695,10696,105.1410597,1956,Philippines,Philippines,KU050695,1956
625,OQ445920.1|2022-08-18,3III_B.3.2,3III_B,3III,OQ445920,10170,99.97051017,2022,USA: Florida,USA,OQ445920,2022
625,KR296743.1|2013,3II_B,3II_B,3II,KR296743,10710,105.2786789,2013,China,China,KR296743,2013
626,OQ445921.1|2022-08-28,3III_B.3.2,3III_B,3III,OQ445921,10170,99.97051017,2022,USA: Florida,USA,OQ445921,2022
626,KR296744.1|2013,3II_B,3II_B,3II,KR296744,10702,105.2000393,2013,China,China,KR296744,2013
627,OQ445922.1|2022-08-29,3III_B.3.2,3III_B,3III,OQ445922,10170,99.97051017,2022,USA: Florida,USA,OQ445922,2022
627,KM190937.1|1964,3V,3V,3V,KM190937,10267,100.9240145,1964,Philippines,Philippines,KM190937,1964
628,OQ445923.1|2022-09-05,3III_B.3.2,3III_B,3III,OQ445923,10170,99.97051017,2022,USA: Florida,USA,OQ445923,2022
628,KJ737429.1|1994,3II_A,3II_A,3II,KJ737429,10707,105.249189,1994,Thailand,Thailand,KJ737429,1994
629,OQ445924.1|2022-09-02,3III_B.3.2,3III_B,3III,OQ445924,10170,99.97051017,2022,USA: Florida,USA,OQ445924,2022
629,KJ737430.1|1983,3II,3II,3II,KJ737430,10707,105.249189,1983,Thailand,Thailand,KJ737430,1983
630,OQ445925.1|2022-09-14,3III_B.3.2,3III_B,3III,OQ445925,10170,99.97051017,2022,USA: Florida,USA,OQ445925,2022
630,KJ622191.1|2013,3II_B,3II_B,3II,KJ622191,10710,105.2786789,2013,China,China,KJ622191,2013
631,OQ445926.1|2022-09-11,3III_B.3.2,3III_B,3III,OQ445926,10170,99.97051017,2022,USA: Florida,USA,OQ445926,2022
631,KJ622192.1|2013,3II_B,3II_B,3II,KJ622192,10710,105.2786789,2013,China,China,KJ622192,2013
632,OQ445927.1|2022-09-25,3III_B.3.2,3III_B,3III,OQ445927,10170,99.97051017,2022,USA: Florida,USA,OQ445927,2022
632,KJ622193.1|2013,3II_B,3II_B,3II,KJ622193,10706,105.2393591,2013,China,China,KJ622193,2013
633,OQ445928.1|2022-09-20,3III_B.3.2,3III_B,3III,OQ445928,10170,99.97051017,2022,USA: Florida,USA,OQ445928,2022
633,KJ622194.1|2013,3II_B,3II_B,3II,KJ622194,10711,105.2885088,2013,China,China,KJ622194,2013
634,OQ445929.1|2022-09-25,3III_B.3.2,3III_B,3III,OQ445929,10170,99.97051017,2022,USA: Florida,USA,OQ445929,2022
634,KJ622195.1|2013,3II_B,3II_B,3II,KJ622195,10711,105.2885088,2013,China,China,KJ622195,2013
635,OQ445930.1|2022-10-10,3III_B.3.2,3III_B,3III,OQ445930,10170,99.97051017,2022,USA: Florida,USA,OQ445930,2022
635,KJ622196.1|2013,3II_B,3II_B,3II,KJ622196,10710,105.2786789,2013,China,China,KJ622196,2013
636,OQ445932.1|2022-10-23,3III_B.3.2,3III_B,3III,OQ445932,10170,99.97051017,2022,USA: Florida,USA,OQ445932,2022
636,KJ622197.1|2013,3II_B,3II_B,3II,KJ622197,10710,105.2786789,2013,China,China,KJ622197,2013
637,OQ445933.1|2022-10-24,3III_B.3.2,3III_B,3III,OQ445933,10170,99.97051017,2022,USA: Florida,USA,OQ445933,2022
637,KJ622198.1|2013,3II_B,3II_B,3II,KJ622198,10710,105.2786789,2013,China,China,KJ622198,2013
638,OQ445934.1|2022-10-20,3III_B.3.2,3III_B,3III,OQ445934,10170,99.97051017,2022,USA: Florida,USA,OQ445934,2022
638,KJ622199.1|2013,3II_B,3II_B,3II,KJ622199,10710,105.2786789,2013,China,China,KJ622199,2013
639,OQ445935.1|2022-10-26,3III_B.3.2,3III_B,3III,OQ445935,10170,99.97051017,2022,USA: Florida,USA,OQ445935,2022
639,KC762681.1|2007-06-22,3I_A,3I_A,3I,KC762681,10707,105.249189,2007,Indonesia: Makassar,Indonesia,KC762681,2007
640,OQ445936.1|2022-07-26,3III_B.3.2,3III_B,3III,OQ445936,10170,99.97051017,2022,USA: Florida,USA,OQ445936,2022
640,KC762682.1|2007-07-26,3I_A,3I_A,3I,KC762682,10707,105.249189,2007,Indonesia: Makassar,Indonesia,KC762682,2007
641,OQ445937.1|2022-07-22,3III_B.3.2,3III_B,3III,OQ445937,10170,99.97051017,2022,USA: Florida,USA,OQ445937,2022
641,KC762683.1|2007-07-26,3I_A,3I_A,3I,KC762683,10707,105.249189,2007,Indonesia: Makassar,Indonesia,KC762683,2007
642,OQ445938.1|2022-07-21,3III_B.3.2,3III_B,3III,OQ445938,10170,99.97051017,2022,USA: Florida,USA,OQ445938,2022
642,KC762684.1|2007-07-10,3I_A,3I_A,3I,KC762684,10698,105.1607196,2007,Indonesia: Makassar,Indonesia,KC762684,2007
643,OQ445939.1|2022-07-22,3III_B.3.2,3III_B,3III,OQ445939,10170,99.97051017,2022,USA: Florida,USA,OQ445939,2022
643,KC762685.1|2008-02-15,3I_A,3I_A,3I,KC762685,10707,105.249189,2008,Indonesia: Makassar,Indonesia,KC762685,2008
644,OQ445940.1|2022-07-09,3III_B.3.2,3III_B,3III,OQ445940,10170,99.97051017,2022,USA: Florida,USA,OQ445940,2022
644,KC762686.1|2007-07-02,3I_A,3I_A,3I,KC762686,10707,105.249189,2007,Indonesia: Makassar,Indonesia,KC762686,2007
645,OQ445941.1|2022-07-21,3III_B.3.2,3III_B,3III,OQ445941,10170,99.97051017,2022,USA: Florida,USA,OQ445941,2022
645,KC762687.1|2008-02-15,3I_A,3I_A,3I,KC762687,10707,105.249189,2008,Indonesia: Makassar,Indonesia,KC762687,2008
646,OQ445942.1|2022-07-22,3III_B.3.2,3III_B,3III,OQ445942,10170,99.97051017,2022,USA: Florida,USA,OQ445942,2022
646,KC762688.1|2008-04-30,3I_A,3I_A,3I,KC762688,10707,105.249189,2008,Indonesia: Makassar,Indonesia,KC762688,2008
647,OQ445943.1|2022-07-19,3III_B.3.2,3III_B,3III,OQ445943,10170,99.97051017,2022,USA: Florida,USA,OQ445943,2022
647,KC762689.1|2008-02-15,3I_A,3I_A,3I,KC762689,10707,105.249189,2008,Indonesia: Makassar,Indonesia,KC762689,2008
648,OQ445944.1|2022-07-22,3III_B.3.2,3III_B,3III,OQ445944,10170,99.97051017,2022,USA: Florida,USA,OQ445944,2022
648,KC762690.1|2008-08-26,3I_A,3I_A,3I,KC762690,10709,105.2688489,2008,Indonesia: Makassar,Indonesia,KC762690,2008
649,OQ445945.1|2022-07-17,3III_B.3.2,3III_B,3III,OQ445945,10170,99.97051017,2022,USA: Florida,USA,OQ445945,2022
649,KC762691.1|2008-04-10,3I_A,3I_A,3I,KC762691,10707,105.249189,2008,Indonesia: Makassar,Indonesia,KC762691,2008
650,OQ445946.1|2022-08-09,3III_B.3.2,3III_B,3III,OQ445946,10170,99.97051017,2022,USA: Florida,USA,OQ445946,2022
650,KC762692.1|2010-03-22,3I_A,3I_A,3I,KC762692,10707,105.249189,2010,Indonesia: Makassar,Indonesia,KC762692,2010
651,OQ445947.1|2022-08-05,3III_B.3.2,3III_B,3III,OQ445947,10170,99.97051017,2022,USA: Florida,USA,OQ445947,2022
651,KC762693.1|2010-03-29,3I_A,3I_A,3I,KC762693,10707,105.249189,2010,Indonesia: Makassar,Indonesia,KC762693,2010
652,OQ445948.1|2022-07-29,3III_B.3.2,3III_B,3III,OQ445948,10170,99.97051017,2022,USA: Florida,USA,OQ445948,2022
652,KF971695.1|2009,3III_C.2.1,3III_C,3III,KF971695,10364,101.8775189,2009,Nicaragua,Nicaragua,KF971695,2009
653,OQ445949.1|2022-07-15,3III_B.3.2,3III_B,3III,OQ445949,10170,99.97051017,2022,USA: Florida,USA,OQ445949,2022
653,KF971696.1|2009,3III_C.2.1,3III_C,3III,KF971696,10418,102.4083358,2009,Nicaragua,Nicaragua,KF971696,2009
654,KF971697.1|2009,3III_C.2.1,3III_C,3III,KF971697,7961,78.25616829,2009,Nicaragua,Nicaragua,KF971697,2009
654,OQ445950.1|2022-07-09,3III_B.3.2,3III_B,3III,OQ445950,10170,99.97051017,2022,USA: Florida,USA,OQ445950,2022
655,OQ445951.1|2022-07-09,3III_B.3.2,3III_B,3III,OQ445951,10170,99.97051017,2022,USA: Florida,USA,OQ445951,2022
655,KF971699.1|2009,3III_C.2.1,3III_C,3III,KF971699,10699,105.1705495,2009,Nicaragua,Nicaragua,KF971699,2009
656,KF971700.1|2009,3III_C.2.1,3III_C,3III,KF971700,8161,80.22215669,2009,Nicaragua,Nicaragua,KF971700,2009
656,OQ445952.1|2022-07-10,3III_B.3.2,3III_B,3III,OQ445952,10170,99.97051017,2022,USA: Florida,USA,OQ445952,2022
657,KF971701.1|2009,3III_C.2.1,3III_C,3III,KF971701,7571,74.42249091,2009,Nicaragua,Nicaragua,KF971701,2009
657,OQ445953.1|2022-07-13,3III_B.3.2,3III_B,3III,OQ445953,10170,99.97051017,2022,USA: Florida,USA,OQ445953,2022
658,KF971702.1|2009,3III_C.2.1,3III_C,3III,KF971702,9306,91.47744028,2009,Nicaragua,Nicaragua,KF971702,2009
658,OQ445954.1|2022-07-08,3III_B.3.2,3III_B,3III,OQ445954,10170,99.97051017,2022,USA: Florida,USA,OQ445954,2022
659,KF971703.1|2009,3III_C.2.1,3III_C,3III,KF971703,8602,84.55716111,2009,Nicaragua,Nicaragua,KF971703,2009
659,OQ445955.1|2022-07-09,3III_B.3.2,3III_B,3III,OQ445955,10170,99.97051017,2022,USA: Florida,USA,OQ445955,2022
660,KF971704.1|2009,3III_C.2.1,3III_C,3III,KF971704,10053,98.82040696,2009,Nicaragua,Nicaragua,KF971704,2009
660,OQ445956.1|2022-07-06,3III_B.3.2,3III_B,3III,OQ445956,10170,99.97051017,2022,USA: Florida,USA,OQ445956,2022
661,KF971705.1|2009,3III_C.2.1,3III_C,3III,KF971705,9810,96.43173105,2009,Nicaragua,Nicaragua,KF971705,2009
661,OQ445957.1|2022-06-25,3III_B.3.2,3III_B,3III,OQ445957,10170,99.97051017,2022,USA: Florida,USA,OQ445957,2022
662,KF971708.1|2010,3III_C.2.1,3III_C,3III,KF971708,8464,83.20062912,2010,Nicaragua,Nicaragua,KF971708,2010
662,OQ445958.1|2022-06-28,3III_B.3.2,3III_B,3III,OQ445958,10170,99.97051017,2022,USA: Florida,USA,OQ445958,2022
663,OQ445959.1|2022-06-29,3III_B.3.2,3III_B,3III,OQ445959,10170,99.97051017,2022,USA: Florida,USA,OQ445959,2022
663,KF971709.1|2009,3III_C.2.1,3III_C,3III,KF971709,10678,104.9641207,2009,Nicaragua,Nicaragua,KF971709,2009
664,KF971710.1|2010,3III_C.2.1,3III_C,3III,KF971710,8206,80.66450408,2010,Nicaragua,Nicaragua,KF971710,2010
664,OQ445960.1|2022-06-21,3III_B.3.2,3III_B,3III,OQ445960,10170,99.97051017,2022,USA: Florida,USA,OQ445960,2022
665,OQ445961.1|2022-05-22,3III_B.3.2,3III_B,3III,OQ445961,10170,99.97051017,2022,USA: Florida,USA,OQ445961,2022
665,KF971711.1|2010,3III_C.2.1,3III_C,3III,KF971711,10523,103.4404797,2010,Nicaragua,Nicaragua,KF971711,2010
666,OQ445962.1|2022-06-28,3III_B.3.2,3III_B,3III,OQ445962,10170,99.97051017,2022,USA: Florida,USA,OQ445962,2022
666,KF973476.1|2011,3III_C.2.1,3III_C,3III,KF973476,10696,105.1410597,2011,Nicaragua,Nicaragua,KF973476,2011
667,KF973477.1|2011,3III_C.2.1,3III_C,3III,KF973477,10512,103.3323503,2011,Nicaragua,Nicaragua,KF973477,2011
667,OQ339138.1|2022,3III_B.3,3III_B,3III,OQ339138,10681,104.9936105,2022,India,India,OQ339138,2022
668,KF973478.1|2012,3III_C.2.1,3III_C,3III,KF973478,10584,104.0401062,2012,Nicaragua,Nicaragua,KF973478,2012
668,OQ103092.1|2019-07-10,3I_A.1.1,3I_A,3I,OQ103092,10687,105.0525902,2019,Sri Lanka,Sri Lanka,OQ103092,2019
669,KF973479.1|2012,3III_C.2.1,3III_C,3III,KF973479,10569,103.892657,2012,Nicaragua,Nicaragua,KF973479,2012
669,OQ103113.1|2020-01-01,3I_A.1.1,3I_A,3I,OQ103113,10705,105.2295291,2020,Sri Lanka,Sri Lanka,OQ103113,2020
670,OQ103114.1|2021-03-12,3I_A.1.1,3I_A,3I,OQ103114,8341,81.99154625,2021,Sri Lanka,Sri Lanka,OQ103114,2021
670,KF973480.1|2012,3III_C.2.1,3III_C,3III,KF973480,10569,103.892657,2012,Nicaragua,Nicaragua,KF973480,2012
671,OQ103123.1|2022-03-31,3I_A.1.1,3I_A,3I,OQ103123,8335,81.9325666,2022,Sri Lanka,Sri Lanka,OQ103123,2022
671,KF973481.1|2011,3III_C.2.1,3III_C,3III,KF973481,10644,104.6299027,2011,Nicaragua,Nicaragua,KF973481,2011
672,KF973482.1|2011,3III_C.2.1,3III_C,3III,KF973482,10584,104.0401062,2011,Nicaragua,Nicaragua,KF973482,2011
672,OQ103317.1|2022-05-20,3I_A.1.1,3I_A,3I,OQ103317,10696,105.1410597,2022,Sri Lanka,Sri Lanka,OQ103317,2022
673,KF973483.1|2011,3III_C.2.1,3III_C,3III,KF973483,10509,103.3028605,2011,Nicaragua,Nicaragua,KF973483,2011
673,OP921002.1|2022-07-27,3III_B.3,3III_B,3III,OP921002,10645,104.6397326,2022,India,India,OP921002,2022
674,KF973484.1|2011,3III_C.2.1,3III_C,3III,KF973484,10578,103.9811265,2011,Nicaragua,Nicaragua,KF973484,2011
674,OP895705.1|2018,3III_B.3,3III_B,3III,OP895705,10695,105.1312297,2018,India,India,OP895705,2018
675,KF973485.1|2011,3III_C.2.1,3III_C,3III,KF973485,10604,104.236705,2011,Nicaragua,Nicaragua,KF973485,2011
675,OP895928.1|2019-03,3III_B.3.1,3III_B,3III,OP895928,10634,104.5316033,2019,Maldives,Maldives,OP895928,2019
676,KF973486.1|2012,3III_C.2.1,3III_C,3III,KF973486,10576,103.9614666,2012,Nicaragua,Nicaragua,KF973486,2012
676,OP895929.1|2019-12,3III_B.3.1,3III_B,3III,OP895929,10634,104.5316033,2019,Maldives,Maldives,OP895929,2019
677,KF973487.1|2011,3III_C.2.1,3III_C,3III,KF973487,10569,103.892657,2011,Nicaragua,Nicaragua,KF973487,2011
677,ON103302.1|2021-08,3III_A,3III_A,3III,ON103302,10707,105.249189,2021,Bangladesh,Bangladesh,ON103302,2021
678,KJ830751.1|2014-01-26,3III_A.2,3III_A,3III,KJ830751,10635,104.5414332,2014,Saudi Arabia,Saudi Arabia,KJ830751,2014
678,ON103303.1|2021-08,3I_A.2,3I_A,3I,ON103303,10661,104.7970117,2021,Bangladesh,Bangladesh,ON103303,2021
679,KJ643590.1|2007,3III_C.2,3III_C,3III,KJ643590,10692,105.1017399,2007,Peru,Peru,KJ643590,2007
679,ON103390.1|2021-08,3III_A,3III_A,3III,ON103390,10707,105.249189,2021,Bangladesh,Bangladesh,ON103390,2021
680,ON103391.1|2021-08,3I_A.2,3I_A,3I,ON103391,10668,104.8658213,2021,Bangladesh,Bangladesh,ON103391,2021
680,KF954945.1|2013-08-08,3III_B.3,3III_B,3III,KF954945,10686,105.0427602,2013,China: Zhongshan,China,KF954945,2013
681,KF954946.1|2013-08-08,3III_B.3,3III_B,3III,KF954946,10686,105.0427602,2013,China: Zhongshan,China,KF954946,2013
681,ON111445.1|2021-08,3III_A,3III_A,3III,ON111445,10707,105.249189,2021,Bangladesh,Bangladesh,ON111445,2021
682,ON111446.1|2021-08,3I_A.2,3I_A,3I,ON111446,10651,104.6987123,2021,Bangladesh,Bangladesh,ON111446,2021
682,KF954947.1|2013-08-08,3III_B.3,3III_B,3III,KF954947,10675,104.9346309,2013,China: Zhongshan,China,KF954947,2013
683,KF954948.1|2013-08-08,3III_B.3,3III_B,3III,KF954948,10678,104.9641207,2013,China: Zhongshan,China,KF954948,2013
683,ON115021.1|2021-08,3III_A,3III_A,3III,ON115021,10707,105.249189,2021,Bangladesh,Bangladesh,ON115021,2021
684,ON115022.1|2021-08,3I_A.2,3I_A,3I,ON115022,10652,104.7085422,2021,Bangladesh,Bangladesh,ON115022,2021
684,KF954949.1|2013-08-08,3III_B.3,3III_B,3III,KF954949,10677,104.9542908,2013,China: Zhongshan,China,KF954949,2013
685,KJ189255.1|2002,3III_C.2,3III_C,3III,KJ189255,10693,105.1115698,2002,Peru,Peru,KJ189255,2002
685,ON115023.1|2021-08,3III_A,3III_A,3III,ON115023,10707,105.249189,2021,Bangladesh,Bangladesh,ON115023,2021
686,ON115024.1|2021-08,3I_A.2,3I_A,3I,ON115024,10652,104.7085422,2021,Bangladesh,Bangladesh,ON115024,2021
686,KJ189256.1|2002,3III_C.2,3III_C,3III,KJ189256,10693,105.1115698,2002,Peru,Peru,KJ189256,2002
687,KJ189257.1|2004,3III_C.2,3III_C,3III,KJ189257,10693,105.1115698,2004,Peru,Peru,KJ189257,2004
687,ON115025.1|2021-08,3III_A,3III_A,3III,ON115025,10707,105.249189,2021,Bangladesh,Bangladesh,ON115025,2021
688,ON115026.1|2021-08,3I_A.2,3I_A,3I,ON115026,10649,104.6790524,2021,Bangladesh,Bangladesh,ON115026,2021
688,KJ189258.1|2002,3III_C.2,3III_C,3III,KJ189258,10692,105.1017399,2002,Peru,Peru,KJ189258,2002
689,KJ189259.1|2002,3III_C.2,3III_C,3III,KJ189259,10692,105.1017399,2002,Peru,Peru,KJ189259,2002
689,ON115029.1|2021-08,3III_A,3III_A,3III,ON115029,10707,105.249189,2021,Bangladesh,Bangladesh,ON115029,2021
690,ON115030.1|2021-08,3I_A.2,3I_A,3I,ON115030,10669,104.8756512,2021,Bangladesh,Bangladesh,ON115030,2021
690,KJ189260.1|2002,3III_C.2,3III_C,3III,KJ189260,10692,105.1017399,2002,Peru,Peru,KJ189260,2002
691,KJ189261.1|2008,3III_C.2,3III_C,3III,KJ189261,10685,105.0329303,2008,Peru,Peru,KJ189261,2008
691,ON115182.1|2021-08,3III_A,3III_A,3III,ON115182,10707,105.249189,2021,Bangladesh,Bangladesh,ON115182,2021
692,ON115183.1|2021-08,3I_A.2,3I_A,3I,ON115183,10667,104.8559913,2021,Bangladesh,Bangladesh,ON115183,2021
692,KJ189262.1|2004,3III_C.2,3III_C,3III,KJ189262,10692,105.1017399,2004,Peru,Peru,KJ189262,2004
693,KJ189263.1|2004,3III_C.2,3III_C,3III,KJ189263,10693,105.1115698,2004,Peru,Peru,KJ189263,2004
693,ON115811.1|2021-08,3III_A,3III_A,3III,ON115811,10707,105.249189,2021,Bangladesh,Bangladesh,ON115811,2021
694,ON115812.1|2021-08,3I_A.2,3I_A,3I,ON115812,10637,104.5610931,2021,Bangladesh,Bangladesh,ON115812,2021
694,KJ189264.1|2004,3III_C.2,3III_C,3III,KJ189264,10693,105.1115698,2004,Peru,Peru,KJ189264,2004
695,KJ189265.1|2004,3III_C.2,3III_C,3III,KJ189265,10693,105.1115698,2004,Peru,Peru,KJ189265,2004
695,ON115814.1|2021-08,3III_A,3III_A,3III,ON115814,10707,105.249189,2021,Bangladesh,Bangladesh,ON115814,2021
696,ON115815.1|2021-08,3I_A.2,3I_A,3I,ON115815,10663,104.8166716,2021,Bangladesh,Bangladesh,ON115815,2021
696,KJ189266.1|2004,3III_C.2,3III_C,3III,KJ189266,10696,105.1410597,2004,Peru,Peru,KJ189266,2004
697,KJ189267.1|2007,3III_C.2,3III_C,3III,KJ189267,10693,105.1115698,2007,Peru,Peru,KJ189267,2007
697,ON115816.1|2021-08,3III_A,3III_A,3III,ON115816,10707,105.249189,2021,Bangladesh,Bangladesh,ON115816,2021
698,ON115817.1|2021-08,3I_A.2,3I_A,3I,ON115817,10354,101.7792195,2021,Bangladesh,Bangladesh,ON115817,2021
698,KJ189268.1|2007,3III_C.2,3III_C,3III,KJ189268,10692,105.1017399,2007,Peru,Peru,KJ189268,2007
699,KJ189269.1|2007,3III_C.2,3III_C,3III,KJ189269,10693,105.1115698,2007,Peru,Peru,KJ189269,2007
699,ON115818.1|2021-08,3III_A,3III_A,3III,ON115818,10707,105.249189,2021,Bangladesh,Bangladesh,ON115818,2021
700,ON115819.1|2021-08,3I_A.2,3I_A,3I,ON115819,10650,104.6888823,2021,Bangladesh,Bangladesh,ON115819,2021
700,KJ189270.1|2007,3III_C.2,3III_C,3III,KJ189270,10693,105.1115698,2007,Peru,Peru,KJ189270,2007
701,KJ189271.1|2007,3III_C.2,3III_C,3III,KJ189271,10692,105.1017399,2007,Peru,Peru,KJ189271,2007
701,ON116129.1|2021-08,3III_A,3III_A,3III,ON116129,10707,105.249189,2021,Bangladesh,Bangladesh,ON116129,2021
702,ON116130.1|2021-08,3I_A.2,3I_A,3I,ON116130,10348,101.7202399,2021,Bangladesh,Bangladesh,ON116130,2021
702,KJ189272.1|2007,3III_C.2,3III_C,3III,KJ189272,10693,105.1115698,2007,Peru,Peru,KJ189272,2007
703,KJ189273.1|2007,3III_C.2,3III_C,3III,KJ189273,10693,105.1115698,2007,Peru,Peru,KJ189273,2007
703,ON127418.1|2021-08,3III_A,3III_A,3III,ON127418,10707,105.249189,2021,Bangladesh,Bangladesh,ON127418,2021
704,ON127419.1|2021-08,3I_A.2,3I_A,3I,ON127419,10655,104.738032,2021,Bangladesh,Bangladesh,ON127419,2021
704,KJ189274.1|2007,3III_C.2,3III_C,3III,KJ189274,10695,105.1312297,2007,Peru,Peru,KJ189274,2007
705,KJ189275.1|2007,3III_C.2,3III_C,3III,KJ189275,10698,105.1607196,2007,Peru,Peru,KJ189275,2007
705,ON127533.1|2021-08,3III_A,3III_A,3III,ON127533,10707,105.249189,2021,Bangladesh,Bangladesh,ON127533,2021
706,ON127534.1|2021-08,3I_A.2,3I_A,3I,ON127534,10654,104.7282021,2021,Bangladesh,Bangladesh,ON127534,2021
706,KJ189276.1|2007,3III_C.2,3III_C,3III,KJ189276,10693,105.1115698,2007,Peru,Peru,KJ189276,2007
707,KJ189277.1|2007,3III_C.2,3III_C,3III,KJ189277,10693,105.1115698,2007,Peru,Peru,KJ189277,2007
707,ON127537.1|2021-08,3III_A,3III_A,3III,ON127537,10707,105.249189,2021,Bangladesh,Bangladesh,ON127537,2021
708,ON127538.1|2021-08,3I_A.2,3I_A,3I,ON127538,10642,104.6102428,2021,Bangladesh,Bangladesh,ON127538,2021
708,KJ189278.1|2007,3III_C.2,3III_C,3III,KJ189278,10694,105.1213998,2007,Peru,Peru,KJ189278,2007
709,KJ189279.1|2007,3III_C.2,3III_C,3III,KJ189279,10692,105.1017399,2007,Peru,Peru,KJ189279,2007
709,ON127550.1|2021-08,3III_A,3III_A,3III,ON127550,10707,105.249189,2021,Bangladesh,Bangladesh,ON127550,2021
710,ON127551.1|2021-08,3I_A.2,3I_A,3I,ON127551,10649,104.6790524,2021,Bangladesh,Bangladesh,ON127551,2021
710,KJ189280.1|2007,3III_C.2,3III_C,3III,KJ189280,10692,105.1017399,2007,Peru,Peru,KJ189280,2007
711,KJ189281.1|2007,3III_C.2,3III_C,3III,KJ189281,10692,105.1017399,2007,Peru,Peru,KJ189281,2007
711,ON127552.1|2021-08,3III_A,3III_A,3III,ON127552,10707,105.249189,2021,Bangladesh,Bangladesh,ON127552,2021
712,ON127553.1|2021-08,3I_A.2,3I_A,3I,ON127553,10465,102.8703431,2021,Bangladesh,Bangladesh,ON127553,2021
712,KJ189282.1|2007,3III_C.2,3III_C,3III,KJ189282,10695,105.1312297,2007,Peru,Peru,KJ189282,2007
713,OP741243.1|2021-10,3I_A.2,3I_A,3I,OP741243,10602,104.2170451,2021,Bangladesh: Dhaka,Bangladesh,OP741243,2021
713,KJ189283.1|2007,3III_C.2,3III_C,3III,KJ189283,10693,105.1115698,2007,Peru,Peru,KJ189283,2007
714,OP741244.1|2021-10,3I_A.2,3I_A,3I,OP741244,10610,104.2956847,2021,Bangladesh: Dhaka,Bangladesh,OP741244,2021
714,KJ189284.1|2008,3III_C.2,3III_C,3III,KJ189284,10693,105.1115698,2008,Peru,Peru,KJ189284,2008
715,OP740753.1|2021-10,3I_A.2,3I_A,3I,OP740753,10645,104.6397326,2021,Bangladesh: Dhaka,Bangladesh,OP740753,2021
715,KJ189285.1|2008,3III_C.2,3III_C,3III,KJ189285,10692,105.1017399,2008,Peru,Peru,KJ189285,2008
716,KJ189286.1|2008,3III_C.2,3III_C,3III,KJ189286,10697,105.1508896,2008,Peru,Peru,KJ189286,2008
716,OP410993.1|2008-09,3III_A.2,3III_A,3III,OP410993,10708,105.259019,2008,Singapore,Singapore,OP410993,2008
717,KJ189287.1|2008,3III_C.2,3III_C,3III,KJ189287,10694,105.1213998,2008,Peru,Peru,KJ189287,2008
717,OP410994.1|2013-01,3III_B.3,3III_B,3III,OP410994,10708,105.259019,2013,Singapore,Singapore,OP410994,2013
718,KJ189288.1|2008,3III_C.2,3III_C,3III,KJ189288,10697,105.1508896,2008,Peru,Peru,KJ189288,2008
718,OP410995.1|2014-10,3I_C,3I_C,3I,OP410995,10706,105.2393591,2014,Singapore,Singapore,OP410995,2014
719,KJ189289.1|2008,3III_C.2,3III_C,3III,KJ189289,10692,105.1017399,2008,Peru,Peru,KJ189289,2008
719,OP410996.1|2019-11,3I_A.1,3I_A,3I,OP410996,10707,105.249189,2019,Singapore,Singapore,OP410996,2019
720,KJ189290.1|2008,3III_C.2,3III_C,3III,KJ189290,10692,105.1017399,2008,Peru,Peru,KJ189290,2008
720,OP410997.1|2019-01,3III_B.3,3III_B,3III,OP410997,10708,105.259019,2019,Singapore,Singapore,OP410997,2019
721,KJ189291.1|2008,3III_C.2,3III_C,3III,KJ189291,10692,105.1017399,2008,Peru,Peru,KJ189291,2008
721,OP410998.1|2018-02,3III_B.1,3III_B,3III,OP410998,10700,105.1803794,2018,Singapore,Singapore,OP410998,2018
722,ON900159.1|2019-06-01,3III_B.3.1,3III_B,3III,ON900159,10638,104.570923,2019,China,China,ON900159,2019
722,KJ189292.1|2009,3III_C.2,3III_C,3III,KJ189292,10696,105.1410597,2009,Peru,Peru,KJ189292,2009
723,ON907582.1|2019-07-08,3III_B.3.1,3III_B,3III,ON907582,10640,104.5905829,2019,China,China,ON907582,2019
723,KJ189293.1|2005,3III_C.2,3III_C,3III,KJ189293,10693,105.1115698,2005,Peru,Peru,KJ189293,2005
724,ON907583.1|2019-06-07,3I_A.2,3I_A,3I,ON907583,10606,104.2563649,2019,Bangladesh,Bangladesh,ON907583,2019
724,KJ189294.1|2006,3III_C.2,3III_C,3III,KJ189294,10692,105.1017399,2006,Peru,Peru,KJ189294,2006
725,ON908231.1|2019-06-10,3I_A.2,3I_A,3I,ON908231,10641,104.6004129,2019,Bangladesh,Bangladesh,ON908231,2019
725,KJ189295.1|2006,3III_C.2,3III_C,3III,KJ189295,10694,105.1213998,2006,Peru,Peru,KJ189295,2006
726,ON908232.1|2019-11-09,3III_B.2,3III_B,3III,ON908232,10608,104.2760248,2019,Ethiopia,Ethiopia,ON908232,2019
726,KJ189296.1|2006,3III_C.2,3III_C,3III,KJ189296,10697,105.1508896,2006,Peru,Peru,KJ189296,2006
727,ON908233.1|2019-05-19,3III_B.3.1,3III_B,3III,ON908233,10529,103.4994594,2019,Maldives,Maldives,ON908233,2019
727,KJ189297.1|2006,3III_C.2,3III_C,3III,KJ189297,10692,105.1017399,2006,Peru,Peru,KJ189297,2006
728,ON908234.1|2019-07-08,3III_B.3.1,3III_B,3III,ON908234,10645,104.6397326,2019,China,China,ON908234,2019
728,KJ189298.1|2008,3III_C.2,3III_C,3III,KJ189298,10692,105.1017399,2008,Peru,Peru,KJ189298,2008
729,ON908235.1|2019-06-07,3I_A.2,3I_A,3I,ON908235,10641,104.6004129,2019,Bangladesh,Bangladesh,ON908235,2019
729,KJ189299.1|2005,3III_C.2,3III_C,3III,KJ189299,10692,105.1017399,2005,Peru,Peru,KJ189299,2005
730,ON908236.1|2019-07-30,3I_A.1.2,3I_A,3I,ON908236,10643,104.6200727,2019,China,China,ON908236,2019
730,KJ189300.1|2008,3III_C.2,3III_C,3III,KJ189300,10692,105.1017399,2008,Peru,Peru,KJ189300,2008
731,ON908237.1|2019-08-08,3I_A.1.2,3I_A,3I,ON908237,10637,104.5610931,2019,China,China,ON908237,2019
731,KJ189301.1|2008,3III_C.2,3III_C,3III,KJ189301,10693,105.1115698,2008,Peru,Peru,KJ189301,2008
732,ON908238.1|2018-02-05,3I_A.1,3I_A,3I,ON908238,10641,104.6004129,2018,Thailand,Thailand,ON908238,2018
732,KF824902.1|2013,3II_B,3II_B,3II,KF824902,10707,105.249189,2013,China,China,KF824902,2013
733,ON908245.1|2019-06-01,3III_B.3.1,3III_B,3III,ON908245,10641,104.6004129,2019,China,China,ON908245,2019
733,KF824903.1|2013,3II_B,3II_B,3II,KF824903,10707,105.249189,2013,China,China,KF824903,2013
734,ON890788.1|2019-11-09,3III_B.2,3III_B,3III,ON890788,10656,104.747862,2019,Ethiopia,Ethiopia,ON890788,2019
734,KF955332.1|2000,3II_A,3II_A,3II,KF955332,10688,105.0624201,2000,Cambodia,Cambodia,KF955332,2000
735,KF955333.1|2005,3II_A.2,3II_A,3II,KF955333,10502,103.2340509,2005,Cambodia,Cambodia,KF955333,2005
735,ON890789.1|2019-05-19,3III_B.3.1,3III_B,3III,ON890789,10648,104.6692225,2019,Maldives,Maldives,ON890789,2019
736,KF955335.1|2009,3III_C.2.1,3III_C,3III,KF955335,8184,80.44824536,2009,Nicaragua,Nicaragua,KF955335,2009
736,ON890832.1|2019-07-30,3I_A.1.2,3I_A,3I,ON890832,10660,104.7871818,2019,China: Guangzhou,China,ON890832,2019
737,KF955448.1|2006,3III_C.1,3III_C,3III,KF955448,7137,70.15629608,2006,Puerto Rico,USA,KF955448,2006
737,ON891145.1|2019-06-01,3III_B.3.1,3III_B,3III,ON891145,10638,104.570923,2019,China: Guangzhou,China,ON891145,2019
738,KF955455.1|2005,3III_C.1,3III_C,3III,KF955455,7366,72.4073528,2005,Puerto Rico,USA,KF955455,2005
738,ON799401.1|2018,3III_B.3,3III_B,3III,ON799401,10706,105.2393591,2018,India,India,ON799401,2018
739,KF955456.1|2006,3III_C.1,3III_C,3III,KF955456,10645,104.6397326,2006,Puerto Rico,USA,KF955456,2006
739,MW720883.1|2019-09,3III_B.3.1,3III_B,3III,MW720883,10665,104.8363315,2019,China,China,MW720883,2019
740,KF955457.1|2007,3II_A.1,3II_A,3II,KF955457,10636,104.5512631,2007,Viet Nam,Viet Nam,KF955457,2007
740,MW720884.1|2019-09,3III_B.3.1,3III_B,3III,MW720884,10665,104.8363315,2019,China,China,MW720884,2019
741,KF955458.1|2007,3II_A.1,3II_A,3II,KF955458,10640,104.5905829,2007,Viet Nam,Viet Nam,KF955458,2007
741,MW720885.1|2019-09,3III_B.3.1,3III_B,3III,MW720885,10663,104.8166716,2019,China,China,MW720885,2019
742,KF955459.1|2008,3II_A.1,3II_A,3II,KF955459,10637,104.5610931,2008,Viet Nam,Viet Nam,KF955459,2008
742,MW720886.1|2019-09,3III_B.3.1,3III_B,3III,MW720886,10659,104.7773518,2019,China,China,MW720886,2019
743,KF955460.1|2008,3II_A.1,3II_A,3II,KF955460,10640,104.5905829,2008,Viet Nam,Viet Nam,KF955460,2008
743,MW720887.1|2019-09,3III_B.3.1,3III_B,3III,MW720887,10664,104.8265015,2019,China,China,MW720887,2019
744,MW720888.1|2019-09,3III_B.1,3III_B,3III,MW720888,10656,104.747862,2019,China,China,MW720888,2019
744,KF955461.1|1999,3II_A,3II_A,3II,KF955461,10668,104.8658213,1999,Cambodia,Cambodia,KF955461,1999
745,MW720889.1|2019-09,3I_A.1.2,3I_A,3I,MW720889,10662,104.8068416,2019,China,China,MW720889,2019
745,KF955462.1|2001,3II_A,3II_A,3II,KF955462,10810,106.2616731,2001,Cambodia,Cambodia,KF955462,2001
746,KF955463.1|2001,3II_A,3II_A,3II,KF955463,10525,103.4601396,2001,Cambodia,Cambodia,KF955463,2001
746,MW720890.1|2019-09,3I_A.1.2,3I_A,3I,MW720890,10654,104.7282021,2019,China,China,MW720890,2019
747,KF955464.1|2007,3II_A.2,3II_A,3II,KF955464,10525,103.4601396,2007,Cambodia,Cambodia,KF955464,2007
747,MW720891.1|2019-09,3I_C,3I_C,3I,MW720891,10664,104.8265015,2019,China,China,MW720891,2019
748,KF955465.1|2000,3III_C.1,3III_C,3III,KF955465,10614,104.3350044,2000,Puerto Rico,USA,KF955465,2000
748,MW720892.1|2019-09,3I_C,3I_C,3I,MW720892,10664,104.8265015,2019,China,China,MW720892,2019
749,KF955466.1|2000,3III_C.1,3III_C,3III,KF955466,10596,104.1580655,2000,Puerto Rico,USA,KF955466,2000
749,ON123655.1|2020,3III_B.3,3III_B,3III,ON123655,10707,105.249189,2020,India,India,ON123655,2020
750,KF955467.1|2000,3III_C.1,3III_C,3III,KF955467,9643,94.79013074,2000,Puerto Rico,USA,KF955467,2000
750,ON123658.1|2019,3III_B.3.1,3III_B,3III,ON123658,10707,105.249189,2019,India,India,ON123658,2019
751,KF955468.1|2001,3III_C.1,3III_C,3III,KF955468,10640,104.5905829,2001,Puerto Rico,USA,KF955468,2001
751,ON123659.1|2018,3III_B.3,3III_B,3III,ON123659,10707,105.249189,2018,India,India,ON123659,2018
752,KF955469.1|2002,3III_C.1,3III_C,3III,KF955469,7375,72.49582227,2002,Puerto Rico,USA,KF955469,2002
752,ON123660.1|2018,3III_B.3,3III_B,3III,ON123660,10707,105.249189,2018,India,India,ON123660,2018
753,KF955470.1|2002,3III_C.1,3III_C,3III,KF955470,7405,72.79072053,2002,Puerto Rico,USA,KF955470,2002
753,ON123662.1|2018,3III_B.3,3III_B,3III,ON123662,10707,105.249189,2018,India,India,ON123662,2018
754,KF955471.1|2004,3III_C.1,3III_C,3III,KF955471,10525,103.4601396,2004,Venezuela,Venezuela,KF955471,2004
754,ON123665.1|2018,3III_B.3,3III_B,3III,ON123665,10707,105.249189,2018,India,India,ON123665,2018
755,KF955472.1|2004,3III_C.1,3III_C,3III,KF955472,10639,104.580753,2004,Venezuela,Venezuela,KF955472,2004
755,ON123669.1|2018,3III_B.3,3III_B,3III,ON123669,10707,105.249189,2018,India,India,ON123669,2018
756,KF955473.1|2002,3III_C.2,3III_C,3III,KF955473,10459,102.8113634,2002,Brazil,Brazil,KF955473,2002
756,ON123670.1|2018,3III_B.3,3III_B,3III,ON123670,10707,105.249189,2018,India,India,ON123670,2018
757,KF955474.1|1989,3III,3III,3III,KF955474,10663,104.8166716,1989,Sri Lanka,Sri Lanka,KF955474,1989
757,ON109599.1|2021,3III_B.3,3III_B,3III,ON109599,10706,105.2393591,2021,India,India,ON109599,2021
758,ON055565.1|2010-02-16,3III_B.1,3III_B,3III,ON055565,10260,100.855205,2010,Thailand,Thailand,ON055565,2010
758,KF955476.1|1983,3II,3II,3II,KF955476,10462,102.8408532,1983,Sri Lanka,Sri Lanka,KF955476,1983
759,ON055566.1|2010-10-15,3II_B,3II_B,3II,ON055566,10260,100.855205,2010,Thailand,Thailand,ON055566,2010
759,KF955477.1|1984,3II,3II,3II,KF955477,10525,103.4601396,1984,India,India,KF955477,1984
760,ON055567.1|2011-08-25,3III_B.1,3III_B,3III,ON055567,10260,100.855205,2011,Thailand,Thailand,ON055567,2011
760,KF955479.1|2001,3III_C.1,3III_C,3III,KF955479,10638,104.570923,2001,Venezuela,Venezuela,KF955479,2001
761,KF955480.1|2001,3III_C.1,3III_C,3III,KF955480,8159,80.20249681,2001,Venezuela,Venezuela,KF955480,2001
761,ON055568.1|2012-03-10,3II_A.5,3II_A,3II,ON055568,10260,100.855205,2012,Thailand,Thailand,ON055568,2012
762,KF955481.1|2007,3III_C.1,3III_C,3III,KF955481,10222,100.4816672,2007,Venezuela,Venezuela,KF955481,2007
762,ON007080.1|2011-08-04,3III_B.1,3III_B,3III,ON007080,10261,100.8650349,2011,Thailand,Thailand,ON007080,2011
763,KF955486.1|2001,3III_C.1,3III_C,3III,KF955486,10525,103.4601396,2001,Venezuela,Venezuela,KF955486,2001
763,OK469353.1|1988,3II,3II,3II,OK469353,10660,104.7871818,1988,Thailand,Thailand,OK469353,1988
764,KF955487.1|2001,3III_C.1,3III_C,3III,KF955487,10638,104.570923,2001,Venezuela,Venezuela,KF955487,2001
764,OK469354.1|1989,3II,3II,3II,OK469354,10664,104.8265015,1989,Thailand,Thailand,OK469354,1989
765,KF955488.1|2008,3III_C.2.1,3III_C,3III,KF955488,8160,80.21232675,2008,Nicaragua,Nicaragua,KF955488,2008
765,OK469355.1|1973,3II,3II,3II,OK469355,10664,104.8265015,1973,Myanmar,Myanmar,OK469355,1973
766,KF955489.1|2008,3III_C.2.1,3III_C,3III,KF955489,8137,79.98623808,2008,Nicaragua,Nicaragua,KF955489,2008
766,OK469356.1|1976,3II,3II,3II,OK469356,10648,104.6692225,1976,Myanmar,Myanmar,OK469356,1976
767,KF955490.1|2008,3III_C.2.1,3III_C,3III,KF955490,10222,100.4816672,2008,Nicaragua,Nicaragua,KF955490,2008
767,OM638675.1|2021-11-29,3III_B.3,3III_B,3III,OM638675,10703,105.2098693,2021,India,India,OM638675,2021
768,KF955491.1|2008,3III_C.2.1,3III_C,3III,KF955491,7859,77.2535142,2008,Nicaragua,Nicaragua,KF955491,2008
768,OM417340.1|2021-09-21,3III_C.2.1,3III_C,3III,OM417340,10008,98.37805957,2021,Mexico: Tabasco,Mexico,OM417340,2021
769,KF955493.1|2007,3III_C.2.2,3III_C,3III,KF955493,7237,71.13929028,2007,Brazil,Brazil,KF955493,2007
769,OM417341.1|2021-09-19,3III_C.2.1,3III_C,3III,OM417341,10004,98.3387398,2021,Mexico: Tabasco,Mexico,OM417341,2021
770,KF955494.1|2007,3III_C.2.2,3III_C,3III,KF955494,7230,71.07048068,2007,Brazil,Brazil,KF955494,2007
770,OM368353.1|2019-05-17,3III_B.3.1,3III_B,3III,OM368353,10656,104.747862,2019,China: Guangzhou,China,OM368353,2019
771,KF955495.1|2007,3III_C.2.2,3III_C,3III,KF955495,7237,71.13929028,2007,Brazil,Brazil,KF955495,2007
771,OM258630.1|1953,Outgroup,Outgroup,Outgroup,OM258630,10678,104.9641207,1953,Puerto Rico,USA,OM258630,1953
772,KF955496.1|2007,3III_C.2.2,3III_C,3III,KF955496,7237,71.13929028,2007,Brazil,Brazil,KF955496,2007
772,OK605762.1|2007,3III_C.2,3III_C,3III,OK605762,10707,105.249189,2007,Paraguay,Paraguay,OK605762,2007
773,KF955497.1|2007,3III_C.2.2,3III_C,3III,KF955497,7229,71.06065074,2007,Brazil,Brazil,KF955497,2007
773,OK605763.1|1985,3I_A,3I_A,3I,OK605763,10707,105.249189,1985,Indonesia,Indonesia,OK605763,1985
774,KF955498.1|2007,3III_C.2.2,3III_C,3III,KF955498,7229,71.06065074,2007,Brazil,Brazil,KF955498,2007
774,OK605764.1|1994,3II_B,3II_B,3II,OK605764,10707,105.249189,1994,Thailand,Thailand,OK605764,1994
775,KF955499.1|2007,3III_C.2.2,3III_C,3III,KF955499,7229,71.06065074,2007,Brazil,Brazil,KF955499,2007
775,OK605765.1|2001,3III_C.2,3III_C,3III,OK605765,10707,105.249189,2001,Ecuador,Ecuador,OK605765,2001
776,KF955500.1|2007,3III_C.2,3III_C,3III,KF955500,7150,70.28408532,2007,Brazil,Brazil,KF955500,2007
776,OK605766.1|1993,3III,3III,3III,OK605766,10707,105.249189,1993,Somalia,Somalia,OK605766,1993
777,KF955501.1|2007,3III_C.2.2,3III_C,3III,KF955501,7230,71.07048068,2007,Brazil,Brazil,KF955501,2007
777,MW788877.1|2017-06,3I_A.1.2,3I_A,3I,MW788877,10623,104.4234739,2017,Myanmar: Yangon,Myanmar,MW788877,2017
778,KF955502.1|2007,3III_C.2.2,3III_C,3III,KF955502,7237,71.13929028,2007,Brazil,Brazil,KF955502,2007
778,MW788878.1|2017-09,3I_A.1.2,3I_A,3I,MW788878,10602,104.2170451,2017,Myanmar: Yangon,Myanmar,MW788878,2017
779,KF955503.1|2007,3III_C.2.2,3III_C,3III,KF955503,7237,71.13929028,2007,Brazil,Brazil,KF955503,2007
779,MW788879.1|2017-08,3I_A.1.2,3I_A,3I,MW788879,10639,104.580753,2017,Myanmar: Yangon,Myanmar,MW788879,2017
780,KF955504.1|2008,3III_C.2,3III_C,3III,KF955504,7237,71.13929028,2008,Brazil,Brazil,KF955504,2008
780,MW788880.1|2017-06,3I_A.1.2,3I_A,3I,MW788880,10624,104.4333038,2017,Myanmar: Yangon,Myanmar,MW788880,2017
781,MW788881.1|2018-02,3I_A.1.2,3I_A,3I,MW788881,10645,104.6397326,2018,Myanmar: Yangon,Myanmar,MW788881,2018
781,KF955505.1|2002,3III_C.2,3III_C,3III,KF955505,10653,104.7183722,2002,Grenada,Grenada,KF955505,2002
782,KF955506.1|2007,3II_A.2,3II_A,3II,KF955506,9708,95.42907697,2007,Cambodia,Cambodia,KF955506,2007
782,MW788882.1|2018-05,3I_A.1.2,3I_A,3I,MW788882,10631,104.5021134,2018,Myanmar: Yangon,Myanmar,MW788882,2018
783,MW788883.1|2017-06,3III_B.1,3III_B,3III,MW788883,10608,104.2760248,2017,Myanmar: Yangon,Myanmar,MW788883,2017
783,KF955507.1|2007,3II_A.2,3II_A,3II,KF955507,10642,104.6102428,2007,Cambodia,Cambodia,KF955507,2007
784,KF955508.1|2007,3II_A.2,3II_A,3II,KF955508,10536,103.5682689,2007,Cambodia,Cambodia,KF955508,2007
784,MW788884.1|2017-07,3III_B.1,3III_B,3III,MW788884,10572,103.9221469,2017,Myanmar: Yangon,Myanmar,MW788884,2017
785,KF921913.1|2009,3III_C.2.1,3III_C,3III,KF921913,10430,102.5262951,2009,Nicaragua,Nicaragua,KF921913,2009
785,MW788885.1|2017-07,3I_A.1.2,3I_A,3I,MW788885,10645,104.6397326,2017,Myanmar: Yangon,Myanmar,MW788885,2017
786,KF921914.1|2009,3III_C.2.1,3III_C,3III,KF921914,10362,101.857859,2009,Nicaragua,Nicaragua,KF921914,2009
786,MW788886.1|2017-07,3III_B.1,3III_B,3III,MW788886,10638,104.570923,2017,Myanmar: Yangon,Myanmar,MW788886,2017
787,KF921916.1|2009,3III_C.2.1,3III_C,3III,KF921916,10534,103.5486091,2009,Nicaragua,Nicaragua,KF921916,2009
787,MW788887.1|2017-07,3III_B.1,3III_B,3III,MW788887,10637,104.5610931,2017,Myanmar: Yangon,Myanmar,MW788887,2017
788,KF921917.1|2009,3III_C.2.1,3III_C,3III,KF921917,8375,82.32576428,2009,Nicaragua,Nicaragua,KF921917,2009
788,MW788888.1|2017-07,3III_B.1,3III_B,3III,MW788888,10638,104.570923,2017,Myanmar: Yangon,Myanmar,MW788888,2017
789,KF921919.1|2009,3III_C.2.1,3III_C,3III,KF921919,9645,94.80979062,2009,Nicaragua,Nicaragua,KF921919,2009
789,MW788889.1|2018-07,3III_B.1,3III_B,3III,MW788889,10641,104.6004129,2018,Myanmar: Yangon,Myanmar,MW788889,2018
790,KF921920.1|2009,3III_C.2.1,3III_C,3III,KF921920,10215,100.4128576,2009,Nicaragua,Nicaragua,KF921920,2009
790,MW788890.1|2018-07,3I_A.1.2,3I_A,3I,MW788890,10645,104.6397326,2018,Myanmar: Yangon,Myanmar,MW788890,2018
791,KF921921.1|2009,3III_C.2.1,3III_C,3III,KF921921,10136,99.63629215,2009,Nicaragua,Nicaragua,KF921921,2009
791,MW788891.1|2019-12,3III_B.1,3III_B,3III,MW788891,10641,104.6004129,2019,Myanmar: Yangon,Myanmar,MW788891,2019
792,KF921922.1|2009,3III_C.2.1,3III_C,3III,KF921922,10201,100.2752384,2009,Nicaragua,Nicaragua,KF921922,2009
792,MW788892.1|2018-07,3I_A.1.2,3I_A,3I,MW788892,10645,104.6397326,2018,Myanmar: Yangon,Myanmar,MW788892,2018
793,KF921923.1|2009,3III_C.2.1,3III_C,3III,KF921923,10595,104.1482355,2009,Nicaragua,Nicaragua,KF921923,2009
793,MW788893.1|2019-07,3III_B.1,3III_B,3III,MW788893,10642,104.6102428,2019,Myanmar: Yangon,Myanmar,MW788893,2019
794,KF921924.1|2010,3III_C.2.1,3III_C,3III,KF921924,10599,104.1875553,2010,Nicaragua,Nicaragua,KF921924,2010
794,MW788894.1|2019-06,3I_A.1.2,3I_A,3I,MW788894,10645,104.6397326,2019,Myanmar: Yangon,Myanmar,MW788894,2019
795,KF921925.1|2010,3III_C.2.1,3III_C,3III,KF921925,9613,94.49523248,2010,Nicaragua,Nicaragua,KF921925,2010
795,MW788895.1|2018-05,3I_A.1.2,3I_A,3I,MW788895,10645,104.6397326,2018,Myanmar: Yangon,Myanmar,MW788895,2018
796,KF921926.1|2010,3III_C.2.1,3III_C,3III,KF921926,10556,103.7648678,2010,Nicaragua,Nicaragua,KF921926,2010
796,MW788896.1|2019-05,3III_B.1,3III_B,3III,MW788896,10641,104.6004129,2019,Myanmar: Yangon,Myanmar,MW788896,2019
797,KF921927.1|2010,3III_C.2.1,3III_C,3III,KF921927,9558,93.95458567,2010,Nicaragua,Nicaragua,KF921927,2010
797,MW788897.1|2018-07,3I_A.1.2,3I_A,3I,MW788897,10645,104.6397326,2018,Myanmar: Yangon,Myanmar,MW788897,2018
798,KF921928.1|2010,3III_C.2.1,3III_C,3III,KF921928,10575,103.9516367,2010,Nicaragua,Nicaragua,KF921928,2010
798,MW788898.1|2019-03,3I_A.1.2,3I_A,3I,MW788898,10645,104.6397326,2019,Myanmar: Yangon,Myanmar,MW788898,2019
799,KF921929.1|2010,3III_C.2.1,3III_C,3III,KF921929,10442,102.6442544,2010,Nicaragua,Nicaragua,KF921929,2010
799,MW788899.1|2019-02,3I_A.1.2,3I_A,3I,MW788899,10645,104.6397326,2019,Myanmar: Yangon,Myanmar,MW788899,2019
800,MW788900.1|2018-10,3I_A.1.2,3I_A,3I,MW788900,10621,104.403814,2018,Myanmar: Yangon,Myanmar,MW788900,2018
800,JF808118.1|2002,3III_C.2,3III_C,3III,JF808118,10707,105.249189,2002,Brazil: Boa Vista (Roraima),Brazil,JF808118,2002
801,MW788901.1|2018-08,3I_A.1.2,3I_A,3I,MW788901,10645,104.6397326,2018,Myanmar: Yangon,Myanmar,MW788901,2018
801,JF808119.1|2004,3III_C.2,3III_C,3III,JF808119,10707,105.249189,2004,Brazil: Braganca (Para),Brazil,JF808119,2004
802,MW788902.1|2018-07,3I_A.1.2,3I_A,3I,MW788902,10645,104.6397326,2018,Myanmar: Yangon,Myanmar,MW788902,2018
802,JF808120.1|2009,3III_C.2,3III_C,3III,JF808120,10707,105.249189,2009,Brazil: Ribeirao Preto (Sao Paulo),Brazil,JF808120,2009
803,MW788903.1|2018-07,3I_A.1.2,3I_A,3I,MW788903,10642,104.6102428,2018,Myanmar: Yangon,Myanmar,MW788903,2018
803,JF808121.1|2007,3III_C.2,3III_C,3III,JF808121,10707,105.249189,2007,Brazil: Ribeirao Preto (Sao Paulo),Brazil,JF808121,2007
804,MW788904.1|2018-07,3III_B.1,3III_B,3III,MW788904,10641,104.6004129,2018,Myanmar: Yangon,Myanmar,MW788904,2018
804,JF808122.1|2003,3III_C.2,3III_C,3III,JF808122,10707,105.249189,2003,Paraguay: Asuncion (Central),Paraguay,JF808122,2003
805,MW788905.1|2018-06,3I_A.1.2,3I_A,3I,MW788905,10645,104.6397326,2018,Myanmar: Yangon,Myanmar,MW788905,2018
805,JF808123.1|2002,3III_C.2,3III_C,3III,JF808123,10707,105.249189,2002,Paraguay: Asuncion (Central),Paraguay,JF808123,2002
806,MW788906.1|2018-06,3III_B.1,3III_B,3III,MW788906,10637,104.5610931,2018,Myanmar: Yangon,Myanmar,MW788906,2018
806,JF808124.1|2003,3III_C.2,3III_C,3III,JF808124,10699,105.1705495,2003,Brazil: Marituba (Para),Brazil,JF808124,2003
807,MW788907.1|2018-10,3III_B.1,3III_B,3III,MW788907,10644,104.6299027,2018,Myanmar: Yangon,Myanmar,MW788907,2018
807,JF808125.1|2002,3III_C.2,3III_C,3III,JF808125,10707,105.249189,2002,Brazil: Sao Luis (Maranhao),Brazil,JF808125,2002
808,MW788908.1|2018-09,3I_A.1.2,3I_A,3I,MW788908,10645,104.6397326,2018,Myanmar: Yangon,Myanmar,MW788908,2018
808,JF808126.1|2003,3III_C.2,3III_C,3III,JF808126,10707,105.249189,2003,Brazil: Porto Velho (Rondonia),Brazil,JF808126,2003
809,MW788909.1|2018-08,3I_A.1.2,3I_A,3I,MW788909,10645,104.6397326,2018,Myanmar: Yangon,Myanmar,MW788909,2018
809,JF808127.1|2002,3III_C.2,3III_C,3III,JF808127,10707,105.249189,2002,Brazil: Cuiaba (Mato Grosso),Brazil,JF808127,2002
810,MW788910.1|2018-08,3III_B.1,3III_B,3III,MW788910,10641,104.6004129,2018,Myanmar: Yangon,Myanmar,MW788910,2018
810,JF808128.1|2003,3III_C.2,3III_C,3III,JF808128,10707,105.249189,2003,Paraguay: Pedro Juan Caballero (Amambay),Paraguay,JF808128,2003
811,MW788911.1|2018-07,3III_B.1,3III_B,3III,MW788911,10641,104.6004129,2018,Myanmar: Yangon,Myanmar,MW788911,2018
811,JF808129.1|2003,3III_C.2,3III_C,3III,JF808129,10707,105.249189,2003,Paraguay: Asuncion (Central),Paraguay,JF808129,2003
812,MW788912.1|2018-07,3I_A.1.2,3I_A,3I,MW788912,10645,104.6397326,2018,Myanmar: Yangon,Myanmar,MW788912,2018
812,KF041254.1|2008,3III_B,3III_B,3III,KF041254,10675,104.9346309,2008,Pakistan: Karachi,Pakistan,KF041254,2008
813,MZ857204.1|2011,3III_B,3III_B,3III,MZ857204,10171,99.98034012,2011,Kenya,Kenya,MZ857204,2011
813,KF041255.1|2007,3III_B,3III_B,3III,KF041255,10675,104.9346309,2007,Pakistan: Hyderaad,Pakistan,KF041255,2007
814,MZ857217.1|2016,3III_B.3,3III_B,3III,MZ857217,10171,99.98034012,2016,Saudi Arabia,Saudi Arabia,MZ857217,2016
814,KF041256.1|2006,3III_B,3III_B,3III,KF041256,10675,104.9346309,2006,Pakistan: Karachi,Pakistan,KF041256,2006
815,MZ857225.1|1991-05-21,3II_A,3II_A,3II,MZ857225,10171,99.98034012,1991,Thailand,Thailand,MZ857225,1991
815,KF041257.1|2006,3III_B,3III_B,3III,KF041257,10675,104.9346309,2006,Pakistan: Karachi,Pakistan,KF041257,2006
816,MZ857226.1|1991-09-17,3II_A,3II_A,3II,MZ857226,10171,99.98034012,1991,Thailand,Thailand,MZ857226,1991
816,KF041258.1|2009,3III_B,3III_B,3III,KF041258,10675,104.9346309,2009,Pakistan: Karachi,Pakistan,KF041258,2009
817,OK631736.1|2020-06-22,3I_A.1.1,3I_A,3I,OK631736,9997,98.26993021,2020,Sri Lanka,Sri Lanka,OK631736,2020
817,KF041259.1|2006,3III_B,3III_B,3III,KF041259,10675,104.9346309,2006,Pakistan: Karachi,Pakistan,KF041259,2006
818,OK598123.1|2020-12-17,3I_A.1.1,3I_A,3I,OK598123,10697,105.1508896,2020,Sri Lanka,Sri Lanka,OK598123,2020
818,JX669489.1|2003,3III_C.2,3III_C,3III,JX669489,10709,105.2688489,2003,Brazil: Pernambuco,Brazil,JX669489,2003
819,OK598124.1|2020-06-30,3I_A.1.1,3I_A,3I,OK598124,8324,81.82443724,2020,Sri Lanka,Sri Lanka,OK598124,2020
819,JX669490.1|2002,3III_C.2,3III_C,3III,JX669490,10707,105.249189,2002,Brazil: Pernambuco,Brazil,JX669490,2002
820,OK598125.1|2019-12-06,3III_B.3,3III_B,3III,OK598125,8354,82.1193355,2019,Sri Lanka,Sri Lanka,OK598125,2019
820,JX669491.1|2002,3III_C.2,3III_C,3III,JX669491,10708,105.259019,2002,Brazil: Pernambuco,Brazil,JX669491,2002
821,MZ312921.1|2018-07-09,3III_B.3,3III_B,3III,MZ312921,10366,101.8971788,2018,India,India,MZ312921,2018
821,JX669492.1|2005,3III_C.2,3III_C,3III,JX669492,10709,105.2688489,2005,Brazil: Pernambuco,Brazil,JX669492,2005
822,OK079104.1|2020-11-24,3I_A.2,3I_A,3I,OK079104,10602,104.2170451,2020,Bangladesh,Bangladesh,OK079104,2020
822,JX669493.1|2005,3III_C.2,3III_C,3III,JX669493,10709,105.2688489,2005,Brazil: Pernambuco,Brazil,JX669493,2005
823,MZ544585.1|2019-03,3III_B,3III_B,3III,MZ544585,10173,100,2019,Kenya: Mombasa,Kenya,MZ544585,2019
823,JX669494.1|2005,3III_C.2,3III_C,3III,JX669494,10710,105.2786789,2005,Brazil: Pernambuco,Brazil,JX669494,2005
824,MZ544586.1|2019-03,3III_B,3III_B,3III,MZ544586,10173,100,2019,Kenya: Mombasa,Kenya,MZ544586,2019
824,JX669495.1|2004,3III_C.2,3III_C,3III,JX669495,10707,105.249189,2004,Brazil: Pernambuco,Brazil,JX669495,2004
825,MZ544587.1|2019-03,3III_B,3III_B,3III,MZ544587,10173,100,2019,Kenya: Mombasa,Kenya,MZ544587,2019
825,JX669496.1|2006,3III_C.2,3III_C,3III,JX669496,10709,105.2688489,2006,Brazil: Pernambuco,Brazil,JX669496,2006
826,MZ544588.1|2019-03,3III_B,3III_B,3III,MZ544588,10173,100,2019,Kenya: Mombasa,Kenya,MZ544588,2019
826,JX669497.1|2005,3III_C.2,3III_C,3III,JX669497,10709,105.2688489,2005,Brazil: Pernambuco,Brazil,JX669497,2005
827,MW192820.1|2016-08,3III_B,3III_B,3III,MW192820,10539,103.5977588,2016,India,India,MW192820,2016
827,JX669498.1|2004,3III_C.2,3III_C,3III,JX669498,10707,105.249189,2004,Brazil: Pernambuco,Brazil,JX669498,2004
828,MW192821.1|2016-08,3III_B.3,3III_B,3III,MW192821,10558,103.7845277,2016,India,India,MW192821,2016
828,JX669499.1|2004,3III_C.2,3III_C,3III,JX669499,10707,105.249189,2004,Brazil: Pernambuco,Brazil,JX669499,2004
829,MW192822.1|2016-08,3III_B,3III_B,3III,MW192822,10571,103.9123169,2016,India,India,MW192822,2016
829,JX669500.1|2005,3III_C.2,3III_C,3III,JX669500,10707,105.249189,2005,Brazil: Pernambuco,Brazil,JX669500,2005
830,MW192823.1|2016-07,3III_B,3III_B,3III,MW192823,10571,103.9123169,2016,India,India,MW192823,2016
830,JX669501.1|2005,3III_C.2,3III_C,3III,JX669501,10707,105.249189,2005,Brazil: Pernambuco,Brazil,JX669501,2005
831,MW192824.1|2017-08,3III_B,3III_B,3III,MW192824,10571,103.9123169,2017,India,India,MW192824,2017
831,JX669502.1|2005,3III_C.2,3III_C,3III,JX669502,10705,105.2295291,2005,Brazil: Pernambuco,Brazil,JX669502,2005
832,MZ008468.1|2014,3III_C.2.1,3III_C,3III,MZ008468,10640,104.5905829,2014,Nicaragua,Nicaragua,MZ008468,2014
832,JX669503.1|2005,3III_C.2,3III_C,3III,JX669503,10707,105.249189,2005,Brazil: Pernambuco,Brazil,JX669503,2005
833,MZ008469.1|2013,3III_C.2.1,3III_C,3III,MZ008469,10170,99.97051017,2013,Nicaragua,Nicaragua,MZ008469,2013
833,JX669504.1|2006,3III_C.2,3III_C,3III,JX669504,10707,105.249189,2006,Brazil: Pernambuco,Brazil,JX669504,2006
834,MZ008470.1|2013,3III_C.2.1,3III_C,3III,MZ008470,10170,99.97051017,2013,Nicaragua,Nicaragua,MZ008470,2013
834,JX669505.1|2006,3III_C.2,3III_C,3III,JX669505,10707,105.249189,2006,Brazil: Pernambuco,Brazil,JX669505,2006
835,MZ008471.1|2013,3III_C.2.1,3III_C,3III,MZ008471,10170,99.97051017,2013,Nicaragua,Nicaragua,MZ008471,2013
835,JX669506.1|2006,3III_C.2,3III_C,3III,JX669506,10708,105.259019,2006,Brazil: Pernambuco,Brazil,JX669506,2006
836,MZ008472.1|2013,3III_C.2.1,3III_C,3III,MZ008472,10170,99.97051017,2013,Nicaragua,Nicaragua,MZ008472,2013
836,JX669507.1|2006,3III_C.2,3III_C,3III,JX669507,10707,105.249189,2006,Brazil: Pernambuco,Brazil,JX669507,2006
837,MZ008473.1|2013,3III_C.2.1,3III_C,3III,MZ008473,10170,99.97051017,2013,Nicaragua,Nicaragua,MZ008473,2013
837,JX669508.1|2006,3III_C.2,3III_C,3III,JX669508,10708,105.259019,2006,Brazil: Pernambuco,Brazil,JX669508,2006
838,MZ008474.1|2013,3III_C.2.1,3III_C,3III,MZ008474,10170,99.97051017,2013,Nicaragua,Nicaragua,MZ008474,2013
838,HG316483.1|2010,3II_A.5,3II_A,3II,HG316483,10707,105.249189,2010,Thailand,Thailand,HG316483,2010
839,MZ008475.1|2013,3III_C.2.1,3III_C,3III,MZ008475,10170,99.97051017,2013,Nicaragua,Nicaragua,MZ008475,2013
839,HG316484.1|2010,3II_A.5,3II_A,3II,HG316484,10707,105.249189,2010,Thailand,Thailand,HG316484,2010
840,MZ008476.1|2014,3III_C.2.1,3III_C,3III,MZ008476,10170,99.97051017,2014,Nicaragua,Nicaragua,MZ008476,2014
840,JQ920476.1|1991-08-09,3I_B,3I_B,3I,JQ920476,10671,104.8953111,1991,French Polynesia: Tahiti,French Polynesia,JQ920476,1991
841,MZ008477.1|2013,3III_C.2.1,3III_C,3III,MZ008477,10170,99.97051017,2013,Nicaragua,Nicaragua,MZ008477,2013
841,JQ920477.1|1993-04-20,3I_B,3I_B,3I,JQ920477,10671,104.8953111,1993,French Polynesia,French Polynesia,JQ920477,1993
842,JQ920478.1|1995-07-19,3I_B,3I_B,3I,JQ920478,10671,104.8953111,1995,French Polynesia: Tahiti,French Polynesia,JQ920478,1995
842,MZ008478.1|2013,3III_C.2.1,3III_C,3III,MZ008478,10672,104.9051411,2013,Nicaragua,Nicaragua,MZ008478,2013
843,MW945427.1|1963,Outgroup,Outgroup,Outgroup,MW945427,10173,100,1963,Puerto Rico,USA,MW945427,1963
843,JQ920479.1|1996-02-15,3I_B,3I_B,3I,JQ920479,10671,104.8953111,1996,French Polynesia: Tahiti,French Polynesia,JQ920479,1996
844,MW945428.1|2006,3III_C.1,3III_C,3III,MW945428,10173,100,2006,Puerto Rico,USA,MW945428,2006
844,JQ920480.1|1996-09-04,3I_B,3I_B,3I,JQ920480,10671,104.8953111,1996,French Polynesia: Tahiti,French Polynesia,JQ920480,1996
845,MW945429.1|2006,3II_A.1,3II_A,3II,MW945429,10173,100,2006,Viet Nam,Viet Nam,MW945429,2006
845,JQ920481.1|1989-02-06,3I_B,3I_B,3I,JQ920481,10671,104.8953111,1989,New Caledonia,New Caledonia,JQ920481,1989
846,MW945430.1|2007,3II_A.1,3II_A,3II,MW945430,10173,100,2007,Viet Nam,Viet Nam,MW945430,2007
846,JQ920482.1|1995-02-24,3I_B,3I_B,3I,JQ920482,10671,104.8953111,1995,New Caledonia,New Caledonia,JQ920482,1995
847,MW946607.1|1997,3II_A,3II_A,3II,MW946607,10173,100,1997,Thailand,Thailand,MW946607,1997
847,JQ920483.1|1995-08-17,3I_B,3I_B,3I,JQ920483,10671,104.8953111,1995,New Caledonia,New Caledonia,JQ920483,1995
848,MW946608.1|2000,3II_A,3II_A,3II,MW946608,10173,100,2000,Thailand,Thailand,MW946608,2000
848,JQ920484.1|1995-12-27,3I_B,3I_B,3I,JQ920484,10671,104.8953111,1995,New Caledonia,New Caledonia,JQ920484,1995
849,MW946609.1|2006,3II_A,3II_A,3II,MW946609,10173,100,2006,Thailand,Thailand,MW946609,2006
849,JQ920485.1|1996-10-21,3I_B,3I_B,3I,JQ920485,10663,104.8166716,1996,New Caledonia,New Caledonia,JQ920485,1996
850,MW946610.1|2012,3II_A.5,3II_A,3II,MW946610,10173,100,2012,Thailand,Thailand,MW946610,2012
850,JQ920486.1|1996-11-18,3I_B,3I_B,3I,JQ920486,10671,104.8953111,1996,New Caledonia,New Caledonia,JQ920486,1996
851,MW946611.1|1994,3II_A,3II_A,3II,MW946611,10173,100,1994,Thailand,Thailand,MW946611,1994
851,JQ920487.1|1989-08-14,3I_B,3I_B,3I,JQ920487,10671,104.8953111,1989,Wallis and Futuna,Wallis and Futuna,JQ920487,1989
852,MW946612.1|2010,3III_B.1,3III_B,3III,MW946612,10173,100,2010,Thailand,Thailand,MW946612,2010
852,JQ920488.1|1995-04-05,3I_B,3I_B,3I,JQ920488,10671,104.8953111,1995,Wallis and Futuna,Wallis and Futuna,JQ920488,1995
853,MW946613.1|2006,3II_A.5,3II_A,3II,MW946613,10173,100,2006,Thailand,Thailand,MW946613,2006
853,JQ920489.1|1995-05-09,3I_B,3I_B,3I,JQ920489,10671,104.8953111,1995,Wallis and Futuna,Wallis and Futuna,JQ920489,1995
854,MW946614.1|2006,3II_A,3II_A,3II,MW946614,10173,100,2006,Thailand,Thailand,MW946614,2006
854,JQ922554.1|1963,3V,3V,3V,JQ922554,10654,104.7282021,1963,USA,USA,JQ922554,1963
855,MW946615.1|2014,3III_B.1,3III_B,3III,MW946615,10173,100,2014,Thailand,Thailand,MW946615,2014
855,JQ922555.1|1966,3III,3III,3III,JQ922555,10663,104.8166716,1966,"India: Vellore, Tamil Nadu",India,JQ922555,1966
856,MW946616.1|1995,3II_A,3II_A,3II,MW946616,10173,100,1995,Thailand,Thailand,MW946616,1995
856,JQ922556.1|2005,3III_B.1,3III_B,3III,JQ922556,10652,104.7085422,2005,"India: Pune, Maharashtra",India,JQ922556,2005
857,MW946617.1|2000,3II_A,3II_A,3II,MW946617,10173,100,2000,Thailand,Thailand,MW946617,2000
857,JQ922557.1|2005,3III_B.1,3III_B,3III,JQ922557,10657,104.7576919,2005,"India: Kolkata, West Bengol",India,JQ922557,2005
858,KC425218.1|2002,3III_C.2,3III_C,3III,KC425218,8249,81.08719159,2002,Brazil,Brazil,KC425218,2002
858,MW946618.1|2006,3II_B,3II_B,3II,MW946618,10173,100,2006,Thailand,Thailand,MW946618,2006
859,MW946619.1|2006,3II_A.2,3II_A,3II,MW946619,10173,100,2006,Thailand,Thailand,MW946619,2006
859,KC425219.1|2002,3III_C.2,3III_C,3III,KC425219,10707,105.249189,2002,Brazil,Brazil,KC425219,2002
860,MW946620.1|1994,3II_B,3II_B,3II,MW946620,10173,100,1994,Thailand,Thailand,MW946620,1994
860,KC261634.1|2012,3II_A.5,3II_A,3II,KC261634,10630,104.4922835,2012,China,China,KC261634,2012
861,MW946621.1|1996,3II_A,3II_A,3II,MW946621,10173,100,1996,Thailand,Thailand,MW946621,1996
861,JN406514.1|1998,3II_A,3II_A,3II,JN406514,10707,105.249189,1998,Australia,Australia,JN406514,1998
862,MW946622.1|2006,3II_A.3,3II_A,3II,MW946622,10173,100,2006,Thailand,Thailand,MW946622,2006
862,JN406515.1|2008,3I_A,3I_A,3I,JN406515,10707,105.249189,2008,Australia,Australia,JN406515,2008
863,MW946623.1|2006,3II_A.2,3II_A,3II,MW946623,10173,100,2006,Thailand,Thailand,MW946623,2006
863,JN368477.1|2007,3II_A.2,3II_A,3II,JN368477,10648,104.6692225,2007,Cambodia,Cambodia,JN368477,2007
864,MW946624.1|2012,3II_A.5,3II_A,3II,MW946624,10173,100,2012,Thailand,Thailand,MW946624,2012
864,JQ411814.1|1989,3III,3III,3III,JQ411814,10707,105.249189,1989,Sri Lanka,Sri Lanka,JQ411814,1989
865,MW946625.1|2005,3II_A.2,3II_A,3II,MW946625,10173,100,2005,Thailand,Thailand,MW946625,2005
865,HQ332170.1|2006,3III_C.1,3III_C,3III,HQ332170,10707,105.249189,2006,Venezuela,Venezuela,HQ332170,2006
866,MW946626.1|2006,3II_A,3II_A,3II,MW946626,10173,100,2006,Thailand,Thailand,MW946626,2006
866,HQ332171.1|2006,3III_C.1,3III_C,3III,HQ332171,10707,105.249189,2006,Venezuela,Venezuela,HQ332171,2006
867,MW946627.1|1994,3II_B,3II_B,3II,MW946627,10173,100,1994,Thailand,Thailand,MW946627,1994
867,JN662391.1|2009-08-06,3III_B.2,3III_B,3III,JN662391,10707,105.249189,2009,China: Guangzhou,China,JN662391,2009
868,MW946628.1|2005,3II_A.2,3II_A,3II,MW946628,10173,100,2005,Thailand,Thailand,MW946628,2005
868,JN183884.1|2009,3III_C.2.1,3III_C,3III,JN183884,10539,103.5977588,2009,Nicaragua: Managua,Nicaragua,JN183884,2009
869,MW946629.1|1998,3II_A,3II_A,3II,MW946629,10173,100,1998,Thailand,Thailand,MW946629,1998
869,JN093513.1|2010,3III_C.2.1,3III_C,3III,JN093513,10690,105.08208,2010,Nicaragua: Managua,Nicaragua,JN093513,2010
870,MW946630.1|2006,3II_A.5,3II_A,3II,MW946630,10173,100,2006,Thailand,Thailand,MW946630,2006
870,JN093514.1|2009,3III_C.2.1,3III_C,3III,JN093514,10580,104.0007864,2009,Nicaragua: Managua,Nicaragua,JN093514,2009
871,MW946631.1|2006,3II_A,3II_A,3II,MW946631,10173,100,2006,Thailand,Thailand,MW946631,2006
871,JN093515.1|2010,3III_C.2.1,3III_C,3III,JN093515,10679,104.9739507,2010,Nicaragua: Managua,Nicaragua,JN093515,2010
872,MW946632.1|2006,3II_A.2,3II_A,3II,MW946632,10173,100,2006,Thailand,Thailand,MW946632,2006
872,JN093517.1|2009,3III_C.2.1,3III_C,3III,JN093517,10310,101.3467021,2009,Nicaragua: Managua,Nicaragua,JN093517,2009
873,MW946633.1|2013,3III_B.1,3III_B,3III,MW946633,10173,100,2013,Thailand,Thailand,MW946633,2013
873,JF504679.1|2009-09,3III_B.2,3III_B,3III,JF504679,10685,105.0329303,2009,China: Zhejiang Yiwu,China,JF504679,2009
874,MW946634.1|1998,3II_A,3II_A,3II,MW946634,10173,100,1998,Thailand,Thailand,MW946634,1998
874,HQ235027.1|2007,3III_C.2,3III_C,3III,HQ235027,10707,105.249189,2007,Paraguay,Paraguay,HQ235027,2007
875,MW946635.1|2003,3II_A,3II_A,3II,MW946635,10173,100,2003,Thailand,Thailand,MW946635,2003
875,JN000936.1|2009,3III_C.2.1,3III_C,3III,JN000936,10537,103.5780989,2009,Nicaragua: Managua,Nicaragua,JN000936,2009
876,MW946636.1|1998,3II_A,3II_A,3II,MW946636,10173,100,1998,Thailand,Thailand,MW946636,1998
876,JN000937.1|2010,3III_C.2.1,3III_C,3III,JN000937,10398,102.211737,2010,Nicaragua: Managua,Nicaragua,JN000937,2010
877,MW946637.1|1996,3II_A,3II_A,3II,MW946637,10173,100,1996,Thailand,Thailand,MW946637,1996
877,JN000938.1|2010,3III_C.2.1,3III_C,3III,JN000938,10685,105.0329303,2010,Nicaragua: Managua,Nicaragua,JN000938,2010
878,MW946638.1|1995,3II_A,3II_A,3II,MW946638,10173,100,1995,Thailand,Thailand,MW946638,1995
878,JF937620.1|2010,3III_C.2.1,3III_C,3III,JF937620,10681,104.9936105,2010,Nicaragua: Managua,Nicaragua,JF937620,2010
879,MW946639.1|2006,3II_B,3II_B,3II,MW946639,10173,100,2006,Thailand,Thailand,MW946639,2006
879,JF937621.1|2010,3III_C.2.1,3III_C,3III,JF937621,10676,104.9444608,2010,Nicaragua: Managua,Nicaragua,JF937621,2010
880,MW946640.1|2012,3II_B,3II_B,3II,MW946640,10173,100,2012,Thailand,Thailand,MW946640,2012
880,JF937622.1|2010,3III_C.2.1,3III_C,3III,JF937622,10680,104.9837806,2010,Nicaragua: Managua,Nicaragua,JF937622,2010
881,MW946641.1|1996,3II_A,3II_A,3II,MW946641,10173,100,1996,Thailand,Thailand,MW946641,1996
881,JF937623.1|2010,3III_C.2.1,3III_C,3III,JF937623,10681,104.9936105,2010,Nicaragua: Managua,Nicaragua,JF937623,2010
882,MW946642.1|2002,3II_A,3II_A,3II,MW946642,10173,100,2002,Thailand,Thailand,MW946642,2002
882,JF937624.1|2010,3III_C.2.1,3III_C,3III,JF937624,10681,104.9936105,2010,Nicaragua: Managua,Nicaragua,JF937624,2010
883,MW946643.1|1997,3II_A,3II_A,3II,MW946643,10173,100,1997,Thailand,Thailand,MW946643,1997
883,JF937625.1|2010,3III_C.2.1,3III_C,3III,JF937625,10683,105.0132704,2010,Nicaragua: Managua,Nicaragua,JF937625,2010
884,MW946644.1|2001,3II_A,3II_A,3II,MW946644,10173,100,2001,Thailand,Thailand,MW946644,2001
884,JF937626.1|2010,3III_C.2.1,3III_C,3III,JF937626,10691,105.09191,2010,Nicaragua: Managua,Nicaragua,JF937626,2010
885,MW946645.1|1994,3II_B,3II_B,3II,MW946645,10173,100,1994,Thailand,Thailand,MW946645,1994
885,JF937627.1|2010,3III_C.2.1,3III_C,3III,JF937627,10527,103.4797995,2010,Nicaragua: Managua,Nicaragua,JF937627,2010
886,MW946646.1|1999,3II_A,3II_A,3II,MW946646,10173,100,1999,Thailand,Thailand,MW946646,1999
886,JF937628.1|2010,3III_C.2.1,3III_C,3III,JF937628,10684,105.0231004,2010,Nicaragua: Managua,Nicaragua,JF937628,2010
887,MW946647.1|2002,3II_A,3II_A,3II,MW946647,10173,100,2002,Thailand,Thailand,MW946647,2002
887,JF937629.1|2010,3III_C.2.1,3III_C,3III,JF937629,10683,105.0132704,2010,Nicaragua: Managua,Nicaragua,JF937629,2010
888,MW946648.1|1997,3II_A,3II_A,3II,MW946648,10173,100,1997,Thailand,Thailand,MW946648,1997
888,JF937630.1|2009,3III_C.2.1,3III_C,3III,JF937630,10381,102.0446279,2009,Nicaragua: Managua,Nicaragua,JF937630,2009
889,MW946649.1|1997,3II_A,3II_A,3II,MW946649,10173,100,1997,Thailand,Thailand,MW946649,1997
889,JF937631.1|2009,3III_C.2.1,3III_C,3III,JF937631,10583,104.0302762,2009,Nicaragua: Managua,Nicaragua,JF937631,2009
890,MW946650.1|2002,3II_A.2,3II_A,3II,MW946650,10173,100,2002,Thailand,Thailand,MW946650,2002
890,JF937632.1|2009,3III_C.2.1,3III_C,3III,JF937632,10581,104.0106163,2009,Nicaragua: Managua,Nicaragua,JF937632,2009
891,MW946651.1|1997,3II_A.4,3II_A,3II,MW946651,10173,100,1997,Thailand,Thailand,MW946651,1997
891,JF937633.1|2010,3III_C.2.1,3III_C,3III,JF937633,10683,105.0132704,2010,Nicaragua: Managua,Nicaragua,JF937633,2010
892,MW946652.1|2006,3II_B,3II_B,3II,MW946652,10173,100,2006,Thailand,Thailand,MW946652,2006
892,JF937634.1|2010,3III_C.2.1,3III_C,3III,JF937634,10681,104.9936105,2010,Nicaragua: Managua,Nicaragua,JF937634,2010
893,MW946653.1|1996,3II_A,3II_A,3II,MW946653,10173,100,1996,Thailand,Thailand,MW946653,1996
893,JF937636.1|2009,3III_C.2.1,3III_C,3III,JF937636,10670,104.8854812,2009,Nicaragua: Managua,Nicaragua,JF937636,2009
894,MW946654.1|2001,3II_A,3II_A,3II,MW946654,10173,100,2001,Thailand,Thailand,MW946654,2001
894,JF937637.1|2010,3III_C.2.1,3III_C,3III,JF937637,10689,105.0722501,2010,Nicaragua: Managua,Nicaragua,JF937637,2010
895,MW946655.1|2006,3II_A.2,3II_A,3II,MW946655,10173,100,2006,Thailand,Thailand,MW946655,2006
895,JF937638.1|2010,3III_C.2.1,3III_C,3III,JF937638,10681,104.9936105,2010,Nicaragua: Managua,Nicaragua,JF937638,2010
896,MW946656.1|2005,3II_A.2,3II_A,3II,MW946656,10173,100,2005,Thailand,Thailand,MW946656,2005
896,JF937639.1|2010,3III_C.2.1,3III_C,3III,JF937639,10644,104.6299027,2010,Nicaragua: Managua,Nicaragua,JF937639,2010
897,MW946657.1|2003,3II_A.5,3II_A,3II,MW946657,10173,100,2003,Thailand,Thailand,MW946657,2003
897,JF937640.1|2010,3III_C.2.1,3III_C,3III,JF937640,10678,104.9641207,2010,Nicaragua: Managua,Nicaragua,JF937640,2010
898,MW946658.1|1998,3II_A,3II_A,3II,MW946658,10173,100,1998,Thailand,Thailand,MW946658,1998
898,JF937641.1|2009,3III_C.2.1,3III_C,3III,JF937641,10681,104.9936105,2009,Nicaragua: Leon,Nicaragua,JF937641,2009
899,MW946659.1|2013,3III_B.1,3III_B,3III,MW946659,10173,100,2013,Thailand,Thailand,MW946659,2013
899,JF937642.1|2009,3III_C.2.1,3III_C,3III,JF937642,10681,104.9936105,2009,Nicaragua: Leon,Nicaragua,JF937642,2009
900,MW946660.1|1994,3II_B,3II_B,3II,MW946660,10173,100,1994,Thailand,Thailand,MW946660,1994
900,JF937643.1|2009,3III_C.2.1,3III_C,3III,JF937643,10538,103.5879288,2009,Nicaragua: Managua,Nicaragua,JF937643,2009
901,MW946661.1|2008,3II_B,3II_B,3II,MW946661,10173,100,2008,Thailand,Thailand,MW946661,2008
901,JF937646.1|2010,3III_C.2.1,3III_C,3III,JF937646,10681,104.9936105,2010,Nicaragua: Managua,Nicaragua,JF937646,2010
902,MW946662.1|2013,3III_B.1,3III_B,3III,MW946662,10173,100,2013,Thailand,Thailand,MW946662,2013
902,JF937647.1|2009,3III_C.2.1,3III_C,3III,JF937647,10682,105.0034405,2009,Nicaragua: Managua,Nicaragua,JF937647,2009
903,MW946663.1|2000,3II_A,3II_A,3II,MW946663,10173,100,2000,Thailand,Thailand,MW946663,2000
903,JF937648.1|2010,3III_C.2.1,3III_C,3III,JF937648,10680,104.9837806,2010,Nicaragua: Managua,Nicaragua,JF937648,2010
904,MW946664.1|2011,3II_B,3II_B,3II,MW946664,10173,100,2011,Thailand,Thailand,MW946664,2011
904,JF937652.1|2009,3III_C.2.1,3III_C,3III,JF937652,10477,102.9883024,2009,Nicaragua: Boaco,Nicaragua,JF937652,2009
905,MW946665.1|2000,3II_A,3II_A,3II,MW946665,10173,100,2000,Thailand,Thailand,MW946665,2000
905,JF920393.1|2009,3III_C.2.1,3III_C,3III,JF920393,10681,104.9936105,2009,Nicaragua: Managua,Nicaragua,JF920393,2009
906,MW946666.1|1999,3II_A,3II_A,3II,MW946666,10173,100,1999,Thailand,Thailand,MW946666,1999
906,JF920394.1|2009,3III_C.2.1,3III_C,3III,JF920394,10682,105.0034405,2009,Nicaragua: Managua,Nicaragua,JF920394,2009
907,MW946667.1|1995,3II_A,3II_A,3II,MW946667,10173,100,1995,Thailand,Thailand,MW946667,1995
907,JF920395.1|2009,3III_C.2.1,3III_C,3III,JF920395,10605,104.2465349,2009,Nicaragua: Managua,Nicaragua,JF920395,2009
908,MW946668.1|2006,3II_B,3II_B,3II,MW946668,10173,100,2006,Thailand,Thailand,MW946668,2006
908,JF920396.1|2009,3III_C.2.1,3III_C,3III,JF920396,10675,104.9346309,2009,Nicaragua: Managua,Nicaragua,JF920396,2009
909,MW946669.1|1996,3II_A,3II_A,3II,MW946669,10173,100,1996,Thailand,Thailand,MW946669,1996
909,JF920397.1|2010,3III_C.2.1,3III_C,3III,JF920397,10676,104.9444608,2010,Nicaragua: Managua,Nicaragua,JF920397,2010
910,MW946670.1|2002,3II_A,3II_A,3II,MW946670,10173,100,2002,Thailand,Thailand,MW946670,2002
910,JF920398.1|2009,3III_C.2.1,3III_C,3III,JF920398,10522,103.4306498,2009,Nicaragua: Managua,Nicaragua,JF920398,2009
911,MW946671.1|1998,3II_A,3II_A,3II,MW946671,10173,100,1998,Thailand,Thailand,MW946671,1998
911,JF920399.1|2009,3III_C.2.1,3III_C,3III,JF920399,10681,104.9936105,2009,Nicaragua: Managua,Nicaragua,JF920399,2009
912,MW946672.1|1994,3II_A,3II_A,3II,MW946672,10173,100,1994,Thailand,Thailand,MW946672,1994
912,JF920400.1|2009,3III_C.2.1,3III_C,3III,JF920400,10681,104.9936105,2009,Nicaragua: Managua,Nicaragua,JF920400,2009
913,MW946673.1|1998,3II_A,3II_A,3II,MW946673,10173,100,1998,Thailand,Thailand,MW946673,1998
913,JF920401.1|2010,3III_C.2.1,3III_C,3III,JF920401,10681,104.9936105,2010,Nicaragua: Chinandega,Nicaragua,JF920401,2010
914,MW946674.1|1997,3II_A,3II_A,3II,MW946674,10173,100,1997,Thailand,Thailand,MW946674,1997
914,JF920402.1|2009,3III_C.2.1,3III_C,3III,JF920402,10680,104.9837806,2009,Nicaragua: Rio San Juan,Nicaragua,JF920402,2009
915,MW946675.1|1994,3II_A,3II_A,3II,MW946675,10173,100,1994,Thailand,Thailand,MW946675,1994
915,JF920403.1|2009,3III_C.2.1,3III_C,3III,JF920403,10535,103.558439,2009,Nicaragua: Rio San Juan,Nicaragua,JF920403,2009
916,MW946676.1|2000,3II_A,3II_A,3II,MW946676,10173,100,2000,Thailand,Thailand,MW946676,2000
916,JF920404.1|2009,3III_C.2.1,3III_C,3III,JF920404,10681,104.9936105,2009,Nicaragua: Leon,Nicaragua,JF920404,2009
917,MW946677.1|2001,3II_A.2,3II_A,3II,MW946677,10173,100,2001,Thailand,Thailand,MW946677,2001
917,JF920405.1|2010,3III_C.2.1,3III_C,3III,JF920405,10681,104.9936105,2010,Nicaragua: Leon,Nicaragua,JF920405,2010
918,MW946678.1|2003,3II_A,3II_A,3II,MW946678,10173,100,2003,Thailand,Thailand,MW946678,2003
918,JF920406.1|2010,3III_C.2.1,3III_C,3III,JF920406,10681,104.9936105,2010,Nicaragua: Leon,Nicaragua,JF920406,2010
919,MW946679.1|2014,3III_B.1,3III_B,3III,MW946679,10173,100,2014,Thailand,Thailand,MW946679,2014
919,JF920407.1|2009,3III_C.2.1,3III_C,3III,JF920407,10680,104.9837806,2009,Nicaragua: RAAS,Nicaragua,JF920407,2009
920,MW946680.1|2002,3II_A,3II_A,3II,MW946680,10173,100,2002,Thailand,Thailand,MW946680,2002
920,JF920408.1|2010,3III_C.2.1,3III_C,3III,JF920408,10681,104.9936105,2010,Nicaragua: Nueva Segovia,Nicaragua,JF920408,2010
921,MW946681.1|1997,3II_A,3II_A,3II,MW946681,10173,100,1997,Thailand,Thailand,MW946681,1997
921,JF920409.1|2010,3III_C.2.1,3III_C,3III,JF920409,10680,104.9837806,2010,Nicaragua: Esteli,Nicaragua,JF920409,2010
922,MW946682.1|1995,3II_A,3II_A,3II,MW946682,10173,100,1995,Thailand,Thailand,MW946682,1995
922,GQ466079.1|2008,3III_B,3III_B,3III,GQ466079,10680,104.9837806,2008,India: Delhi,India,GQ466079,2008
923,MW946683.1|2002,3II_A,3II_A,3II,MW946683,10173,100,2002,Thailand,Thailand,MW946683,2002
923,HQ891025.1|2009,3III_C.2.1,3III_C,3III,HQ891025,10287,101.1206134,2009,Nicaragua: Managua,Nicaragua,HQ891025,2009
924,MW946684.1|2001,3II_A,3II_A,3II,MW946684,10173,100,2001,Thailand,Thailand,MW946684,2001
924,JF295012.1|2007,3II_A.2,3II_A,3II,JF295012,10510,103.3126905,2007,Cambodia: KCH,Cambodia,JF295012,2007
925,MW946685.1|2003,3II_A.5,3II_A,3II,MW946685,10173,100,2003,Thailand,Thailand,MW946685,2003
925,HQ541785.1|2009,3III_C.2.1,3III_C,3III,HQ541785,10539,103.5977588,2009,Nicaragua: Managua,Nicaragua,HQ541785,2009
926,MW946686.1|2006,3II_A.3,3II_A,3II,MW946686,10173,100,2006,Thailand,Thailand,MW946686,2006
926,HQ541789.1|2008,3III_C.2.1,3III_C,3III,HQ541789,10718,105.3573184,2008,Nicaragua: Managua,Nicaragua,HQ541789,2008
927,MW946687.1|2000,3II_A.4,3II_A,3II,MW946687,10173,100,2000,Thailand,Thailand,MW946687,2000
927,HQ541790.1|2008,3III_C.2.1,3III_C,3III,HQ541790,10694,105.1213998,2008,Nicaragua: Managua,Nicaragua,HQ541790,2008
928,MW946688.1|2011,3II_B,3II_B,3II,MW946688,10173,100,2011,Thailand,Thailand,MW946688,2011
928,HQ541791.1|2008,3III_C.2.1,3III_C,3III,HQ541791,10708,105.259019,2008,Nicaragua: Managua,Nicaragua,HQ541791,2008
929,MW946689.1|2011,3II_A.5,3II_A,3II,MW946689,10173,100,2011,Thailand,Thailand,MW946689,2011
929,HQ541795.1|2009,3III_C.2.1,3III_C,3III,HQ541795,10539,103.5977588,2009,Nicaragua: Managua,Nicaragua,HQ541795,2009
930,MW946690.1|2014,3III_B.1,3III_B,3III,MW946690,10173,100,2014,Thailand,Thailand,MW946690,2014
930,HQ541796.1|2009,3III_C.2.1,3III_C,3III,HQ541796,10539,103.5977588,2009,Nicaragua: Managua,Nicaragua,HQ541796,2009
931,MW946691.1|1992,3I_B,3I_B,3I,MW946691,10173,100,1992,Fiji,Fiji,MW946691,1992
931,HQ541797.1|2009,3III_C.2.1,3III_C,3III,HQ541797,10565,103.8533373,2009,Nicaragua: Managua,Nicaragua,HQ541797,2009
932,MW946692.1|2011,3II_A.5,3II_A,3II,MW946692,10173,100,2011,Thailand,Thailand,MW946692,2011
932,HQ541802.1|2009,3III_C.2.1,3III_C,3III,HQ541802,10229,100.5504768,2009,Nicaragua: Managua,Nicaragua,HQ541802,2009
933,HQ541803.1|2009,3III_C.2.1,3III_C,3III,HQ541803,8427,82.83692126,2009,Nicaragua: Managua,Nicaragua,HQ541803,2009
933,MW946693.1|2012,3III_B.1,3III_B,3III,MW946693,10173,100,2012,Thailand,Thailand,MW946693,2012
934,MW946694.1|2014,3III_B.1,3III_B,3III,MW946694,10173,100,2014,Thailand,Thailand,MW946694,2014
934,HQ541804.1|2009,3III_C.2.1,3III_C,3III,HQ541804,10264,100.8945247,2009,Nicaragua: Managua,Nicaragua,HQ541804,2009
935,MW946695.1|1994,3II_A,3II_A,3II,MW946695,10173,100,1994,Thailand,Thailand,MW946695,1994
935,HQ541806.1|2009,3III_C.2.1,3III_C,3III,HQ541806,10627,104.4627937,2009,Nicaragua: Managua,Nicaragua,HQ541806,2009
936,MW946696.1|1997,3II_A,3II_A,3II,MW946696,10173,100,1997,Thailand,Thailand,MW946696,1997
936,HQ671176.1|2009,3III_C.2.1,3III_C,3III,HQ671176,10681,104.9936105,2009,Nicaragua: Managua,Nicaragua,HQ671176,2009
937,MW946697.1|1996,3II_A,3II_A,3II,MW946697,10173,100,1996,Thailand,Thailand,MW946697,1996
937,HQ671177.1|2009,3III_C.2.1,3III_C,3III,HQ671177,10681,104.9936105,2009,Nicaragua: Managua,Nicaragua,HQ671177,2009
938,MW946698.1|2001,3II_A,3II_A,3II,MW946698,10173,100,2001,Thailand,Thailand,MW946698,2001
938,HQ671178.1|2009,3III_C.2.1,3III_C,3III,HQ671178,10583,104.0302762,2009,Nicaragua: Managua,Nicaragua,HQ671178,2009
939,MW946699.1|1999,3II_A,3II_A,3II,MW946699,10173,100,1999,Thailand,Thailand,MW946699,1999
939,HQ705609.1|2009,3III_C.2.1,3III_C,3III,HQ705609,10681,104.9936105,2009,Nicaragua: Managua,Nicaragua,HQ705609,2009
940,MW946700.1|1994,3II_A,3II_A,3II,MW946700,10173,100,1994,Thailand,Thailand,MW946700,1994
940,HQ705610.1|2009,3III_C.2.1,3III_C,3III,HQ705610,10681,104.9936105,2009,Nicaragua: Managua,Nicaragua,HQ705610,2009
941,MW946701.1|1994,3II_A,3II_A,3II,MW946701,10173,100,1994,Thailand,Thailand,MW946701,1994
941,HQ705611.1|2009,3III_C.2.1,3III_C,3III,HQ705611,10685,105.0329303,2009,Nicaragua: Managua,Nicaragua,HQ705611,2009
942,MW946702.1|1994,3II_A,3II_A,3II,MW946702,10173,100,1994,Thailand,Thailand,MW946702,1994
942,HQ705612.1|2009,3III_C.2.1,3III_C,3III,HQ705612,10681,104.9936105,2009,Nicaragua: Managua,Nicaragua,HQ705612,2009
943,MW946703.1|1995,3II_A,3II_A,3II,MW946703,10173,100,1995,Thailand,Thailand,MW946703,1995
943,HQ705613.1|2009,3III_C.2.1,3III_C,3III,HQ705613,10681,104.9936105,2009,Nicaragua: Managua,Nicaragua,HQ705613,2009
944,MW946704.1|2013,3III_B.1,3III_B,3III,MW946704,10173,100,2013,Thailand,Thailand,MW946704,2013
944,HQ705614.1|2009,3III_C.2.1,3III_C,3III,HQ705614,10681,104.9936105,2009,Nicaragua: Managua,Nicaragua,HQ705614,2009
945,MW946705.1|1999,3II_A.5,3II_A,3II,MW946705,10173,100,1999,Thailand,Thailand,MW946705,1999
945,HQ705615.1|2009,3III_C.2.1,3III_C,3III,HQ705615,10431,102.536125,2009,Nicaragua: Managua,Nicaragua,HQ705615,2009
946,MW946706.1|2009,3II_A.5,3II_A,3II,MW946706,10173,100,2009,Thailand,Thailand,MW946706,2009
946,HQ705616.1|2009,3III_C.2.1,3III_C,3III,HQ705616,10682,105.0034405,2009,Nicaragua: Managua,Nicaragua,HQ705616,2009
947,MW946707.1|1994,3II_A,3II_A,3II,MW946707,10173,100,1994,Thailand,Thailand,MW946707,1994
947,HQ705617.1|2009,3III_C.2.1,3III_C,3III,HQ705617,10682,105.0034405,2009,Nicaragua: Managua,Nicaragua,HQ705617,2009
948,MW946708.1|1999,3II_A,3II_A,3II,MW946708,10173,100,1999,Thailand,Thailand,MW946708,1999
948,HQ705618.1|2009,3III_C.2.1,3III_C,3III,HQ705618,10680,104.9837806,2009,Nicaragua: Managua,Nicaragua,HQ705618,2009
949,MW946709.1|2006,3II_A,3II_A,3II,MW946709,10173,100,2006,Thailand,Thailand,MW946709,2006
949,HQ705619.1|2009,3III_C.2.1,3III_C,3III,HQ705619,10680,104.9837806,2009,Nicaragua: Managua,Nicaragua,HQ705619,2009
950,MW946710.1|1995,3II_A,3II_A,3II,MW946710,10173,100,1995,Thailand,Thailand,MW946710,1995
950,HQ705620.1|2009,3III_C.2.1,3III_C,3III,HQ705620,10681,104.9936105,2009,Nicaragua: Managua,Nicaragua,HQ705620,2009
951,MW946711.1|2012,3III_B.1,3III_B,3III,MW946711,10173,100,2012,Thailand,Thailand,MW946711,2012
951,HQ705621.1|2009,3III_C.2.1,3III_C,3III,HQ705621,10681,104.9936105,2009,Nicaragua: Managua,Nicaragua,HQ705621,2009
952,MW946712.1|1995,3II_A,3II_A,3II,MW946712,10173,100,1995,Thailand,Thailand,MW946712,1995
952,HQ705622.1|2009,3III_C.2.1,3III_C,3III,HQ705622,10681,104.9936105,2009,Nicaragua: Managua,Nicaragua,HQ705622,2009
953,MW946713.1|2001,3II_A,3II_A,3II,MW946713,10173,100,2001,Thailand,Thailand,MW946713,2001
953,HQ705623.1|2009,3III_C.2.1,3III_C,3III,HQ705623,10681,104.9936105,2009,Nicaragua: Managua,Nicaragua,HQ705623,2009
954,MW946714.1|1999,3II_A,3II_A,3II,MW946714,10173,100,1999,Thailand,Thailand,MW946714,1999
954,FJ644564.1|2007,3III_B,3III_B,3III,FJ644564,10707,105.249189,2007,India: Hyderabad,India,FJ644564,2007
955,MW946715.1|1999,3II_A,3II_A,3II,MW946715,10173,100,1999,Thailand,Thailand,MW946715,1999
955,HQ166030.1|2009,3III_C.2.1,3III_C,3III,HQ166030,10540,103.6075887,2009,Nicaragua: Managua,Nicaragua,HQ166030,2009
956,MW946716.1|2003,3II_A,3II_A,3II,MW946716,10173,100,2003,Thailand,Thailand,MW946716,2003
956,HQ166031.1|2009,3III_C.2.1,3III_C,3III,HQ166031,10539,103.5977588,2009,Nicaragua: Managua,Nicaragua,HQ166031,2009
957,MW946717.1|2003,3II_A,3II_A,3II,MW946717,10173,100,2003,Thailand,Thailand,MW946717,2003
957,HQ166032.1|2009,3III_C.2.1,3III_C,3III,HQ166032,10538,103.5879288,2009,Nicaragua: Managua,Nicaragua,HQ166032,2009
958,MW946718.1|2001,3II_A.4,3II_A,3II,MW946718,10173,100,2001,Thailand,Thailand,MW946718,2001
958,HQ166033.1|2009,3III_C.2.1,3III_C,3III,HQ166033,10539,103.5977588,2009,Nicaragua: Managua,Nicaragua,HQ166033,2009
959,MW946719.1|1995,3II_A,3II_A,3II,MW946719,10173,100,1995,Thailand,Thailand,MW946719,1995
959,HQ166034.1|2009,3III_C.2.1,3III_C,3III,HQ166034,10538,103.5879288,2009,Nicaragua: Managua,Nicaragua,HQ166034,2009
960,MW946720.1|2012,3II_A.5,3II_A,3II,MW946720,10173,100,2012,Thailand,Thailand,MW946720,2012
960,HM631854.1|2008,3II_A.2,3II_A,3II,HM631854,10665,104.8363315,2008,Cambodia: KCH,Cambodia,HM631854,2008
961,MW946721.1|2011,3III_B.1,3III_B,3III,MW946721,10173,100,2011,Thailand,Thailand,MW946721,2011
961,HM631856.1|2009,3III_C.2.1,3III_C,3III,HM631856,10495,103.1652413,2009,Nicaragua: Managua,Nicaragua,HM631856,2009
962,MW946722.1|2000,3II_A,3II_A,3II,MW946722,10173,100,2000,Thailand,Thailand,MW946722,2000
962,HM631857.1|2009,3III_C.2.1,3III_C,3III,HM631857,10539,103.5977588,2009,Nicaragua: Managua,Nicaragua,HM631857,2009
963,MW946723.1|1999,3II_A,3II_A,3II,MW946723,10173,100,1999,Thailand,Thailand,MW946723,1999
963,HM631858.1|2009,3III_C.2.1,3III_C,3III,HM631858,10539,103.5977588,2009,Nicaragua: Managua,Nicaragua,HM631858,2009
964,MW946724.1|2011,3II_A.5,3II_A,3II,MW946724,10173,100,2011,Thailand,Thailand,MW946724,2011
964,HM631859.1|2009,3III_C.2.1,3III_C,3III,HM631859,10539,103.5977588,2009,Nicaragua: Managua,Nicaragua,HM631859,2009
965,MW946725.1|1998,3II_A,3II_A,3II,MW946725,10173,100,1998,Thailand,Thailand,MW946725,1998
965,HM631860.1|2009,3III_C.2.1,3III_C,3III,HM631860,10538,103.5879288,2009,Nicaragua: Managua,Nicaragua,HM631860,2009
966,MW946726.1|1999,3II_A,3II_A,3II,MW946726,10173,100,1999,Thailand,Thailand,MW946726,1999
966,HM631861.1|2009,3III_C.2.1,3III_C,3III,HM631861,10534,103.5486091,2009,Nicaragua: Managua,Nicaragua,HM631861,2009
967,MW946727.1|1996,3II_A,3II_A,3II,MW946727,10173,100,1996,Thailand,Thailand,MW946727,1996
967,HM631862.1|2009,3III_C.2.1,3III_C,3III,HM631862,10539,103.5977588,2009,Nicaragua: Managua,Nicaragua,HM631862,2009
968,MW946728.1|2003,3II_A.5,3II_A,3II,MW946728,10173,100,2003,Thailand,Thailand,MW946728,2003
968,HM631863.1|2009,3III_C.2.1,3III_C,3III,HM631863,10540,103.6075887,2009,Nicaragua: Managua,Nicaragua,HM631863,2009
969,MW946729.1|2012,3II_A.5,3II_A,3II,MW946729,10173,100,2012,Thailand,Thailand,MW946729,2012
969,HM631864.1|2009,3III_C.2.1,3III_C,3III,HM631864,10539,103.5977588,2009,Nicaragua: Managua,Nicaragua,HM631864,2009
970,MW946730.1|2002,3II_A,3II_A,3II,MW946730,10173,100,2002,Thailand,Thailand,MW946730,2002
970,HM631869.1|2009,3III_C.2.1,3III_C,3III,HM631869,10539,103.5977588,2009,Nicaragua: Managua,Nicaragua,HM631869,2009
971,MW946731.1|2001,3II_A.5,3II_A,3II,MW946731,10173,100,2001,Thailand,Thailand,MW946731,2001
971,HM756274.1|2009,3III_C.2.1,3III_C,3III,HM756274,10537,103.5780989,2009,Nicaragua: Managua,Nicaragua,HM756274,2009
972,MW946732.1|2006,3II_A.2,3II_A,3II,MW946732,10173,100,2006,Thailand,Thailand,MW946732,2006
972,HM756275.1|2009,3III_C.2.1,3III_C,3III,HM756275,10531,103.5191192,2009,Nicaragua: Managua,Nicaragua,HM756275,2009
973,MW946733.1|2001,3II_A,3II_A,3II,MW946733,10173,100,2001,Thailand,Thailand,MW946733,2001
973,HM756276.1|2009,3III_C.2.1,3III_C,3III,HM756276,10539,103.5977588,2009,Nicaragua: Managua,Nicaragua,HM756276,2009
974,MW946734.1|2003,3II_A,3II_A,3II,MW946734,10173,100,2003,Thailand,Thailand,MW946734,2003
974,HM756277.1|2009,3III_C.2.1,3III_C,3III,HM756277,10540,103.6075887,2009,Nicaragua: Managua,Nicaragua,HM756277,2009
975,MW946735.1|2012,3II_A.5,3II_A,3II,MW946735,10173,100,2012,Thailand,Thailand,MW946735,2012
975,HM756278.1|2009,3III_C.2.1,3III_C,3III,HM756278,10541,103.6174187,2009,Nicaragua: Managua,Nicaragua,HM756278,2009
976,MW946736.1|2005,3II_A,3II_A,3II,MW946736,10173,100,2005,Thailand,Thailand,MW946736,2005
976,HM756279.1|2009,3III_C.2.1,3III_C,3III,HM756279,10539,103.5977588,2009,Nicaragua: Managua,Nicaragua,HM756279,2009
977,MW946737.1|2001,3II_A,3II_A,3II,MW946737,10173,100,2001,Thailand,Thailand,MW946737,2001
977,HM756280.1|2009,3III_C.2.1,3III_C,3III,HM756280,10540,103.6075887,2009,Nicaragua: Managua,Nicaragua,HM756280,2009
978,MW946738.1|2003,3II_A,3II_A,3II,MW946738,10173,100,2003,Thailand,Thailand,MW946738,2003
978,HM756281.1|2009,3III_C.2.1,3III_C,3III,HM756281,10540,103.6075887,2009,Nicaragua: Managua,Nicaragua,HM756281,2009
979,MW946739.1|1995,3II_A,3II_A,3II,MW946739,10173,100,1995,Thailand,Thailand,MW946739,1995
979,HM756282.1|2009,3III_C.2.1,3III_C,3III,HM756282,10539,103.5977588,2009,Nicaragua: Managua,Nicaragua,HM756282,2009
980,MW946740.1|1997,3II_A,3II_A,3II,MW946740,10173,100,1997,Thailand,Thailand,MW946740,1997
980,HM181933.1|2006,3II_A.2,3II_A,3II,HM181933,10525,103.4601396,2006,Cambodia: KCH,Cambodia,HM181933,2006
981,MW946741.1|2014,3III_B.1,3III_B,3III,MW946741,10173,100,2014,Thailand,Thailand,MW946741,2014
981,HM181934.1|2006,3II_A.2,3II_A,3II,HM181934,10525,103.4601396,2006,Cambodia: KCH,Cambodia,HM181934,2006
982,MW946742.1|2010,3II_B,3II_B,3II,MW946742,10173,100,2010,Thailand,Thailand,MW946742,2010
982,HM181935.1|2007,3II_A.2,3II_A,3II,HM181935,10525,103.4601396,2007,Cambodia: KCH,Cambodia,HM181935,2007
983,MW946743.1|2003,3II_A.5,3II_A,3II,MW946743,10173,100,2003,Thailand,Thailand,MW946743,2003
983,HM181972.1|2009,3III_C.2.1,3III_C,3III,HM181972,10539,103.5977588,2009,Nicaragua: Managua,Nicaragua,HM181972,2009
984,MW946744.1|1995,3II_A,3II_A,3II,MW946744,10173,100,1995,Thailand,Thailand,MW946744,1995
984,HM181973.1|2009,3III_C.2.1,3III_C,3III,HM181973,10538,103.5879288,2009,Nicaragua: Managua,Nicaragua,HM181973,2009
985,MW946745.1|2005,3II_A.3,3II_A,3II,MW946745,10173,100,2005,Thailand,Thailand,MW946745,2005
985,HM181974.1|2009,3III_C.2.1,3III_C,3III,HM181974,10540,103.6075887,2009,Nicaragua: Managua,Nicaragua,HM181974,2009
986,MW946746.1|1994,3II_A,3II_A,3II,MW946746,10173,100,1994,Thailand,Thailand,MW946746,1994
986,HM181975.1|2009,3III_C.2.1,3III_C,3III,HM181975,10539,103.5977588,2009,Nicaragua: Managua,Nicaragua,HM181975,2009
987,MW946747.1|2010,3II_B,3II_B,3II,MW946747,10173,100,2010,Thailand,Thailand,MW946747,2010
987,HM181976.1|2009,3III_C.2.1,3III_C,3III,HM181976,10539,103.5977588,2009,Nicaragua: Managua,Nicaragua,HM181976,2009
988,MW946748.1|1994,3II_A,3II_A,3II,MW946748,10173,100,1994,Thailand,Thailand,MW946748,1994
988,HM181977.1|2009,3III_C.2.1,3III_C,3III,HM181977,10536,103.5682689,2009,Nicaragua: Managua,Nicaragua,HM181977,2009
989,MW946749.1|1999,3II_A,3II_A,3II,MW946749,10173,100,1999,Thailand,Thailand,MW946749,1999
989,HM181978.1|2009,3III_C.2.1,3III_C,3III,HM181978,10566,103.8631672,2009,Nicaragua: Managua,Nicaragua,HM181978,2009
990,MW946750.1|1995,3II_A,3II_A,3II,MW946750,10173,100,1995,Thailand,Thailand,MW946750,1995
990,GU370052.1|2009-01,3I_A,3I_A,3I,GU370052,10250,100.7569055,2009,Singapore,Singapore,GU370052,2009
991,MW946751.1|2001,3I_A,3I_A,3I,MW946751,10173,100,2001,Thailand,Thailand,MW946751,2001
991,GU370053.1|2007-05,3III_A.2,3III_A,3III,GU370053,10248,100.7372457,2007,Singapore,Singapore,GU370053,2007
992,MW946752.1|1994,3II_A,3II_A,3II,MW946752,10173,100,1994,Thailand,Thailand,MW946752,1994
992,GU363549.1|2009-08-06,3III_B.2,3III_B,3III,GU363549,10707,105.249189,2009,China: Guangzhou,China,GU363549,2009
993,MW946753.1|2003,3II_A,3II_A,3II,MW946753,10173,100,2003,Thailand,Thailand,MW946753,2003
993,GU131950.1|2001,3III_C.1,3III_C,3III,GU131950,10616,104.3546643,2001,Colombia: Santander,Colombia,GU131950,2001
994,MW946754.1|2006,3II_A.3,3II_A,3II,MW946754,10173,100,2006,Thailand,Thailand,MW946754,2006
994,GU131951.1|2003,3III_C.1,3III_C,3III,GU131951,10638,104.570923,2003,Colombia: Santander,Colombia,GU131951,2003
995,MW946755.1|1999,3II_A,3II_A,3II,MW946755,10173,100,1999,Thailand,Thailand,MW946755,1999
995,GU131952.1|2003,3III_C.1,3III_C,3III,GU131952,10638,104.570923,2003,Colombia: Santander,Colombia,GU131952,2003
996,MW946756.1|2002,3II_A,3II_A,3II,MW946756,10173,100,2002,Thailand,Thailand,MW946756,2002
996,GU131953.1|2004,3III_C.1,3III_C,3III,GU131953,10588,104.0794259,2004,Colombia: Santander,Colombia,GU131953,2004
997,MW946757.1|2006,3II_A,3II_A,3II,MW946757,10173,100,2006,Thailand,Thailand,MW946757,2006
997,GU131954.1|2006,3III_C.1,3III_C,3III,GU131954,10525,103.4601396,2006,Colombia: Norte de Santander,Colombia,GU131954,2006
998,MW946758.1|1996,3II_A,3II_A,3II,MW946758,10173,100,1996,Thailand,Thailand,MW946758,1996
998,GU189648.1|2009,3II_A.2,3II_A,3II,GU189648,10173,100,2009,China: Zhejiang,China,GU189648,2009
999,MW946759.1|2006,3II_A.5,3II_A,3II,MW946759,10173,100,2006,Thailand,Thailand,MW946759,2006
999,GU131844.1|2006,3III_C.2,3III_C,3III,GU131844,10594,104.1384056,2006,Brazil: Sao Paulo,Brazil,GU131844,2006