"index","seqName","clade","major_lineage","genotype","otherName","seqLength","X.cds","Year","geo_location","country","strain","date"
112,"NC_001474.2|1964","2V","2V","2V","NC_001474",10723,105.3753931,1964,"Thailand","Thailand","NC_001474",1964
115,"PP320854.1|2013-07-03","2III_C.1","2III_C","2III","PP320854",10668,104.8349057,2013,"France","France","PP320854",2013
116,"PP320855.1|2014-01-14","2III_C.1","2III_C","2III","PP320855",10591,104.0782233,2014,"France","France","PP320855",2014
119,"PP510619.1|2023-08-27","2II_F.1.1.5","2II_F","2II","PP510619",10688,105.0314465,2023,"French Guiana: Sinnamary","French Guiana","PP510619",2023
120,"PP510620.1|2023-07-14","2II_F.1.1.5","2II_F","2II","PP510620",10677,104.9233491,2023,"French Guiana: Saint-Laurent-du-Maroni","French Guiana","PP510620",2023
121,"PP510621.1|2023-09-21","2II_F.1.1.5","2II_F","2II","PP510621",10688,105.0314465,2023,"French Guiana: imported from Guadeloupe","French Guiana","PP510621",2023
122,"PP510622.1|2023-07-24","2II_F.1.1.5","2II_F","2II","PP510622",10279,101.0121855,2023,"Martinique","Martinique","PP510622",2023
123,"PP510623.1|2023-07-21","2II_F.1.1.5","2II_F","2II","PP510623",10676,104.913522,2023,"Martinique","Martinique","PP510623",2023
125,"PP510625.1|2023-07-24","2II_F.1.1.5","2II_F","2II","PP510625",10686,105.0117925,2023,"Martinique","Martinique","PP510625",2023
126,"PP563772.1|2023-08-03","2II_F.1.1","2II_F","2II","PP563772",10700,105.1493711,2023,"Thailand","Thailand","PP563772",2023
223,"PP564602.1|2023-10-07","2V_A.2","2V_A","2V","PP564602",10712,105.2672956,2023,"China: Guangzhou","China","PP564602",2023
271,"PP564650.1|2023-10-12","2II_F.1.1.3","2II_F","2II","PP564650",10602,104.1863208,2023,"China: Guangzhou","China","PP564650",2023
272,"PP564651.1|2023-10-08","2II_F.1.1.3","2II_F","2II","PP564651",10645,104.6088836,2023,"China: Guangzhou","China","PP564651",2023
280,"PP564659.1|2023-10-25","2II_A.2.2","2II_A","2II","PP564659",10643,104.5892296,2023,"China: Guangzhou","China","PP564659",2023
296,"PP564675.1|2023-10-29","2II_A.2.2","2II_A","2II","PP564675",10658,104.7366352,2023,"China: Guangzhou","China","PP564675",2023
305,"PP564684.1|2023-11-13","2II_F.1.1.3","2II_F","2II","PP564684",10689,105.0412736,2023,"China: Guangzhou","China","PP564684",2023
327,"PP564706.1|2023-11-14","2II_A.2.2","2II_A","2II","PP564706",10639,104.5499214,2023,"China: Guangzhou","China","PP564706",2023
337,"OR616462.1|2023-08-10","2III_C.1.2","2III_C","2III","OR616462",10271,100.9335692,2023,"Dominican Republic","Dominican Republic","OR616462",2023
349,"OR616474.1|2023-01-05","2III_C.1.2","2III_C","2III","OR616474",10312,101.336478,2023,"Dominican Republic","Dominican Republic","OR616474",2023
351,"OR616476.1|2023-01-17","2III_C.1.2","2III_C","2III","OR616476",10272,100.9433962,2023,"Dominican Republic","Dominican Republic","OR616476",2023
396,"OR235796.1|2016-11","2II_A.1.1.2","2II_A","2II","OR235796",9934,97.62185535,2016,"Reunion","Reunion","OR235796",2016
398,"OR235798.1|2016-03","2II_A.1.1.2","2II_A","2II","OR235798",10506,103.2429245,2016,"Reunion","Reunion","OR235798",2016
411,"OR235811.1|2017-07","2II_A.1.1.1","2II_A","2II","OR235811",10506,103.2429245,2017,"Reunion","Reunion","OR235811",2017
421,"OR235821.1|2020-01","2II_A.1.1.1","2II_A","2II","OR235821",10506,103.2429245,2020,"Reunion","Reunion","OR235821",2020
426,"OR235826.1|2020-05","2II_C.1","2II_C","2II","OR235826",10506,103.2429245,2020,"Reunion","Reunion","OR235826",2020
431,"OR235831.1|2020-01","2II_A.1.1.1","2II_A","2II","OR235831",10506,103.2429245,2020,"Reunion","Reunion","OR235831",2020
432,"OR235832.1|2020-01","2II_C.1","2II_C","2II","OR235832",10507,103.2527516,2020,"Reunion","Reunion","OR235832",2020
434,"OR235834.1|2019-01","2II_A.1.1.1","2II_A","2II","OR235834",10506,103.2429245,2019,"Reunion","Reunion","OR235834",2019
467,"OR235867.1|2018-11","2II_A.1.1.1","2II_A","2II","OR235867",10506,103.2429245,2018,"Reunion","Reunion","OR235867",2018
487,"OR235887.1|2019-02","2II_A.1.1.1","2II_A","2II","OR235887",10506,103.2429245,2019,"Reunion","Reunion","OR235887",2019
499,"OR235899.1|2019-05","2II_A.1.1.1","2II_A","2II","OR235899",10506,103.2429245,2019,"Reunion","Reunion","OR235899",2019
575,"OR235975.1|2018-02","2II_A.1.1.1","2II_A","2II","OR235975",9934,97.62185535,2018,"Reunion","Reunion","OR235975",2018
608,"OR236008.1|2020-09","2II_A.1.1.1","2II_A","2II","OR236008",10506,103.2429245,2020,"Reunion","Reunion","OR236008",2020
651,"OR236051.1|2018-05","2II_A.1.1.1","2II_A","2II","OR236051",10505,103.2330975,2018,"Reunion","Reunion","OR236051",2018
686,"OR236086.1|2012-01","2II_D.3","2II_D","2II","OR236086",10506,103.2429245,2012,"Reunion","Reunion","OR236086",2012
690,"OR236090.1|2017-11","2II_A.1.1.1","2II_A","2II","OR236090",10506,103.2429245,2017,"Reunion","Reunion","OR236090",2017
692,"OR236092.1|2017-06","2II_A.1.1.1","2II_A","2II","OR236092",10506,103.2429245,2017,"Reunion","Reunion","OR236092",2017
693,"OR236093.1|2017-06","2II_F.1.1","2II_F","2II","OR236093",10507,103.2527516,2017,"Reunion","Reunion","OR236093",2017
707,"OR236107.1|2013-11","2II_D.1.2","2II_D","2II","OR236107",10506,103.2429245,2013,"Reunion","Reunion","OR236107",2013
708,"OR236108.1|2012-10","2II_A","2II_A","2II","OR236108",10506,103.2429245,2012,"Reunion","Reunion","OR236108",2012
709,"OR236109.1|2012-10","2III_C.1","2III_C","2III","OR236109",10507,103.2527516,2012,"Reunion","Reunion","OR236109",2012
713,"OR236113.1|2016-11","2II_A.1.1.2","2II_A","2II","OR236113",10506,103.2429245,2016,"Reunion","Reunion","OR236113",2016
714,"OR236114.1|2014-03","2II_D.1.2","2II_D","2II","OR236114",10506,103.2429245,2014,"Reunion","Reunion","OR236114",2014
715,"OR236115.1|2014-12","2II_D.1.2","2II_D","2II","OR236115",10506,103.2429245,2014,"Reunion","Reunion","OR236115",2014
716,"OR236116.1|2014-05","2II_D.1.2","2II_D","2II","OR236116",10506,103.2429245,2014,"Reunion","Reunion","OR236116",2014
739,"PP439579.1|2021-07-07","2II_F.1.1.4","2II_F","2II","PP439579",10569,103.8620283,2021,"Cambodia","Cambodia","PP439579",2021
740,"PP439580.1|2021-10-12","2II_F.1.1.4","2II_F","2II","PP439580",10694,105.0904088,2021,"Cambodia","Cambodia","PP439580",2021
749,"PP411255.1|2022-06-29","2V_A.1.2","2V_A","2V","PP411255",10573,103.9013365,2022,"Cambodia","Cambodia","PP411255",2022
760,"PP406454.1|2022-05-30","2II_F.1.1.4","2II_F","2II","PP406454",10569,103.8620283,2022,"Cambodia","Cambodia","PP406454",2022
762,"PP411227.1|2022-06-01","2II_F.1.1","2II_F","2II","PP411227",10549,103.6654874,2022,"Cambodia","Cambodia","PP411227",2022
763,"PP411228.1|2022-06-01","2II_F.1.1.4","2II_F","2II","PP411228",10569,103.8620283,2022,"Cambodia","Cambodia","PP411228",2022
771,"PP396279.1|2021-12-16","2II_F.1.1.4","2II_F","2II","PP396279",10709,105.2378145,2021,"Cambodia","Cambodia","PP396279",2021
796,"PP326757.1|2023-05-20","2II_F.1.1.5","2II_F","2II","PP326757",10667,104.8250786,2023,"France","France","PP326757",2023
817,"PP326779.1|2023-07-03","2II_F.1.1.5","2II_F","2II","PP326779",10667,104.8250786,2023,"France","France","PP326779",2023
840,"PP326802.1|2023-09-06","2II_F.1.1.5","2II_F","2II","PP326802",10667,104.8250786,2023,"France","France","PP326802",2023
871,"PP326833.1|2024-01-03","2II_F.1.1.5","2II_F","2II","PP326833",10664,104.7955975,2024,"France","France","PP326833",2024
876,"PP335481.1|2019-11-20","2II_A.1.1.1","2II_A","2II","PP335481",10176,100,2019,"France","France","PP335481",2019
877,"PP335482.1|2020-02-20","2II_A.1.1.1","2II_A","2II","PP335482",10128,99.52830189,2020,"France","France","PP335482",2020
880,"OR618319.1|2016-07-16","2II_D.3","2II_D","2II","OR618319",10638,104.5400943,2016,"Taiwan","Taiwan","OR618319",2016
881,"OR618320.1|2016-07-17","2II_D.3","2II_D","2II","OR618320",10638,104.5400943,2016,"Taiwan","Taiwan","OR618320",2016
882,"OR618321.1|2016-07-20","2II_D.3","2II_D","2II","OR618321",10638,104.5400943,2016,"Taiwan","Taiwan","OR618321",2016
884,"PP309840.1|2023-08-20","2II_F.1.1","2II_F","2II","PP309840",7472,73.42767296,2023,"Bangladesh","Bangladesh","PP309840",2023
892,"PP309848.1|2023-09-22","2II_F.1.1","2II_F","2II","PP309848",7472,73.42767296,2023,"Bangladesh","Bangladesh","PP309848",2023
894,"PP309850.1|2023-11-16","2II_F.1.1","2II_F","2II","PP309850",7472,73.42767296,2023,"Bangladesh","Bangladesh","PP309850",2023
896,"PP269822.1|2011-08-24","2V_A","2V_A","2V","PP269822",10563,103.803066,2011,"Viet Nam","Viet Nam","PP269822",2011
897,"PP269823.1|2012-05-16","2V_A","2V_A","2V","PP269823",10563,103.803066,2012,"Viet Nam","Viet Nam","PP269823",2012
899,"PP269825.1|2013-02-21","2V_A","2V_A","2V","PP269825",9895,97.23860063,2013,"Viet Nam","Viet Nam","PP269825",2013
902,"PP269828.1|2013-07-31","2V_A.1","2V_A","2V","PP269828",10607,104.235456,2013,"Viet Nam","Viet Nam","PP269828",2013
908,"PP269834.1|2013-01-09","2V_A","2V_A","2V","PP269834",9527,93.62224843,2013,"Viet Nam","Viet Nam","PP269834",2013
916,"PP269842.1|2012-06-07","2V_A","2V_A","2V","PP269842",10606,104.2256289,2012,"Viet Nam","Viet Nam","PP269842",2012
920,"PP269846.1|2011-10-31","2V_A","2V_A","2V","PP269846",10585,104.019261,2011,"Viet Nam","Viet Nam","PP269846",2011
921,"PP269847.1|2011-11-08","2V_A","2V_A","2V","PP269847",10585,104.019261,2011,"Viet Nam","Viet Nam","PP269847",2011
929,"PP269855.1|2014-10-29","2II_A.1.1.1","2II_A","2II","PP269855",10563,103.803066,2014,"Viet Nam","Viet Nam","PP269855",2014
932,"PP269858.1|2014-11-07","2II_A.1.1.1","2II_A","2II","PP269858",10512,103.3018868,2014,"Viet Nam","Viet Nam","PP269858",2014
933,"PP269859.1|2014-11-30","2II_A.1.1.1","2II_A","2II","PP269859",10556,103.7342767,2014,"Viet Nam","Viet Nam","PP269859",2014
937,"PP269863.1|2014-09-22","2V_A.1.1","2V_A","2V","PP269863",10597,104.1371855,2014,"Viet Nam","Viet Nam","PP269863",2014
938,"PP269864.1|2014-10-09","2V_A.1.1","2V_A","2V","PP269864",10611,104.2747642,2014,"Viet Nam","Viet Nam","PP269864",2014
939,"PP269865.1|2014-11-26","2V_A.1.1","2V_A","2V","PP269865",10609,104.2551101,2014,"Viet Nam","Viet Nam","PP269865",2014
943,"PP269869.1|2012-09-13","2V_A","2V_A","2V","PP269869",10553,103.7047956,2012,"Viet Nam","Viet Nam","PP269869",2012
958,"PP269884.1|2019-08-19","2II_F.2.1","2II_F","2II","PP269884",10604,104.2059748,2019,"Viet Nam","Viet Nam","PP269884",2019
962,"PP269888.1|2019-10-21","2V_A.1.1","2V_A","2V","PP269888",10604,104.2059748,2019,"Viet Nam","Viet Nam","PP269888",2019
964,"PP269890.1|2020-05-12","2V_A.1.1","2V_A","2V","PP269890",10563,103.803066,2020,"Viet Nam","Viet Nam","PP269890",2020
965,"PP269891.1|2020-11-13","2II_F.2.1","2II_F","2II","PP269891",10563,103.803066,2020,"Viet Nam","Viet Nam","PP269891",2020
980,"PP269906.1|2022-08-09","2II_F.1.3","2II_F","2II","PP269906",10604,104.2059748,2022,"Viet Nam","Viet Nam","PP269906",2022
983,"PP269909.1|2022-12-01","2II_F.1.3","2II_F","2II","PP269909",10603,104.1961478,2022,"Viet Nam","Viet Nam","PP269909",2022
986,"PP269912.1|2023-02-02","2II_F.1.1","2II_F","2II","PP269912",10606,104.2256289,2023,"Viet Nam","Viet Nam","PP269912",2023
994,"PP269920.1|2023-02-06","2II_F.1.3","2II_F","2II","PP269920",10604,104.2059748,2023,"Viet Nam","Viet Nam","PP269920",2023
996,"PP269922.1|2015-09-07","2V_A","2V_A","2V","PP269922",10607,104.235456,2015,"Viet Nam","Viet Nam","PP269922",2015
997,"PP269923.1|2015-11-23","2V_A","2V_A","2V","PP269923",10480,102.9874214,2015,"Viet Nam","Viet Nam","PP269923",2015
998,"PP269924.1|2015-12-01","2V_A","2V_A","2V","PP269924",10606,104.2256289,2015,"Viet Nam","Viet Nam","PP269924",2015
999,"PP269925.1|2016-10-25","2II_A.1.1.1","2II_A","2II","PP269925",10605,104.2158019,2016,"Viet Nam","Viet Nam","PP269925",2016
1000,"PP269926.1|2016-12-09","2V_A.1","2V_A","2V","PP269926",10563,103.803066,2016,"Viet Nam","Viet Nam","PP269926",2016
1001,"PP269927.1|2016-12-22","2V_A.1.1","2V_A","2V","PP269927",10604,104.2059748,2016,"Viet Nam","Viet Nam","PP269927",2016
1006,"PP269932.1|2017-05-08","2V_A.1.1","2V_A","2V","PP269932",10476,102.9481132,2017,"Viet Nam","Viet Nam","PP269932",2017
1007,"PP269933.1|2017-07-24","2V_A.1.1","2V_A","2V","PP269933",10563,103.803066,2017,"Viet Nam","Viet Nam","PP269933",2017
1019,"PP234928.1|2019-07-01","2II_F.1.1","2II_F","2II","PP234928",10666,104.8152516,2019,"Thailand","Thailand","PP234928",2019
1020,"PP234930.1|2019-07-01","2II_D","2II_D","2II","PP234930",10565,103.8227201,2019,"Thailand","Thailand","PP234930",2019
1022,"PP234933.1|2019-07-01","2II_F.1.1","2II_F","2II","PP234933",10672,104.8742138,2019,"Thailand","Thailand","PP234933",2019
1024,"PP234935.1|2018-07-01","2II_F.1.1","2II_F","2II","PP234935",10593,104.0978774,2018,"Thailand","Thailand","PP234935",2018
1025,"PP234936.1|2019-07-01","2II_A.1.1.1","2II_A","2II","PP234936",10672,104.8742138,2019,"Guadeloupe","Guadeloupe","PP234936",2019
1026,"PP234937.1|2019-07-01","2II_A.1.1.1","2II_A","2II","PP234937",10672,104.8742138,2019,"Viet Nam","Viet Nam","PP234937",2019
1027,"PP234938.1|2018-07-01","2III_C.1.1","2III_C","2III","PP234938",10660,104.7562893,2018,"Brazil","Brazil","PP234938",2018
1029,"PP234940.1|2019-07-01","2III_D.1.2","2III_D","2III","PP234940",10608,104.245283,2019,"Honduras","Honduras","PP234940",2019
1031,"PP234966.1|2018-07-01","2III_C.2","2III_C","2III","PP234966",10573,103.9013365,2018,"Indonesia","Indonesia","PP234966",2018
1032,"PP204093.1|2023-06-08","2II_F.1.1","2II_F","2II","PP204093",10609,104.2551101,2023,"United Arab Emirates: Abu Dhabi, Duba, Maldives","United Arab Emirates","PP204093",2023
1033,"PP087793.1|2023-07","2II_F.1.1","2II_F","2II","PP087793",10638,104.5400943,2023,"Taiwan: Kaohsiung","Taiwan","PP087793",2023
1034,"OQ511271.1|2021-02-01","2II_F.1.1.2","2II_F","2II","OQ511271",9246,90.86084906,2021,"Brazil: Acre,Rio Branco","Brazil","OQ511271",2021
1045,"OR936752.1|2023-10","2II_F.1.1","2II_F","2II","OR936752",10642,104.5794025,2023,"Pakistan","Pakistan","OR936752",2023
1046,"OR448787.1|2023-06","2II_F.1.1.3","2II_F","2II","OR448787",10663,104.7857704,2023,"Switzerland","Switzerland","OR448787",2023
1106,"OR393942.1|2018-12-02","2II_F.1.1","2II_F","2II","OR393942",10176,100,2018,"Sri Lanka","Sri Lanka","OR393942",2018
1113,"OR393951.1|2019-01-07","2II_F.1.1","2II_F","2II","OR393951",10176,100,2019,"Sri Lanka","Sri Lanka","OR393951",2019
1133,"OR394000.1|2019-10-15","2II_F.1.1","2II_F","2II","OR394000",10176,100,2019,"Sri Lanka","Sri Lanka","OR394000",2019
1135,"OR394011.1|2019-10-24","2II_F.1.1","2II_F","2II","OR394011",10176,100,2019,"Sri Lanka","Sri Lanka","OR394011",2019
1151,"OR394049.1|2020-01-02","2II_F.1.1","2II_F","2II","OR394049",10176,100,2020,"Sri Lanka","Sri Lanka","OR394049",2020
1153,"OR394053.1|2020-01-08","2II_F.1.1","2II_F","2II","OR394053",10176,100,2020,"Sri Lanka","Sri Lanka","OR394053",2020
1160,"OR821724.1|2022-09","2II_F.1.1.3","2II_F","2II","OR821724",10723,105.3753931,2022,"Nepal","Nepal","OR821724",2022
1161,"OR821725.1|2022-09","2II_F.1.1.3","2II_F","2II","OR821725",10723,105.3753931,2022,"Nepal","Nepal","OR821725",2022
1162,"OR804009.1|2023-04","2II_F.1.1.5","2II_F","2II","OR804009",10670,104.8545597,2023,"Guadeloupe","Guadeloupe","OR804009",2023
1166,"OR771183.1|2023-09-12","2II_F.1.1.2","2II_F","2II","OR771183",10611,104.2747642,2023,"USA: FL","USA","OR771183",2023
1169,"OR771193.1|2023-09-30","2II_F.1.1","2II_F","2II","OR771193",10512,103.3018868,2023,"USA: FL","USA","OR771193",2023
1174,"OP599661.1|2021-07-11","2II_F.1.1.2","2II_F","2II","OP599661",9954,97.81839623,2021,"Brazil: Ivinhema, Mato Grosso do Sul","Brazil","OP599661",2021
1260,"OP599747.1|2022-05-10","2II_F.1.1.2","2II_F","2II","OP599747",9958,97.8577044,2022,"Brazil: Cruzeiro do Sul, Acre","Brazil","OP599747",2022
1263,"OP599750.1|2022-04-27","2II_F.1.1.2","2II_F","2II","OP599750",9989,98.16234277,2022,"Paraguay: Limpio","Paraguay","OP599750",2022
1265,"OP599752.1|2022-05-07","2II_F.1.1.2","2II_F","2II","OP599752",10029,98.55542453,2022,"Paraguay: Asuncion","Paraguay","OP599752",2022
1268,"OP599755.1|2022-04-04","2II_F.1.1.2","2II_F","2II","OP599755",9967,97.9461478,2022,"Paraguay: Limpio","Paraguay","OP599755",2022
1269,"OP599756.1|2021-12-27","2II_F.1.1.2","2II_F","2II","OP599756",9940,97.68081761,2021,"Paraguay: Pedro Juan Caballero","Paraguay","OP599756",2021
1285,"OQ725732.1|2022-10-13","2II_F.1.1.2","2II_F","2II","OQ725732",10524,103.4198113,2022,"Colombia","Colombia","OQ725732",2022
1307,"OR037364.1|2022-11-30","2II_F.1.1.2","2II_F","2II","OR037364",10181,100.0491352,2022,"Colombia","Colombia","OR037364",2022
1312,"OR037369.1|2022-12-17","2II_F.1.1.2","2II_F","2II","OR037369",10181,100.0491352,2022,"Colombia","Colombia","OR037369",2022
1316,"OR037373.1|2023-02-03","2II_F.1.1.2","2II_F","2II","OR037373",10181,100.0491352,2023,"Colombia","Colombia","OR037373",2023
1318,"OR037375.1|2023-02-08","2II_F.1.1.2","2II_F","2II","OR037375",10181,100.0491352,2023,"Colombia","Colombia","OR037375",2023
1320,"OR037377.1|2023-02-08","2II_F.1.1.2","2II_F","2II","OR037377",10181,100.0491352,2023,"Colombia","Colombia","OR037377",2023
1325,"OR654270.1|2023-04-19","2III_C.1.2","2III_C","2III","OR654270",10580,103.9701258,2023,"USA: FL","USA","OR654270",2023
1326,"OR654281.1|2023-07-05","2II_F.1.1.2","2II_F","2II","OR654281",10590,104.0683962,2023,"USA: FL","USA","OR654281",2023
1330,"OR229958.1|2020-07","2II_A.1.1.1","2II_A","2II","OR229958",10667,104.8250786,2020,"Guadeloupe","Guadeloupe","OR229958",2020
1336,"OR229964.1|2020-08","2II_A.1.1.1","2II_A","2II","OR229964",10667,104.8250786,2020,"Guadeloupe","Guadeloupe","OR229964",2020
1337,"OR229965.1|2020-01","2II_A.1.1.1","2II_A","2II","OR229965",10667,104.8250786,2020,"Guadeloupe","Guadeloupe","OR229965",2020
1338,"OR229966.1|2020-08","2II_A.1.1.1","2II_A","2II","OR229966",10667,104.8250786,2020,"Martinique","Martinique","OR229966",2020
1339,"OR229967.1|2020-06","2II_A.1.1.1","2II_A","2II","OR229967",10664,104.7955975,2020,"Martinique","Martinique","OR229967",2020
1342,"OR229970.1|2020-06","2II_A.1.1.1","2II_A","2II","OR229970",10667,104.8250786,2020,"Martinique","Martinique","OR229970",2020
1345,"OR229973.1|2019-09","2II_A.1.1.1","2II_A","2II","OR229973",10667,104.8250786,2019,"Guadeloupe","Guadeloupe","OR229973",2019
1347,"OR229975.1|2019-11","2II_A.1.1.1","2II_A","2II","OR229975",10667,104.8250786,2019,"Guadeloupe","Guadeloupe","OR229975",2019
1353,"OR258579.1|2021-06-10","2III_C.1.1","2III_C","2III","OR258579",9967,97.9461478,2021,"Brazil: Chapadao do Sul, Mato Grosso do Sul","Brazil","OR258579",2021
1357,"OR593365.1|2015-10-01","2II_D.3","2II_D","2II","OR593365",10689,105.0412736,2015,"Taiwan","Taiwan","OR593365",2015
1361,"OR593369.1|2015-11-03","2II_D.3","2II_D","2II","OR593369",10689,105.0412736,2015,"Taiwan","Taiwan","OR593369",2015
1371,"OR593379.1|2015-09-13","2II_D.3","2II_D","2II","OR593379",10688,105.0314465,2015,"Taiwan","Taiwan","OR593379",2015
1376,"OR492473.1|2019-10","2II_F.1.1","2II_F","2II","OR492473",10685,105.0019654,2019,"India","India","OR492473",2019
1386,"OQ567822.1|2021-07-10","2III_C.1.1","2III_C","2III","OQ567822",9926,97.54323899,2021,"Paraguay: Mariano Roque Alonso","Paraguay","OQ567822",2021
1395,"OQ567831.1|2022-04-22","2III_C.1.1","2III_C","2III","OQ567831",10036,98.62421384,2022,"Paraguay: Caaguazu","Paraguay","OQ567831",2022
1407,"OQ567843.1|2022-05-05","2III_C.1.1","2III_C","2III","OQ567843",9975,98.02476415,2022,"Paraguay: Coronel Oviedo","Paraguay","OQ567843",2022
1409,"OQ567845.1|2022-04-27","2III_C.1.1","2III_C","2III","OQ567845",9990,98.17216981,2022,"Paraguay: Capiata","Paraguay","OQ567845",2022
1410,"OQ567846.1|2021-03-24","2III_C.1.1","2III_C","2III","OQ567846",9953,97.80856918,2021,"Paraguay: Presidente Franco","Paraguay","OQ567846",2021
1411,"OQ567847.1|2021-04-14","2III_C.1.1","2III_C","2III","OQ567847",9942,97.7004717,2021,"Paraguay: Encarnacion","Paraguay","OQ567847",2021
1412,"OR389017.1|2000","2III_B","2III_B","2III","OR389017",10512,103.3018868,2000,"Brazil","Brazil","OR389017",2000
1413,"OR389018.1|1982","2II_B","2II_B","2II","OR389018",10512,103.3018868,1982,"Burkina Faso","Burkina Faso","OR389018",1982
1414,"OR389019.1|1986","2II_B","2II_B","2II","OR389019",10512,103.3018868,1986,"Burkina Faso","Burkina Faso","OR389019",1986
1415,"OR389020.1|2009","2V_A.1","2V_A","2V","OR389020",10512,103.3018868,2009,"Cambodia","Cambodia","OR389020",2009
1416,"OR389021.1|2006","2III_D.2","2III_D","2III","OR389021",10512,103.3018868,2006,"Colombia","Colombia","OR389021",2006
1417,"OR389025.1|2009","2II_F.1.2","2II_F","2II","OR389025",10512,103.3018868,2009,"Malaysia","Malaysia","OR389025",2009
1418,"OR389027.1|2001","2III_D.1","2III_D","2III","OR389027",10512,103.3018868,2001,"Mexico","Mexico","OR389027",2001
1420,"OR389029.1|2004","2II_A.1","2II_A","2II","OR389029",10512,103.3018868,2004,"Sri Lanka","Sri Lanka","OR389029",2004
1422,"OR389031.1|2006","2II_D","2II_D","2II","OR389031",10512,103.3018868,2006,"Viet Nam","Viet Nam","OR389031",2006
1423,"OR389305.1|1990","2III_B","2III_B","2III","OR389305",10512,103.3018868,1990,"Brazil","Brazil","OR389305",1990
1425,"OR389308.1|1993","2III_B","2III_B","2III","OR389308",10512,103.3018868,1993,"Colombia","Colombia","OR389308",1993
1426,"OR389309.1|1959","2I","2I","2I","OR389309",10512,103.3018868,1959,"India","India","OR389309",1959
1427,"OR389310.1|1963","2I","2I","2I","OR389310",10512,103.3018868,1963,"India","India","OR389310",1963
1428,"OR389311.1|1967","2I","2I","2I","OR389311",10512,103.3018868,1967,"India","India","OR389311",1967
1429,"OR389312.1|1988","2II_A","2II_A","2II","OR389312",10512,103.3018868,1988,"India","India","OR389312",1988
1430,"OR389313.1|1984","2II","2II","2II","OR389313",10512,103.3018868,1984,"Indonesia","Indonesia","OR389313",1984
1431,"OR389314.1|1984","2II","2II","2II","OR389314",10512,103.3018868,1984,"Indonesia","Indonesia","OR389314",1984
1432,"OR389315.1|1984","unassigned","unassigned","unassigned","OR389315",10512,103.3018868,1984,"Indonesia","Indonesia","OR389315",1984
1433,"OR389316.1|1986","2II_B","2II_B","2II","OR389316",10512,103.3018868,1986,"Indonesia","Indonesia","OR389316",1986
1434,"OR389317.1|1988","2II_B","2II_B","2II","OR389317",10512,103.3018868,1988,"Indonesia","Indonesia","OR389317",1988
1435,"OR389318.1|1969","2II_A","2II_A","2II","OR389318",10512,103.3018868,1969,"Malaysia","Malaysia","OR389318",1969
1436,"OR389319.1|1989","2II_A","2II_A","2II","OR389319",10512,103.3018868,1989,"Malaysia","Malaysia","OR389319",1989
1437,"OR389320.1|1976","2V","2V","2V","OR389320",10512,103.3018868,1976,"Myanmar","Myanmar","OR389320",1976
1438,"OR389322.1|1988","2IV","2IV","2IV","OR389322",10512,103.3018868,1988,"Philippines","Philippines","OR389322",1988
1439,"OR389323.1|1994","2II","2II","2II","OR389323",10512,103.3018868,1994,"Saudi Arabia","Saudi Arabia","OR389323",1994
1440,"OR389324.1|1994","2II_A","2II_A","2II","OR389324",10512,103.3018868,1994,"Saudi Arabia","Saudi Arabia","OR389324",1994
1441,"OR389327.1|1993","2II_B","2II_B","2II","OR389327",10512,103.3018868,1993,"Somalia","Somalia","OR389327",1993
1442,"OR389328.1|1987","2IV","2IV","2IV","OR389328",10512,103.3018868,1987,"Taiwan","Taiwan","OR389328",1987
1443,"OR389329.1|1987","2I","2I","2I","OR389329",10512,103.3018868,1987,"Venezuela","Venezuela","OR389329",1987
1444,"OR389330.1|1990","2III_B","2III_B","2III","OR389330",10512,103.3018868,1990,"Venezuela","Venezuela","OR389330",1990
1445,"OR389331.1|1990","2III","2III","2III","OR389331",10512,103.3018868,1990,"Venezuela","Venezuela","OR389331",1990
1446,"OR389332.1|1990","2III_B","2III_B","2III","OR389332",10512,103.3018868,1990,"Venezuela","Venezuela","OR389332",1990
1447,"OR389333.1|1990","2II_A","2II_A","2II","OR389333",10512,103.3018868,1990,"Venezuela","Venezuela","OR389333",1990
1449,"OR389335.1|1987","2III","2III","2III","OR389335",10512,103.3018868,1987,"Viet Nam","Viet Nam","OR389335",1987
1456,"OR150710.1|2023-01-17","2II_F.1.1.2","2II_F","2II","OR150710",10011,98.37853774,2023,"Brazil: Amazonas,Tefe","Brazil","OR150710",2023
1458,"OR150712.1|2023-04-05","2II_F.1.1.2","2II_F","2II","OR150712",10011,98.37853774,2023,"Brazil: Amazonas,Tefe","Brazil","OR150712",2023
1489,"OR150743.1|2022-09-26","2III_D.1.1","2III_D","2III","OR150743",10609,104.2551101,2022,"USA: FL","USA","OR150743",2022
1499,"OQ832625.1|2020-09","2II_F.2.1","2II_F","2II","OQ832625",10723,105.3753931,2020,"Viet Nam: Hanoi","Viet Nam","OQ832625",2020
1,"OQ832627.1|2020-09","2V_A.1.1","2V_A","2V","OQ832627",10723,105.3753931,2020,"Viet Nam: Hanoi","Viet Nam","OQ832627",2020
2,"OR136164.1|2023-05-09","2II_F.1.3","2II_F","2II","OR136164",10669,104.8447327,2023,"Indonesia","Indonesia","OR136164",2023
21,"OQ782200.1|2019-07-24","2III_D.1.2","2III_D","2III","OQ782200",10176,100,2019,"Nicaragua: Managua","Nicaragua","OQ782200",2019
31,"OQ782210.1|2019-07-05","2III_D.1.2","2III_D","2III","OQ782210",10176,100,2019,"Nicaragua: Managua","Nicaragua","OQ782210",2019
34,"OQ782213.1|2019-08-05","2III_D.1.2","2III_D","2III","OQ782213",10176,100,2019,"Nicaragua: Managua","Nicaragua","OQ782213",2019
54,"OQ603272.1|2013-07-09","2III_D.3","2III_D","2III","OQ603272",10722,105.365566,2013,"Colombia: Putumayo","Colombia","OQ603272",2013
55,"OQ603273.1|2013-08-06","2III_D.3","2III_D","2III","OQ603273",10725,105.3950472,2013,"Colombia: Tolima","Colombia","OQ603273",2013
58,"OQ603276.1|2013-10-26","2III_D.3","2III_D","2III","OQ603276",9814,96.44261006,2013,"Colombia: Tolima","Colombia","OQ603276",2013
60,"OQ603278.1|2014-01-14","2III_D.3","2III_D","2III","OQ603278",10698,105.129717,2014,"Colombia: Tolima","Colombia","OQ603278",2014
61,"OQ603279.1|2014-09-18","2III_D.3","2III_D","2III","OQ603279",10725,105.3950472,2014,"Colombia: Meta","Colombia","OQ603279",2014
62,"OQ603280.1|2015-08-20","2III_D.3","2III_D","2III","OQ603280",10274,100.9630503,2015,"Colombia: Risaralda","Colombia","OQ603280",2015
63,"OQ603281.1|2015","2III_D.3","2III_D","2III","OQ603281",10725,105.3950472,2015,"Colombia: Huila","Colombia","OQ603281",2015
66,"OQ603284.1|2015","2III_D.3","2III_D","2III","OQ603284",10590,104.0683962,2015,"Colombia: Huila","Colombia","OQ603284",2015
75,"OQ603293.1|2016-05-15","2III_D.3","2III_D","2III","OQ603293",10699,105.139544,2016,"Colombia: Tolima","Colombia","OQ603293",2016
80,"OQ603298.1|2016-07-22","2III_D.2","2III_D","2III","OQ603298",10423,102.4272799,2016,"Colombia: Boyaca","Colombia","OQ603298",2016
92,"OR039503.1|2022-04-02","2II_F.1.1.2","2II_F","2II","OR039503",10495,103.134827,2022,"Brazil: Parana, Pontal Do Parana","Brazil","OR039503",2022
101,"OR039512.1|2023-01-17","2II_F.1.1.2","2II_F","2II","OR039512",10127,99.51847484,2023,"Brazil: Santa Catarina, Chapeco","Brazil","OR039512",2023
131,"OR025667.1|2023-03-17","2III_C.1.1","2III_C","2III","OR025667",10415,102.3486635,2023,"Brazil: Rio de Janeiro, Rio de Janeiro","Brazil","OR025667",2023
132,"OR025668.1|2023-04-04","2III_C.1.1","2III_C","2III","OR025668",10415,102.3486635,2023,"Brazil: Rio de Janeiro, Paracambi","Brazil","OR025668",2023
135,"OR025671.1|2023-02-13","2III_C.1.1","2III_C","2III","OR025671",10415,102.3486635,2023,"Brazil: Sao Paulo, Franco da Rocha","Brazil","OR025671",2023
143,"MZ130519.1|2019-03-05","2II_D.1.2","2II_D","2II","MZ130519",10598,104.1470126,2019,"Mozambique","Mozambique","MZ130519",2019
144,"MZ130520.1|2016-04-11","2II_A.2.1","2II_A","2II","MZ130520",10597,104.1371855,2016,"Democratic Republic of the Congo","Democratic Republic of the Congo","MZ130520",2016
145,"MZ130521.1|2016-06-20","2II_A.2.1","2II_A","2II","MZ130521",10597,104.1371855,2016,"Democratic Republic of the Congo","Democratic Republic of the Congo","MZ130521",2016
146,"MZ130522.1|2017-11-07","2II_F.1.1","2II_F","2II","MZ130522",10597,104.1371855,2017,"Egypt","Egypt","MZ130522",2017
147,"MZ130523.1|2014-10-20","2III_C.1","2III_C","2III","MZ130523",10597,104.1371855,2014,"Cameroon","Cameroon","MZ130523",2014
148,"MZ130524.1|2019-07-09","2II_B","2II_B","2II","MZ130524",10597,104.1371855,2019,"Benin","Benin","MZ130524",2019
149,"MZ130525.1|2019-12-29","2II_B","2II_B","2II","MZ130525",10597,104.1371855,2019,"Cameroon","Cameroon","MZ130525",2019
150,"MZ130526.1|2014-05-21","2II_D.1.2","2II_D","2II","MZ130526",10597,104.1371855,2014,"Tanzania","Tanzania","MZ130526",2014
152,"MZ130528.1|2018-06-24","2II_A.2.2","2II_A","2II","MZ130528",10597,104.1371855,2018,"Djibouti","Djibouti","MZ130528",2018
153,"MZ130529.1|2017-04-30","2II_A.2.1","2II_A","2II","MZ130529",10597,104.1371855,2017,"Democratic Republic of the Congo","Democratic Republic of the Congo","MZ130529",2017
154,"OQ821381.1|2016-07-28","2III_D.3","2III_D","2III","OQ821381",10512,103.3018868,2016,"Colombia","Colombia","OQ821381",2016
155,"OQ821382.1|2016-08-01","2III_D.1.1","2III_D","2III","OQ821382",10512,103.3018868,2016,"Costa Rica","Costa Rica","OQ821382",2016
156,"OQ821383.1|2013-12-01","2III_D.1.2","2III_D","2III","OQ821383",10512,103.3018868,2013,"Cuba","Cuba","OQ821383",2013
157,"OQ821384.1|2017-06-29","2III_C.2","2III_C","2III","OQ821384",10512,103.3018868,2017,"Cuba","Cuba","OQ821384",2017
158,"OQ821385.1|2018-11-04","2III_C.2","2III_C","2III","OQ821385",10512,103.3018868,2018,"Cuba","Cuba","OQ821385",2018
159,"OQ821386.1|2018-11-20","2III_C.2","2III_C","2III","OQ821386",10226,100.4913522,2018,"Cuba","Cuba","OQ821386",2018
160,"OQ821387.1|2018-12-05","2III_C.2","2III_C","2III","OQ821387",10512,103.3018868,2018,"Cuba","Cuba","OQ821387",2018
169,"OQ821396.1|2019-07-10","2III_C.2","2III_C","2III","OQ821396",10154,99.78380503,2019,"Cuba","Cuba","OQ821396",2019
173,"OQ821400.1|2019-07-22","2III_C.2","2III_C","2III","OQ821400",10512,103.3018868,2019,"Cuba","Cuba","OQ821400",2019
179,"OQ821406.1|2019-08-03","2III_C.2","2III_C","2III","OQ821406",10512,103.3018868,2019,"Cuba","Cuba","OQ821406",2019
201,"OQ821428.1|2019-09-18","2III_D.1.1","2III_D","2III","OQ821428",10512,103.3018868,2019,"Cuba","Cuba","OQ821428",2019
207,"OQ821434.1|2019-09-26","2III_D.1.1","2III_D","2III","OQ821434",10512,103.3018868,2019,"Cuba","Cuba","OQ821434",2019
208,"OQ821435.1|2019-09-28","2III_D.1.1","2III_D","2III","OQ821435",10512,103.3018868,2019,"Cuba","Cuba","OQ821435",2019
222,"OQ821449.1|2020-01-15","2III_C.2","2III_C","2III","OQ821449",10512,103.3018868,2020,"Cuba","Cuba","OQ821449",2020
223,"OQ821450.1|2021-12-22","2III_D.1.1","2III_D","2III","OQ821450",10604,104.2059748,2021,"Cuba","Cuba","OQ821450",2021
224,"OQ821451.1|2021-12-24","2III_D.1.1","2III_D","2III","OQ821451",10612,104.2845912,2021,"Cuba","Cuba","OQ821451",2021
225,"OQ821452.1|2022-01-30","2III_C.2","2III_C","2III","OQ821452",10512,103.3018868,2022,"Cuba","Cuba","OQ821452",2022
227,"OQ821454.1|2022-06-13","2III_C.2","2III_C","2III","OQ821454",10563,103.803066,2022,"Cuba","Cuba","OQ821454",2022
229,"OQ821456.1|2022-06-20","2III_D.1.1","2III_D","2III","OQ821456",10606,104.2256289,2022,"Cuba","Cuba","OQ821456",2022
231,"OQ821458.1|2022-06-28","2III_D.1.1","2III_D","2III","OQ821458",10610,104.2649371,2022,"Cuba","Cuba","OQ821458",2022
237,"OQ821464.1|2022-07-26","2III_D.1.1","2III_D","2III","OQ821464",10512,103.3018868,2022,"Cuba","Cuba","OQ821464",2022
240,"OQ821467.1|2022-08-08","2III_C.2","2III_C","2III","OQ821467",10512,103.3018868,2022,"Cuba","Cuba","OQ821467",2022
245,"OQ821472.1|2014-01-12","2III_C.1","2III_C","2III","OQ821472",10512,103.3018868,2014,"Dominican Republic","Dominican Republic","OQ821472",2014
247,"OQ821474.1|2017-04-22","2III_D.1.2","2III_D","2III","OQ821474",10512,103.3018868,2017,"Guatemala","Guatemala","OQ821474",2017
248,"OQ821475.1|2015-10-28","2III_C.1.2","2III_C","2III","OQ821475",10512,103.3018868,2015,"Haiti","Haiti","OQ821475",2015
249,"OQ821476.1|2014-10-14","2III_D.1.2","2III_D","2III","OQ821476",10512,103.3018868,2014,"Honduras","Honduras","OQ821476",2014
250,"OQ821477.1|2019-07-12","2III_D.1.2","2III_D","2III","OQ821477",10512,103.3018868,2019,"Honduras","Honduras","OQ821477",2019
251,"OQ821478.1|2019-08-02","2III_D.1.2","2III_D","2III","OQ821478",10512,103.3018868,2019,"Honduras","Honduras","OQ821478",2019
254,"OQ821481.1|2022-07-01","2II_F.1.1","2II_F","2II","OQ821481",10611,104.2747642,2022,"India","India","OQ821481",2022
255,"OQ821482.1|2022-08-19","2II_F.1.1","2II_F","2II","OQ821482",10512,103.3018868,2022,"India","India","OQ821482",2022
256,"OQ821483.1|2019-08-19","2III_D.1.2","2III_D","2III","OQ821483",10512,103.3018868,2019,"Mexico","Mexico","OQ821483",2019
257,"OQ821484.1|2019-11-06","2III_D.1.2","2III_D","2III","OQ821484",10512,103.3018868,2019,"Mexico","Mexico","OQ821484",2019
258,"OQ821485.1|2022-07-06","2III_D.1.2","2III_D","2III","OQ821485",10512,103.3018868,2022,"Mexico","Mexico","OQ821485",2022
266,"OQ821493.1|2019-07-31","2II_C.1","2II_C","2II","OQ821493",10525,103.4296384,2019,"Philippines","Philippines","OQ821493",2019
267,"OQ821494.1|2010-07-30","2III_B","2III_B","2III","OQ821494",10533,103.5082547,2010,"Puerto Rico","USA","OQ821494",2010
268,"OQ821495.1|2014-02-09","2III_C.2","2III_C","2III","OQ821495",10512,103.3018868,2014,"Puerto Rico","USA","OQ821495",2014
269,"OQ821496.1|2019-07-11","2III_D.1.1","2III_D","2III","OQ821496",10512,103.3018868,2019,"USA: Florida","USA","OQ821496",2019
270,"OQ821497.1|2019-08-29","2III_D.1.2","2III_D","2III","OQ821497",10512,103.3018868,2019,"USA: Florida","USA","OQ821497",2019
271,"OQ821498.1|2019-09-14","2III_D.1.2","2III_D","2III","OQ821498",10512,103.3018868,2019,"USA: Florida","USA","OQ821498",2019
272,"OQ821499.1|2019-12-10","2III_C.2","2III_C","2III","OQ821499",10512,103.3018868,2019,"USA: Florida","USA","OQ821499",2019
274,"OQ821501.1|2016-01-23","2III_D.2","2III_D","2III","OQ821501",10512,103.3018868,2016,"Venezuela","Venezuela","OQ821501",2016
275,"OQ813507.1|2021-11-20","2III_D.2","2III_D","2III","OQ813507",10605,104.2158019,2021,"Colombia","Colombia","OQ813507",2021
278,"OQ740546.1|2022-03-31","2III_C.1.2","2III_C","2III","OQ740546",10514,103.3215409,2022,"Dominican Republic","Dominican Republic","OQ740546",2022
281,"OQ740549.1|2022-04-08","2III_C.1.2","2III_C","2III","OQ740549",10514,103.3215409,2022,"Dominican Republic","Dominican Republic","OQ740549",2022
283,"OQ740551.1|2022-04-08","2III_C.1.2","2III_C","2III","OQ740551",10514,103.3215409,2022,"Dominican Republic","Dominican Republic","OQ740551",2022
291,"OQ733364.1|2022","2II_A.1.1.1","2II_A","2II","OQ733364",10700,105.1493711,2022,"India","India","OQ733364",2022
292,"OQ733365.1|2022","2II_A.1.1.1","2II_A","2II","OQ733365",10708,105.2279874,2022,"India","India","OQ733365",2022
294,"OQ678012.1|2019-09-13","2V_A.1.2","2V_A","2V","OQ678012",10666,104.8152516,2019,"Cambodia","Cambodia","OQ678012",2019
300,"OQ653841.1|2022-07-22","2II_F.1.1","2II_F","2II","OQ653841",10571,103.8816824,2022,"China: Zhengzhou","China","OQ653841",2022
304,"OQ445885.1|2022-07-19","2III_C.1.2","2III_C","2III","OQ445885",10173,99.97051887,2022,"USA: Florida","USA","OQ445885",2022
307,"OQ445888.1|2022-08-22","2III_C.2","2III_C","2III","OQ445888",10173,99.97051887,2022,"USA: Florida","USA","OQ445888",2022
308,"OQ445889.1|2022-07-27","2III_C.2","2III_C","2III","OQ445889",10173,99.97051887,2022,"USA: Florida","USA","OQ445889",2022
311,"OQ445892.1|2022-09-27","2III_D.1.1","2III_D","2III","OQ445892",10173,99.97051887,2022,"USA: Florida","USA","OQ445892",2022
312,"OQ445893.1|2022-09-27","2III_D.1.1","2III_D","2III","OQ445893",10173,99.97051887,2022,"USA: Florida","USA","OQ445893",2022
325,"OQ426768.1|2019-02-15","2V_A.1.1","2V_A","2V","OQ426768",10410,102.2995283,2019,"Viet Nam: Nha Trang","Viet Nam","OQ426768",2019
330,"OQ426773.1|2018-10-22","2II_F.1.1","2II_F","2II","OQ426773",10410,102.2995283,2018,"Viet Nam: Nha Trang","Viet Nam","OQ426773",2018
344,"OQ426787.1|2019-02-18","2V_A.1.1","2V_A","2V","OQ426787",10410,102.2995283,2019,"Viet Nam: Nha Trang","Viet Nam","OQ426787",2019
370,"OQ426814.1|2018-11-05","2V_A.1.1","2V_A","2V","OQ426814",10410,102.2995283,2018,"Viet Nam: Nha Trang","Viet Nam","OQ426814",2018
402,"OQ426847.1|2018-12-18","2II_F.1.1","2II_F","2II","OQ426847",10410,102.2995283,2018,"Viet Nam: Nha Trang","Viet Nam","OQ426847",2018
462,"OQ426907.1|2017-07-06","2V_A.1.1","2V_A","2V","OQ426907",10410,102.2995283,2017,"Viet Nam: Nha Trang","Viet Nam","OQ426907",2017
473,"OQ426918.1|2018-09-19","2II_F.1.1","2II_F","2II","OQ426918",10410,102.2995283,2018,"Viet Nam: Nha Trang","Viet Nam","OQ426918",2018
494,"OQ426942.1|2018-10-30","2V_A.1.1","2V_A","2V","OQ426942",10410,102.2995283,2018,"Viet Nam: Nha Trang","Viet Nam","OQ426942",2018
502,"OQ426950.1|2018-11-16","2V_A.1.1","2V_A","2V","OQ426950",10410,102.2995283,2018,"Viet Nam: Nha Trang","Viet Nam","OQ426950",2018
529,"OQ339137.1|2022","2II_A.1.1.1","2II_A","2II","OQ339137",10706,105.2083333,2022,"India","India","OQ339137",2022
530,"OQ102945.1|2021-11-19","2II_F.1.1","2II_F","2II","OQ102945",8433,82.87146226,2021,"Sri Lanka","Sri Lanka","OQ102945",2021
531,"OQ102946.1|2021-12-01","2II_F.1.1","2II_F","2II","OQ102946",8445,82.98938679,2021,"Sri Lanka","Sri Lanka","OQ102946",2021
532,"OQ102949.1|2022-02-15","2II_F.1.1","2II_F","2II","OQ102949",8466,83.19575472,2022,"Sri Lanka","Sri Lanka","OQ102949",2022
533,"OQ102952.1|2022-05-09","2II_F.1.1","2II_F","2II","OQ102952",8467,83.20558176,2022,"Sri Lanka","Sri Lanka","OQ102952",2022
540,"OQ144226.1|2018-07-25","2III_D.1.2","2III_D","2III","OQ144226",10173,99.97051887,2018,"Nicaragua: Leon","Nicaragua","OQ144226",2018
557,"OQ144243.1|2018-09-10","2III_D.1.2","2III_D","2III","OQ144243",10173,99.97051887,2018,"Nicaragua: Leon","Nicaragua","OQ144243",2018
563,"OQ144249.1|2018-09-27","2III_D.1.2","2III_D","2III","OQ144249",10173,99.97051887,2018,"Nicaragua: Leon","Nicaragua","OQ144249",2018
576,"OP999336.1|2020-09","2II_F.1.1.1","2II_F","2II","OP999336",10694,105.0904088,2020,"Cambodia","Cambodia","OP999336",2020
583,"OQ028219.1|2020-01-15","2V_A.1.1","2V_A","2V","OQ028219",10173,99.97051887,2020,"Viet Nam","Viet Nam","OQ028219",2020
584,"OQ028220.1|2019-08-14","2II_F.1.1","2II_F","2II","OQ028220",10173,99.97051887,2019,"Viet Nam","Viet Nam","OQ028220",2019
588,"OQ028225.1|2020-09-23","2II_F.1.1","2II_F","2II","OQ028225",10173,99.97051887,2020,"Viet Nam","Viet Nam","OQ028225",2020
590,"OQ028227.1|2019-07-31","2II_F.1.1","2II_F","2II","OQ028227",10173,99.97051887,2019,"Viet Nam","Viet Nam","OQ028227",2019
596,"OP984834.1|2022-11-20","2II_F.1.3","2II_F","2II","OP984834",10628,104.4418239,2022,"Viet Nam","Viet Nam","OP984834",2022
606,"OP941842.1|2022-10-18","2II_F.1.1.2","2II_F","2II","OP941842",10709,105.2378145,2022,"Brazil: Amazonas, Benjamin Constant","Brazil","OP941842",2022
610,"OP921001.1|2022-07-27","2II_F.1.1","2II_F","2II","OP921001",10674,104.8938679,2022,"India","India","OP921001",2022
634,"OP895917.1|2021-12","2II_F.1.1","2II_F","2II","OP895917",10611,104.2747642,2021,"Maldives","Maldives","OP895917",2021
636,"OP895919.1|2018-11","2II_F.1.1","2II_F","2II","OP895919",10618,104.3435535,2018,"Malaysia","Malaysia","OP895919",2018
638,"OP811978.1|2022-04-27","2II_F.1.1","2II_F","2II","OP811978",10497,103.1544811,2022,"Pakistan","Pakistan","OP811978",2022
640,"OP811980.1|2022-04-28","2II_F.1.1","2II_F","2II","OP811980",10497,103.1544811,2022,"Pakistan","Pakistan","OP811980",2022
641,"OP811981.1|2022-10-18","2II_F.1.1","2II_F","2II","OP811981",10497,103.1544811,2022,"Pakistan","Pakistan","OP811981",2022
647,"OP684143.1|2017-09-12","2II_F.1.1","2II_F","2II","OP684143",10176,100,2017,"China","China","OP684143",2017
658,"OP684154.1|2017-08-28","2II_A.1.1.1","2II_A","2II","OP684154",10176,100,2017,"China","China","OP684154",2017
688,"OP684184.1|2018-09-03","2V_A.1.1","2V_A","2V","OP684184",10658,104.7366352,2018,"China","China","OP684184",2018
689,"OP684185.1|2018-09-04","2V_A.1.1","2V_A","2V","OP684185",10658,104.7366352,2018,"China","China","OP684185",2018
691,"OP684187.1|2018-09-07","2II_F.1.1","2II_F","2II","OP684187",10658,104.7366352,2018,"China","China","OP684187",2018
695,"OP684191.1|2018-11-22","2V_A.1.2","2V_A","2V","OP684191",10679,104.9430031,2018,"China","China","OP684191",2018
698,"OP684194.1|2018-06-16","2II_F.1.1","2II_F","2II","OP684194",10659,104.7464623,2018,"China","China","OP684194",2018
701,"OP684197.1|2019-01-16","2V_A.1.1","2V_A","2V","OP684197",10659,104.7464623,2019,"China","China","OP684197",2019
702,"OP684198.1|2019-01-20","2II_E.2","2II_E","2II","OP684198",10659,104.7464623,2019,"China","China","OP684198",2019
711,"OP684207.1|2019-10-13","2II_A.1.1.1","2II_A","2II","OP684207",10659,104.7464623,2019,"China","China","OP684207",2019
715,"OP684211.1|2019-10-19","2II_A.1.1.1","2II_A","2II","OP684211",10658,104.7366352,2019,"China","China","OP684211",2019
724,"OP410992.1|2016-10","2II_D.3","2II_D","2II","OP410992",10723,105.3753931,2016,"Singapore","Singapore","OP410992",2016
725,"OP389112.1|2022-07-25","2II_F.1.1","2II_F","2II","OP389112",10586,104.0290881,2022,"China","China","OP389112",2022
726,"OP310805.1|2019","2II_A.1.1.1","2II_A","2II","OP310805",10708,105.2279874,2019,"India","India","OP310805",2019
727,"OP310806.1|2018","2II_A.2.1","2II_A","2II","OP310806",10713,105.2771226,2018,"India","India","OP310806",2018
728,"OP310807.1|2019","2II_A.2.1","2II_A","2II","OP310807",10556,103.7342767,2019,"India","India","OP310807",2019
729,"OP310808.1|2019","2II_A.1.1","2II_A","2II","OP310808",10598,104.1470126,2019,"India","India","OP310808",2019
739,"ON634709.1|2020-02-10","2III_C.1.1","2III_C","2III","ON634709",10384,102.0440252,2020,"Brazil: Sao Paulo, Bastos","Brazil","ON634709",2020
741,"ON634711.1|2020-02-17","2III_C.1.1","2III_C","2III","ON634711",10386,102.0636792,2020,"Brazil: Sao Paulo, Guarija","Brazil","ON634711",2020
745,"ON634715.1|2020-03-16","2III_C.1.1","2III_C","2III","ON634715",10386,102.0636792,2020,"Brazil: Sao Paulo, Mogi Guacu","Brazil","ON634715",2020
749,"ON634719.1|2021-02-04","2III_C.1.1","2III_C","2III","ON634719",10386,102.0636792,2021,"Brazil: Sao Paulo, Barueri","Brazil","ON634719",2021
752,"ON634722.1|2021-02-20","2III_C.1.1","2III_C","2III","ON634722",10386,102.0636792,2021,"Brazil: Sao Paulo, Castilho","Brazil","ON634722",2021
771,"ON634741.1|2022-04-25","2III_C.1.1","2III_C","2III","ON634741",10422,102.4174528,2022,"Brazil: Sao Paulo, Carapicuiba","Brazil","ON634741",2022
783,"ON634753.1|2022-03-21","2III_C.1.1","2III_C","2III","ON634753",10421,102.4076258,2022,"Brazil: Sao Paulo, Sao Jose dos Campos","Brazil","ON634753",2022
784,"ON634754.1|2022-03-26","2III_C.1.1","2III_C","2III","ON634754",10432,102.5157233,2022,"Brazil: Sao Paulo, Taubate","Brazil","ON634754",2022
788,"OL321177.1|2016","2II_E.2","2II_E","2II","OL321177",10454,102.7319182,2016,"Papua New Guinea: NCD","Papua New Guinea","OL321177",2016
791,"OL321183.1|2016-03-12","2II_E.2","2II_E","2II","OL321183",10515,103.3313679,2016,"Papua New Guinea: NCD, June Valley","Papua New Guinea","OL321183",2016
793,"OL321185.1|2016","2II_E.2","2II_E","2II","OL321185",10431,102.5058962,2016,"Papua New Guinea: NCD","Papua New Guinea","OL321185",2016
797,"ON231307.1|2018-10-28","2II_B","2II_B","2II","ON231307",10176,100,2018,"Senegal","Senegal","ON231307",2018
798,"ON231308.1|2018-10-28","2II_B","2II_B","2II","ON231308",10176,100,2018,"Senegal","Senegal","ON231308",2018
803,"ON231313.1|2018-11-09","2II_B","2II_B","2II","ON231313",10176,100,2018,"Senegal","Senegal","ON231313",2018
805,"ON907580.1|2019-06-15","2II_B","2II_B","2II","ON907580",10570,103.8718553,2019,"Niger","Niger","ON907580",2019
806,"ON907581.1|2019-07-02","2II_C.1","2II_C","2II","ON907581",10582,103.9897799,2019,"Philippines","Philippines","ON907581",2019
808,"ON908222.1|2018-05-17","2II_C.1","2II_C","2II","ON908222",10635,104.5106132,2018,"China","China","ON908222",2018
809,"ON908223.1|2019-06-15","2II_B","2II_B","2II","ON908223",10542,103.5966981,2019,"Niger","Niger","ON908223",2019
811,"ON908225.1|2019-08-04","2II_F.1.1","2II_F","2II","ON908225",10561,103.7834119,2019,"China","China","ON908225",2019
814,"ON908228.1|2017-08-07","2II_D.2","2II_D","2II","ON908228",10588,104.0487421,2017,"China","China","ON908228",2017
818,"ON885253.1|2019-07-02","2II_C.1","2II_C","2II","ON885253",10582,103.9897799,2019,"Philippines","Philippines","ON885253",2019
819,"ON885286.1|2019-06-15","2II_B","2II_B","2II","ON885286",10570,103.8718553,2019,"Niger","Niger","ON885286",2019
821,"ON887640.1|2018-08-28","2II_D.2","2II_D","2II","ON887640",10558,103.7539308,2018,"China: Guangzhou","China","ON887640",2018
823,"ON890351.1|2017-08-07","2II_D.2","2II_D","2II","ON890351",10558,103.7539308,2017,"China: Guangzhou","China","ON890351",2017
827,"ON853797.1|2018-07-13","2V_A.1","2V_A","2V","ON853797",10686,105.0117925,2018,"Cambodia","Cambodia","ON853797",2018
830,"ON510268.1|2021-04-09","2III_D.2","2III_D","2III","ON510268",10672,104.8742138,2021,"Colombia","Colombia","ON510268",2021
831,"ON510270.1|2021-05-10","2III_D.2","2III_D","2III","ON510270",10672,104.8742138,2021,"Colombia","Colombia","ON510270",2021
832,"OM744143.1|2021-11-29","2II_F.1.1.2","2II_F","2II","OM744143",9289,91.28341195,2021,"Brazil: Aparecida de Goiania, Goias","Brazil","OM744143",2021
833,"ON398847.1|1980","2V","2V","2V","ON398847",10723,105.3753931,1980,"Thailand","Thailand","ON398847",1980
835,"MW720946.1|2019-09","2II_F.1.1","2II_F","2II","MW720946",10698,105.129717,2019,"China","China","MW720946",2019
849,"MW721461.1|2018-10","2II_F.1.1","2II_F","2II","MW721461",10692,105.0707547,2018,"China","China","MW721461",2018
851,"MW721463.1|2014-10","2II_D.1.1","2II_D","2II","MW721463",10692,105.0707547,2014,"China","China","MW721463",2014
855,"MW721467.1|2014-10","2II_D.1.1","2II_D","2II","MW721467",10703,105.1788522,2014,"China","China","MW721467",2014
859,"MW721471.1|2014-10","2II_F.1.1","2II_F","2II","MW721471",10720,105.3459119,2014,"China","China","MW721471",2014
860,"MW721472.1|2014-10","2II_F.1.2","2II_F","2II","MW721472",10722,105.365566,2014,"China","China","MW721472",2014
862,"MW721474.1|2010-10","2II_D.2","2II_D","2II","MW721474",10714,105.2869497,2010,"China","China","MW721474",2010
863,"MW721475.1|2010-10","2II_D.2","2II_D","2II","MW721475",10703,105.1788522,2010,"China","China","MW721475",2010
866,"ON123640.1|2021-03-08","2II_F.1.1.2","2II_F","2II","ON123640",10671,104.8643868,2021,"Peru","Peru","ON123640",2021
868,"ON123642.1|2021-04-08","2II_F.1.1.2","2II_F","2II","ON123642",10671,104.8643868,2021,"Peru","Peru","ON123642",2021
869,"ON123643.1|2021-04-12","2II_F.1.1.2","2II_F","2II","ON123643",10671,104.8643868,2021,"Peru","Peru","ON123643",2021
871,"ON123645.1|2021-06-18","2III_C","2III_C","2III","ON123645",10671,104.8643868,2021,"Peru","Peru","ON123645",2021
872,"ON123649.1|2020","2II_A.2.1","2II_A","2II","ON123649",10598,104.1470126,2020,"India","India","ON123649",2020
873,"ON123651.1|2020","2II_A.1.1.1","2II_A","2II","ON123651",10723,105.3753931,2020,"India","India","ON123651",2020
874,"ON123652.1|2020","2II_A.1.1","2II_A","2II","ON123652",10256,100.7861635,2020,"India","India","ON123652",2020
875,"ON123663.1|2018","2II_A.1.1.1","2II_A","2II","ON123663",10546,103.6360063,2018,"India","India","ON123663",2018
879,"ON046270.1|2004-10-16","2V_E","2V_E","2V","ON046270",10507,103.2527516,2004,"Thailand","Thailand","ON046270",2004
887,"ON046278.1|2012-11-02","2V_A.1","2V_A","2V","ON046278",10507,103.2527516,2012,"Thailand","Thailand","ON046278",2012
889,"OM978278.1|2020-02-05","2II_F.1.1","2II_F","2II","OM978278",8465,83.18592767,2020,"Sri Lanka","Sri Lanka","OM978278",2020
890,"OK469345.1|1985","2V","2V","2V","OK469345",10680,104.9528302,1985,"Myanmar","Myanmar","OK469345",1985
891,"OK469346.1|1981","2III","2III","2III","OK469346",10680,104.9528302,1981,"Jamaica","Jamaica","OK469346",1981
892,"OK469347.1|1988","2IV","2IV","2IV","OK469347",10680,104.9528302,1988,"Palau","Palau","OK469347",1988
893,"OK469348.1|1976","2V","2V","2V","OK469348",10558,103.7539308,1976,"Myanmar","Myanmar","OK469348",1976
894,"OK469349.1|1972","2I","2I","2I","OK469349",10591,104.0782233,1972,"Samoa","Samoa","OK469349",1972
895,"OK469350.1|1990","2V","2V","2V","OK469350",10676,104.913522,1990,"Thailand","Thailand","OK469350",1990
896,"OK469351.1|1995","2V","2V","2V","OK469351",10676,104.913522,1995,"Myanmar","Myanmar","OK469351",1995
897,"OK469352.1|1993","2II","2II","2II","OK469352",10678,104.9331761,1993,"Singapore","Singapore","OK469352",1993
898,"OM791800.1|2019-09-26","2II_F.1.1.2","2II_F","2II","OM791800",10273,100.9532233,2019,"Peru","Peru","OM791800",2019
899,"OM791801.1|2019-09-28","2II_F.1.1.2","2II_F","2II","OM791801",10273,100.9532233,2019,"Peru","Peru","OM791801",2019
900,"OM791802.1|2018-12-31","2III_C","2III_C","2III","OM791802",10371,101.9162736,2018,"Peru","Peru","OM791802",2018
901,"OM730078.1|2021-11-16","2II_F.1.1","2II_F","2II","OM730078",10692,105.0707547,2021,"India","India","OM730078",2021
904,"OM700181.1|2021-11-16","2II_A.1.1.1","2II_A","2II","OM700181",10690,105.0511006,2021,"India","India","OM700181",2021
910,"OM639982.1|2021-09-14","2II_F.1.1","2II_F","2II","OM639982",10723,105.3753931,2021,"India","India","OM639982",2021
917,"OM639989.1|2021-11-16","2II_A.2.1","2II_A","2II","OM639989",10713,105.2771226,2021,"India","India","OM639989",2021
918,"OM639990.1|2021-11-16","2II_A.1.1","2II_A","2II","OM639990",10708,105.2279874,2021,"India","India","OM639990",2021
921,"OM639993.1|2021-11-16","2II_F.1.1","2II_F","2II","OM639993",10670,104.8545597,2021,"India","India","OM639993",2021
923,"OM505021.1|2021-06-30","2III_D.1.2","2III_D","2III","OM505021",10679,104.9430031,2021,"Mexico: Michoacan","Mexico","OM505021",2021
924,"OM505022.1|2021-09-21","2III_D.1.2","2III_D","2III","OM505022",10679,104.9430031,2021,"Mexico: Coahuila","Mexico","OM505022",2021
927,"OM368352.1|2018-05-17","2II_C.1","2II_C","2II","OM368352",10654,104.697327,2018,"China: Guangzhou","China","OM368352",2018
928,"OM317565.1|2020-06-24","2II_B","2II_B","2II","OM317565",10630,104.461478,2020,"Cameroon: Africa","Cameroon","OM317565",2020
929,"OM317566.1|2020-08-02","2II_B","2II_B","2II","OM317566",10380,102.004717,2020,"Cameroon: Africa","Cameroon","OM317566",2020
930,"OK605758.1|1998","2III_B","2III_B","2III","OK605758",10723,105.3753931,1998,"Colombia","Colombia","OK605758",1998
932,"OK605760.1|1988","2IV","2IV","2IV","OK605760",10722,105.365566,1988,"Philippines","Philippines","OK605760",1988
933,"OK605761.1|2000","2III_B","2III_B","2III","OK605761",10723,105.3753931,2000,"Brazil","Brazil","OK605761",2000
939,"LC666718.1|2017","2II_B","2II_B","2II","LC666718",10724,105.3852201,2017,"Ghana: Accra","Ghana","LC666718",2017
940,"LC666719.1|2017","2II_B","2II_B","2II","LC666719",10724,105.3852201,2017,"Ghana: Accra","Ghana","LC666719",2017
941,"MZ857208.1|2013","2II_D.1.2","2II_D","2II","MZ857208",10173,99.97051887,2013,"Kenya","Kenya","MZ857208",2013
943,"MZ857210.1|2014","2II_D.1.2","2II_D","2II","MZ857210",10173,99.97051887,2014,"Tanzania","Tanzania","MZ857210",2014
944,"MZ857211.1|2014","2II_D.1.2","2II_D","2II","MZ857211",10173,99.97051887,2014,"Mozambique","Mozambique","MZ857211",2014
946,"MZ857213.1|2014-06","2II_D.1.2","2II_D","2II","MZ857213",10173,99.97051887,2014,"Tanzania","Tanzania","MZ857213",2014
948,"MZ857215.1|2015","2II_D.1.2","2II_D","2II","MZ857215",10173,99.97051887,2015,"Somalia","Somalia","MZ857215",2015
949,"MZ857218.1|2017","2II_A.1.1","2II_A","2II","MZ857218",10173,99.97051887,2017,"Eritrea","Eritrea","MZ857218",2017
950,"MZ857219.1|1996","2II_A.1","2II_A","2II","MZ857219",10173,99.97051887,1996,"Somalia","Somalia","MZ857219",1996
952,"MZ857221.1|2017","2II_A.1.1","2II_A","2II","MZ857221",10173,99.97051887,2017,"Uganda","Uganda","MZ857221",2017
953,"MZ857222.1|2007","2II_A.1.1","2II_A","2II","MZ857222",10173,99.97051887,2007,"Djibouti","Djibouti","MZ857222",2007
954,"OL469512.1|2017-04-30","2II_B","2II_B","2II","OL469512",10176,100,2017,"Cote d'Ivoire","Cote d'Ivoire","OL469512",2017
955,"OL469513.1|2017-05-04","2II_B","2II_B","2II","OL469513",10176,100,2017,"Cote d'Ivoire","Cote d'Ivoire","OL469513",2017
959,"OL414719.1|2019-07","2V_A.1.2","2V_A","2V","OL414719",10572,103.8915094,2019,"Cambodia","Cambodia","OL414719",2019
966,"OL414726.1|2019-08","2II_F.1.1","2II_F","2II","OL414726",10572,103.8915094,2019,"Cambodia","Cambodia","OL414726",2019
974,"OL414734.1|2020-06","2V_A.1.2","2V_A","2V","OL414734",10568,103.8522013,2020,"Cambodia","Cambodia","OL414734",2020
975,"OL414735.1|2020-06","2V_A.1.2","2V_A","2V","OL414735",10620,104.3632075,2020,"Cambodia","Cambodia","OL414735",2020
978,"OL414738.1|2019-06","2II_F.1.1","2II_F","2II","OL414738",10572,103.8915094,2019,"Cambodia","Cambodia","OL414738",2019
983,"OL414743.1|2019-05","2V_A.1.2","2V_A","2V","OL414743",10573,103.9013365,2019,"Cambodia","Cambodia","OL414743",2019
992,"OL414753.1|2020-08","2II_F.1.1.1","2II_F","2II","OL414753",10693,105.0805818,2020,"Cambodia","Cambodia","OL414753",2020
997,"OL414758.1|2020-09","2II_F.1.1.1","2II_F","2II","OL414758",10623,104.3926887,2020,"Cambodia","Cambodia","OL414758",2020
1002,"OL414763.1|2019-08","2II_F.1.1","2II_F","2II","OL414763",10695,105.1002358,2019,"Cambodia","Cambodia","OL414763",2019
1013,"MZ636801.1|2019-11-19","2V_A.2","2V_A","2V","MZ636801",10711,105.2574686,2019,"Thailand: Bangkok","Thailand","MZ636801",2019
1016,"MZ636804.1|2019-11-30","2II_F.1.1","2II_F","2II","MZ636804",10711,105.2574686,2019,"Thailand: Bangkok","Thailand","MZ636804",2019
1019,"MT754366.1|2019-10-24","2V_A.2","2V_A","2V","MT754366",10648,104.6383648,2019,"China: Xi Shuang Ban Na,Yunnan","China","MT754366",2019
1031,"MW730819.1|2017-07","2II_F.2.1","2II_F","2II","MW730819",10584,104.009434,2017,"Nepal","Nepal","MW730819",2017
1035,"MW730823.1|2017-07","2II_F.2.1","2II_F","2II","MW730823",10584,104.009434,2017,"Nepal","Nepal","MW730823",2017
1040,"MW730828.1|2017-07","2II_F.2.1","2II_F","2II","MW730828",10584,104.009434,2017,"Nepal","Nepal","MW730828",2017
1046,"MW730834.1|2017-07","2II_A.2.1","2II_A","2II","MW730834",10580,103.9701258,2017,"Nepal","Nepal","MW730834",2017
1048,"MW730836.1|2017-07","2II_A.2.1","2II_A","2II","MW730836",10580,103.9701258,2017,"Nepal","Nepal","MW730836",2017
1050,"MW730838.1|2017-07","2II_A.2.1","2II_A","2II","MW730838",10584,104.009434,2017,"Nepal","Nepal","MW730838",2017
1052,"MZ945531.1|2020-11-01","2III_D.1.2","2III_D","2III","MZ945531",10224,100.4716981,2020,"USA: Texas","USA","MZ945531",2020
1054,"MZ945533.1|2020-10-28","2III_D.1.2","2III_D","2III","MZ945533",10225,100.4815252,2020,"USA: Texas","USA","MZ945533",2020
1056,"MZ945535.1|2020-10-08","2III_D.1.2","2III_D","2III","MZ945535",10241,100.6387579,2020,"USA: Texas","USA","MZ945535",2020
1057,"MZ773408.1|2019-09","2III_D.2","2III_D","2III","MZ773408",10694,105.0904088,2019,"Colombia","Colombia","MZ773408",2019
1058,"MW788981.1|2018-09","2V_A.2","2V_A","2V","MW788981",10570,103.8718553,2018,"Myanmar: Yangon","Myanmar","MW788981",2018
1059,"MW788982.1|2018-08","2V_A.2","2V_A","2V","MW788982",10548,103.6556604,2018,"Myanmar: Yangon","Myanmar","MW788982",2018
1061,"MW788984.1|2019-06","2V_A.2","2V_A","2V","MW788984",10594,104.1077044,2019,"Myanmar: Yangon","Myanmar","MW788984",2019
1062,"MW788985.1|2019-09","2V_A.2","2V_A","2V","MW788985",10594,104.1077044,2019,"Myanmar: Yangon","Myanmar","MW788985",2019
1063,"MW788986.1|2019-01","2V_A.2","2V_A","2V","MW788986",10516,103.341195,2019,"Myanmar: Yangon","Myanmar","MW788986",2019
1065,"MW512341.1|2004","2II_F","2II_F","2II","MW512341",10723,105.3753931,2004,"Singapore","Singapore","MW512341",2004
1066,"MW512342.1|2007","2II_E.1","2II_E","2II","MW512342",10176,100,2007,"Singapore","Singapore","MW512342",2007
1070,"MW512346.1|2007","2II_E.1","2II_E","2II","MW512346",10176,100,2007,"Singapore","Singapore","MW512346",2007
1076,"MW512352.1|2008","2II_E.1","2II_E","2II","MW512352",10176,100,2008,"Singapore","Singapore","MW512352",2008
1077,"MW512353.1|2008","2II_E.1","2II_E","2II","MW512353",10176,100,2008,"Singapore","Singapore","MW512353",2008
1079,"MW512355.1|2009","2II_E.1","2II_E","2II","MW512355",10176,100,2009,"Singapore","Singapore","MW512355",2009
1080,"MW512356.1|2009","2II_E.1","2II_E","2II","MW512356",10176,100,2009,"Singapore","Singapore","MW512356",2009
1084,"MW512360.1|2010","2II_E.1","2II_E","2II","MW512360",10176,100,2010,"Singapore","Singapore","MW512360",2010
1086,"MW512362.1|2011","2II_A.1","2II_A","2II","MW512362",10723,105.3753931,2011,"Singapore","Singapore","MW512362",2011
1087,"MW512363.1|2011","2II_E.1","2II_E","2II","MW512363",10723,105.3753931,2011,"Singapore","Singapore","MW512363",2011
1088,"MW512364.1|2011","2II_D","2II_D","2II","MW512364",10723,105.3753931,2011,"Singapore","Singapore","MW512364",2011
1089,"MW512365.1|2011","2II_F.1.2","2II_F","2II","MW512365",10723,105.3753931,2011,"Singapore","Singapore","MW512365",2011
1090,"MW512366.1|2011","2II_F.1.2","2II_F","2II","MW512366",10723,105.3753931,2011,"Singapore","Singapore","MW512366",2011
1092,"MW512368.1|2011","2II_F","2II_F","2II","MW512368",10723,105.3753931,2011,"Singapore","Singapore","MW512368",2011
1094,"MW512370.1|2012","2II_A.1.1.1","2II_A","2II","MW512370",10723,105.3753931,2012,"Singapore","Singapore","MW512370",2012
1095,"MW512371.1|2012","2II_A.1.1.1","2II_A","2II","MW512371",10723,105.3753931,2012,"Singapore","Singapore","MW512371",2012
1096,"MW512372.1|2012","2II_A.2.1","2II_A","2II","MW512372",10723,105.3753931,2012,"Singapore","Singapore","MW512372",2012
1099,"MW512375.1|2012","2II_D.3","2II_D","2II","MW512375",10723,105.3753931,2012,"Singapore","Singapore","MW512375",2012
1100,"MW512376.1|2012","2II_D","2II_D","2II","MW512376",10723,105.3753931,2012,"Singapore","Singapore","MW512376",2012
1104,"MW512380.1|2012","2II_C.1","2II_C","2II","MW512380",10723,105.3753931,2012,"Singapore","Singapore","MW512380",2012
1107,"MW512383.1|2013","2II_E.1","2II_E","2II","MW512383",10723,105.3753931,2013,"Singapore","Singapore","MW512383",2013
1108,"MW512384.1|2013","2II_D.3","2II_D","2II","MW512384",10723,105.3753931,2013,"Singapore","Singapore","MW512384",2013
1109,"MW512385.1|2013","2II_D.3","2II_D","2II","MW512385",10723,105.3753931,2013,"Singapore","Singapore","MW512385",2013
1110,"MW512386.1|2013","2II_D.2","2II_D","2II","MW512386",10723,105.3753931,2013,"Singapore","Singapore","MW512386",2013
1113,"MW512389.1|2013","2II_F.1.1","2II_F","2II","MW512389",10723,105.3753931,2013,"Singapore","Singapore","MW512389",2013
1115,"MW512391.1|2013","2II_A.1","2II_A","2II","MW512391",10723,105.3753931,2013,"Singapore","Singapore","MW512391",2013
1118,"MW512394.1|2013","2II_F.1.1","2II_F","2II","MW512394",10254,100.7665094,2013,"Singapore","Singapore","MW512394",2013
1131,"MW512407.1|2013","2II_F.2.2","2II_F","2II","MW512407",10723,105.3753931,2013,"Singapore","Singapore","MW512407",2013
1132,"MW512408.1|2013","2II_C","2II_C","2II","MW512408",10723,105.3753931,2013,"Singapore","Singapore","MW512408",2013
1133,"MW512409.1|2013","2II_C","2II_C","2II","MW512409",10723,105.3753931,2013,"Singapore","Singapore","MW512409",2013
1135,"MW512411.1|2014","2II_A.1.1.2","2II_A","2II","MW512411",10723,105.3753931,2014,"Singapore","Singapore","MW512411",2014
1136,"MW512412.1|2014","2II_A.1.1.2","2II_A","2II","MW512412",10723,105.3753931,2014,"Singapore","Singapore","MW512412",2014
1137,"MW512413.1|2014","2II_A.1.1.1","2II_A","2II","MW512413",10723,105.3753931,2014,"Singapore","Singapore","MW512413",2014
1138,"MW512414.1|2014","2II_E","2II_E","2II","MW512414",10723,105.3753931,2014,"Singapore","Singapore","MW512414",2014
1139,"MW512415.1|2014","2II_D.1","2II_D","2II","MW512415",10723,105.3753931,2014,"Singapore","Singapore","MW512415",2014
1142,"MW512418.1|2014","2II_F.1.1","2II_F","2II","MW512418",10723,105.3753931,2014,"Singapore","Singapore","MW512418",2014
1144,"MW512420.1|2014","2II_F.1.1","2II_F","2II","MW512420",10723,105.3753931,2014,"Singapore","Singapore","MW512420",2014
1152,"MW512428.1|2014","2II_F.2.1","2II_F","2II","MW512428",10723,105.3753931,2014,"Singapore","Singapore","MW512428",2014
1155,"MW512431.1|2014","2II_C","2II_C","2II","MW512431",10723,105.3753931,2014,"Singapore","Singapore","MW512431",2014
1156,"MW512432.1|2014","2II_C.1","2II_C","2II","MW512432",10723,105.3753931,2014,"Singapore","Singapore","MW512432",2014
1158,"MW512434.1|2014","2II_C.1","2II_C","2II","MW512434",10723,105.3753931,2014,"Singapore","Singapore","MW512434",2014
1160,"MW512436.1|2015","2II_F.1.1","2II_F","2II","MW512436",10723,105.3753931,2015,"Singapore","Singapore","MW512436",2015
1161,"MW512437.1|2015","2II_F.1.1","2II_F","2II","MW512437",10723,105.3753931,2015,"Singapore","Singapore","MW512437",2015
1173,"MW512449.1|2016","2II_A.2.1","2II_A","2II","MW512449",10723,105.3753931,2016,"Singapore","Singapore","MW512449",2016
1174,"MW512450.1|2016","2II_D.3","2II_D","2II","MW512450",10723,105.3753931,2016,"Singapore","Singapore","MW512450",2016
1177,"MW512453.1|2016","2II_F.1.1","2II_F","2II","MW512453",10693,105.0805818,2016,"Singapore","Singapore","MW512453",2016
1186,"MW512462.1|2016","2II_F.1.1","2II_F","2II","MW512462",10723,105.3753931,2016,"Singapore","Singapore","MW512462",2016
1191,"MW512467.1|2016","2II_C","2II_C","2II","MW512467",10723,105.3753931,2016,"Singapore","Singapore","MW512467",2016
1192,"MW512468.1|2017","2II_A.1.1.1","2II_A","2II","MW512468",10723,105.3753931,2017,"Singapore","Singapore","MW512468",2017
1193,"MW512469.1|2017","2II_A.1.1.1","2II_A","2II","MW512469",10718,105.3262579,2017,"Singapore","Singapore","MW512469",2017
1194,"MW512470.1|2017","2II_A","2II_A","2II","MW512470",10718,105.3262579,2017,"Singapore","Singapore","MW512470",2017
1195,"MW512471.1|2017","2II_F.1.1","2II_F","2II","MW512471",10723,105.3753931,2017,"Singapore","Singapore","MW512471",2017
1198,"MW512474.1|2017","2II_F.1.1","2II_F","2II","MW512474",10723,105.3753931,2017,"Singapore","Singapore","MW512474",2017
1201,"MW512477.1|2017","2II_F.1.1","2II_F","2II","MW512477",10723,105.3753931,2017,"Singapore","Singapore","MW512477",2017
1203,"MW512479.1|2018","2II_D.3","2II_D","2II","MW512479",10723,105.3753931,2018,"Singapore","Singapore","MW512479",2018
1204,"MW512480.1|2018","2II_D","2II_D","2II","MW512480",10723,105.3753931,2018,"Singapore","Singapore","MW512480",2018
1208,"MW512484.1|2018","2II_F.1.1","2II_F","2II","MW512484",10686,105.0117925,2018,"Singapore","Singapore","MW512484",2018
1209,"MW512485.1|2018","2II_F.1.1","2II_F","2II","MW512485",10723,105.3753931,2018,"Singapore","Singapore","MW512485",2018
1212,"MW512488.1|2018","2II_F.1.1","2II_F","2II","MW512488",10721,105.355739,2018,"Singapore","Singapore","MW512488",2018
1213,"MW512489.1|2018","2II_C.1","2II_C","2II","MW512489",10723,105.3753931,2018,"Singapore","Singapore","MW512489",2018
1214,"MW512490.1|2019","2II_A.2.1","2II_A","2II","MW512490",10723,105.3753931,2019,"Singapore","Singapore","MW512490",2019
1219,"MW512495.1|2019","2II_F.1.1","2II_F","2II","MW512495",10690,105.0511006,2019,"Singapore","Singapore","MW512495",2019
1220,"MW512496.1|2019","2II_F.1.1","2II_F","2II","MW512496",10721,105.355739,2019,"Singapore","Singapore","MW512496",2019
1222,"MW512498.1|2019","2II_F.1.1","2II_F","2II","MW512498",10721,105.355739,2019,"Singapore","Singapore","MW512498",2019
1223,"MW191698.1|2016-07","2II_A.1.1.1","2II_A","2II","MW191698",10585,104.019261,2016,"India","India","MW191698",2016
1225,"MW191700.1|2017-07","2II_A.1.1.1","2II_A","2II","MW191700",10585,104.019261,2017,"India","India","MW191700",2017
1227,"MN982899.1|2019-05","2II_F.2.1","2II_F","2II","MN982899",10720,105.3459119,2019,"Australia: Rockhampton","Australia","MN982899",2019
1228,"MZ008454.1|2016","2III_D.1.2","2III_D","2III","MZ008454",10633,104.4909591,2016,"Nicaragua","Nicaragua","MZ008454",2016
1229,"MZ008455.1|2016","2III_D.1.2","2III_D","2III","MZ008455",10633,104.4909591,2016,"Nicaragua","Nicaragua","MZ008455",2016
1230,"MZ008456.1|2016","2III_D.1.2","2III_D","2III","MZ008456",10638,104.5400943,2016,"Nicaragua","Nicaragua","MZ008456",2016
1232,"MZ008458.1|2015","2III_D.1.2","2III_D","2III","MZ008458",10590,104.0683962,2015,"Nicaragua","Nicaragua","MZ008458",2015
1233,"MZ008459.1|2013","2III_D.1.2","2III_D","2III","MZ008459",10631,104.471305,2013,"Nicaragua","Nicaragua","MZ008459",2013
1235,"MZ008461.1|2013","2III_D.1.2","2III_D","2III","MZ008461",10576,103.9308176,2013,"Nicaragua","Nicaragua","MZ008461",2013
1236,"MZ008462.1|2015","2III_D.1.2","2III_D","2III","MZ008462",10664,104.7955975,2015,"Nicaragua","Nicaragua","MZ008462",2015
1237,"MZ008463.1|2013","2III_D.1.2","2III_D","2III","MZ008463",10725,105.3950472,2013,"Nicaragua","Nicaragua","MZ008463",2013
1238,"MZ008464.1|2014","2III_D.1.2","2III_D","2III","MZ008464",10472,102.908805,2014,"Nicaragua","Nicaragua","MZ008464",2014
1241,"MZ008467.1|2015","2III_D.1.2","2III_D","2III","MZ008467",10724,105.3852201,2015,"Nicaragua","Nicaragua","MZ008467",2015
1242,"MW945433.1|1944","unassigned","unassigned","unassigned","MW945433",10175,99.99017296,1944,"Papua New Guinea","Papua New Guinea","MW945433",1944
1244,"MW945435.1|2006","2II_D","2II_D","2II","MW945435",10176,100,2006,"Viet Nam","Viet Nam","MW945435",2006
1245,"MW946255.1|2005","2V_E","2V_E","2V","MW946255",10175,99.99017296,2005,"Thailand","Thailand","MW946255",2005
1246,"MW946256.1|1995","2V","2V","2V","MW946256",10175,99.99017296,1995,"Thailand","Thailand","MW946256",1995
1248,"MW946258.1|1996","2V","2V","2V","MW946258",10175,99.99017296,1996,"Thailand","Thailand","MW946258",1996
1253,"MW946263.1|1994","2V_C","2V_C","2V","MW946263",10175,99.99017296,1994,"Thailand","Thailand","MW946263",1994
1254,"MW946264.1|1994","2V","2V","2V","MW946264",10175,99.99017296,1994,"Thailand","Thailand","MW946264",1994
1264,"MW946274.1|1994","2V_B","2V_B","2V","MW946274",10175,99.99017296,1994,"Thailand","Thailand","MW946274",1994
1267,"MW946277.1|1999","2V_C","2V_C","2V","MW946277",10175,99.99017296,1999,"Thailand","Thailand","MW946277",1999
1268,"MW946278.1|1997","2V_A","2V_A","2V","MW946278",10175,99.99017296,1997,"Thailand","Thailand","MW946278",1997
1269,"MW946279.1|2001","2V_C","2V_C","2V","MW946279",10175,99.99017296,2001,"Thailand","Thailand","MW946279",2001
1272,"MW946282.1|1996","2V_B","2V_B","2V","MW946282",10175,99.99017296,1996,"Thailand","Thailand","MW946282",1996
1275,"MW946285.1|2006","2V_A","2V_A","2V","MW946285",10175,99.99017296,2006,"Thailand","Thailand","MW946285",2006
1277,"MW946287.1|1995","2V","2V","2V","MW946287",10175,99.99017296,1995,"Thailand","Thailand","MW946287",1995
1280,"MW946290.1|1997","2V_D","2V_D","2V","MW946290",10175,99.99017296,1997,"Thailand","Thailand","MW946290",1997
1285,"MW946295.1|1996","2V_B","2V_B","2V","MW946295",10175,99.99017296,1996,"Thailand","Thailand","MW946295",1996
1291,"MW946301.1|2000","2V_A","2V_A","2V","MW946301",10175,99.99017296,2000,"Thailand","Thailand","MW946301",2000
1298,"MW946308.1|1998","2V_D","2V_D","2V","MW946308",10175,99.99017296,1998,"Thailand","Thailand","MW946308",1998
1303,"MW946313.1|2006","2V","2V","2V","MW946313",10175,99.99017296,2006,"Thailand","Thailand","MW946313",2006
1305,"MW946315.1|1997","2V_C","2V_C","2V","MW946315",10175,99.99017296,1997,"Thailand","Thailand","MW946315",1997
1312,"MW946322.1|2007","2V_A","2V_A","2V","MW946322",10175,99.99017296,2007,"Thailand","Thailand","MW946322",2007
1315,"MW946325.1|1999","2V_D","2V_D","2V","MW946325",10175,99.99017296,1999,"Thailand","Thailand","MW946325",1999
1322,"MW946332.1|1999","2V_D","2V_D","2V","MW946332",10175,99.99017296,1999,"Thailand","Thailand","MW946332",1999
1336,"MW946347.1|2003","2V_A","2V_A","2V","MW946347",10175,99.99017296,2003,"Thailand","Thailand","MW946347",2003
1337,"MW946348.1|1999","2V_D","2V_D","2V","MW946348",10175,99.99017296,1999,"Thailand","Thailand","MW946348",1999
1340,"MW946351.1|2013","2V_A","2V_A","2V","MW946351",10173,99.97051887,2013,"Thailand","Thailand","MW946351",2013
1342,"MW946353.1|2004","2V_E","2V_E","2V","MW946353",10175,99.99017296,2004,"Thailand","Thailand","MW946353",2004
1346,"MW946357.1|1997","2V","2V","2V","MW946357",10175,99.99017296,1997,"Thailand","Thailand","MW946357",1997
1348,"MW946359.1|2014","2V_A","2V_A","2V","MW946359",10175,99.99017296,2014,"Thailand","Thailand","MW946359",2014
1350,"MW946361.1|1996","2V_D","2V_D","2V","MW946361",10175,99.99017296,1996,"Thailand","Thailand","MW946361",1996
1353,"MW946364.1|1996","2V_A","2V_A","2V","MW946364",10175,99.99017296,1996,"Thailand","Thailand","MW946364",1996
1354,"MW946365.1|1995","2V_A","2V_A","2V","MW946365",10175,99.99017296,1995,"Thailand","Thailand","MW946365",1995
1358,"MW946369.1|1994","2V_C","2V_C","2V","MW946369",10175,99.99017296,1994,"Thailand","Thailand","MW946369",1994
1361,"MW946372.1|1995","2V_D","2V_D","2V","MW946372",10175,99.99017296,1995,"Thailand","Thailand","MW946372",1995
1373,"MW946384.1|1997","2V","2V","2V","MW946384",10175,99.99017296,1997,"Thailand","Thailand","MW946384",1997
1376,"MW946387.1|1994","2V_C","2V_C","2V","MW946387",10175,99.99017296,1994,"Thailand","Thailand","MW946387",1994
1378,"MW946389.1|2003","2V_A","2V_A","2V","MW946389",10175,99.99017296,2003,"Thailand","Thailand","MW946389",2003
1379,"MW946390.1|1995","2V_D","2V_D","2V","MW946390",10175,99.99017296,1995,"Thailand","Thailand","MW946390",1995
1382,"MW946393.1|1994","2V_A","2V_A","2V","MW946393",10175,99.99017296,1994,"Thailand","Thailand","MW946393",1994
1388,"MW946399.1|1997","2V_D","2V_D","2V","MW946399",10175,99.99017296,1997,"Thailand","Thailand","MW946399",1997
1394,"MW946405.1|2013","2V_A.1","2V_A","2V","MW946405",10175,99.99017296,2013,"Thailand","Thailand","MW946405",2013
1395,"MW946406.1|2007","2V_A.3","2V_A","2V","MW946406",10175,99.99017296,2007,"Thailand","Thailand","MW946406",2007
1397,"MW946408.1|1995","2V","2V","2V","MW946408",10175,99.99017296,1995,"Thailand","Thailand","MW946408",1995
1403,"MW946414.1|2003","2V_A","2V_A","2V","MW946414",10175,99.99017296,2003,"Thailand","Thailand","MW946414",2003
1406,"MW946417.1|1997","2V","2V","2V","MW946417",10175,99.99017296,1997,"Thailand","Thailand","MW946417",1997
1417,"MW946428.1|2001","2V_C","2V_C","2V","MW946428",10175,99.99017296,2001,"Thailand","Thailand","MW946428",2001
1418,"MW946429.1|2001","2V_A","2V_A","2V","MW946429",10175,99.99017296,2001,"Thailand","Thailand","MW946429",2001
1419,"MW946430.1|2005","2V_A","2V_A","2V","MW946430",10175,99.99017296,2005,"Thailand","Thailand","MW946430",2005
1421,"MW946432.1|1998","2V_C","2V_C","2V","MW946432",10175,99.99017296,1998,"Thailand","Thailand","MW946432",1998
1422,"MW946433.1|2007","2II_A.1.2","2II_A","2II","MW946433",10175,99.99017296,2007,"Thailand","Thailand","MW946433",2007
1423,"MW946434.1|2000","2V_D","2V_D","2V","MW946434",10175,99.99017296,2000,"Thailand","Thailand","MW946434",2000
1425,"MW946436.1|2000","2V_C","2V_C","2V","MW946436",10175,99.99017296,2000,"Thailand","Thailand","MW946436",2000
1433,"MW946444.1|2000","2III_B","2III_B","2III","MW946444",10176,100,2000,"Guyana","Guyana","MW946444",2000
1438,"MW946449.1|2014","2V_E","2V_E","2V","MW946449",10175,99.99017296,2014,"Thailand","Thailand","MW946449",2014
1443,"MW946454.1|1996","2V_B","2V_B","2V","MW946454",10175,99.99017296,1996,"Thailand","Thailand","MW946454",1996
1449,"MW946460.1|1997","2V_B","2V_B","2V","MW946460",10175,99.99017296,1997,"Thailand","Thailand","MW946460",1997
1450,"MW946461.1|1988","2III_A","2III_A","2III","MW946461",10175,99.99017296,1988,"Thailand","Thailand","MW946461",1988
1453,"MW946464.1|1997","2V_A","2V_A","2V","MW946464",10175,99.99017296,1997,"Thailand","Thailand","MW946464",1997
1456,"MW946467.1|1997","2V_C","2V_C","2V","MW946467",10175,99.99017296,1997,"Thailand","Thailand","MW946467",1997
1458,"MW946469.1|1994","2V","2V","2V","MW946469",10175,99.99017296,1994,"Thailand","Thailand","MW946469",1994
1462,"MW946473.1|1999","2V_B","2V_B","2V","MW946473",10175,99.99017296,1999,"Thailand","Thailand","MW946473",1999
1463,"MW946474.1|1994","2V_B","2V_B","2V","MW946474",10175,99.99017296,1994,"Thailand","Thailand","MW946474",1994
1465,"MW946476.1|1998","2V","2V","2V","MW946476",10175,99.99017296,1998,"Thailand","Thailand","MW946476",1998
1467,"MW946478.1|1974","2II_A","2II_A","2II","MW946478",10176,100,1974,"India","India","MW946478",1974
1469,"MW946480.1|1996","2V","2V","2V","MW946480",10175,99.99017296,1996,"Thailand","Thailand","MW946480",1996
1473,"MW946484.1|1996","2V_D","2V_D","2V","MW946484",10175,99.99017296,1996,"Thailand","Thailand","MW946484",1996
1474,"MW946485.1|1995","2V_B","2V_B","2V","MW946485",10175,99.99017296,1995,"Thailand","Thailand","MW946485",1995
1477,"MW946488.1|2002","2V_D","2V_D","2V","MW946488",10175,99.99017296,2002,"Thailand","Thailand","MW946488",2002
1479,"MW946490.1|1996","2V_A","2V_A","2V","MW946490",10175,99.99017296,1996,"Thailand","Thailand","MW946490",1996
1481,"MW946492.1|2002","2V_D","2V_D","2V","MW946492",10175,99.99017296,2002,"Thailand","Thailand","MW946492",2002
1486,"MW946497.1|1996","2V","2V","2V","MW946497",10175,99.99017296,1996,"Thailand","Thailand","MW946497",1996
1488,"MW946499.1|1995","2V_A","2V_A","2V","MW946499",10175,99.99017296,1995,"Thailand","Thailand","MW946499",1995
1492,"MW946503.1|1999","2V_A","2V_A","2V","MW946503",10175,99.99017296,1999,"Thailand","Thailand","MW946503",1999
1495,"MW946506.1|2004","2V_A","2V_A","2V","MW946506",10175,99.99017296,2004,"Thailand","Thailand","MW946506",2004
1496,"MW946507.1|1998","2V_D","2V_D","2V","MW946507",10175,99.99017296,1998,"Thailand","Thailand","MW946507",1998
1498,"MW946509.1|1998","2V_C","2V_C","2V","MW946509",10175,99.99017296,1998,"Thailand","Thailand","MW946509",1998
2,"MW946513.1|1997","2V_A","2V_A","2V","MW946513",10175,99.99017296,1997,"Thailand","Thailand","MW946513",1997
3,"MW946514.1|1999","2V_A","2V_A","2V","MW946514",10175,99.99017296,1999,"Thailand","Thailand","MW946514",1999
4,"MW946515.1|1994","2V_B","2V_B","2V","MW946515",10175,99.99017296,1994,"Thailand","Thailand","MW946515",1994
6,"MW946517.1|2005","2V_E","2V_E","2V","MW946517",10175,99.99017296,2005,"Thailand","Thailand","MW946517",2005
11,"MW946522.1|1997","2V_D","2V_D","2V","MW946522",10175,99.99017296,1997,"Thailand","Thailand","MW946522",1997
18,"MW946529.1|2002","2V_C","2V_C","2V","MW946529",10175,99.99017296,2002,"Thailand","Thailand","MW946529",2002
37,"MW946548.1|1999","2V_C","2V_C","2V","MW946548",10175,99.99017296,1999,"Thailand","Thailand","MW946548",1999
40,"MW946551.1|1997","2V_B","2V_B","2V","MW946551",10175,99.99017296,1997,"Thailand","Thailand","MW946551",1997
45,"MW946556.1|1995","2V_C","2V_C","2V","MW946556",10175,99.99017296,1995,"Thailand","Thailand","MW946556",1995
49,"MW946560.1|1998","2V_D","2V_D","2V","MW946560",10175,99.99017296,1998,"Thailand","Thailand","MW946560",1998
51,"MW946562.1|1995","2V_D","2V_D","2V","MW946562",10175,99.99017296,1995,"Thailand","Thailand","MW946562",1995
53,"MW946565.1|1999","2V_A","2V_A","2V","MW946565",10175,99.99017296,1999,"Thailand","Thailand","MW946565",1999
54,"MW946566.1|2013","2V_A.1","2V_A","2V","MW946566",10175,99.99017296,2013,"Thailand","Thailand","MW946566",2013
60,"MW946572.1|1995","2V_C","2V_C","2V","MW946572",10175,99.99017296,1995,"Thailand","Thailand","MW946572",1995
63,"MW946575.1|1996","2I","2I","2I","MW946575",10176,100,1996,"Peru","Peru","MW946575",1996
67,"MW946579.1|1999","2V_C","2V_C","2V","MW946579",10175,99.99017296,1999,"Thailand","Thailand","MW946579",1999
70,"MW946582.1|2000","2V_C","2V_C","2V","MW946582",10175,99.99017296,2000,"Thailand","Thailand","MW946582",2000
71,"MW946583.1|2004","2III_C","2III_C","2III","MW946583",10176,100,2004,"Brazil","Brazil","MW946583",2004
72,"MW946584.1|2007","2II_E.1","2II_E","2II","MW946584",10175,99.99017296,2007,"Thailand","Thailand","MW946584",2007
74,"MW946586.1|1996","2V_A","2V_A","2V","MW946586",10175,99.99017296,1996,"Thailand","Thailand","MW946586",1996
78,"MW946590.1|1997","2V_C","2V_C","2V","MW946590",10175,99.99017296,1997,"Thailand","Thailand","MW946590",1997
80,"MW946592.1|1997","2V_B","2V_B","2V","MW946592",10175,99.99017296,1997,"Thailand","Thailand","MW946592",1997
83,"MW946595.1|2005","2V_E","2V_E","2V","MW946595",10175,99.99017296,2005,"Thailand","Thailand","MW946595",2005
91,"MW946603.1|2005","2V_A","2V_A","2V","MW946603",10175,99.99017296,2005,"Thailand","Thailand","MW946603",2005
93,"MW881533.1|2021-02-02","2II_C.1","2II_C","2II","MW881533",10602,104.1863208,2021,"China: Guangzhou","China","MW881533",2021
99,"MW577812.1|2019-05-02","2III_C.1.1","2III_C","2III","MW577812",10707,105.2181604,2019,"Brazil","Brazil","MW577812",2019
124,"MW577837.1|2009-09-16","2III_C","2III_C","2III","MW577837",10677,104.9233491,2009,"Brazil","Brazil","MW577837",2009
125,"MW577838.1|2011-02-16","2III_C","2III_C","2III","MW577838",10719,105.3360849,2011,"Brazil","Brazil","MW577838",2011
129,"MW577842.1|2010-03-24","2III_C","2III_C","2III","MW577842",10701,105.1591981,2010,"Brazil","Brazil","MW577842",2010
133,"MW577846.1|2008-04-23","2III_C","2III_C","2III","MW577846",10711,105.2574686,2008,"Brazil","Brazil","MW577846",2008
140,"MW577853.1|2009-03-17","2III_C","2III_C","2III","MW577853",10659,104.7464623,2009,"Brazil","Brazil","MW577853",2009
154,"MT929596.1|2018-11-26","2III_C.1.1","2III_C","2III","MT929596",10030,98.56525157,2018,"Brazil: Campo Grande","Brazil","MT929596",2018
219,"MT929661.1|2019-02-18","2III_C.1.1","2III_C","2III","MT929661",10028,98.54559748,2019,"Brazil: Prata","Brazil","MT929661",2019
232,"MT929674.1|2019-04-01","2III_C.1.1","2III_C","2III","MT929674",9249,90.89033019,2019,"Brazil: Belo Horizonte","Brazil","MT929674",2019
295,"MT929737.1|2017-02-20","2III_C.1.1","2III_C","2III","MT929737",10028,98.54559748,2017,"Brazil: Goiania","Brazil","MT929737",2017
296,"MT929738.1|2018-11-06","2III_C.1.1","2III_C","2III","MT929738",9250,90.90015723,2018,"Brazil: Rio Verde","Brazil","MT929738",2018
309,"MT929751.1|2016-01-25","2III_C","2III_C","2III","MT929751",10026,98.5259434,2016,"Brazil: Ribeirao Preto","Brazil","MT929751",2016
310,"MT929752.1|2016-02-19","2III_C","2III_C","2III","MT929752",8487,83.40212264,2016,"Brazil: Ribeirao Preto","Brazil","MT929752",2016
311,"MT929753.1|2016-03-01","2III_C","2III_C","2III","MT929753",10028,98.54559748,2016,"Brazil: Ribeirao Preto","Brazil","MT929753",2016
313,"MK473384.1|2016-05-04","2II_A.2.2","2II_A","2II","MK473384",10173,99.97051887,2016,"Kenya","Kenya","MK473384",2016
314,"MK473385.1|2016-05-10","2II_A.2.2","2II_A","2II","MK473385",10173,99.97051887,2016,"Kenya","Kenya","MK473385",2016
315,"MK473386.1|2016-05-04","2II_A.2.2","2II_A","2II","MK473386",10173,99.97051887,2016,"Kenya","Kenya","MK473386",2016
316,"MW481670.1|2019-02-15","2II_A.2.1","2II_A","2II","MW481670",9980,98.07389937,2019,"Angola: Cunene (Ondjiva)","Angola","MW481670",2019
317,"MW481671.1|2018-07-09","2II_A.2.1","2II_A","2II","MW481671",9980,98.07389937,2018,"Angola: Luanda (Zango)","Angola","MW481671",2018
335,"MW481689.1|2018-05-15","2II_A.2.1","2II_A","2II","MW481689",9980,98.07389937,2018,"Angola: Luanda (Samba)","Angola","MW481689",2018
337,"MW481691.1|2018-05-13","2II_A.2.1","2II_A","2II","MW481691",9980,98.07389937,2018,"Angola: Luanda (Luanda)","Angola","MW481691",2018
356,"MK783204.1|2018","2II_D.2","2II_D","2II","MK783204",10678,104.9331761,2018,"China","China","MK783204",2018
357,"MK783205.1|2018","2II_C.1","2II_C","2II","MK783205",10683,104.9823113,2018,"China","China","MK783205",2018
358,"MK783206.1|2018","2II_A.2.1","2II_A","2II","MK783206",10694,105.0904088,2018,"China","China","MK783206",2018
361,"MK783209.1|2018","2II_A.2.1","2II_A","2II","MK783209",10658,104.7366352,2018,"China","China","MK783209",2018
367,"MT832057.1|2015","2II_C.1","2II_C","2II","MT832057",10176,100,2015,"Philippines","Philippines","MT832057",2015
368,"MT832058.1|2015","2II_C.1","2II_C","2II","MT832058",10176,100,2015,"Philippines","Philippines","MT832058",2015
369,"MT832059.1|2014","2II_C.1","2II_C","2II","MT832059",10176,100,2014,"Philippines","Philippines","MT832059",2014
370,"MT832060.1|2014","2II_C.1","2II_C","2II","MT832060",10176,100,2014,"Philippines","Philippines","MT832060",2014
372,"MT832062.1|2013","2II_C.1","2II_C","2II","MT832062",10072,98.97798742,2013,"Philippines","Philippines","MT832062",2013
376,"MT832066.1|2014","2II_C.1","2II_C","2II","MT832066",10081,99.06643082,2014,"Philippines","Philippines","MT832066",2014
377,"MT832067.1|2013","2II_C.1","2II_C","2II","MT832067",10176,100,2013,"Philippines","Philippines","MT832067",2013
386,"MT832076.1|2013","2II_C.1","2II_C","2II","MT832076",10176,100,2013,"Philippines","Philippines","MT832076",2013
391,"MW387614.1|2009-01","2II_A.1.1.1","2II_A","2II","MW387614",10486,103.0463836,2009,"China: Yunnan","China","MW387614",2009
392,"MW345921.1|2020-10-18","2II_F.1.1","2II_F","2II","MW345921",10549,103.6654874,2020,"China: Guangzhou","China","MW345921",2020
393,"MW295816.1|2020-08-07","2II_F.1.1","2II_F","2II","MW295816",10608,104.245283,2020,"China: Guangzhou","China","MW295816",2020
394,"MW295818.1|2020-10-09","2II_F.1.1","2II_F","2II","MW295818",10566,103.8325472,2020,"China: Guangzhou","China","MW295818",2020
466,"MN448741.1|2012-09-04","2V_A","2V_A","2V","MN448741",10464,102.8301887,2012,"Thailand","Thailand","MN448741",2012
479,"MN448754.1|2012-07-18","2V_A","2V_A","2V","MN448754",10464,102.8301887,2012,"Thailand","Thailand","MN448754",2012
507,"MN448782.1|2010-06-11","2V_A.1","2V_A","2V","MN448782",10464,102.8301887,2010,"Thailand","Thailand","MN448782",2010
543,"MN448819.1|2011-05-03","2V_A.1","2V_A","2V","MN448819",10464,102.8301887,2011,"Thailand","Thailand","MN448819",2011
593,"MN448870.1|2010-09-15","2V_A.3","2V_A","2V","MN448870",10464,102.8301887,2010,"Thailand","Thailand","MN448870",2010
607,"MN448884.1|2011-04-27","2V_A","2V_A","2V","MN448884",10464,102.8301887,2011,"Thailand","Thailand","MN448884",2011
630,"MN448907.1|2009-11-03","2V_A","2V_A","2V","MN448907",10464,102.8301887,2009,"Thailand","Thailand","MN448907",2009
635,"MN448912.1|2011-05-25","2V_A","2V_A","2V","MN448912",10464,102.8301887,2011,"Thailand","Thailand","MN448912",2011
647,"MN448924.1|2010-10-07","2V_A","2V_A","2V","MN448924",10464,102.8301887,2010,"Thailand","Thailand","MN448924",2010
655,"MN462634.1|2015-07-05","2III_D.3","2III_D","2III","MN462634",10173,99.97051887,2015,"Ecuador","Ecuador","MN462634",2015
656,"MN462635.1|2015-05-19","2III_D.3","2III_D","2III","MN462635",10173,99.97051887,2015,"Ecuador","Ecuador","MN462635",2015
658,"MN462637.1|2015-06-23","2III_D.3","2III_D","2III","MN462637",10065,98.90919811,2015,"Ecuador","Ecuador","MN462637",2015
660,"MN566109.1|2017-04-01","2II_C.1","2II_C","2II","MN566109",10702,105.1690252,2017,"New Caledonia","New Caledonia","MN566109",2017
661,"MN566110.1|2017-06-18","2II_C.1","2II_C","2II","MN566110",10704,105.1886792,2017,"New Caledonia","New Caledonia","MN566110",2017
662,"MN566111.1|2018-04-09","2II_C.1","2II_C","2II","MN566111",10722,105.365566,2018,"New Caledonia","New Caledonia","MN566111",2018
663,"MN566112.1|2018-04-23","2II_C.1","2II_C","2II","MN566112",10722,105.365566,2018,"New Caledonia","New Caledonia","MN566112",2018
664,"MT982731.1|2016-11-02","2II_B","2II_B","2II","MT982731",10647,104.6285377,2016,"Burkina Faso","Burkina Faso","MT982731",2016
665,"MN253134.1|2017-10-30","2II_A.1.1.1","2II_A","2II","MN253134",10242,100.6485849,2017,"India","India","MN253134",2017
666,"MT980927.1|2017-11-30","2II_B","2II_B","2II","MT980927",10668,104.8349057,2017,"Mauritania","Mauritania","MT980927",2017
668,"MT981085.1|2018-12-13","2II_B","2II_B","2II","MT981085",10668,104.8349057,2018,"Mauritania","Mauritania","MT981085",2018
669,"MT981148.1|2019-01-04","2II_B","2II_B","2II","MT981148",10668,104.8349057,2019,"Senegal","Senegal","MT981148",2019
670,"MT982126.1|2019-08-10","2II_B","2II_B","2II","MT982126",10666,104.8152516,2019,"Burkina Faso","Burkina Faso","MT982126",2019
671,"MT982148.1|2019-09-08","2II_B","2II_B","2II","MT982148",10665,104.8054245,2019,"Burkina Faso","Burkina Faso","MT982148",2019
672,"MT982169.1|2017-06-06","2II_B","2II_B","2II","MT982169",10668,104.8349057,2017,"Cote d'Ivoire","Cote d'Ivoire","MT982169",2017
673,"MN294937.1|2016-02-02","2II_A.1.1.1","2II_A","2II","MN294937",10723,105.3753931,2016,"Saudi Arabia: Al-Sharafyia, Jeddah","Saudi Arabia","MN294937",2016
674,"MT921570.1|2013","2II_E.2","2II_E","2II","MT921570",10713,105.2771226,2013,"Australia: Queensland","Australia","MT921570",2013
675,"MT921571.1|2015","2II_E.2","2II_E","2II","MT921571",10723,105.3753931,2015,"Australia: Queensland","Australia","MT921571",2015
676,"MT921572.1|2000","2II","2II","2II","MT921572",10720,105.3459119,2000,"Australia: Queensland","Australia","MT921572",2000
677,"MT921573.1|2004","2II_E","2II_E","2II","MT921573",10618,104.3435535,2004,"Australia: Queensland","Australia","MT921573",2004
679,"MT899085.1|2019-09-13","2III_D.1.2","2III_D","2III","MT899085",10272,100.9433962,2019,"Mexico: Campeche","Mexico","MT899085",2019
680,"MT897896.1|2018-08-16","2III_D.1.2","2III_D","2III","MT897896",10190,100.1375786,2018,"Mexico","Mexico","MT897896",2018
681,"MN952966.1|2015-11","2II_F.2.1","2II_F","2II","MN952966",10173,99.97051887,2015,"China","China","MN952966",2015
683,"MN577551.1|2013-04","2II_A.2.2","2II_A","2II","MN577551",9996,98.23113208,2013,"Kenya: Mombasa","Kenya","MN577551",2013
688,"MN577556.1|2017-07","2II_A.2.2","2II_A","2II","MN577556",10290,101.120283,2017,"Kenya: Mombasa","Kenya","MN577556",2017
689,"MN577557.1|2017-07","2II_A.2.2","2II_A","2II","MN577557",10290,101.120283,2017,"Kenya: Mombasa","Kenya","MN577557",2017
693,"MN577561.1|2013-05","2II_A.2.2","2II_A","2II","MN577561",10715,105.2967767,2013,"Kenya: Mombasa","Kenya","MN577561",2013
694,"MN577562.1|2013-05","2II_B","2II_B","2II","MN577562",10716,105.3066038,2013,"Kenya: Mombasa","Kenya","MN577562",2013
695,"MN577563.1|2013-05","2II_A.2.2","2II_A","2II","MN577563",10280,101.0220126,2013,"Kenya: Mombasa","Kenya","MN577563",2013
696,"MN577564.1|2014-06","2II_B","2II_B","2II","MN577564",10276,100.9827044,2014,"Kenya: Wajir","Kenya","MN577564",2014
697,"MN577565.1|2014-01","2II_A.2.2","2II_A","2II","MN577565",9996,98.23113208,2014,"Kenya: Lamu","Kenya","MN577565",2014
698,"MT006136.1|2017-10-13","2II_F.1.1","2II_F","2II","MT006136",10128,99.52830189,2017,"Sri Lanka","Sri Lanka","MT006136",2017
701,"MT006139.1|2017-10-31","2II_F.1.1","2II_F","2II","MT006139",10173,99.97051887,2017,"Sri Lanka","Sri Lanka","MT006139",2017
716,"MT006160.1|2017-12-01","2II_F.1.1","2II_F","2II","MT006160",10128,99.52830189,2017,"Sri Lanka","Sri Lanka","MT006160",2017
720,"MT006164.1|2018-07-17","2II_F.1.1","2II_F","2II","MT006164",10128,99.52830189,2018,"Sri Lanka","Sri Lanka","MT006164",2018
726,"MT006172.1|2018-01-19","2II_F.1.1","2II_F","2II","MT006172",10125,99.49882075,2018,"Sri Lanka","Sri Lanka","MT006172",2018
740,"MK858096.1|2014","2II_A.2.1","2II_A","2II","MK858096",10505,103.2330975,2014,"India","India","MK858096",2014
741,"MK858097.2|2013","2II_A.1.1.1","2II_A","2II","MK858097",10476,102.9481132,2013,"India","India","MK858097",2013
749,"MK858105.2|2016-10-05","2II_A.1.1.1","2II_A","2II","MK858105",10489,103.0758648,2016,"India","India","MK858105",2016
751,"MK858107.1|2016-10-19","2II_A.1.1.1","2II_A","2II","MK858107",10723,105.3753931,2016,"India","India","MK858107",2016
761,"LC436669.1|2017-10","2II_F.1.1.2","2II_F","2II","LC436669",10671,104.8643868,2017,"Bangladesh","Bangladesh","LC436669",2017
762,"LC436670.1|2017-10","2II_A.2.1","2II_A","2II","LC436670",10671,104.8643868,2017,"Bangladesh","Bangladesh","LC436670",2017
763,"LC436671.1|2017-10","2II_A.2.1","2II_A","2II","LC436671",10671,104.8643868,2017,"Bangladesh","Bangladesh","LC436671",2017
764,"LC436672.1|2017-10","2II_F.1.1.2","2II_F","2II","LC436672",10671,104.8643868,2017,"Bangladesh","Bangladesh","LC436672",2017
765,"LC436673.1|2017-11","2II_F.1.1.2","2II_F","2II","LC436673",10671,104.8643868,2017,"Bangladesh","Bangladesh","LC436673",2017
785,"MN959484.1|2017-06-07","2III_C","2III_C","2III","MN959484",9976,98.03459119,2017,"Brazil","Brazil","MN959484",2017
787,"MT261957.1|2017-10-16","2II_B","2II_B","2II","MT261957",10692,105.0707547,2017,"Burkina Faso: Ouagadougou","Burkina Faso","MT261957",2017
791,"MT261961.1|2017-10-26","2II_B","2II_B","2II","MT261961",10697,105.1198899,2017,"Burkina Faso: Ouagadougou","Burkina Faso","MT261961",2017
792,"MT261962.1|2017-10-25","2II_B","2II_B","2II","MT261962",10676,104.913522,2017,"Burkina Faso: Ouagadougou","Burkina Faso","MT261962",2017
804,"MH048673.1|2014-12","2II_D","2II_D","2II","MH048673",10761,105.7488208,2014,"Malaysia","Malaysia","MH048673",2014
805,"MH048675.1|2014-12","2II_D","2II_D","2II","MH048675",10664,104.7955975,2014,"Malaysia","Malaysia","MH048675",2014
807,"MN335245.1|2017-05-22","2II_A.2.2","2II_A","2II","MN335245",10173,99.97051887,2017,"Kenya","Kenya","MN335245",2017
810,"MK517773.1|2017-03-28","2III_C.1.1","2III_C","2III","MK517773",10646,104.6187107,2017,"Brazil","Brazil","MK517773",2017
811,"MN018337.1|2015-06-20","2II_F.1.1","2II_F","2II","MN018337",10724,105.3852201,2015,"China: Guangdong Province","China","MN018337",2015
813,"MN018339.1|2014-06-20","2II_A.1.1.1","2II_A","2II","MN018339",10724,105.3852201,2014,"China: Guangdong Province","China","MN018339",2014
814,"MN018340.1|2016-07-07","2II_F.1.1","2II_F","2II","MN018340",10724,105.3852201,2016,"China: Guangdong Province","China","MN018340",2016
820,"MN018346.1|2016-02-11","2II_F.1.1","2II_F","2II","MN018346",10724,105.3852201,2016,"China: Guangdong Province","China","MN018346",2016
824,"MN018350.1|2016-06-29","2II_C.1","2II_C","2II","MN018350",10724,105.3852201,2016,"China: Guangdong Province","China","MN018350",2016
825,"MN018351.1|2015-05-17","2II_E.2","2II_E","2II","MN018351",10724,105.3852201,2015,"China: Guangdong Province","China","MN018351",2015
826,"MN018352.1|2015-09-07","2II_D.3","2II_D","2II","MN018352",10724,105.3852201,2015,"China: Guangdong Province","China","MN018352",2015
831,"MN018357.1|2014-05-28","2II_F.2.1","2II_F","2II","MN018357",10724,105.3852201,2014,"China: Guangdong Province","China","MN018357",2014
832,"MN018358.1|2016-02-01","2II_A.1.1.1","2II_A","2II","MN018358",10724,105.3852201,2016,"China: Guangdong Province","China","MN018358",2016
836,"MN018362.1|2014-08-04","2V_A.1","2V_A","2V","MN018362",10724,105.3852201,2014,"China: Guangdong Province","China","MN018362",2014
837,"MN018363.1|2016-02-23","2II_E.2","2II_E","2II","MN018363",10724,105.3852201,2016,"China: Guangdong Province","China","MN018363",2016
838,"MN018364.1|2016-08-12","2II_C.1","2II_C","2II","MN018364",10724,105.3852201,2016,"China: Guangdong Province","China","MN018364",2016
840,"MN018366.1|2015-12-30","2V_A.1.1","2V_A","2V","MN018366",10724,105.3852201,2015,"China: Guangdong Province","China","MN018366",2015
841,"MN944002.1|2019-07-02","2II_C.1","2II_C","2II","MN944002",10587,104.0389151,2019,"China: Guangzhou","China","MN944002",2019
842,"MN923107.1|2019-06-15","2II_B","2II_B","2II","MN923107",10570,103.8718553,2019,"China","China","MN923107",2019
846,"MN923111.1|2019-08-24","2II_D","2II_D","2II","MN923111",10551,103.6851415,2019,"China","China","MN923111",2019
848,"MN923113.1|2019-10-14","2V_A.1.1","2V_A","2V","MN923113",10574,103.9111635,2019,"China","China","MN923113",2019
852,"MN923117.1|2019-08-16","2II_F.1.1","2II_F","2II","MN923117",10613,104.2944182,2019,"China","China","MN923117",2019
858,"MN720746.1|2014-08-25","2II_A.1.1.1","2II_A","2II","MN720746",10679,104.9430031,2014,"France","France","MN720746",2014
859,"MN589858.1|2007-08-27","2III_C","2III_C","2III","MN589858",10651,104.6678459,2007,"Brazil","Brazil","MN589858",2007
860,"MN589859.1|2007-11-22","2III_C","2III_C","2III","MN589859",10651,104.6678459,2007,"Brazil","Brazil","MN589859",2007
861,"MN589860.1|2007-12-20","2III_C","2III_C","2III","MN589860",10651,104.6678459,2007,"Brazil","Brazil","MN589860",2007
862,"MN589861.1|2008-03-17","2III_C","2III_C","2III","MN589861",10651,104.6678459,2008,"Brazil","Brazil","MN589861",2008
867,"MN589866.1|2009-12-23","2III_C","2III_C","2III","MN589866",10651,104.6678459,2009,"Brazil","Brazil","MN589866",2009
868,"MN589867.1|2010-04-29","2III_C","2III_C","2III","MN589867",10651,104.6678459,2010,"Brazil","Brazil","MN589867",2010
874,"MN589873.1|2011-05-18","2III_C","2III_C","2III","MN589873",10651,104.6678459,2011,"Brazil","Brazil","MN589873",2011
877,"MN589876.1|2011-04-20","2III_C","2III_C","2III","MN589876",10651,104.6678459,2011,"Brazil","Brazil","MN589876",2011
880,"MN589879.1|1999-04-09","2III_B","2III_B","2III","MN589879",10651,104.6678459,1999,"Brazil","Brazil","MN589879",1999
881,"MN589880.1|1999-04-09","2III_B","2III_B","2III","MN589880",10651,104.6678459,1999,"Brazil","Brazil","MN589880",1999
882,"MN589881.1|1999-01-12","2III_B","2III_B","2III","MN589881",10651,104.6678459,1999,"Brazil","Brazil","MN589881",1999
884,"MN589883.1|2001-04-02","2III_B","2III_B","2III","MN589883",10651,104.6678459,2001,"Brazil","Brazil","MN589883",2001
885,"MN589884.1|2001-05-30","2III_B","2III_B","2III","MN589884",10651,104.6678459,2001,"Brazil","Brazil","MN589884",2001
888,"MH891770.1|2018-04-23","2II_A.2.1","2II_A","2II","MH891770",10446,102.6533019,2018,"India: Shimoga, Karnataka","India","MH891770",2018
889,"MH891772.1|2017-10-12","2II_A.1.1.1","2II_A","2II","MH891772",10510,103.2822327,2017,"India: Sonapur, Assam","India","MH891772",2017
902,"MF940248.1|2015","2II_A.1.1.1","2II_A","2II","MF940248",10716,105.3066038,2015,"China","China","MF940248",2015
909,"MN272405.1|2016-05-07","2II_A.1.1.1","2II_A","2II","MN272405",10724,105.3852201,2016,"Seychelles","Seychelles","MN272405",2016
910,"MN328061.1|2019-07-29","2II_F.1.1.2","2II_F","2II","MN328061",10699,105.139544,2019,"Bangladesh","Bangladesh","MN328061",2019
913,"MK411558.1|2016-02-20","2II_F.1.3","2II_F","2II","MK411558",10696,105.1100629,2016,"Indonesia: Jambi","Indonesia","MK411558",2016
914,"MK411559.1|2016-02-23","2II_F.1.3","2II_F","2II","MK411559",10676,104.913522,2016,"Indonesia: Jambi","Indonesia","MK411559",2016
916,"MH827526.1|2017","2II_E.2","2II_E","2II","MH827526",10724,105.3852201,2017,"China","China","MH827526",2017
921,"MH827531.1|2017","2V_A.1","2V_A","2V","MH827531",10724,105.3852201,2017,"China","China","MH827531",2017
922,"MH827532.1|2017","2V_A.2","2V_A","2V","MH827532",10724,105.3852201,2017,"China","China","MH827532",2017
924,"MH827534.1|2017","2II_D.3","2II_D","2II","MH827534",10724,105.3852201,2017,"China","China","MH827534",2017
928,"MH827538.1|2017","2V_A.1.1","2V_A","2V","MH827538",10724,105.3852201,2017,"China","China","MH827538",2017
932,"MH827542.1|2017","2II_C.1","2II_C","2II","MH827542",10724,105.3852201,2017,"China","China","MH827542",2017
934,"MH827544.1|2017","2II_E.2","2II_E","2II","MH827544",10724,105.3852201,2017,"China","China","MH827544",2017
935,"MH827545.1|2017","2II_C.1","2II_C","2II","MH827545",10724,105.3852201,2017,"China","China","MH827545",2017
945,"MK629884.1|2015","2II_F.1.1","2II_F","2II","MK629884",10522,103.4001572,2015,"South Korea","South Korea","MK629884",2015
946,"MK629885.1|2015","2II_A.2.1","2II_A","2II","MK629885",10431,102.5058962,2015,"South Korea","South Korea","MK629885",2015
947,"MK629886.1|2015","2II_A.1.1.1","2II_A","2II","MK629886",10540,103.577044,2015,"South Korea","South Korea","MK629886",2015
948,"MH781013.1|2012","2III_D.1","2III_D","2III","MH781013",10651,104.6678459,2012,"Mexico","Mexico","MH781013",2012
949,"MH781014.1|2012","2III_D.1","2III_D","2III","MH781014",10617,104.3337264,2012,"Mexico","Mexico","MH781014",2012
950,"MH781015.1|2012","2III_D.1","2III_D","2III","MH781015",10705,105.1985063,2012,"Mexico","Mexico","MH781015",2012
957,"MK564477.1|2016-04-15","2II_D.3","2II_D","2II","MK564477",10558,103.7539308,2016,"China: Guangzhou","China","MK564477",2016
958,"MK564478.1|2016-04-22","2II_D.1","2II_D","2II","MK564478",10558,103.7539308,2016,"China: Guangzhou","China","MK564478",2016
959,"MK564479.1|2016-08-23","2II_F.1.1","2II_F","2II","MK564479",10558,103.7539308,2016,"China: Guangzhou","China","MK564479",2016
967,"MK564487.1|2018-09-03","2II_D.2","2II_D","2II","MK564487",10558,103.7539308,2018,"China: Guangzhou","China","MK564487",2018
969,"MK578531.1|2016-02-04","2II_A.1.1.1","2II_A","2II","MK578531",10176,100,2016,"China: Guangzhou","China","MK578531",2016
971,"MK578533.1|2018-08-16","2II_A.2.1","2II_A","2II","MK578533",10563,103.803066,2018,"China: Guangzhou","China","MK578533",2018
974,"KY672945.1|2015-06-13","2V_A.2","2V_A","2V","KY672945",10723,105.3753931,2015,"China: Yunnan","China","KY672945",2015
977,"KY672948.1|2013-09-17","2V_A","2V_A","2V","KY672948",10723,105.3753931,2013,"China: Yunnan","China","KY672948",2013
978,"KY672949.1|2013-09-30","2V_A.2","2V_A","2V","KY672949",10723,105.3753931,2013,"China: Yunnan","China","KY672949",2013
984,"KY672955.1|2015-08-15","2V_A.2","2V_A","2V","KY672955",10723,105.3753931,2015,"China: Yunnan","China","KY672955",2015
985,"MH823208.1|2014","2II_F.1.3","2II_F","2II","MH823208",10723,105.3753931,2014,"Indonesia","Indonesia","MH823208",2014
986,"MK268692.1|1974","2V","2V","2V","MK268692",10721,105.355739,1974,"Thailand: Bangkok","Thailand","MK268692",1974
987,"MH888331.1|2014-08-15","2V_A","2V_A","2V","MH888331",10461,102.8007075,2014,"Thailand","Thailand","MH888331",2014
995,"MH822939.2|2012-11-08","2II_A.1.1.2","2II_A","2II","MH822939",10628,104.4418239,2012,"India","India","MH822939",2012
996,"MH822940.2|2014","2II_A.1.1.2","2II_A","2II","MH822940",10620,104.3632075,2014,"India","India","MH822940",2014
999,"MH822943.2|2014-11-07","2II_A.1.1.1","2II_A","2II","MH822943",10580,103.9701258,2014,"India","India","MH822943",2014
1000,"MH822944.2|2012-10-08","2II_A.1.1.1","2II_A","2II","MH822944",10723,105.3753931,2012,"India","India","MH822944",2012
1001,"MH822945.2|2012-10-19","2II_A.1.1.1","2II_A","2II","MH822945",10589,104.0585692,2012,"India","India","MH822945",2012
1007,"MH822951.2|2013-09-04","2II_A.2.1","2II_A","2II","MH822951",10709,105.2378145,2013,"India","India","MH822951",2013
1009,"MH822953.2|2015-09-09","2II_A.2.1","2II_A","2II","MH822953",10588,104.0487421,2015,"India","India","MH822953",2015
1010,"MH822954.2|2015-08-31","2II_A.2.1","2II_A","2II","MH822954",10631,104.471305,2015,"India","India","MH822954",2015
1012,"MH822956.2|2013-09-09","2II_A.2.1","2II_A","2II","MH822956",10723,105.3753931,2013,"India","India","MH822956",2013
1013,"MG599592.1|2001","2II_C.2","2II_C","2II","MG599592",10176,100,2001,"Taiwan","Taiwan","MG599592",2001
1016,"MG599595.1|2001","2II_C.2","2II_C","2II","MG599595",10176,100,2001,"Taiwan","Taiwan","MG599595",2001
1027,"MG599606.1|2001","2II_C.2","2II_C","2II","MG599606",10176,100,2001,"Taiwan","Taiwan","MG599606",2001
1030,"MG599609.1|2002","2II_C.2","2II_C","2II","MG599609",10176,100,2002,"Taiwan","Taiwan","MG599609",2002
1042,"MG599621.1|2002","2II_C.2","2II_C","2II","MG599621",10176,100,2002,"Taiwan","Taiwan","MG599621",2002
1052,"MG599631.1|2002","2II_C.2","2II_C","2II","MG599631",10176,100,2002,"Taiwan","Taiwan","MG599631",2002
1056,"MH985858.1|2016","2II_E.2","2II_E","2II","MH985858",10723,105.3753931,2016,"Australia: Queensland","Australia","MH985858",2016
1057,"MH985859.1|2017","2II_C.1","2II_C","2II","MH985859",10722,105.365566,2017,"Australia: Queensland","Australia","MH985859",2017
1058,"LC410184.1|2016-09","2V_A.2","2V_A","2V","LC410184",10671,104.8643868,2016,"Thailand","Thailand","LC410184",2016
1059,"LC410185.1|2016-11","2V_A.1.2","2V_A","2V","LC410185",10670,104.8545597,2016,"Thailand","Thailand","LC410185",2016
1060,"LC410186.1|2016-12","2V_A.2","2V_A","2V","LC410186",10671,104.8643868,2016,"Thailand","Thailand","LC410186",2016
1061,"LC410187.1|2017-01","2V_A.2","2V_A","2V","LC410187",10671,104.8643868,2017,"Thailand","Thailand","LC410187",2017
1062,"LC410188.1|2017-02","2V_A.2","2V_A","2V","LC410188",10671,104.8643868,2017,"Thailand","Thailand","LC410188",2017
1063,"LC410189.1|2016-10","2II_F.1.1","2II_F","2II","LC410189",10671,104.8643868,2016,"Thailand","Thailand","LC410189",2016
1064,"LC410190.1|2016-10","2II_F.1.1","2II_F","2II","LC410190",10671,104.8643868,2016,"Thailand","Thailand","LC410190",2016
1065,"LC410191.1|2017-02","2II_F.1.1","2II_F","2II","LC410191",10671,104.8643868,2017,"Thailand","Thailand","LC410191",2017
1066,"MH488959.1|2014","2II_F.1.1","2II_F","2II","MH488959",10068,98.93867925,2014,"Malaysia: Johor Bahru","Malaysia","MH488959",2014
1069,"MH456892.1|2014-10-17","2II_A.2.2","2II_A","2II","MH456892",10093,99.18435535,2014,"Kenya","Kenya","MH456892",2014
1075,"MH456899.1|2014-06-11","2II_A.2.2","2II_A","2II","MH456899",7859,77.23073899,2014,"Kenya","Kenya","MH456899",2014
1087,"MH110575.1|2017-08","2II_A.1.1.1","2II_A","2II","MH110575",10176,100,2017,"China: Hangzhou","China","MH110575",2017
1096,"MH110584.1|2017-09","2II_A.1.1.1","2II_A","2II","MH110584",10176,100,2017,"China: Hangzhou","China","MH110584",2017
1107,"MH110595.1|2017-09","2II_F.1.1","2II_F","2II","MH110595",10176,100,2017,"China: Hangzhou","China","MH110595",2017
1110,"MH110598.1|2017-09","2II_F.1.1","2II_F","2II","MH110598",10176,100,2017,"China: Hangzhou","China","MH110598",2017
1116,"MH450295.1|2015-09-22","2III_D.2","2III_D","2III","MH450295",10691,105.0609277,2015,"Venezuela: Carabobo","Venezuela","MH450295",2015
1119,"MH450310.1|2010-08-31","2III_D.2","2III_D","2III","MH450310",10673,104.8840409,2010,"Venezuela: Aragua","Venezuela","MH450310",2010
1120,"MH069495.1|2015-12-14","2III_D.2","2III_D","2III","MH069495",10619,104.3533805,2015,"Venezuela: Carabobo","Venezuela","MH069495",2015
1121,"MH069496.1|2015-10-26","2III_D.2","2III_D","2III","MH069496",10694,105.0904088,2015,"Venezuela: Carabobo","Venezuela","MH069496",2015
1125,"MF314189.1|2016","2II_F.1.1","2II_F","2II","MF314189",10594,104.1077044,2016,"Singapore","Singapore","MF314189",2016
1126,"MH215277.1|2016-04","2III_D.2","2III_D","2III","MH215277",10722,105.365566,2016,"Venezuela","Venezuela","MH215277",2016
1138,"MF156244.1|2015-10-28","2II_A.1.1.1","2II_A","2II","MF156244",10176,100,2015,"China","China","MF156244",2015
1143,"MF004385.1|2014-09-06","2II_D.3","2II_D","2II","MF004385",10460,102.7908805,2014,"France","France","MF004385",2014
1144,"MF043956.1|2016","2II_D.2","2II_D","2II","MF043956",10723,105.3753931,2016,"China","China","MF043956",2016
1155,"KY794785.1|2010-05-11","2II_E.2","2II_E","2II","KY794785",10657,104.7268082,2010,"Papua New Guinea: Lihir","Papua New Guinea","KY794785",2010
1156,"KY849752.1|2008-09-07","2V_A","2V_A","2V","KY849752",10675,104.903695,2008,"Laos: Luang Namtha","Laos","KY849752",2008
1157,"KY849753.1|2009-04-06","2V_A","2V_A","2V","KY849753",10675,104.903695,2009,"Laos: Luang Namtha","Laos","KY849753",2009
1158,"KY849754.1|2009-06-23","2V_A","2V_A","2V","KY849754",10675,104.903695,2009,"Laos: Luang Namtha","Laos","KY849754",2009
1159,"KY849755.1|2010-06-29","2V_A","2V_A","2V","KY849755",10675,104.903695,2010,"Laos: Salavan","Laos","KY849755",2010
1161,"KY849757.1|2009-09-25","2V_A.3","2V_A","2V","KY849757",10675,104.903695,2009,"Laos: Luang Namtha","Laos","KY849757",2009
1163,"KY849759.1|2008-12-06","2V_A","2V_A","2V","KY849759",10676,104.913522,2008,"Laos: Luang Namtha","Laos","KY849759",2008
1165,"KY849763.1|2010-09-30","2V_A","2V_A","2V","KY849763",10669,104.8447327,2010,"Laos: Vientiane","Laos","KY849763",2010
1168,"KY849766.1|2010-04-29","2V_A","2V_A","2V","KY849766",10675,104.903695,2010,"Laos: Vientiane","Laos","KY849766",2010
1171,"KY670633.1|1995-09","2III_A.2","2III_A","2III","KY670633",10638,104.5400943,1995,"Taiwan","Taiwan","KY670633",1995
1172,"LC367234.1|2009-10-08","2II_A.2.1","2II_A","2II","LC367234",10723,105.3753931,2009,"0","India","LC367234",2009
1175,"KY474310.1|2014","2III_D.3","2III_D","2III","KY474310",10647,104.6285377,2014,"Ecuador: Machala","Ecuador","KY474310",2014
1191,"KY474326.1|2014","2III_D.3","2III_D","2III","KY474326",10648,104.6383648,2014,"Ecuador: Machala","Ecuador","KY474326",2014
1199,"KY474334.1|2014","2III_D.3","2III_D","2III","KY474334",10460,102.7908805,2014,"Ecuador: Machala","Ecuador","KY474334",2014
1201,"KY977454.1|2011","2III_D.1.2","2III_D","2III","KY977454",10176,100,2011,"Panama","Panama","KY977454",2011
1207,"KY937190.1|2015","2II_A.1.1.1","2II_A","2II","KY937190",10741,105.5522799,2015,"China: XiShuangbanna","China","KY937190",2015
1208,"MF459663.3|2013-09-09","2V_A.2","2V_A","2V","MF459663",10724,105.3852201,2013,"China","China","MF459663",2013
1209,"KX452015.1|2014-01","2II_E","2II_E","2II","KX452015",10796,106.0927673,2014,"Malaysia: Johor Bahru","Malaysia","KX452015",2014
1234,"KX452041.1|2014-01","2II_F.1.1","2II_F","2II","KX452041",10676,104.913522,2014,"Malaysia: Johor Bahru","Malaysia","KX452041",2014
1239,"KX452046.1|2014-01","2II_F.1.1","2II_F","2II","KX452046",10600,104.1666667,2014,"Malaysia: Johor Bahru","Malaysia","KX452046",2014
1243,"KY427084.1|2010-09-01","2II_A.2.2","2II_A","2II","KY427084",10723,105.3753931,2010,"India: Thiruvananthapuram, Kerala","India","KY427084",2010
1244,"KY427085.1|2011-01-03","2II_A.1.1.1","2II_A","2II","KY427085",10723,105.3753931,2011,"India: Thiruvananthapuram, Kerala","India","KY427085",2011
1246,"KY921905.1|2015-03","2II_F.1.1","2II_F","2II","KY921905",10723,105.3753931,2015,"Singapore","Singapore","KY921905",2015
1261,"KY586561.1|2004","2V_A","2V_A","2V","KY586561",10175,99.99017296,2004,"Thailand","Thailand","KY586561",2004
1268,"KY586568.1|2009","2V_A","2V_A","2V","KY586568",10175,99.99017296,2009,"Thailand","Thailand","KY586568",2009
1269,"KY586569.1|2008","2V_A","2V_A","2V","KY586569",10175,99.99017296,2008,"Thailand","Thailand","KY586569",2008
1270,"KY586570.1|2007","2V_A","2V_A","2V","KY586570",10175,99.99017296,2007,"Thailand","Thailand","KY586570",2007
1277,"KY586577.1|2002","2V_A","2V_A","2V","KY586577",10175,99.99017296,2002,"Thailand","Thailand","KY586577",2002
1287,"KY586587.1|2008","2V_A","2V_A","2V","KY586587",10175,99.99017296,2008,"Thailand","Thailand","KY586587",2008
1290,"KY586590.1|2005","2V_A","2V_A","2V","KY586590",10175,99.99017296,2005,"Thailand","Thailand","KY586590",2005
1302,"KY586602.1|2004","2V_A.3","2V_A","2V","KY586602",10175,99.99017296,2004,"Thailand","Thailand","KY586602",2004
1309,"KY586609.1|2000","2V_A","2V_A","2V","KY586609",10175,99.99017296,2000,"Thailand","Thailand","KY586609",2000
1316,"KY586616.1|2002","2V_A","2V_A","2V","KY586616",10175,99.99017296,2002,"Thailand","Thailand","KY586616",2002
1322,"KY586622.1|2006","2V_A","2V_A","2V","KY586622",10175,99.99017296,2006,"Thailand","Thailand","KY586622",2006
1324,"KY586624.1|2008","2V_A","2V_A","2V","KY586624",10175,99.99017296,2008,"Thailand","Thailand","KY586624",2008
1326,"KY586626.1|2009","2V_A","2V_A","2V","KY586626",10175,99.99017296,2009,"Thailand","Thailand","KY586626",2009
1329,"KY586629.1|2006","2V_A","2V_A","2V","KY586629",10175,99.99017296,2006,"Thailand","Thailand","KY586629",2006
1334,"KY586634.1|2002","2V_A","2V_A","2V","KY586634",10176,100,2002,"Thailand","Thailand","KY586634",2002
1339,"KY586639.1|2000","2V_A","2V_A","2V","KY586639",10175,99.99017296,2000,"Thailand","Thailand","KY586639",2000
1351,"KY586651.1|1998","2V_A","2V_A","2V","KY586651",10176,100,1998,"Thailand","Thailand","KY586651",1998
1356,"KY586656.1|1998","2V_A","2V_A","2V","KY586656",10175,99.99017296,1998,"Thailand","Thailand","KY586656",1998
1362,"KY586662.1|1998","2V_A","2V_A","2V","KY586662",10176,100,1998,"Thailand","Thailand","KY586662",1998
1366,"KY586666.1|1995","2V_A","2V_A","2V","KY586666",10175,99.99017296,1995,"Thailand","Thailand","KY586666",1995
1368,"KY586668.1|2001","2V_C","2V_C","2V","KY586668",10175,99.99017296,2001,"Thailand","Thailand","KY586668",2001
1371,"KY586671.1|2000","2V_C","2V_C","2V","KY586671",10175,99.99017296,2000,"Thailand","Thailand","KY586671",2000
1374,"KY586674.1|1995","2V_C","2V_C","2V","KY586674",10176,100,1995,"Thailand","Thailand","KY586674",1995
1376,"KY586676.1|1998","2V","2V","2V","KY586676",10175,99.99017296,1998,"Thailand","Thailand","KY586676",1998
1378,"KY586678.1|2002","2V_D","2V_D","2V","KY586678",10175,99.99017296,2002,"Thailand","Thailand","KY586678",2002
1379,"KY586679.1|2001","2V_D","2V_D","2V","KY586679",10176,100,2001,"Thailand","Thailand","KY586679",2001
1380,"KY586680.1|2000","2V_D","2V_D","2V","KY586680",10175,99.99017296,2000,"Thailand","Thailand","KY586680",2000
1381,"KY586681.1|2001","2V_D","2V_D","2V","KY586681",10176,100,2001,"Thailand","Thailand","KY586681",2001
1385,"KY586685.1|2006","2V_D","2V_D","2V","KY586685",10175,99.99017296,2006,"Thailand","Thailand","KY586685",2006
1386,"KY586686.1|2000","2V_D","2V_D","2V","KY586686",10175,99.99017296,2000,"Thailand","Thailand","KY586686",2000
1390,"KY586690.1|1999","2V_B","2V_B","2V","KY586690",10175,99.99017296,1999,"Thailand","Thailand","KY586690",1999
1391,"KY586691.1|1998","2V_B","2V_B","2V","KY586691",10175,99.99017296,1998,"Thailand","Thailand","KY586691",1998
1392,"KY586692.1|2001","2V_B","2V_B","2V","KY586692",10176,100,2001,"Thailand","Thailand","KY586692",2001
1393,"KY586693.1|1995","2V_B","2V_B","2V","KY586693",10175,99.99017296,1995,"Thailand","Thailand","KY586693",1995
1394,"KY586694.1|1995","2V_B","2V_B","2V","KY586694",10175,99.99017296,1995,"Thailand","Thailand","KY586694",1995
1396,"KY586696.1|2004","2V_E","2V_E","2V","KY586696",10175,99.99017296,2004,"Thailand","Thailand","KY586696",2004
1399,"KY586700.1|2009","2II_E.1","2II_E","2II","KY586700",10175,99.99017296,2009,"Thailand","Thailand","KY586700",2009
1400,"KY627762.1|2016-11-05","2II_B","2II_B","2II","KY627762",10675,104.903695,2016,"Burkina Faso","Burkina Faso","KY627762",2016
1401,"KY627763.1|2016-11-21","2II_B","2II_B","2II","KY627763",10675,104.903695,2016,"Burkina Faso","Burkina Faso","KY627763",2016
1403,"KX621246.1|2015","2II_F.1.1","2II_F","2II","KX621246",10681,104.9626572,2015,"China","China","KX621246",2015
1406,"KX655786.1|2015","2II_D.1.1","2II_D","2II","KX655786",10653,104.6875,2015,"China","China","KX655786",2015
1409,"KY415992.1|2014-06-11","2III_C","2III_C","2III","KY415992",10724,105.3852201,2014,"Haiti","Haiti","KY415992",2014
1410,"KU509267.1|2010","2III_D.1","2III_D","2III","KU509267",10567,103.8423742,2010,"Guatemala","Guatemala","KU509267",2010
1411,"KU509268.1|2009","2II_F","2II_F","2II","KU509268",10523,103.4099843,2009,"Indonesia: Bali","Indonesia","KU509268",2009
1412,"KU509269.1|2009","2II_C","2II_C","2II","KU509269",10557,103.7441038,2009,"Philippines","Philippines","KU509269",2009
1413,"KU509271.1|2006","2II_A.1.1","2II_A","2II","KU509271",10546,103.6360063,2006,"India","India","KU509271",2006
1414,"KU509272.1|2009","2II_E.1","2II_E","2II","KU509272",10262,100.8451258,2009,"Thailand","Thailand","KU509272",2009
1416,"KU509274.1|2010","2II_C","2II_C","2II","KU509274",10540,103.577044,2010,"Philippines","Philippines","KU509274",2010
1417,"KU509275.1|2008","2II_C.1","2II_C","2II","KU509275",10455,102.7417453,2008,"Philippines","Philippines","KU509275",2008
1418,"KU509276.1|2008","2II_C.1","2II_C","2II","KU509276",10395,102.1521226,2008,"Philippines","Philippines","KU509276",2008
1419,"KU509277.1|2010","2II_C.1","2II_C","2II","KU509277",10551,103.6851415,2010,"Philippines","Philippines","KU509277",2010
1421,"KX225486.1|2015","2II_D.1.1","2II_D","2II","KX225486",10631,104.471305,2015,"China","China","KX225486",2015
1423,"KU666945.1|2014-01","2II_C","2II_C","2II","KU666945",9720,95.51886792,2014,"Malaysia: Johor Bahru","Malaysia","KU666945",2014
1428,"KX702403.1|2016-02-05","2III_C","2III_C","2III","KX702403",10724,105.3852201,2016,"Haiti","Haiti","KX702403",2016
1429,"KX702404.1|2016-05-22","2III_C","2III_C","2III","KX702404",10723,105.3753931,2016,"USA","USA","KX702404",2016
1430,"KX372564.1|2015","2II_F.1.1","2II_F","2II","KX372564",10723,105.3753931,2015,"Australia","Australia","KX372564",2015
1431,"KU517845.1|2013-04-23","2II_E.2","2II_E","2II","KU517845",10723,105.3753931,2013,"Papua New Guinea","Papua New Guinea","KU517845",2013
1432,"KU517846.1|2014-05-07","2II_F.2.1","2II_F","2II","KU517846",10723,105.3753931,2014,"Indonesia","Indonesia","KU517846",2014
1433,"KU517847.1|2015-08-03","2II_F.1.1","2II_F","2II","KU517847",10723,105.3753931,2015,"Philippines","Philippines","KU517847",2015
1435,"KP188549.1|2006-05-26","2III_C","2III_C","2III","KP188549",10783,105.9650157,2006,"Brazil","Brazil","KP188549",2006
1437,"KP188551.1|2012-10-31","2III_C","2III_C","2III","KP188551",10603,104.1961478,2012,"Brazil","Brazil","KP188551",2012
1438,"KP188552.1|2012-11-28","2III_C","2III_C","2III","KP188552",10527,103.4492925,2012,"Brazil","Brazil","KP188552",2012
1439,"KP188553.1|2013-01-10","2III_C","2III_C","2III","KP188553",10403,102.230739,2013,"Brazil","Brazil","KP188553",2013
1440,"KP188554.1|2013-02-04","2III_C","2III_C","2III","KP188554",10699,105.139544,2013,"Brazil","Brazil","KP188554",2013
1442,"KP188556.1|2013-02-08","2III_C","2III_C","2III","KP188556",10526,103.4394654,2013,"Brazil","Brazil","KP188556",2013
1443,"KP188569.1|2014-04-03","2III_C","2III_C","2III","KP188569",10420,102.3977987,2014,"Brazil","Brazil","KP188569",2014
1444,"KX380807.1|2012","2II_D","2II_D","2II","KX380807",10722,105.365566,2012,"Singapore","Singapore","KX380807",2012
1447,"KX380810.1|2012","2II_F.2.2","2II_F","2II","KX380810",10720,105.3459119,2012,"Singapore","Singapore","KX380810",2012
1456,"KX380819.1|2012","2II_F.2.2","2II_F","2II","KX380819",10722,105.365566,2012,"Singapore","Singapore","KX380819",2012
1459,"KX380822.1|2012","2II_F.2.2","2II_F","2II","KX380822",10722,105.365566,2012,"Singapore","Singapore","KX380822",2012
1465,"KX380828.1|2013","2II_A.1.1.1","2II_A","2II","KX380828",10723,105.3753931,2013,"Singapore","Singapore","KX380828",2013
1466,"KX380829.1|2013","2II_A.1.1.1","2II_A","2II","KX380829",10722,105.365566,2013,"Singapore","Singapore","KX380829",2013
1474,"KX380837.1|2013","2II_E.1","2II_E","2II","KX380837",10720,105.3459119,2013,"Singapore","Singapore","KX380837",2013
1479,"LC111438.1|2005","2II","2II","2II","LC111438",10678,104.9331761,2005,"East Timor","East Timor","LC111438",2005
1486,"KM217156.1|2011-08","2II_A.1.2","2II_A","2II","KM217156",10656,104.7169811,2011,"Pakistan","Pakistan","KM217156",2011
1488,"KM217158.1|2013-08","2II_A.1.2","2II_A","2II","KM217158",10656,104.7169811,2013,"Pakistan","Pakistan","KM217158",2013
1489,"KP723478.1|2014","2II_D.1.1","2II_D","2II","KP723478",10583,103.9996069,2014,"China: Guangdong","China","KP723478",2014
1491,"KJ701507.1|2013-08-27","2II_A.1.2","2II_A","2II","KJ701507",10656,104.7169811,2013,"Pakistan","Pakistan","KJ701507",2013
3,"KM279522.1|2011","2II_E.1","2II_E","2II","KM279522",10723,105.3753931,2011,"Singapore","Singapore","KM279522",2011
15,"KM279534.1|2012","2II_E.1","2II_E","2II","KM279534",10723,105.3753931,2012,"Singapore","Singapore","KM279534",2012
32,"KM279551.1|2012","2II_E.1","2II_E","2II","KM279551",10723,105.3753931,2012,"Singapore","Singapore","KM279551",2012
44,"KM279563.1|2012","2II_E.1","2II_E","2II","KM279563",10723,105.3753931,2012,"Singapore","Singapore","KM279563",2012
61,"KM279580.1|2013","2II_E.1","2II_E","2II","KM279580",10322,101.4347484,2013,"Singapore","Singapore","KM279580",2013
65,"KM279584.1|2011","2II_E.1","2II_E","2II","KM279584",10634,104.5007862,2011,"Singapore","Singapore","KM279584",2011
87,"KM279606.1|2010","2II_E.1","2II_E","2II","KM279606",10176,100,2010,"Singapore","Singapore","KM279606",2010
88,"KM279607.1|2010","2II_E.1","2II_E","2II","KM279607",10176,100,2010,"Singapore","Singapore","KM279607",2010
90,"KM279609.1|2009","2II_E.1","2II_E","2II","KM279609",10176,100,2009,"Singapore","Singapore","KM279609",2009
93,"KC762655.1|2007-09-27","2II_E.2","2II_E","2II","KC762655",10723,105.3753931,2007,"Indonesia: Makassar","Indonesia","KC762655",2007
95,"KC762657.1|2008-04-23","2II_E","2II_E","2II","KC762657",10723,105.3753931,2008,"Indonesia: Makassar","Indonesia","KC762657",2008
97,"KC762659.1|2008-04-15","2II_E","2II_E","2II","KC762659",10723,105.3753931,2008,"Indonesia: Makassar","Indonesia","KC762659",2008
99,"KC762661.1|2007-09-24","2II_E","2II_E","2II","KC762661",10723,105.3753931,2007,"Indonesia: Makassar","Indonesia","KC762661",2007
100,"KC762662.1|2007-11-21","2II_E","2II_E","2II","KC762662",10723,105.3753931,2007,"Indonesia: Makassar","Indonesia","KC762662",2007
104,"KC762666.1|2008-02-15","2II_E","2II_E","2II","KC762666",10723,105.3753931,2008,"Indonesia: Makassar","Indonesia","KC762666",2008
106,"KC762668.1|2008-03-11","2II_F","2II_F","2II","KC762668",10723,105.3753931,2008,"Indonesia: Makassar","Indonesia","KC762668",2008
107,"KC762669.1|2007-07-17","2II_F","2II_F","2II","KC762669",10723,105.3753931,2007,"Indonesia: Makassar","Indonesia","KC762669",2007
108,"KC762670.1|2007-12-11","2II_F","2II_F","2II","KC762670",10723,105.3753931,2007,"Indonesia: Makassar","Indonesia","KC762670",2007
109,"KC762671.1|2008-02-19","2II_D.2","2II_D","2II","KC762671",10723,105.3753931,2008,"Indonesia: Makassar","Indonesia","KC762671",2008
113,"KC762675.1|2008-03-08","2II_D.3","2II_D","2II","KC762675",10723,105.3753931,2008,"Indonesia: Makassar","Indonesia","KC762675",2008
114,"KC762676.1|2007-07-17","2II_D.3","2II_D","2II","KC762676",10723,105.3753931,2007,"Indonesia: Makassar","Indonesia","KC762676",2007
115,"KC762677.1|2008-02-15","2II_D.3","2II_D","2II","KC762677",10723,105.3753931,2008,"Indonesia: Makassar","Indonesia","KC762677",2008
116,"KC762678.1|2010-03-04","2II_E","2II_E","2II","KC762678",10723,105.3753931,2010,"Indonesia: Makassar","Indonesia","KC762678",2010
117,"KC762679.1|2010-03-29","2II_D.2","2II_D","2II","KC762679",10723,105.3753931,2010,"Indonesia: Makassar","Indonesia","KC762679",2010
118,"KC762680.1|2010-04-05","2II_D.2","2II_D","2II","KC762680",10723,105.3753931,2010,"Indonesia: Makassar","Indonesia","KC762680",2010
119,"KF744397.1|2001","2II_C","2II_C","2II","KF744397",10176,100,2001,"Philippines","Philippines","KF744397",2001
120,"KF744398.1|2005","2II_C.2","2II_C","2II","KF744398",10176,100,2005,"Philippines","Philippines","KF744398",2005
121,"KF744399.1|1998","2IV","2IV","2IV","KF744399",10176,100,1998,"Philippines","Philippines","KF744399",1998
122,"KF744400.1|2000","2IV","2IV","2IV","KF744400",10176,100,2000,"Philippines","Philippines","KF744400",2000
123,"KF744401.1|2000","2IV","2IV","2IV","KF744401",10176,100,2000,"Philippines","Philippines","KF744401",2000
124,"KF744402.1|2000","2IV","2IV","2IV","KF744402",10176,100,2000,"Philippines","Philippines","KF744402",2000
125,"KF744403.1|1995","2IV","2IV","2IV","KF744403",10176,100,1995,"Philippines","Philippines","KF744403",1995
126,"KF744404.1|1996","2IV","2IV","2IV","KF744404",10176,100,1996,"Philippines","Philippines","KF744404",1996
127,"KF744405.1|1996","2IV","2IV","2IV","KF744405",10176,100,1996,"Philippines","Philippines","KF744405",1996
128,"KF744406.1|1995","2IV","2IV","2IV","KF744406",10176,100,1995,"Philippines","Philippines","KF744406",1995
129,"KF744407.1|1996","2IV","2IV","2IV","KF744407",10176,100,1996,"Philippines","Philippines","KF744407",1996
130,"KF744408.1|2005","2IV","2IV","2IV","KF744408",10176,100,2005,"Philippines","Philippines","KF744408",2005
131,"KM204118.1|1944","unassigned","unassigned","unassigned","KM204118",10723,105.3753931,1944,"Papua New Guinea","Papua New Guinea","KM204118",1944
132,"KJ830750.1|2014-01-13","2II_A.1.2","2II_A","2II","KJ830750",10718,105.3262579,2014,"Saudi Arabia","Saudi Arabia","KJ830750",2014
133,"JX073928.1|2001","2III_E","2III_E","2III","JX073928",10723,105.3753931,2001,"Brazil","Brazil","JX073928",2001
135,"KJ010186.1|2013-10-02","2II_A.1.2","2II_A","2II","KJ010186",10629,104.4516509,2013,"Pakistan","Pakistan","KJ010186",2013
136,"KJ189305.1|2000","2III_D.3","2III_D","2III","KJ189305",10478,102.9677673,2000,"Colombia","Colombia","KJ189305",2000
137,"KJ189308.1|2009","2III_D.1","2III_D","2III","KJ189308",10477,102.9579403,2009,"Mexico","Mexico","KJ189308",2009
138,"KJ189309.1|2010","2III_D.1","2III_D","2III","KJ189309",10300,101.2185535,2010,"Mexico","Mexico","KJ189309",2010
141,"KJ189370.1|2011","2III_D.1.2","2III_D","2III","KJ189370",10481,102.9972484,2011,"Mexico","Mexico","KJ189370",2011
142,"JQ955623.1|2009","2II_A.1","2II_A","2II","JQ955623",10670,104.8545597,2009,"India: Delhi","India","JQ955623",2009
143,"JQ955624.1|2011","2II_A.1.1","2II_A","2II","JQ955624",10670,104.8545597,2011,"India: Odisha","India","JQ955624",2011
144,"JX475906.1|2009","2II_A.2.1","2II_A","2II","JX475906",10670,104.8545597,2009,"India: Hyderabad","India","JX475906",2009
149,"KF955350.1|1999","2III_B","2III_B","2III","KF955350",7519,73.88954403,1999,"Nicaragua","Nicaragua","KF955350",1999
151,"KF955356.1|2005","2III_D.1","2III_D","2III","KF955356",9483,93.18985849,2005,"Mexico","Mexico","KF955356",2005
152,"KF955357.1|2003","2III_D.1","2III_D","2III","KF955357",8390,82.44889937,2003,"Mexico","Mexico","KF955357",2003
156,"KF955363.1|1986","2III","2III","2III","KF955363",10531,103.4886006,1986,"Puerto Rico","USA","KF955363",1986
168,"KF955380.1|2001","2III_D.1","2III_D","2III","KF955380",7537,74.06643082,2001,"Nicaragua","Nicaragua","KF955380",2001
169,"KF955381.1|2001","2III_D.1","2III_D","2III","KF955381",7241,71.15762579,2001,"Nicaragua","Nicaragua","KF955381",2001
174,"KF955395.1|2007","2III_D.1","2III_D","2III","KF955395",10649,104.6481918,2007,"Mexico","Mexico","KF955395",2007
175,"KF955396.1|2008","2III_D.1","2III_D","2III","KF955396",8232,80.89622642,2008,"Mexico","Mexico","KF955396",2008
176,"KF955398.1|2008","2V_A.1","2V_A","2V","KF955398",7387,72.59237421,2008,"Cambodia","Cambodia","KF955398",2008
181,"KF921930.1|2002","2V_A","2V_A","2V","KF921930",10283,101.0514937,2002,"Cambodia","Cambodia","KF921930",2002
182,"KF921931.1|2003","2III_A","2III_A","2III","KF921931",10370,101.9064465,2003,"Cambodia","Cambodia","KF921931",2003
183,"KC294200.1|2007-03-28","2III_B","2III_B","2III","KC294200",10724,105.3852201,2007,"Peru: Puerto Maldonado","Peru","KC294200",2007
184,"KC294201.1|2009-02-13","2III_B","2III_B","2III","KC294201",10723,105.3753931,2009,"Peru: Puerto Maldonado","Peru","KC294201",2009
185,"KC294202.1|2010-12-13","2III_C","2III_C","2III","KC294202",10723,105.3753931,2010,"Peru: Iquitos","Peru","KC294202",2010
188,"KC294205.1|2011-01-18","2III_C","2III_C","2III","KC294205",10723,105.3753931,2011,"Peru: Iquitos","Peru","KC294205",2011
191,"KC294208.1|2011-02-23","2III_C","2III_C","2III","KC294208",10723,105.3753931,2011,"Peru: Iquitos","Peru","KC294208",2011
195,"KC294212.1|2011-04-24","2III_C","2III_C","2III","KC294212",10723,105.3753931,2011,"Peru: Iquitos","Peru","KC294212",2011
199,"KC294216.1|2002-02-06","2III_B","2III_B","2III","KC294216",10723,105.3753931,2002,"Peru: Iquitos","Peru","KC294216",2002
200,"KC294217.1|2010-11-22","2III_C","2III_C","2III","KC294217",10723,105.3753931,2010,"Peru: Yurimaguas","Peru","KC294217",2010
202,"KC294219.1|2010-10-21","2III_C","2III_C","2III","KC294219",10723,105.3753931,2010,"Peru: Iquitos","Peru","KC294219",2010
205,"KC294222.1|2002-03-22","2III_B","2III_B","2III","KC294222",10723,105.3753931,2002,"Peru: Iquitos","Peru","KC294222",2002
207,"EU920828.1|1993-02","2III","2III","2III","EU920828",10663,104.7857704,1993,"French Guiana","French Guiana","EU920828",1993
208,"EU920829.1|1997-06","2III_E","2III_E","2III","EU920829",10724,105.3852201,1997,"French Guiana","French Guiana","EU920829",1997
209,"EU920830.1|1998-02","2III_E","2III_E","2III","EU920830",10717,105.3164308,1998,"French Guiana","French Guiana","EU920830",1998
210,"EU920831.1|1998-08","2III_E","2III_E","2III","EU920831",10694,105.0904088,1998,"French Guiana","French Guiana","EU920831",1998
211,"EU920832.1|1999-05","2III_C","2III_C","2III","EU920832",10698,105.129717,1999,"French Guiana","French Guiana","EU920832",1999
212,"EU920833.1|2000-01","2III_C","2III_C","2III","EU920833",10649,104.6481918,2000,"French Guiana","French Guiana","EU920833",2000
213,"EU920834.1|2001-12","2III_E","2III_E","2III","EU920834",10676,104.913522,2001,"French Guiana","French Guiana","EU920834",2001
214,"EU920835.1|2002-04","2III_E","2III_E","2III","EU920835",10724,105.3852201,2002,"French Guiana","French Guiana","EU920835",2002
215,"EU920836.1|2005-06","2III_C","2III_C","2III","EU920836",10724,105.3852201,2005,"Martinique","Martinique","EU920836",2005
217,"EU920838.1|2005-08","2III_C","2III_C","2III","EU920838",10659,104.7464623,2005,"Suriname","Suriname","EU920838",2005
218,"EU920839.1|2005-09","2III_C","2III_C","2III","EU920839",10711,105.2574686,2005,"Martinique","Martinique","EU920839",2005
219,"EU920840.1|2005-10","2III_E","2III_E","2III","EU920840",10688,105.0314465,2005,"French Guiana","French Guiana","EU920840",2005
220,"EU920841.1|2005-10","2III_C","2III_C","2III","EU920841",10665,104.8054245,2005,"Martinique","Martinique","EU920841",2005
221,"EU920842.1|2005-10","2III_C","2III_C","2III","EU920842",10726,105.4048742,2005,"Suriname","Suriname","EU920842",2005
223,"EU920844.1|2006-01","2III_C","2III_C","2III","EU920844",10724,105.3852201,2006,"French Guiana","French Guiana","EU920844",2006
224,"EU920845.1|2006-01","2III_C","2III_C","2III","EU920845",10666,104.8152516,2006,"French Guiana","French Guiana","EU920845",2006
227,"EU920848.1|2006-04","2III_C","2III_C","2III","EU920848",10724,105.3852201,2006,"French Guiana","French Guiana","EU920848",2006
228,"EU920849.1|2006-09","2III_C","2III_C","2III","EU920849",10690,105.0511006,2006,"Guadeloupe","Guadeloupe","EU920849",2006
229,"EU920850.1|2006-10","2III_C","2III_C","2III","EU920850",10613,104.2944182,2006,"Guadeloupe","Guadeloupe","EU920850",2006
230,"KF041232.1|2011","2II_A.1.2","2II_A","2II","KF041232",10723,105.3753931,2011,"Pakistan: Lahore","Pakistan","KF041232",2011
232,"KF041234.1|2011","2II_A.1.2","2II_A","2II","KF041234",10723,105.3753931,2011,"Pakistan: Lahore","Pakistan","KF041234",2011
233,"KF041235.1|2009","2II_A.1.2","2II_A","2II","KF041235",10723,105.3753931,2009,"Pakistan: Karachi","Pakistan","KF041235",2009
234,"KF041236.1|2008","2II_A.1","2II_A","2II","KF041236",10723,105.3753931,2008,"Pakistan: Karachi","Pakistan","KF041236",2008
235,"KF041237.1|2009","2II_A.1.2","2II_A","2II","KF041237",10723,105.3753931,2009,"Pakistan: Karachi","Pakistan","KF041237",2009
236,"KC964093.1|2001","2II_C","2II_C","2II","KC964093",10723,105.3753931,2001,"China: Jiangmen, Guangdong Province","China","KC964093",2001
237,"KC964094.1|1993","2II","2II","2II","KC964094",10723,105.3753931,1993,"China: Foshan, Guangdong Province","China","KC964094",1993
238,"KC964095.1|1998","2V_D","2V_D","2V","KC964095",10723,105.3753931,1998,"China: Nanhai, Guangdong Province","China","KC964095",1998
239,"KF360005.1|2010-11-01","2II_A.1.2","2II_A","2II","KF360005",10629,104.4516509,2010,"Pakistan","Pakistan","KF360005",2010
240,"KF479233.1|2013-01-04","2II_A.1.1.1","2II_A","2II","KF479233",10723,105.3753931,2013,"China","China","KF479233",2013
245,"JX669480.1|1995","2III_B","2III_B","2III","JX669480",10723,105.3753931,1995,"Brazil: Pernambuco","Brazil","JX669480",1995
246,"JX669481.1|1995","2III_B","2III_B","2III","JX669481",10723,105.3753931,1995,"Brazil: Pernambuco","Brazil","JX669481",1995
247,"JX669482.1|1995","2III_B","2III_B","2III","JX669482",10726,105.4048742,1995,"Brazil: Pernambuco","Brazil","JX669482",1995
248,"JX669483.1|1997","2III_B","2III_B","2III","JX669483",10725,105.3950472,1997,"Brazil: Pernambuco","Brazil","JX669483",1997
249,"JX669484.1|1998","2III_B","2III_B","2III","JX669484",10723,105.3753931,1998,"Brazil: Pernambuco","Brazil","JX669484",1998
250,"JX669485.1|1998","2III_B","2III_B","2III","JX669485",10723,105.3753931,1998,"Brazil: Pernambuco","Brazil","JX669485",1998
252,"JX669487.1|2000","2III_B","2III_B","2III","JX669487",10723,105.3753931,2000,"Brazil: Pernambuco","Brazil","JX669487",2000
253,"JX669488.1|2002","2III_B","2III_B","2III","JX669488",10724,105.3852201,2002,"Brazil: Pernambuco","Brazil","JX669488",2002
254,"JX649147.1|1995","2III_A","2III_A","2III","JX649147",10723,105.3753931,1995,"Viet Nam","Viet Nam","JX649147",1995
255,"JX649148.1|1995","2III_A","2III_A","2III","JX649148",10723,105.3753931,1995,"Viet Nam","Viet Nam","JX649148",1995
256,"JX966379.1|1994","2I","2I","2I","JX966379",10713,105.2771226,1994,"Mexico","Mexico","JX966379",1994
257,"JX966380.1|1969","2I","2I","2I","JX966380",10712,105.2672956,1969,"Puerto Rico","USA","JX966380",1969
258,"JX286516.1|2010-03-01","2III_C","2III_C","2III","JX286516",10542,103.5966981,2010,"Brazil: Santos, Sao Paulo","Brazil","JX286516",2010
269,"JQ922549.1|1996","2II_A.1","2II_A","2II","JQ922549",10648,104.6383648,1996,"India: Dhule, Maharashtra","India","JQ922549",1996
270,"JQ922550.1|1971","2I","2I","2I","JQ922550",10619,104.3533805,1971,"India: Jaipur, Rajasthan","India","JQ922550",1971
271,"JQ922551.1|2005","2II_A","2II_A","2II","JQ922551",10639,104.5499214,2005,"India: Pune, Maharashtra","India","JQ922551",2005
272,"KC131142.1|2012-09","2II_F.1.2","2II_F","2II","KC131142",10673,104.8840409,2012,"China: Guangdong","China","KC131142",2012
275,"JX470186.1|2010","2II_D.2","2II_D","2II","JX470186",10723,105.3753931,2010,"China: Guangdong","China","JX470186",2010
276,"JN368476.1|2007","2V_A","2V_A","2V","JN368476",10651,104.6678459,2007,"Cambodia: Kampong Cham Hospital","Cambodia","JN368476",2007
281,"JX079694.1|2005","2III_D.1.3","2III_D","2III","JX079694",10478,102.9677673,2005,"Nicaragua: Managua","Nicaragua","JX079694",2005
284,"JN851113.1|2006","2II_E.1","2II_E","2II","JN851113",10176,100,2006,"Singapore","Singapore","JN851113",2006
294,"JN851123.1|2004","2II_F","2II_F","2II","JN851123",10176,100,2004,"Singapore","Singapore","JN851123",2004
296,"JN851125.1|2005","2II","2II","2II","JN851125",10176,100,2005,"Singapore","Singapore","JN851125",2005
297,"JN851126.1|2005","2II_F","2II_F","2II","JN851126",10176,100,2005,"Singapore","Singapore","JN851126",2005
298,"JN851127.1|2004","2II_F","2II_F","2II","JN851127",10176,100,2004,"Singapore","Singapore","JN851127",2004
299,"JN851128.1|2006","2II","2II","2II","JN851128",10176,100,2006,"Singapore","Singapore","JN851128",2006
300,"JN851129.1|2006","2II","2II","2II","JN851129",10176,100,2006,"Singapore","Singapore","JN851129",2006
301,"JN851130.1|2005","2II_D.3","2II_D","2II","JN851130",10176,100,2005,"Singapore","Singapore","JN851130",2005
302,"JN851131.1|2005","2II_C","2II_C","2II","JN851131",10176,100,2005,"Singapore","Singapore","JN851131",2005
303,"HQ332184.1|2006","2III_D.2","2III_D","2III","HQ332184",10722,105.365566,2006,"Venezuela","Venezuela","HQ332184",2006
306,"HQ332187.1|2007","2III_D.2","2III_D","2III","HQ332187",10722,105.365566,2007,"Venezuela","Venezuela","HQ332187",2007
311,"JN819408.1|2001","2III_D","2III_D","2III","JN819408",10620,104.3632075,2001,"Venezuela: Aragua","Venezuela","JN819408",2001
313,"JN819418.1|1988","2III","2III","2III","JN819418",10576,103.9308176,1988,"Viet Nam","Viet Nam","JN819418",1988
314,"JN819419.1|2000","2III_E","2III_E","2III","JN819419",10601,104.1764937,2000,"Brazil: Northern","Brazil","JN819419",2000
317,"JN819422.1|2008","2III_D.1","2III_D","2III","JN819422",10519,103.3706761,2008,"Mexico: Tapachula","Mexico","JN819422",2008
318,"JN819424.1|2006","2III_D.1.1","2III_D","2III","JN819424",10679,104.9430031,2006,"Nicaragua: Carazo","Nicaragua","JN819424",2006
319,"HQ999999.1|2009","2III_D.1.2","2III_D","2III","HQ999999",10725,105.3950472,2009,"Guatemala: Guatemala City","Guatemala","HQ999999",2009
320,"FJ196851.1|1998","2V_D","2V_D","2V","FJ196851",10723,105.3753931,1998,"China: Guangzhou, Guangdong Province","China","FJ196851",1998
321,"FJ196852.1|2001","2II_C","2II_C","2II","FJ196852",10723,105.3753931,2001,"China: Guangzhou, Guangdong Province","China","FJ196852",2001
322,"FJ196853.1|2003","2II","2II","2II","FJ196853",10723,105.3753931,2003,"China: Guangzhou, Guangdong Province","China","FJ196853",2003
323,"FJ196854.1|1993","2II","2II","2II","FJ196854",10723,105.3753931,1993,"China: Guangzhou, Guangdong Province","China","FJ196854",1993
324,"JF327392.1|2009","2II_F","2II_F","2II","JF327392",10723,105.3753931,2009,"Singapore","Singapore","JF327392",2009
325,"JF730044.1|2001","2III_A","2III_A","2III","JF730044",10475,102.9382862,2001,"Cambodia: RAT","Cambodia","JF730044",2001
331,"JF730051.1|2009","2III_D.1.1","2III_D","2III","JF730051",10477,102.9579403,2009,"Nicaragua: Managua","Nicaragua","JF730051",2009
332,"JF730052.1|2009","2III_D.1.1","2III_D","2III","JF730052",10477,102.9579403,2009,"Nicaragua: Managua","Nicaragua","JF730052",2009
337,"HQ012533.1|1990","2III_B","2III_B","2III","HQ012533",10173,99.97051887,1990,"Brazil","Brazil","HQ012533",1990
338,"HQ012534.1|1991","2III_B","2III_B","2III","HQ012534",10173,99.97051887,1991,"Brazil","Brazil","HQ012534",1991
339,"HQ012535.1|1994","2III_B","2III_B","2III","HQ012535",10173,99.97051887,1994,"Brazil","Brazil","HQ012535",1994
340,"HQ012536.1|1998","2III_B","2III_B","2III","HQ012536",10173,99.97051887,1998,"Brazil","Brazil","HQ012536",1998
342,"HQ012538.1|1990","2III_B","2III_B","2III","HQ012538",10173,99.97051887,1990,"Brazil","Brazil","HQ012538",1990
347,"HQ541792.1|2008","2III_D.1.1","2III_D","2III","HQ541792",10477,102.9579403,2008,"Nicaragua: Managua","Nicaragua","HQ541792",2008
349,"HQ541794.1|2005","2III_D.1.3","2III_D","2III","HQ541794",10476,102.9481132,2005,"Nicaragua: Managua","Nicaragua","HQ541794",2005
353,"HQ705624.1|2009","2III_D.1.3","2III_D","2III","HQ705624",10479,102.9775943,2009,"Nicaragua: Managua","Nicaragua","HQ705624",2009
356,"GQ398257.1|1977","2I","2I","2I","GQ398257",10713,105.2771226,1977,"Indonesia","Indonesia","GQ398257",1977
357,"GQ398258.1|1975","2II_B","2II_B","2II","GQ398258",10723,105.3753931,1975,"Indonesia","Indonesia","GQ398258",1975
358,"GQ398259.1|1976","2II_B","2II_B","2II","GQ398259",10723,105.3753931,1976,"Indonesia","Indonesia","GQ398259",1976
360,"GQ398261.1|1976","2II_B","2II_B","2II","GQ398261",10723,105.3753931,1976,"Indonesia","Indonesia","GQ398261",1976
361,"GQ398262.1|1976","2II_B","2II_B","2II","GQ398262",10723,105.3753931,1976,"Indonesia","Indonesia","GQ398262",1976
362,"GQ398263.1|1975","2II","2II","2II","GQ398263",10723,105.3753931,1975,"Indonesia","Indonesia","GQ398263",1975
363,"GQ398264.1|1976","2II","2II","2II","GQ398264",10723,105.3753931,1976,"Indonesia","Indonesia","GQ398264",1976
364,"GQ398265.1|2008","2II_E.1","2II_E","2II","GQ398265",10723,105.3753931,2008,"Singapore","Singapore","GQ398265",2008
371,"GQ398273.1|1994","2III_B","2III_B","2III","GQ398273",10723,105.3753931,1994,"Puerto Rico","USA","GQ398273",1994
375,"GQ398277.1|1994","2III_B","2III_B","2III","GQ398277",10723,105.3753931,1994,"Puerto Rico","USA","GQ398277",1994
393,"GQ398295.1|1994","2III","2III","2III","GQ398295",10723,105.3753931,1994,"Puerto Rico","USA","GQ398295",1994
396,"GQ398298.1|1995","2III","2III","2III","GQ398298",10723,105.3753931,1995,"Puerto Rico","USA","GQ398298",1995
399,"GQ398301.1|1995","2III","2III","2III","GQ398301",10723,105.3753931,1995,"Puerto Rico","USA","GQ398301",1995
410,"GQ398312.1|1994","2III","2III","2III","GQ398312",10724,105.3852201,1994,"Puerto Rico","USA","GQ398312",1994
411,"GQ398313.1|1994","2III","2III","2III","GQ398313",10723,105.3753931,1994,"Puerto Rico","USA","GQ398313",1994
413,"HM582099.1|1971","2I","2I","2I","HM582099",10714,105.2869497,1971,"Fiji","Fiji","HM582099",1971
414,"HM582100.1|1971","2I","2I","2I","HM582100",10713,105.2771226,1971,"Fiji","Fiji","HM582100",1971
415,"HM582101.1|1971","2I","2I","2I","HM582101",10694,105.0904088,1971,"Fiji","Fiji","HM582101",1971
416,"HM582102.1|1971","2I","2I","2I","HM582102",10713,105.2771226,1971,"New Caledonia","New Caledonia","HM582102",1971
417,"HM582103.1|1972","2I","2I","2I","HM582103",10713,105.2771226,1972,"New Caledonia","New Caledonia","HM582103",1972
418,"HM582104.1|1972","2I","2I","2I","HM582104",10713,105.2771226,1972,"American Samoa","USA","HM582104",1972
420,"HM582106.1|1972","2I","2I","2I","HM582106",10714,105.2869497,1972,"American Samoa","USA","HM582106",1972
421,"HM582107.1|1972","2I","2I","2I","HM582107",10713,105.2771226,1972,"American Samoa","USA","HM582107",1972
422,"HM582108.1|1972","2I","2I","2I","HM582108",10713,105.2771226,1972,"French Polynesia: Tahiti","French Polynesia","HM582108",1972
423,"HM582109.1|1971","2I","2I","2I","HM582109",10681,104.9626572,1971,"French Polynesia: Tahiti","French Polynesia","HM582109",1971
424,"HM582110.1|1973","2I","2I","2I","HM582110",10713,105.2771226,1973,"French Polynesia: Tahiti","French Polynesia","HM582110",1973
425,"HM582111.1|1974","2I","2I","2I","HM582111",10713,105.2771226,1974,"Tonga","Tonga","HM582111",1974
428,"HM582114.1|1974","2I","2I","2I","HM582114",10652,104.677673,1974,"Tonga","Tonga","HM582114",1974
430,"HM582116.1|1974","2I","2I","2I","HM582116",10713,105.2771226,1974,"Tonga","Tonga","HM582116",1974
432,"HM488257.1|2001","2II_F","2II_F","2II","HM488257",10967,107.7731918,2001,"Guam","USA","HM488257",2001
438,"GU370050.1|2007-04","2II_E.1","2II_E","2II","GU370050",10200,100.2358491,2007,"Singapore","Singapore","GU370050",2007
440,"GU369819.1|2002-08-22","2III_D.1","2III_D","2III","GU369819",10521,103.3903302,2002,"Mexico","Mexico","GU369819",2002
441,"GU131947.1|2007","2III_D.2","2III_D","2III","GU131947",10623,104.3926887,2007,"Colombia: Santander","Colombia","GU131947",2007
442,"GU131959.1|2006","2III_D.1","2III_D","2III","GU131959",10628,104.4418239,2006,"Mexico: Yucatan","Mexico","GU131959",2006
443,"GU131974.1|2007","2III_D.1","2III_D","2III","GU131974",10667,104.8250786,2007,"Mexico: Yucatan","Mexico","GU131974",2007
444,"GU131975.1|2007","2III_D.1","2III_D","2III","GU131975",10668,104.8349057,2007,"Mexico: Yucatan","Mexico","GU131975",2007
445,"GU289914.1|1974","2V","2V","2V","GU289914",10723,105.3753931,1974,"Thailand","Thailand","GU289914",1974
446,"GU131843.1|1986","2II_B","2II_B","2II","GU131843",10657,104.7268082,1986,"Burkina Faso","Burkina Faso","GU131843",1986
461,"GU131901.1|2008","2V_A.1","2V_A","2V","GU131901",10630,104.461478,2008,"Cambodia: SRP","Cambodia","GU131901",2008
470,"GU131955.1|2004","2III_D.1","2III_D","2III","GU131955",10523,103.4099843,2004,"Mexico: Quintana Roo","Mexico","GU131955",2004
471,"GQ868497.1|2006","2III_D.1","2III_D","2III","GQ868497",10664,104.7955975,2006,"Mexico: Yucatan","Mexico","GQ868497",2006
474,"GQ868540.1|1990","2III_B","2III_B","2III","GQ868540",10678,104.9331761,1990,"Venezuela: Maracay","Venezuela","GQ868540",1990
479,"GQ868545.1|1996","2V_D","2V_D","2V","GQ868545",10679,104.9430031,1996,"Thailand: Bangkok","Thailand","GQ868545",1996
483,"GQ868552.1|1998","2III_B","2III_B","2III","GQ868552",10663,104.7857704,1998,"Colombia: Santander","Colombia","GQ868552",1998
484,"GQ868553.1|1999","2III_D","2III_D","2III","GQ868553",10625,104.4123428,1999,"Colombia: Santander","Colombia","GQ868553",1999
485,"GQ868554.1|2004","2III_D.2","2III_D","2III","GQ868554",10628,104.4418239,2004,"Colombia: Santander","Colombia","GQ868554",2004
486,"GQ868555.1|2005","2III_D.2","2III_D","2III","GQ868555",10668,104.8349057,2005,"Colombia: Norte de Santander","Colombia","GQ868555",2005
488,"GQ868557.1|2005","2III_D.2","2III_D","2III","GQ868557",10668,104.8349057,2005,"Colombia: Norte de Santander","Colombia","GQ868557",2005
489,"GQ868558.1|2007","2III_D.2","2III_D","2III","GQ868558",10679,104.9430031,2007,"Colombia: Santander","Colombia","GQ868558",2007
490,"GQ868588.1|1983","2I","2I","2I","GQ868588",10667,104.8250786,1983,"Mexico","Mexico","GQ868588",1983
491,"GQ868589.1|1983","2I","2I","2I","GQ868589",10668,104.8349057,1983,"Mexico","Mexico","GQ868589",1983
492,"GQ868590.1|1992","2I","2I","2I","GQ868590",10668,104.8349057,1992,"Mexico: Sonora","Mexico","GQ868590",1992
493,"GQ868591.1|1964","2V","2V","2V","GQ868591",10678,104.9331761,1964,"Thailand","Thailand","GQ868591",1964
494,"GQ868592.1|1986","2I","2I","2I","GQ868592",10667,104.8250786,1986,"Colombia","Colombia","GQ868592",1986
495,"GQ868595.1|1991","2III_B","2III_B","2III","GQ868595",10678,104.9331761,1991,"Venezuela","Venezuela","GQ868595",1991
496,"GQ868596.1|1991","2III_B","2III_B","2III","GQ868596",10667,104.8250786,1991,"Venezuela","Venezuela","GQ868596",1991
497,"GQ868597.1|1991","2III_B","2III_B","2III","GQ868597",10678,104.9331761,1991,"Venezuela","Venezuela","GQ868597",1991
499,"GQ868599.1|1987","2I","2I","2I","GQ868599",10668,104.8349057,1987,"Venezuela: Maracay","Venezuela","GQ868599",1987
500,"GQ868600.1|1969","2I","2I","2I","GQ868600",10636,104.5204403,1969,"Puerto Rico","USA","GQ868600",1969
501,"GQ868603.1|1987","2III","2III","2III","GQ868603",10666,104.8152516,1987,"Virgin Islands: Saint John","USA","GQ868603",1987
504,"GQ868621.1|2003","2V_A","2V_A","2V","GQ868621",10678,104.9331761,2003,"Cambodia: SRP","Cambodia","GQ868621",2003
506,"GQ868623.1|2005","2V_A","2V_A","2V","GQ868623",10677,104.9233491,2005,"Cambodia: BTB","Cambodia","GQ868623",2005
507,"GQ868624.1|2007","2V_A.1","2V_A","2V","GQ868624",10679,104.9430031,2007,"Cambodia: BTB","Cambodia","GQ868624",2007
511,"GQ868640.1|2003","2III_E","2III_E","2III","GQ868640",10667,104.8250786,2003,"Brazil: Northern","Brazil","GQ868640",2003
514,"AB479041.1|2002","2III_A.1","2III_A","2III","AB479041",10647,104.6285377,2002,"Viet Nam: Ho Chi Minh","Viet Nam","AB479041",2002
515,"AB479042.1|2002","2III_A.1","2III_A","2III","AB479042",10647,104.6285377,2002,"Viet Nam: Ho Chi Minh","Viet Nam","AB479042",2002
516,"GQ199605.1|2007","2III_D.1.1","2III_D","2III","GQ199605",8585,84.36517296,2007,"Nicaragua: Managua","Nicaragua","GQ199605",2007
518,"GQ199868.1|2007","2III_D.1.1","2III_D","2III","GQ199868",10679,104.9430031,2007,"Nicaragua: Managua","Nicaragua","GQ199868",2007
520,"GQ199874.1|2004","2III_D.1.3","2III_D","2III","GQ199874",10667,104.8250786,2004,"Nicaragua: Managua","Nicaragua","GQ199874",2004
521,"GQ199890.1|2008","2III_C","2III_C","2III","GQ199890",10679,104.9430031,2008,"Brazil: Northern","Brazil","GQ199890",2008
522,"GQ199892.1|2007","2III_C","2III_C","2III","GQ199892",10750,105.6407233,2007,"Jamaica","Jamaica","GQ199892",2007
523,"GQ199893.1|2002","2III_D.1","2III_D","2III","GQ199893",10679,104.9430031,2002,"Mexico: Oaxaca","Mexico","GQ199893",2002
524,"GQ199894.1|2005","2III_D.1","2III_D","2III","GQ199894",10669,104.8447327,2005,"Mexico: Hidalgo","Mexico","GQ199894",2005
525,"GQ199895.1|1999","2III_D.1","2III_D","2III","GQ199895",10678,104.9331761,1999,"Nicaragua: Managua","Nicaragua","GQ199895",1999
527,"GQ199897.1|2002","2III_D.1","2III_D","2III","GQ199897",10668,104.8349057,2002,"Nicaragua: Matagalpa","Nicaragua","GQ199897",2002
529,"GQ252676.1|2003","2II_A.1.2","2II_A","2II","GQ252676",10629,104.4516509,2003,"Sri Lanka","Sri Lanka","GQ252676",2003
530,"GQ252677.1|2004","2II_A.1.2","2II_A","2II","GQ252677",10628,104.4418239,2004,"Sri Lanka","Sri Lanka","GQ252677",2004
537,"FJ882602.1|1996","2II_A","2II_A","2II","FJ882602",10677,104.9233491,1996,"Sri Lanka","Sri Lanka","FJ882602",1996
541,"FJ898436.1|2004","2III_D.1.3","2III_D","2III","FJ898436",10679,104.9430031,2004,"Nicaragua: Managua","Nicaragua","FJ898436",2004
542,"FJ898438.1|2002","2III_D.1","2III_D","2III","FJ898438",10665,104.8054245,2002,"Mexico: Nayarit","Mexico","FJ898438",2002
543,"FJ898439.1|2008","2III_D.1","2III_D","2III","FJ898439",10680,104.9528302,2008,"Mexico: Chiapas","Mexico","FJ898439",2008
544,"FJ898449.1|1984","2I","2I","2I","FJ898449",10668,104.8349057,1984,"Honduras","Honduras","FJ898449",1984
545,"FJ898450.1|1990","2III_B","2III_B","2III","FJ898450",10678,104.9331761,1990,"Virgin Islands: U.S. Virgin Islands, Saint Thomas","USA","FJ898450",1990
546,"FJ898451.1|2003","2III_C","2III_C","2III","FJ898451",10678,104.9331761,2003,"Dominican Republic","Dominican Republic","FJ898451",2003
548,"FJ898453.1|2005","2III_C","2III_C","2III","FJ898453",10678,104.9331761,2005,"Virgin Islands: U.S. Virgin Islands, Saint Croix","USA","FJ898453",2005
549,"FJ898454.1|2006","2II_A.1","2II_A","2II","FJ898454",10669,104.8447327,2006,"India","India","FJ898454",2006
550,"FJ898460.1|2001","2III_C","2III_C","2III","FJ898460",10678,104.9331761,2001,"Saint Kitts and Nevis: Saint Kitts","Saint Kitts and Nevis","FJ898460",2001
551,"FJ898461.1|2002","2III_D.1","2III_D","2III","FJ898461",10679,104.9430031,2002,"Belize","Belize","FJ898461",2002
552,"FJ898465.1|1998","2III_B","2III_B","2III","FJ898465",10677,104.9233491,1998,"Venezuela: Aragua","Venezuela","FJ898465",1998
553,"FJ898466.1|2000","2III_D","2III_D","2III","FJ898466",10679,104.9430031,2000,"Venezuela: Aragua","Venezuela","FJ898466",2000
554,"FJ898467.1|2005","2III_D.2","2III_D","2III","FJ898467",10678,104.9331761,2005,"Venezuela: Aragua","Venezuela","FJ898467",2005
555,"FJ898477.1|2000","2III_D.1","2III_D","2III","FJ898477",10678,104.9331761,2000,"Nicaragua: Leon","Nicaragua","FJ898477",2000
566,"FJ810410.1|2001","2V_E","2V_E","2V","FJ810410",10703,105.1788522,2001,"Thailand: Kampheange Phet","Thailand","FJ810410",2001
577,"FJ850063.1|2000","2III_D.1","2III_D","2III","FJ850063",10679,104.9430031,2000,"Nicaragua: Leon","Nicaragua","FJ850063",2000
583,"FJ850074.1|2001","2III_E","2III_E","2III","FJ850074",10678,104.9331761,2001,"Brazil: Northern","Brazil","FJ850074",2001
584,"FJ850076.1|2002","2III_E","2III_E","2III","FJ850076",10663,104.7857704,2002,"Brazil: Northern","Brazil","FJ850076",2002
585,"FJ850078.1|2003","2III_E","2III_E","2III","FJ850078",10667,104.8250786,2003,"Brazil: Northern","Brazil","FJ850078",2003
586,"FJ850082.1|2004","2III_E","2III_E","2III","FJ850082",10679,104.9430031,2004,"Brazil: Northern","Brazil","FJ850082",2004
587,"FJ850085.1|2005","2III_E","2III_E","2III","FJ850085",10677,104.9233491,2005,"Brazil: Northern","Brazil","FJ850085",2005
588,"FJ850088.1|2006","2III_E","2III_E","2III","FJ850088",10667,104.8250786,2006,"Brazil: Northern","Brazil","FJ850088",2006
591,"FJ850106.1|2008","2III_D.2","2III_D","2III","FJ850106",10677,104.9233491,2008,"Venezuela: Aragua","Venezuela","FJ850106",2008
592,"FJ850107.1|2008","2III_D.2","2III_D","2III","FJ850107",10667,104.8250786,2008,"Venezuela: Aragua","Venezuela","FJ850107",2008
593,"FJ850108.1|2008","2III_D.2","2III_D","2III","FJ850108",10664,104.7955975,2008,"Venezuela: Aragua","Venezuela","FJ850108",2008
594,"FJ850112.1|2004","2III_D.2","2III_D","2III","FJ850112",10702,105.1690252,2004,"Venezuela: District Federal Caracas","Venezuela","FJ850112",2004
602,"FJ744709.1|2008","2III_D.1.1","2III_D","2III","FJ744709",10640,104.5597484,2008,"Nicaragua: Managua","Nicaragua","FJ744709",2008
612,"FJ687443.1|2001","2V_A","2V_A","2V","FJ687443",10679,104.9430031,2001,"Thailand: Kampheange Phet","Thailand","FJ687443",2001
618,"FJ744704.1|2001","2III_D.1","2III_D","2III","FJ744704",10664,104.7955975,2001,"Nicaragua: Leon","Nicaragua","FJ744704",2001
627,"FJ744714.1|2001","2V_A","2V_A","2V","FJ744714",10678,104.9331761,2001,"Thailand: Kampheange Phet","Thailand","FJ744714",2001
633,"FJ744720.1|2001","2V_E","2V_E","2V","FJ744720",10678,104.9331761,2001,"Thailand: Kampheange Phet","Thailand","FJ744720",2001
635,"FJ744722.1|2001","2V_E","2V_E","2V","FJ744722",10679,104.9430031,2001,"Thailand: Kampheange Phet","Thailand","FJ744722",2001
642,"FJ744744.1|2000","2III_D.1","2III_D","2III","FJ744744",10664,104.7955975,2000,"Nicaragua: Managua","Nicaragua","FJ744744",2000
646,"FJ461309.1|2008","2V_A","2V_A","2V","FJ461309",10678,104.9331761,2008,"Viet Nam: South","Viet Nam","FJ461309",2008
654,"FJ639697.1|2001","2III_A","2III_A","2III","FJ639697",10667,104.8250786,2001,"Cambodia: KCH","Cambodia","FJ639697",2001
655,"FJ639698.1|2002","2III_A","2III_A","2III","FJ639698",10679,104.9430031,2002,"Cambodia: KCH","Cambodia","FJ639698",2002
656,"FJ639699.1|2002","2III_A","2III_A","2III","FJ639699",10680,104.9528302,2002,"Cambodia: KCH","Cambodia","FJ639699",2002
658,"FJ639701.1|2002","2III_A","2III_A","2III","FJ639701",10681,104.9626572,2002,"Cambodia: KCH","Cambodia","FJ639701",2002
659,"FJ639702.1|2003","2III_A","2III_A","2III","FJ639702",10667,104.8250786,2003,"Cambodia: BTB","Cambodia","FJ639702",2003
660,"FJ639703.1|2003","2III_A","2III_A","2III","FJ639703",10663,104.7857704,2003,"Cambodia: BTB","Cambodia","FJ639703",2003
661,"FJ639704.1|2003","2V_A","2V_A","2V","FJ639704",10672,104.8742138,2003,"Cambodia: KCH","Cambodia","FJ639704",2003
662,"FJ639705.1|2003","2V_A","2V_A","2V","FJ639705",10678,104.9331761,2003,"Cambodia: TAK","Cambodia","FJ639705",2003
663,"FJ639706.1|2004","2V_A","2V_A","2V","FJ639706",10677,104.9233491,2004,"Cambodia: PHP","Cambodia","FJ639706",2004
664,"FJ639707.1|2004","2V_A","2V_A","2V","FJ639707",10677,104.9233491,2004,"Cambodia: PHP","Cambodia","FJ639707",2004
666,"FJ639709.1|2005","2V_A","2V_A","2V","FJ639709",10683,104.9823113,2005,"Cambodia: TAK","Cambodia","FJ639709",2005
667,"FJ639710.1|2005","2V_A","2V_A","2V","FJ639710",10658,104.7366352,2005,"Cambodia: PHP","Cambodia","FJ639710",2005
669,"FJ639717.1|2007","2V_A","2V_A","2V","FJ639717",10678,104.9331761,2007,"Cambodia: KCH","Cambodia","FJ639717",2007
670,"FJ639718.1|2008","2V_A.1","2V_A","2V","FJ639718",10703,105.1788522,2008,"Cambodia: PRV","Cambodia","FJ639718",2008
672,"FJ639733.1|2005","2III_D.2","2III_D","2III","FJ639733",10670,104.8545597,2005,"Venezuela: Aragua","Venezuela","FJ639733",2005
673,"FJ639734.1|2003","2III_D.2","2III_D","2III","FJ639734",10647,104.6285377,2003,"Venezuela: Aragua","Venezuela","FJ639734",2003
674,"FJ639783.1|2003","2III_D.3","2III_D","2III","FJ639783",10679,104.9430031,2003,"Venezuela: Aragua","Venezuela","FJ639783",2003
675,"FJ639788.1|2004","2III_D.3","2III_D","2III","FJ639788",10678,104.9331761,2004,"Venezuela: Aragua","Venezuela","FJ639788",2004
676,"FJ639809.1|2005","2III_D.2","2III_D","2III","FJ639809",10678,104.9331761,2005,"Venezuela: Aragua","Venezuela","FJ639809",2005
677,"FJ639822.1|2006","2III_D.3","2III_D","2III","FJ639822",10679,104.9430031,2006,"Venezuela: Aragua","Venezuela","FJ639822",2006
681,"FJ639831.1|2001","2V_D","2V_D","2V","FJ639831",10660,104.7562893,2001,"Thailand: Kampheange Phet","Thailand","FJ639831",2001
697,"FJ390389.1|1944","unassigned","unassigned","unassigned","FJ390389",10632,104.4811321,1944,"Papua New Guinea","Papua New Guinea","FJ390389",1944
705,"FJ410215.1|2008","2V_A","2V_A","2V","FJ410215",10678,104.9331761,2008,"Viet Nam: South","Viet Nam","FJ410215",2008
712,"FJ410233.1|2008","2V_A","2V_A","2V","FJ410233",10663,104.7857704,2008,"Viet Nam: South","Viet Nam","FJ410233",2008
724,"FJ205885.1|2008","2III_D.1.1","2III_D","2III","FJ205885",10680,104.9528302,2008,"Nicaragua: Managua","Nicaragua","FJ205885",2008
725,"FM210202.1|2004","2III_A.2","2III_A","2III","FM210202",10692,105.0707547,2004,"Viet Nam:South","Viet Nam","FM210202",2004
727,"FM210204.1|2003","2III_A.2","2III_A","2III","FM210204",10559,103.7637579,2003,"Viet Nam:South","Viet Nam","FM210204",2003
736,"FM210213.1|2005","2III_A.1","2III_A","2III","FM210213",10694,105.0904088,2005,"Viet Nam:South","Viet Nam","FM210213",2005
739,"FM210216.1|2004","2V_A","2V_A","2V","FM210216",10685,105.0019654,2004,"Viet Nam:South","Viet Nam","FM210216",2004
740,"FM210217.1|1999","2III_A.1","2III_A","2III","FM210217",10685,105.0019654,1999,"Viet Nam:South","Viet Nam","FM210217",1999
745,"FM210222.1|2004","2III_A.1","2III_A","2III","FM210222",10685,105.0019654,2004,"Viet Nam:South","Viet Nam","FM210222",2004
747,"FM210224.1|2001","2III_A.2","2III_A","2III","FM210224",10689,105.0412736,2001,"Viet Nam:South","Viet Nam","FM210224",2001
748,"FM210225.1|2001","2III_A.2","2III_A","2III","FM210225",10684,104.9921384,2001,"Viet Nam:South","Viet Nam","FM210225",2001
750,"FM210227.1|2002","2III_A.2","2III_A","2III","FM210227",10685,105.0019654,2002,"Viet Nam:South","Viet Nam","FM210227",2002
758,"FM210235.2|2005","2III_A.1","2III_A","2III","FM210235",10652,104.677673,2005,"Viet Nam:South","Viet Nam","FM210235",2005
759,"FM210236.2|2004","2III_A.1","2III_A","2III","FM210236",10659,104.7464623,2004,"Viet Nam:South","Viet Nam","FM210236",2004
760,"FM210237.2|2003","2III_A.1","2III_A","2III","FM210237",10684,104.9921384,2003,"Viet Nam:South","Viet Nam","FM210237",2003
761,"FM210238.2|2001","2III_A.1","2III_A","2III","FM210238",10659,104.7464623,2001,"Viet Nam:South","Viet Nam","FM210238",2001
763,"FM210240.2|2004","2V_A","2V_A","2V","FM210240",10602,104.1863208,2004,"Viet Nam:South","Viet Nam","FM210240",2004
768,"FM210245.2|2005","2V_A","2V_A","2V","FM210245",10673,104.8840409,2005,"Viet Nam:South","Viet Nam","FM210245",2005
769,"FM210246.2|2005","2V_A","2V_A","2V","FM210246",10614,104.3042453,2005,"Viet Nam:South","Viet Nam","FM210246",2005
770,"EU854293.1|1944","unassigned","unassigned","unassigned","EU854293",10633,104.4909591,1944,"Colombia: Antioquia","Colombia","EU854293",1944
778,"FJ024475.1|2005","2III_D.2","2III_D","2III","FJ024475",10640,104.5597484,2005,"Colombia: Guaviare","Colombia","FJ024475",2005
779,"FJ024477.1|2004","2III_D.3","2III_D","2III","FJ024477",10647,104.6285377,2004,"Colombia: Antioquia","Colombia","FJ024477",2004
780,"EU056810.1|1983","2II_B","2II_B","2II","EU056810",10723,105.3753931,1983,"Burkina Faso","Burkina Faso","EU056810",1983
781,"EU056811.1|1995","2I","2I","2I","EU056811",10713,105.2771226,1995,"Peru","Peru","EU056811",1995
782,"EU056812.1|1977","2I","2I","2I","EU056812",10714,105.2869497,1977,"Puerto Rico","USA","EU056812",1977
783,"EU726767.1|1994","2V","2V","2V","EU726767",10678,104.9331761,1994,"Thailand: Bangkok","Thailand","EU726767",1994
785,"EU726775.1|1996","2III_D","2III_D","2III","EU726775",10679,104.9430031,1996,"Venezuela: Aragua","Venezuela","EU726775",1996
787,"EU781135.1|2005","2III_B","2III_B","2III","EU781135",10678,104.9331761,2005,"USA: Puerto Rico","USA","EU781135",2005
789,"EU660399.1|1995","2III","2III","2III","EU660399",10678,104.9331761,1995,"USA: Puerto Rico","USA","EU660399",1995
798,"EU660417.1|2007","2V_A","2V_A","2V","EU660417",10678,104.9331761,2007,"Viet Nam: South","Viet Nam","EU660417",2007
800,"EU677138.1|2007","2V_A","2V_A","2V","EU677138",10678,104.9331761,2007,"Viet Nam: South","Viet Nam","EU677138",2007
801,"EU677141.1|1996","2III_B","2III_B","2III","EU677141",10677,104.9233491,1996,"USA: Puerto Rico","USA","EU677141",1996
802,"EU677142.1|1999","2III","2III","2III","EU677142",10678,104.9331761,1999,"USA: Puerto Rico","USA","EU677142",1999
803,"EU677143.1|1999","2III_B","2III_B","2III","EU677143",10678,104.9331761,1999,"USA: Puerto Rico","USA","EU677143",1999
805,"EU677145.1|1999","2III_C","2III_C","2III","EU677145",10678,104.9331761,1999,"USA: Puerto Rico","USA","EU677145",1999
806,"EU677146.1|2004","2III_B","2III_B","2III","EU677146",10678,104.9331761,2004,"USA: Puerto Rico","USA","EU677146",2004
810,"EU687199.1|2003","2III_B","2III_B","2III","EU687199",10678,104.9331761,2003,"USA: Puerto Rico","USA","EU687199",2003
811,"EU687212.1|1998","2III_C","2III_C","2III","EU687212",10668,104.8349057,1998,"USA: Puerto Rico","USA","EU687212",1998
813,"EU687214.1|2004","2III_B","2III_B","2III","EU687214",10678,104.9331761,2004,"USA: Puerto Rico","USA","EU687214",2004
814,"EU687215.1|2004","2III_B","2III_B","2III","EU687215",10678,104.9331761,2004,"USA: Puerto Rico","USA","EU687215",2004
815,"EU687216.1|2005","2III_C","2III_C","2III","EU687216",10678,104.9331761,2005,"USA: Puerto Rico","USA","EU687216",2005
817,"EU687220.1|1996","2III_B","2III_B","2III","EU687220",10678,104.9331761,1996,"Venezuela: Aragua","Venezuela","EU687220",1996
818,"EU687222.1|2000","2III_B","2III_B","2III","EU687222",10678,104.9331761,2000,"USA: Puerto Rico","USA","EU687222",2000
819,"EU687223.1|2000","2III_B","2III_B","2III","EU687223",10678,104.9331761,2000,"USA: Puerto Rico","USA","EU687223",2000
820,"EU687224.1|2000","2III_B","2III_B","2III","EU687224",10678,104.9331761,2000,"USA: Puerto Rico","USA","EU687224",2000
824,"EU687229.1|2001","2III_B","2III_B","2III","EU687229",10678,104.9331761,2001,"USA: Puerto Rico","USA","EU687229",2001
825,"EU687230.1|2001","2III_B","2III_B","2III","EU687230",10674,104.8938679,2001,"USA: Puerto Rico","USA","EU687230",2001
826,"EU687231.1|2001","2III_B","2III_B","2III","EU687231",10678,104.9331761,2001,"USA: Puerto Rico","USA","EU687231",2001
831,"EU687238.1|2003","2III_B","2III_B","2III","EU687238",10678,104.9331761,2003,"USA: Puerto Rico","USA","EU687238",2003
833,"EU687241.1|2003","2III_B","2III_B","2III","EU687241",10678,104.9331761,2003,"USA: Puerto Rico","USA","EU687241",2003
837,"EU687245.1|2005","2III_B","2III_B","2III","EU687245",10678,104.9331761,2005,"USA: Puerto Rico","USA","EU687245",2005
839,"EU687248.1|2007","2V_A","2V_A","2V","EU687248",10678,104.9331761,2007,"Viet Nam: South","Viet Nam","EU687248",2007
844,"EU596485.1|1996","2III_B","2III_B","2III","EU596485",10678,104.9331761,1996,"USA: Puerto Rico","USA","EU596485",1996
847,"EU596488.1|2007","2III_B","2III_B","2III","EU596488",10678,104.9331761,2007,"USA: Puerto Rico","USA","EU596488",2007
848,"EU596489.1|2007","2III_B","2III_B","2III","EU596489",10678,104.9331761,2007,"USA: Puerto Rico","USA","EU596489",2007
849,"EU596490.1|2007","2III_B","2III_B","2III","EU596490",10678,104.9331761,2007,"USA: Puerto Rico","USA","EU596490",2007
850,"EU596491.1|2007","2III_C","2III_C","2III","EU596491",10678,104.9331761,2007,"USA: Puerto Rico","USA","EU596491",2007
853,"EU596497.1|2007","2III_D.1.1","2III_D","2III","EU596497",10680,104.9528302,2007,"Nicaragua: Managua","Nicaragua","EU596497",2007
870,"EU569704.1|1986","2III","2III","2III","EU569704",10668,104.8349057,1986,"USA: Puerto Rico","USA","EU569704",1986
871,"EU569705.1|1993","2III","2III","2III","EU569705",10663,104.7857704,1993,"USA: Puerto Rico","USA","EU569705",1993
872,"EU569706.1|1995","2III_B","2III_B","2III","EU569706",10678,104.9331761,1995,"USA: Puerto Rico","USA","EU569706",1995
874,"EU569708.1|1995","2III_B","2III_B","2III","EU569708",10678,104.9331761,1995,"USA: Puerto Rico","USA","EU569708",1995
875,"EU569709.1|1996","2III_B","2III_B","2III","EU569709",10678,104.9331761,1996,"USA: Puerto Rico","USA","EU569709",1996
877,"EU569711.1|1998","2III_B","2III_B","2III","EU569711",10678,104.9331761,1998,"USA: Puerto Rico","USA","EU569711",1998
880,"EU569714.1|1997","2III_B","2III_B","2III","EU569714",10678,104.9331761,1997,"USA: Puerto Rico","USA","EU569714",1997
882,"EU569716.1|1997","2III_B","2III_B","2III","EU569716",10678,104.9331761,1997,"USA: Puerto Rico","USA","EU569716",1997
884,"EU569718.1|1997","2III_B","2III_B","2III","EU569718",10663,104.7857704,1997,"USA: Puerto Rico","USA","EU569718",1997
891,"EU529700.1|1994","2III_B","2III_B","2III","EU529700",10678,104.9331761,1994,"USA: Puerto Rico","USA","EU529700",1994
892,"EU529701.1|1991","2III","2III","2III","EU529701",10678,104.9331761,1991,"USA: Puerto Rico","USA","EU529701",1991
911,"EU482472.1|2004","2V_A","2V_A","2V","EU482472",10678,104.9331761,2004,"Viet Nam: south","Viet Nam","EU482472",2004
918,"EU482544.1|2006","2III_B","2III_B","2III","EU482544",10678,104.9331761,2006,"USA: Puerto Rico","USA","EU482544",2006
919,"EU482545.1|1998","2III_E","2III_E","2III","EU482545",10678,104.9331761,1998,"USA: Puerto Rico","USA","EU482545",1998
920,"EU482546.1|1998","2III","2III","2III","EU482546",10678,104.9331761,1998,"USA: Puerto Rico","USA","EU482546",1998
922,"EU482548.1|2006","2III_B","2III_B","2III","EU482548",10620,104.3632075,2006,"USA: Puerto Rico","USA","EU482548",2006
923,"EU482549.1|2006","2III_B","2III_B","2III","EU482549",10679,104.9430031,2006,"USA: Puerto Rico","USA","EU482549",2006
928,"EU482554.1|1998","2III_B","2III_B","2III","EU482554",10639,104.5499214,1998,"USA: Puerto Rico","USA","EU482554",1998
929,"EU482556.1|2005","2III_B","2III_B","2III","EU482556",10679,104.9430031,2005,"USA: Puerto Rico","USA","EU482556",2005
930,"EU482557.1|1999","2III_B","2III_B","2III","EU482557",10639,104.5499214,1999,"USA: Puerto Rico","USA","EU482557",1999
931,"EU482560.1|1998","2III","2III","2III","EU482560",10678,104.9331761,1998,"USA: Puerto Rico","USA","EU482560",1998
932,"EU482561.1|1996","2III","2III","2III","EU482561",10677,104.9233491,1996,"USA: Puerto Rico","USA","EU482561",1996
935,"EU482568.1|1986","2III","2III","2III","EU482568",10678,104.9331761,1986,"USA: Puerto Rico","USA","EU482568",1986
943,"EU482576.1|1987","2III","2III","2III","EU482576",10678,104.9331761,1987,"USA: Puerto Rico","USA","EU482576",1987
944,"EU482577.1|1987","2III","2III","2III","EU482577",10678,104.9331761,1987,"USA: Puerto Rico","USA","EU482577",1987
945,"EU482578.1|1988","2III","2III","2III","EU482578",10678,104.9331761,1988,"USA: Puerto Rico","USA","EU482578",1988
946,"EU482579.1|1988","2III","2III","2III","EU482579",10678,104.9331761,1988,"USA: Puerto Rico","USA","EU482579",1988
948,"EU482581.1|1989","2III","2III","2III","EU482581",10679,104.9430031,1989,"USA: Puerto Rico","USA","EU482581",1989
949,"EU482582.1|1989","2III","2III","2III","EU482582",10679,104.9430031,1989,"USA: Puerto Rico","USA","EU482582",1989
950,"EU482583.1|1989","2III","2III","2III","EU482583",10678,104.9331761,1989,"USA: Puerto Rico","USA","EU482583",1989
953,"EU482586.1|1990","2III","2III","2III","EU482586",10678,104.9331761,1990,"USA: Puerto Rico","USA","EU482586",1990
954,"EU482587.1|1990","2III","2III","2III","EU482587",10678,104.9331761,1990,"USA: Puerto Rico","USA","EU482587",1990
956,"EU482589.1|1993","2III","2III","2III","EU482589",10678,104.9331761,1993,"USA: Puerto Rico","USA","EU482589",1993
957,"EU482590.1|1990","2III","2III","2III","EU482590",10678,104.9331761,1990,"USA: Puerto Rico","USA","EU482590",1990
959,"EU482594.1|1992","2III","2III","2III","EU482594",10678,104.9331761,1992,"USA: Puerto Rico","USA","EU482594",1992
968,"EU482605.1|2007","2III_D.2","2III_D","2III","EU482605",10679,104.9430031,2007,"Venezuela: Aragua","Venezuela","EU482605",2007
970,"EU482607.1|2007","2III_D.3","2III_D","2III","EU482607",10679,104.9430031,2007,"Venezuela: Aragua","Venezuela","EU482607",2007
992,"EU482640.1|2006","2II_D","2II_D","2II","EU482640",10676,104.913522,2006,"Viet Nam: south","Viet Nam","EU482640",2006
994,"EU482642.1|2006","2V_A","2V_A","2V","EU482642",10678,104.9331761,2006,"Viet Nam: south","Viet Nam","EU482642",2006
1000,"EU482648.1|2006","2III_A.2","2III_A","2III","EU482648",10678,104.9331761,2006,"Viet Nam: south","Viet Nam","EU482648",2006
1014,"EU482662.1|2006","2III_A.2","2III_A","2III","EU482662",10669,104.8447327,2006,"Viet Nam: south","Viet Nam","EU482662",2006
1016,"EU482664.1|2006","2III_A.2","2III_A","2III","EU482664",10678,104.9331761,2006,"Viet Nam: south","Viet Nam","EU482664",2006
1023,"EU482671.1|2006","2V_A","2V_A","2V","EU482671",10660,104.7562893,2006,"Viet Nam: south","Viet Nam","EU482671",2006
1027,"EU482675.1|2006","2V_A","2V_A","2V","EU482675",10678,104.9331761,2006,"Viet Nam: south","Viet Nam","EU482675",2006
1034,"EU482682.1|2006","2III_D.1.1","2III_D","2III","EU482682",10680,104.9528302,2006,"Nicaragua: Managua","Nicaragua","EU482682",2006
1036,"EU482684.1|2006","2III_D.1.1","2III_D","2III","EU482684",10679,104.9430031,2006,"Nicaragua: Managua","Nicaragua","EU482684",2006
1061,"EU482722.1|2002","2III_B","2III_B","2III","EU482722",10668,104.8349057,2002,"USA: Puerto Rico","USA","EU482722",2002
1062,"EU482723.1|2002","2III_B","2III_B","2III","EU482723",10678,104.9331761,2002,"USA: Puerto Rico","USA","EU482723",2002
1065,"EU482726.1|2006","2III_C","2III_C","2III","EU482726",10678,104.9331761,2006,"USA: Puerto Rico","USA","EU482726",2006
1068,"EU482729.1|1999","2III_B","2III_B","2III","EU482729",10678,104.9331761,1999,"USA: Puerto Rico","USA","EU482729",1999
1070,"EU482731.1|2005","2III_C","2III_C","2III","EU482731",10678,104.9331761,2005,"USA: Puerto Rico","USA","EU482731",2005
1072,"EU482733.1|1998","2III_B","2III_B","2III","EU482733",10676,104.913522,1998,"USA: Puerto Rico","USA","EU482733",1998
1073,"EU482734.1|1998","2III_E","2III_E","2III","EU482734",10678,104.9331761,1998,"USA: Puerto Rico","USA","EU482734",1998
1074,"EU482735.1|1998","2III_E","2III_E","2III","EU482735",10678,104.9331761,1998,"USA: Puerto Rico","USA","EU482735",1998
1086,"EU482747.1|1988","2III","2III","2III","EU482747",10678,104.9331761,1988,"USA: Puerto Rico","USA","EU482747",1988
1087,"EU482748.1|2005","2III_D.1","2III_D","2III","EU482748",10681,104.9626572,2005,"Nicaragua: Managua","Nicaragua","EU482748",2005
1112,"EU482777.1|2005","2V_A","2V_A","2V","EU482777",10678,104.9331761,2005,"Viet Nam: south","Viet Nam","EU482777",2005
1117,"EU482782.1|2003","2V_A","2V_A","2V","EU482782",10678,104.9331761,2003,"Viet Nam: south","Viet Nam","EU482782",2003
1119,"EU482784.1|2003","2V_A","2V_A","2V","EU482784",10679,104.9430031,2003,"Viet Nam: south","Viet Nam","EU482784",2003
1120,"EU482785.1|2003","2III_A.1","2III_A","2III","EU482785",10678,104.9331761,2003,"Viet Nam: south","Viet Nam","EU482785",2003
1121,"EU482786.1|2003","2V_A","2V_A","2V","EU482786",10678,104.9331761,2003,"Viet Nam: south","Viet Nam","EU482786",2003
1124,"EU081177.1|2005","2II","2II","2II","EU081177",10723,105.3753931,2005,"Singapore","Singapore","EU081177",2005
1127,"EU081180.1|2005","2II","2II","2II","EU081180",10723,105.3753931,2005,"Singapore","Singapore","EU081180",2005
1128,"EU179857.1|2005","2II_F","2II_F","2II","EU179857",10709,105.2378145,2005,"Brunei","Brunei","EU179857",2005
1129,"EU179858.1|2005","2II_F","2II_F","2II","EU179858",10709,105.2378145,2005,"Brunei","Brunei","EU179858",2005
1130,"EU179859.1|2006","2II_D","2II_D","2II","EU179859",10709,105.2378145,2006,"Brunei","Brunei","EU179859",2006
1131,"DQ448231.2|2001","2II_A.1","2II_A","2II","DQ448231",10670,104.8545597,2001,"India","India","DQ448231",2001
1132,"EF051521.1|2001","2II_C","2II_C","2II","EF051521",10723,105.3753931,2001,"China: Zhongshan","China","EF051521",2001
1135,"DQ181799.1|1998","2V_C","2V_C","2V","DQ181799",10723,105.3753931,1998,"Thailand: Bangkok","Thailand","DQ181799",1998
1137,"DQ181801.1|1990","2III_A","2III_A","2III","DQ181801",10723,105.3753931,1990,"Thailand: Bangkok","Thailand","DQ181801",1990
1138,"DQ181802.1|1988","2V","2V","2V","DQ181802",10723,105.3753931,1988,"Thailand: Bangkok","Thailand","DQ181802",1988
1139,"DQ181803.1|1985","2V","2V","2V","DQ181803",10723,105.3753931,1985,"Thailand: Bangkok","Thailand","DQ181803",1985
1140,"DQ181804.1|1984","2V","2V","2V","DQ181804",10723,105.3753931,1984,"Thailand: Bangkok","Thailand","DQ181804",1984
1141,"DQ181805.1|1979","2V","2V","2V","DQ181805",10723,105.3753931,1979,"Thailand: Bangkok","Thailand","DQ181805",1979
1142,"DQ181806.1|1974","2V","2V","2V","DQ181806",10723,105.3753931,1974,"Thailand: Bangkok","Thailand","DQ181806",1974
1144,"AB122020.1|2001","2III_C","2III_C","2III","AB122020",10723,105.3753931,2001,"Dominican Republic","Dominican Republic","AB122020",2001
1145,"AB122021.1|2001","2III_C","2III_C","2III","AB122021",10723,105.3753931,2001,"Dominican Republic","Dominican Republic","AB122021",2001
1146,"AB122022.1|2001","2III_C","2III_C","2III","AB122022",10723,105.3753931,2001,"Dominican Republic","Dominican Republic","AB122022",2001
1147,"AY037116.1|1993","2II","2II","2II","AY037116",10723,105.3753931,1993,"Australia: Townsville","Australia","AY037116",1993
1148,"M20558.1|1983","2III","2III","2III","M20558",10723,105.3753931,1983,"0","Jamaica","M20558",1983
1158,"AF208496.1|1998","2III_C","2III_C","2III","AF208496",10722,105.365566,1998,"Martinique","Martinique","AF208496",1998
